provider,token,their_rows,board_url
greenhouse,103644278,16,https://job-boards.greenhouse.io/103644278
greenhouse,5280,4,https://job-boards.greenhouse.io/5280
greenhouse,540,21,https://job-boards.greenhouse.io/540
greenhouse,550,28,https://job-boards.greenhouse.io/550
greenhouse,8451,21,https://job-boards.greenhouse.io/8451
greenhouse,8amgolf,4,https://job-boards.greenhouse.io/8amgolf
greenhouse,abc,23,https://job-boards.greenhouse.io/abc
greenhouse,acaciavpp,1,https://job-boards.greenhouse.io/acaciavpp
greenhouse,accesssystemsadminsales,11,https://job-boards.greenhouse.io/accesssystemsadminsales
greenhouse,accesssystemsserviceops,9,https://job-boards.greenhouse.io/accesssystemsserviceops
greenhouse,accountsiq,3,https://job-boards.greenhouse.io/accountsiq
greenhouse,adamevenyc,1,https://job-boards.greenhouse.io/adamevenyc
greenhouse,adaptivefinancialconsulting,12,https://job-boards.greenhouse.io/adaptivefinancialconsulting
greenhouse,afam,4,https://job-boards.greenhouse.io/afam
greenhouse,afscareersmarketplace,21,https://job-boards.greenhouse.io/afscareersmarketplace
greenhouse,agenciesforsale,1,https://job-boards.greenhouse.io/agenciesforsale
greenhouse,agilesix,2,https://job-boards.greenhouse.io/agilesix
greenhouse,agilysys,11,https://job-boards.greenhouse.io/agilysys
greenhouse,aha,1,https://job-boards.greenhouse.io/aha
greenhouse,ahof,1,https://job-boards.greenhouse.io/ahof
greenhouse,aiaf,1,https://job-boards.greenhouse.io/aiaf
greenhouse,allybehaviorcenters,271,https://job-boards.greenhouse.io/allybehaviorcenters
greenhouse,alphafmc,4,https://job-boards.greenhouse.io/alphafmc
greenhouse,alphafmcrolesearlycareers,4,https://job-boards.greenhouse.io/alphafmcrolesearlycareers
greenhouse,alpineinvestors,1,https://job-boards.greenhouse.io/alpineinvestors
greenhouse,ammexcorporation,3,https://job-boards.greenhouse.io/ammexcorporation
greenhouse,animed,1,https://job-boards.greenhouse.io/animed
greenhouse,antigua,3,https://job-boards.greenhouse.io/antigua
greenhouse,aperture,13,https://job-boards.greenhouse.io/aperture
greenhouse,apollobehaviorservices,13,https://job-boards.greenhouse.io/apollobehaviorservices
greenhouse,applytoboltwise,1,https://job-boards.greenhouse.io/applytoboltwise
greenhouse,applytochalkbooks,2,https://job-boards.greenhouse.io/applytochalkbooks
greenhouse,aql,1,https://job-boards.greenhouse.io/aql
greenhouse,archer,1,https://job-boards.greenhouse.io/archer
greenhouse,arizonacommerceauthority,1,https://job-boards.greenhouse.io/arizonacommerceauthority
greenhouse,armorous,15,https://job-boards.greenhouse.io/armorous
greenhouse,aspireinternaljobboard,41,https://job-boards.greenhouse.io/aspireinternaljobboard
greenhouse,asteraearlycareer2026,5,https://job-boards.greenhouse.io/asteraearlycareer2026
greenhouse,athena,4,https://job-boards.greenhouse.io/athena
greenhouse,athenaclub,6,https://job-boards.greenhouse.io/athenaclub
greenhouse,atomicindustriesinc,17,https://job-boards.greenhouse.io/atomicindustriesinc
greenhouse,atoms,108,https://job-boards.greenhouse.io/atoms
greenhouse,australia,1,https://job-boards.greenhouse.io/australia
greenhouse,avela,8,https://job-boards.greenhouse.io/avela
greenhouse,aviary,19,https://job-boards.greenhouse.io/aviary
greenhouse,axial,4,https://job-boards.greenhouse.io/axial
greenhouse,azeyeinstitute,1,https://job-boards.greenhouse.io/azeyeinstitute
greenhouse,bcc,9,https://job-boards.greenhouse.io/bcc
greenhouse,bcscareers,4,https://job-boards.greenhouse.io/bcscareers
greenhouse,belmontcharternetwork,7,https://job-boards.greenhouse.io/belmontcharternetwork
greenhouse,benchmarkpt,390,https://job-boards.greenhouse.io/benchmarkpt
greenhouse,benjamin,3,https://job-boards.greenhouse.io/benjamin
greenhouse,berkadia,1,https://job-boards.greenhouse.io/berkadia
greenhouse,berlincity,26,https://job-boards.greenhouse.io/berlincity
greenhouse,berlinpackaging,16,https://job-boards.greenhouse.io/berlinpackaging
greenhouse,bestcare,3,https://job-boards.greenhouse.io/bestcare
greenhouse,bestversionmedia,729,https://job-boards.greenhouse.io/bestversionmedia
greenhouse,bethesda,2,https://job-boards.greenhouse.io/bethesda
greenhouse,bidmachine,6,https://job-boards.greenhouse.io/bidmachine
greenhouse,biggskofford,4,https://job-boards.greenhouse.io/biggskofford
greenhouse,blip,2,https://job-boards.greenhouse.io/blip
greenhouse,blueskyinnovators,55,https://job-boards.greenhouse.io/blueskyinnovators
greenhouse,bluestaqaus,3,https://job-boards.greenhouse.io/bluestaqaus
greenhouse,bluevalley,3,https://job-boards.greenhouse.io/bluevalley
greenhouse,bmeasp,16,https://job-boards.greenhouse.io/bmeasp
greenhouse,bolcomen,18,https://job-boards.greenhouse.io/bolcomen
greenhouse,bold,1,https://job-boards.greenhouse.io/bold
greenhouse,boldly,3,https://job-boards.greenhouse.io/boldly
greenhouse,bpcanada,2,https://job-boards.greenhouse.io/bpcanada
greenhouse,brady,42,https://job-boards.greenhouse.io/brady
greenhouse,brighthavencommunities,62,https://job-boards.greenhouse.io/brighthavencommunities
greenhouse,brilliantearth,79,https://job-boards.greenhouse.io/brilliantearth
greenhouse,broadriver,1,https://job-boards.greenhouse.io/broadriver
greenhouse,broadsignfr,4,https://job-boards.greenhouse.io/broadsignfr
greenhouse,broadway,4,https://job-boards.greenhouse.io/broadway
greenhouse,bssitedevelopment,21,https://job-boards.greenhouse.io/bssitedevelopment
greenhouse,bswiftindia,3,https://job-boards.greenhouse.io/bswiftindia
greenhouse,builtin,5,https://job-boards.greenhouse.io/builtin
greenhouse,burr,1,https://job-boards.greenhouse.io/burr
greenhouse,bw,9,https://job-boards.greenhouse.io/bw
greenhouse,byd,26,https://job-boards.greenhouse.io/byd
greenhouse,c3ascend,2,https://job-boards.greenhouse.io/c3ascend
greenhouse,cabrillohospice,4,https://job-boards.greenhouse.io/cabrillohospice
greenhouse,calif,1,https://job-boards.greenhouse.io/calif
greenhouse,californiaassociationoffoodbanks,4,https://job-boards.greenhouse.io/californiaassociationoffoodbanks
greenhouse,canada1,2,https://job-boards.greenhouse.io/canada1
greenhouse,cartesiansystems,6,https://job-boards.greenhouse.io/cartesiansystems
greenhouse,casemanagementconsulting,3,https://job-boards.greenhouse.io/casemanagementconsulting
greenhouse,cata,2,https://job-boards.greenhouse.io/cata
greenhouse,cattaneozanetto,1,https://job-boards.greenhouse.io/cattaneozanetto
greenhouse,cbcs,8,https://job-boards.greenhouse.io/cbcs
greenhouse,ccof,5,https://job-boards.greenhouse.io/ccof
greenhouse,cedarrapidsprep,2,https://job-boards.greenhouse.io/cedarrapidsprep
greenhouse,centennial,11,https://job-boards.greenhouse.io/centennial
greenhouse,cfm,9,https://job-boards.greenhouse.io/cfm
greenhouse,chalexandria,4,https://job-boards.greenhouse.io/chalexandria
greenhouse,charles,3,https://job-boards.greenhouse.io/charles
greenhouse,chata,3,https://job-boards.greenhouse.io/chata
greenhouse,chicagotrading,24,https://job-boards.greenhouse.io/chicagotrading
greenhouse,chicagotradingreferral,1,https://job-boards.greenhouse.io/chicagotradingreferral
greenhouse,ciazumano,10,https://job-boards.greenhouse.io/ciazumano
greenhouse,citybeauty,1,https://job-boards.greenhouse.io/citybeauty
greenhouse,climatefirstbank,28,https://job-boards.greenhouse.io/climatefirstbank
greenhouse,cmbluenergyag,9,https://job-boards.greenhouse.io/cmbluenergyag
greenhouse,coldwater,2,https://job-boards.greenhouse.io/coldwater
greenhouse,columbusbilingualacademynorth,3,https://job-boards.greenhouse.io/columbusbilingualacademynorth
greenhouse,columbusbilingualwest,2,https://job-boards.greenhouse.io/columbusbilingualwest
greenhouse,commercialrealestatecompany,1,https://job-boards.greenhouse.io/commercialrealestatecompany
greenhouse,community,1,https://job-boards.greenhouse.io/community
greenhouse,constellationschools,13,https://job-boards.greenhouse.io/constellationschools
greenhouse,contract,1,https://job-boards.greenhouse.io/contract
greenhouse,converted,7,https://job-boards.greenhouse.io/converted
greenhouse,coterieinsurance,2,https://job-boards.greenhouse.io/coterieinsurance
greenhouse,counterparthealth,18,https://job-boards.greenhouse.io/counterparthealth
greenhouse,countryside,4,https://job-boards.greenhouse.io/countryside
greenhouse,covariance,4,https://job-boards.greenhouse.io/covariance
greenhouse,crossknowledge,2,https://job-boards.greenhouse.io/crossknowledge
greenhouse,crossroadshealth,6,https://job-boards.greenhouse.io/crossroadshealth
greenhouse,ctccampusboard,6,https://job-boards.greenhouse.io/ctccampusboard
greenhouse,cyclicmaterialsinc,26,https://job-boards.greenhouse.io/cyclicmaterialsinc
greenhouse,cyclokinetics,2,https://job-boards.greenhouse.io/cyclokinetics
greenhouse,d2consulting,46,https://job-boards.greenhouse.io/d2consulting
greenhouse,dante,1,https://job-boards.greenhouse.io/dante
greenhouse,davisdevelopment,40,https://job-boards.greenhouse.io/davisdevelopment
greenhouse,defensenewscareers,2,https://job-boards.greenhouse.io/defensenewscareers
greenhouse,denver,1,https://job-boards.greenhouse.io/denver
greenhouse,deporvillage,1,https://job-boards.greenhouse.io/deporvillage
greenhouse,desmoinesprep,3,https://job-boards.greenhouse.io/desmoinesprep
greenhouse,dfo,14,https://job-boards.greenhouse.io/dfo
greenhouse,diligent,5,https://job-boards.greenhouse.io/diligent
greenhouse,dim,44,https://job-boards.greenhouse.io/dim
greenhouse,directapplication,8,https://job-boards.greenhouse.io/directapplication
greenhouse,disney,2,https://job-boards.greenhouse.io/disney
greenhouse,doordashquebec,4,https://job-boards.greenhouse.io/doordashquebec
greenhouse,dorset,3,https://job-boards.greenhouse.io/dorset
greenhouse,dra,3,https://job-boards.greenhouse.io/dra
greenhouse,dreamgames,1,https://job-boards.greenhouse.io/dreamgames
greenhouse,drizquierdocharterschools,6,https://job-boards.greenhouse.io/drizquierdocharterschools
greenhouse,dscout,10,https://job-boards.greenhouse.io/dscout
greenhouse,dynamic-air-solutions,8,https://job-boards.greenhouse.io/dynamic-air-solutions
greenhouse,eastern-pennsylvania-veterinary-medical-center,10,https://job-boards.greenhouse.io/eastern-pennsylvania-veterinary-medical-center
greenhouse,easthampton,4,https://job-boards.greenhouse.io/easthampton
greenhouse,eastlandpreparatoryacademy,2,https://job-boards.greenhouse.io/eastlandpreparatoryacademy
greenhouse,edged_infrastructure,4,https://job-boards.greenhouse.io/edged_infrastructure
greenhouse,edinburgh,3,https://job-boards.greenhouse.io/edinburgh
greenhouse,ela,1,https://job-boards.greenhouse.io/ela
greenhouse,electrickiwi,5,https://job-boards.greenhouse.io/electrickiwi
greenhouse,elite,12,https://job-boards.greenhouse.io/elite
greenhouse,elleanursing,34,https://job-boards.greenhouse.io/elleanursing
greenhouse,elly,2,https://job-boards.greenhouse.io/elly
greenhouse,elo,16,https://job-boards.greenhouse.io/elo
greenhouse,elsevier,9,https://job-boards.greenhouse.io/elsevier
greenhouse,eltropyinc,22,https://job-boards.greenhouse.io/eltropyinc
greenhouse,embed,40,https://job-boards.greenhouse.io/embed
greenhouse,emittechnologiesinc,18,https://job-boards.greenhouse.io/emittechnologiesinc
greenhouse,emoneyadvisor,11,https://job-boards.greenhouse.io/emoneyadvisor
greenhouse,emplifi,7,https://job-boards.greenhouse.io/emplifi
greenhouse,enco,1,https://job-boards.greenhouse.io/enco
greenhouse,encore,3,https://job-boards.greenhouse.io/encore
greenhouse,endgamesystemsllc,18,https://job-boards.greenhouse.io/endgamesystemsllc
greenhouse,engelhart,10,https://job-boards.greenhouse.io/engelhart
greenhouse,entrega,9,https://job-boards.greenhouse.io/entrega
greenhouse,ess,7,https://job-boards.greenhouse.io/ess
greenhouse,evolutioncloudservicesevocs,22,https://job-boards.greenhouse.io/evolutioncloudservicesevocs
greenhouse,fanaticscommerce,217,https://job-boards.greenhouse.io/fanaticscommerce
greenhouse,feastables,12,https://job-boards.greenhouse.io/feastables
greenhouse,festival,5,https://job-boards.greenhouse.io/festival
greenhouse,fha,7,https://job-boards.greenhouse.io/fha
greenhouse,find,17,https://job-boards.greenhouse.io/find
greenhouse,firstwefeast,1,https://job-boards.greenhouse.io/firstwefeast
greenhouse,fletcherjonesimports,4,https://job-boards.greenhouse.io/fletcherjonesimports
greenhouse,flickr,1,https://job-boards.greenhouse.io/flickr
greenhouse,flovisionsolutions,2,https://job-boards.greenhouse.io/flovisionsolutions
greenhouse,fms,1,https://job-boards.greenhouse.io/fms
greenhouse,fnlogistics,4,https://job-boards.greenhouse.io/fnlogistics
greenhouse,fns,1,https://job-boards.greenhouse.io/fns
greenhouse,forsgrenassociates,22,https://job-boards.greenhouse.io/forsgrenassociates
greenhouse,fox,7,https://job-boards.greenhouse.io/fox
greenhouse,freeassociationlive,9,https://job-boards.greenhouse.io/freeassociationlive
greenhouse,fruitful,2,https://job-boards.greenhouse.io/fruitful
greenhouse,fts,1,https://job-boards.greenhouse.io/fts
greenhouse,furtherearlycareer,2,https://job-boards.greenhouse.io/furtherearlycareer
greenhouse,futuresecureai,45,https://job-boards.greenhouse.io/futuresecureai
greenhouse,g2it,17,https://job-boards.greenhouse.io/g2it
greenhouse,galaxiatech,11,https://job-boards.greenhouse.io/galaxiatech
greenhouse,galaxy,3,https://job-boards.greenhouse.io/galaxy
greenhouse,garagedoordoctor,8,https://job-boards.greenhouse.io/garagedoordoctor
greenhouse,garners,2,https://job-boards.greenhouse.io/garners
greenhouse,gateway,1,https://job-boards.greenhouse.io/gateway
greenhouse,gcihealth,2,https://job-boards.greenhouse.io/gcihealth
greenhouse,gdpr,1,https://job-boards.greenhouse.io/gdpr
greenhouse,general,1,https://job-boards.greenhouse.io/general
greenhouse,geometrics,2,https://job-boards.greenhouse.io/geometrics
greenhouse,gge-asia,11,https://job-boards.greenhouse.io/gge-asia
greenhouse,girleffect,3,https://job-boards.greenhouse.io/girleffect
greenhouse,gmp,4,https://job-boards.greenhouse.io/gmp
greenhouse,gojo,1,https://job-boards.greenhouse.io/gojo
greenhouse,gracent,25,https://job-boards.greenhouse.io/gracent
greenhouse,gracioushospitality,6,https://job-boards.greenhouse.io/gracioushospitality
greenhouse,gram,12,https://job-boards.greenhouse.io/gram
greenhouse,graviticsinc,17,https://job-boards.greenhouse.io/graviticsinc
greenhouse,gravitypayments17,3,https://job-boards.greenhouse.io/gravitypayments17
greenhouse,greencubesandbox,6,https://job-boards.greenhouse.io/greencubesandbox
greenhouse,greenlandinvestmentmanagement,7,https://job-boards.greenhouse.io/greenlandinvestmentmanagement
greenhouse,greenroomcommunications,1,https://job-boards.greenhouse.io/greenroomcommunications
greenhouse,grouppmx,11,https://job-boards.greenhouse.io/grouppmx
greenhouse,gspkodiakequipmentservices,1,https://job-boards.greenhouse.io/gspkodiakequipmentservices
greenhouse,guardz,11,https://job-boards.greenhouse.io/guardz
greenhouse,gyde,6,https://job-boards.greenhouse.io/gyde
greenhouse,headquarter,2,https://job-boards.greenhouse.io/headquarter
greenhouse,hellofreshprivate,3,https://job-boards.greenhouse.io/hellofreshprivate
greenhouse,hexarmor,14,https://job-boards.greenhouse.io/hexarmor
greenhouse,high-volume,127,https://job-boards.greenhouse.io/high-volume
greenhouse,highland,2,https://job-boards.greenhouse.io/highland
greenhouse,hiram,2,https://job-boards.greenhouse.io/hiram
greenhouse,hogwarts,4,https://job-boards.greenhouse.io/hogwarts
greenhouse,homeland,2,https://job-boards.greenhouse.io/homeland
greenhouse,hoonigan,3,https://job-boards.greenhouse.io/hoonigan
greenhouse,hopeandhealingcliniccareers,2,https://job-boards.greenhouse.io/hopeandhealingcliniccareers
greenhouse,hudlindia,1,https://job-boards.greenhouse.io/hudlindia
greenhouse,ibuglobal,1,https://job-boards.greenhouse.io/ibuglobal
greenhouse,icemiller,16,https://job-boards.greenhouse.io/icemiller
greenhouse,ihc,1,https://job-boards.greenhouse.io/ihc
greenhouse,imcsandbox33,9,https://job-boards.greenhouse.io/imcsandbox33
greenhouse,imi,4,https://job-boards.greenhouse.io/imi
greenhouse,inbound,2,https://job-boards.greenhouse.io/inbound
greenhouse,incaengineering,2,https://job-boards.greenhouse.io/incaengineering
greenhouse,india,8,https://job-boards.greenhouse.io/india
greenhouse,indiecampers-linkedin,56,https://job-boards.greenhouse.io/indiecampers-linkedin
greenhouse,industrial,2,https://job-boards.greenhouse.io/industrial
greenhouse,informal,1,https://job-boards.greenhouse.io/informal
greenhouse,infotrust,1,https://job-boards.greenhouse.io/infotrust
greenhouse,ino,3,https://job-boards.greenhouse.io/ino
greenhouse,insurance,10,https://job-boards.greenhouse.io/insurance
greenhouse,integratedbiosciencesinc,6,https://job-boards.greenhouse.io/integratedbiosciencesinc
greenhouse,internalassociates,1,https://job-boards.greenhouse.io/internalassociates
greenhouse,international,1,https://job-boards.greenhouse.io/international
greenhouse,interpath,25,https://job-boards.greenhouse.io/interpath
greenhouse,intrinsicdevelopment,20,https://job-boards.greenhouse.io/intrinsicdevelopment
greenhouse,invisible,5,https://job-boards.greenhouse.io/invisible
greenhouse,itcss,19,https://job-boards.greenhouse.io/itcss
greenhouse,jackmortonworldwide,79,https://job-boards.greenhouse.io/jackmortonworldwide
greenhouse,japan,3,https://job-boards.greenhouse.io/japan
greenhouse,jjfr,27,https://job-boards.greenhouse.io/jjfr
greenhouse,job-openings,2,https://job-boards.greenhouse.io/job-openings
greenhouse,jobposts,8,https://job-boards.greenhouse.io/jobposts
greenhouse,jrtc,4,https://job-boards.greenhouse.io/jrtc
greenhouse,jugabet,4,https://job-boards.greenhouse.io/jugabet
greenhouse,keepitsafe,1,https://job-boards.greenhouse.io/keepitsafe
greenhouse,kindbridgeresearchinstitute,1,https://job-boards.greenhouse.io/kindbridgeresearchinstitute
greenhouse,kirbynagelhoutcareers,8,https://job-boards.greenhouse.io/kirbynagelhoutcareers
greenhouse,kitsap,5,https://job-boards.greenhouse.io/kitsap
greenhouse,knightedgaming,18,https://job-boards.greenhouse.io/knightedgaming
greenhouse,knightedventures,19,https://job-boards.greenhouse.io/knightedventures
greenhouse,koddi,9,https://job-boards.greenhouse.io/koddi
greenhouse,korea,1,https://job-boards.greenhouse.io/korea
greenhouse,lakeland,2,https://job-boards.greenhouse.io/lakeland
greenhouse,lakewood,4,https://job-boards.greenhouse.io/lakewood
greenhouse,libertysoftware,10,https://job-boards.greenhouse.io/libertysoftware
greenhouse,location,3,https://job-boards.greenhouse.io/location
greenhouse,london,3,https://job-boards.greenhouse.io/london
greenhouse,loopycases,3,https://job-boards.greenhouse.io/loopycases
greenhouse,lpl,8,https://job-boards.greenhouse.io/lpl
greenhouse,luxinfusion,113,https://job-boards.greenhouse.io/luxinfusion
greenhouse,lv,1,https://job-boards.greenhouse.io/lv
greenhouse,madisonenergyinfrastructure,12,https://job-boards.greenhouse.io/madisonenergyinfrastructure
greenhouse,manchesterveterinaryservices,3,https://job-boards.greenhouse.io/manchesterveterinaryservices
greenhouse,mantis,6,https://job-boards.greenhouse.io/mantis
greenhouse,mas,6,https://job-boards.greenhouse.io/mas
greenhouse,maverickderivatives,1,https://job-boards.greenhouse.io/maverickderivatives
greenhouse,maybellquantum,13,https://job-boards.greenhouse.io/maybellquantum
greenhouse,mediahubldn,5,https://job-boards.greenhouse.io/mediahubldn
greenhouse,menaconsultant,24,https://job-boards.greenhouse.io/menaconsultant
greenhouse,meradiacanada,6,https://job-boards.greenhouse.io/meradiacanada
greenhouse,mergeapiintegrationsandbox,86,https://job-boards.greenhouse.io/mergeapiintegrationsandbox
greenhouse,metabittechnologyllc,14,https://job-boards.greenhouse.io/metabittechnologyllc
greenhouse,mezzettacareers,10,https://job-boards.greenhouse.io/mezzettacareers
greenhouse,miraibio,4,https://job-boards.greenhouse.io/miraibio
greenhouse,mobiauto,5,https://job-boards.greenhouse.io/mobiauto
greenhouse,momentumcompany3,18,https://job-boards.greenhouse.io/momentumcompany3
greenhouse,momsmeals,9,https://job-boards.greenhouse.io/momsmeals
greenhouse,monroetractor,38,https://job-boards.greenhouse.io/monroetractor
greenhouse,morganmorgansummer,2,https://job-boards.greenhouse.io/morganmorgansummer
greenhouse,morgans,5,https://job-boards.greenhouse.io/morgans
greenhouse,moxxidigital,5,https://job-boards.greenhouse.io/moxxidigital
greenhouse,mpn,4,https://job-boards.greenhouse.io/mpn
greenhouse,mrappleinternalonly,6,https://job-boards.greenhouse.io/mrappleinternalonly
greenhouse,msautomotive,88,https://job-boards.greenhouse.io/msautomotive
greenhouse,mse,7,https://job-boards.greenhouse.io/mse
greenhouse,mxd,2,https://job-boards.greenhouse.io/mxd
greenhouse,mycodemedia,1,https://job-boards.greenhouse.io/mycodemedia
greenhouse,myfavoritetherapists,8,https://job-boards.greenhouse.io/myfavoritetherapists
greenhouse,nashvilledoorcloser,1,https://job-boards.greenhouse.io/nashvilledoorcloser
greenhouse,nasiumtraining,4,https://job-boards.greenhouse.io/nasiumtraining
greenhouse,neu,10,https://job-boards.greenhouse.io/neu
greenhouse,new,1,https://job-boards.greenhouse.io/new
greenhouse,neweratechau,6,https://job-boards.greenhouse.io/neweratechau
greenhouse,neweratechnz,4,https://job-boards.greenhouse.io/neweratechnz
greenhouse,newton,1,https://job-boards.greenhouse.io/newton
greenhouse,nexus,5,https://job-boards.greenhouse.io/nexus
greenhouse,nflprivateposting,18,https://job-boards.greenhouse.io/nflprivateposting
greenhouse,nirmata,2,https://job-boards.greenhouse.io/nirmata
greenhouse,nivagenpharmaceuticals,18,https://job-boards.greenhouse.io/nivagenpharmaceuticals
greenhouse,noah,6,https://job-boards.greenhouse.io/noah
greenhouse,nobleanesthesiapartners,37,https://job-boards.greenhouse.io/nobleanesthesiapartners
greenhouse,none,6,https://job-boards.greenhouse.io/none
greenhouse,northbridgecre,1,https://job-boards.greenhouse.io/northbridgecre
greenhouse,northcharleston,2,https://job-boards.greenhouse.io/northcharleston
greenhouse,northside,4,https://job-boards.greenhouse.io/northside
greenhouse,northsidepreparatoryacademy,5,https://job-boards.greenhouse.io/northsidepreparatoryacademy
greenhouse,novafounders,82,https://job-boards.greenhouse.io/novafounders
greenhouse,nursing,2,https://job-boards.greenhouse.io/nursing
greenhouse,oakhilladvisors,7,https://job-boards.greenhouse.io/oakhilladvisors
greenhouse,oasis,19,https://job-boards.greenhouse.io/oasis
greenhouse,oath,4,https://job-boards.greenhouse.io/oath
greenhouse,obsidiansecuritycareers,7,https://job-boards.greenhouse.io/obsidiansecuritycareers
greenhouse,ohio,3,https://job-boards.greenhouse.io/ohio
greenhouse,oldcity,4,https://job-boards.greenhouse.io/oldcity
greenhouse,ompexternaljobboards,36,https://job-boards.greenhouse.io/ompexternaljobboards
greenhouse,oosmanagementcorp,603,https://job-boards.greenhouse.io/oosmanagementcorp
greenhouse,opm,22,https://job-boards.greenhouse.io/opm
greenhouse,opositiv,5,https://job-boards.greenhouse.io/opositiv
greenhouse,opportunities,1,https://job-boards.greenhouse.io/opportunities
greenhouse,optimalcare-evergreen,58,https://job-boards.greenhouse.io/optimalcare-evergreen
greenhouse,optimamedical,45,https://job-boards.greenhouse.io/optimamedical
greenhouse,orca,2,https://job-boards.greenhouse.io/orca
greenhouse,ospn,1,https://job-boards.greenhouse.io/ospn
greenhouse,outsiders,2,https://job-boards.greenhouse.io/outsiders
greenhouse,pah,1,https://job-boards.greenhouse.io/pah
greenhouse,palmetto,1,https://job-boards.greenhouse.io/palmetto
greenhouse,paratekpharmaceuticals,9,https://job-boards.greenhouse.io/paratekpharmaceuticals
greenhouse,parkland,1,https://job-boards.greenhouse.io/parkland
greenhouse,pcdm,23,https://job-boards.greenhouse.io/pcdm
greenhouse,pcm,15,https://job-boards.greenhouse.io/pcm
greenhouse,peopletech,5,https://job-boards.greenhouse.io/peopletech
greenhouse,philadelphiaanimalhospital,4,https://job-boards.greenhouse.io/philadelphiaanimalhospital
greenhouse,phoenixmed,5,https://job-boards.greenhouse.io/phoenixmed
greenhouse,pippintitleindia,1,https://job-boards.greenhouse.io/pippintitleindia
greenhouse,placerealestate,2,https://job-boards.greenhouse.io/placerealestate
greenhouse,planable,2,https://job-boards.greenhouse.io/planable
greenhouse,pluckershomeoffice,4,https://job-boards.greenhouse.io/pluckershomeoffice
greenhouse,pokaeu,2,https://job-boards.greenhouse.io/pokaeu
greenhouse,polaris,1,https://job-boards.greenhouse.io/polaris
greenhouse,ponbikeoperations,2,https://job-boards.greenhouse.io/ponbikeoperations
greenhouse,portoro,1,https://job-boards.greenhouse.io/portoro
greenhouse,presidentsinstitutesweden,1,https://job-boards.greenhouse.io/presidentsinstitutesweden
greenhouse,prospectus,6,https://job-boards.greenhouse.io/prospectus
greenhouse,protagonist,6,https://job-boards.greenhouse.io/protagonist
greenhouse,psg,8,https://job-boards.greenhouse.io/psg
greenhouse,psi-engineering,7,https://job-boards.greenhouse.io/psi-engineering
greenhouse,psl,3,https://job-boards.greenhouse.io/psl
greenhouse,qdssjobsohio,10,https://job-boards.greenhouse.io/qdssjobsohio
greenhouse,qr,3,https://job-boards.greenhouse.io/qr
greenhouse,qt,11,https://job-boards.greenhouse.io/qt
greenhouse,quinnevansarchitects,1,https://job-boards.greenhouse.io/quinnevansarchitects
greenhouse,rater8,1,https://job-boards.greenhouse.io/rater8
greenhouse,readystate,1,https://job-boards.greenhouse.io/readystate
greenhouse,rebuilt,4,https://job-boards.greenhouse.io/rebuilt
greenhouse,recruitis,16,https://job-boards.greenhouse.io/recruitis
greenhouse,ref,6,https://job-boards.greenhouse.io/ref
greenhouse,regent,8,https://job-boards.greenhouse.io/regent
greenhouse,regie,1,https://job-boards.greenhouse.io/regie
greenhouse,remedyedgespain,13,https://job-boards.greenhouse.io/remedyedgespain
greenhouse,revx,2,https://job-boards.greenhouse.io/revx
greenhouse,rhythmsoftwareinc,1,https://job-boards.greenhouse.io/rhythmsoftwareinc
greenhouse,royalvet,15,https://job-boards.greenhouse.io/royalvet
greenhouse,rxr,15,https://job-boards.greenhouse.io/rxr
greenhouse,rxrprivate,1,https://job-boards.greenhouse.io/rxrprivate
greenhouse,saatva,16,https://job-boards.greenhouse.io/saatva
greenhouse,sandler,2,https://job-boards.greenhouse.io/sandler
greenhouse,sas,3,https://job-boards.greenhouse.io/sas
greenhouse,sassoon,6,https://job-boards.greenhouse.io/sassoon
greenhouse,sct,1,https://job-boards.greenhouse.io/sct
greenhouse,secondarysocials,7,https://job-boards.greenhouse.io/secondarysocials
greenhouse,secret123,4,https://job-boards.greenhouse.io/secret123
greenhouse,selling,2,https://job-boards.greenhouse.io/selling
greenhouse,serinocoyne,4,https://job-boards.greenhouse.io/serinocoyne
greenhouse,sgfieldinternal,13,https://job-boards.greenhouse.io/sgfieldinternal
greenhouse,shawnee,1,https://job-boards.greenhouse.io/shawnee
greenhouse,shopfully,12,https://job-boards.greenhouse.io/shopfully
greenhouse,shorelightllc,2,https://job-boards.greenhouse.io/shorelightllc
greenhouse,siboneinc,21,https://job-boards.greenhouse.io/siboneinc
greenhouse,signalandstrand,10,https://job-boards.greenhouse.io/signalandstrand
greenhouse,silvr,1,https://job-boards.greenhouse.io/silvr
greenhouse,simplifyjobsintegrationsandbox,3,https://job-boards.greenhouse.io/simplifyjobsintegrationsandbox
greenhouse,sisco,9,https://job-boards.greenhouse.io/sisco
greenhouse,skellig,2,https://job-boards.greenhouse.io/skellig
greenhouse,smugmug,1,https://job-boards.greenhouse.io/smugmug
greenhouse,soft2bet,8,https://job-boards.greenhouse.io/soft2bet
greenhouse,sohohousecaterer,139,https://job-boards.greenhouse.io/sohohousecaterer
greenhouse,solomonpartnersprofessionals,4,https://job-boards.greenhouse.io/solomonpartnersprofessionals
greenhouse,sonymusiccareerspoland,2,https://job-boards.greenhouse.io/sonymusiccareerspoland
greenhouse,sonymusicde,4,https://job-boards.greenhouse.io/sonymusicde
greenhouse,southcolumbuspreparatoryacademygermanvillage,4,https://job-boards.greenhouse.io/southcolumbuspreparatoryacademygermanvillage
greenhouse,space,7,https://job-boards.greenhouse.io/space
greenhouse,spain,1,https://job-boards.greenhouse.io/spain
greenhouse,spsnorthamericaselected,3,https://job-boards.greenhouse.io/spsnorthamericaselected
greenhouse,starwars,1,https://job-boards.greenhouse.io/starwars
greenhouse,stoiximan,1,https://job-boards.greenhouse.io/stoiximan
greenhouse,strategicmissioncritical,28,https://job-boards.greenhouse.io/strategicmissioncritical
greenhouse,struck,3,https://job-boards.greenhouse.io/struck
greenhouse,sunriselandscape,1,https://job-boards.greenhouse.io/sunriselandscape
greenhouse,sunriseunitedstatesinc,10,https://job-boards.greenhouse.io/sunriseunitedstatesinc
greenhouse,superai,11,https://job-boards.greenhouse.io/superai
greenhouse,superior,3,https://job-boards.greenhouse.io/superior
greenhouse,support,1,https://job-boards.greenhouse.io/support
greenhouse,switzerland,1,https://job-boards.greenhouse.io/switzerland
greenhouse,sxseenterprisesllc,1,https://job-boards.greenhouse.io/sxseenterprisesllc
greenhouse,systemintegration,2,https://job-boards.greenhouse.io/systemintegration
greenhouse,taiwan,1,https://job-boards.greenhouse.io/taiwan
greenhouse,talent,2,https://job-boards.greenhouse.io/talent
greenhouse,tcs,104,https://job-boards.greenhouse.io/tcs
greenhouse,techno,33,https://job-boards.greenhouse.io/techno
greenhouse,techstars57,1,https://job-boards.greenhouse.io/techstars57
greenhouse,tenstorrentunlisted,5,https://job-boards.greenhouse.io/tenstorrentunlisted
greenhouse,terrestarsolutionsinc,1,https://job-boards.greenhouse.io/terrestarsolutionsinc
greenhouse,tes,1,https://job-boards.greenhouse.io/tes
greenhouse,tessco,7,https://job-boards.greenhouse.io/tessco
greenhouse,test1,1,https://job-boards.greenhouse.io/test1
greenhouse,tester,1,https://job-boards.greenhouse.io/tester
greenhouse,testing,6,https://job-boards.greenhouse.io/testing
greenhouse,textnowinc,22,https://job-boards.greenhouse.io/textnowinc
greenhouse,tghseniorcenter,16,https://job-boards.greenhouse.io/tghseniorcenter
greenhouse,the858emily123program,55,https://job-boards.greenhouse.io/the858emily123program
greenhouse,theadvocates,2,https://job-boards.greenhouse.io/theadvocates
greenhouse,thebehaviorexchange,3,https://job-boards.greenhouse.io/thebehaviorexchange
greenhouse,thejanepauleycommunityhealthcenterinc,49,https://job-boards.greenhouse.io/thejanepauleycommunityhealthcenterinc
greenhouse,themontageaccessoriescoltd,10,https://job-boards.greenhouse.io/themontageaccessoriescoltd
greenhouse,thestatusnetwork,1,https://job-boards.greenhouse.io/thestatusnetwork
greenhouse,thinkacademysg,9,https://job-boards.greenhouse.io/thinkacademysg
greenhouse,thinkzone,15,https://job-boards.greenhouse.io/thinkzone
greenhouse,thoughtexchange,1,https://job-boards.greenhouse.io/thoughtexchange
greenhouse,thrivecart,4,https://job-boards.greenhouse.io/thrivecart
greenhouse,timeproofusa,43,https://job-boards.greenhouse.io/timeproofusa
greenhouse,tjtinterns,2,https://job-boards.greenhouse.io/tjtinterns
greenhouse,token2049,15,https://job-boards.greenhouse.io/token2049
greenhouse,trainingthestreet,2,https://job-boards.greenhouse.io/trainingthestreet
greenhouse,tranquility,1,https://job-boards.greenhouse.io/tranquility
greenhouse,transform,1,https://job-boards.greenhouse.io/transform
greenhouse,trufru,3,https://job-boards.greenhouse.io/trufru
greenhouse,try-picnic,39,https://job-boards.greenhouse.io/try-picnic
greenhouse,tss,1,https://job-boards.greenhouse.io/tss
greenhouse,tubi-canada,17,https://job-boards.greenhouse.io/tubi-canada
greenhouse,tuscaloosaophthalmology,1,https://job-boards.greenhouse.io/tuscaloosaophthalmology
greenhouse,tworoadsconsulting,2,https://job-boards.greenhouse.io/tworoadsconsulting
greenhouse,universal,2,https://job-boards.greenhouse.io/universal
greenhouse,universityofclevelandpreparatoryschool,1,https://job-boards.greenhouse.io/universityofclevelandpreparatoryschool
greenhouse,uplift,22,https://job-boards.greenhouse.io/uplift
greenhouse,urbangolfperformance,11,https://job-boards.greenhouse.io/urbangolfperformance
greenhouse,usamechasp,23,https://job-boards.greenhouse.io/usamechasp
greenhouse,utt,26,https://job-boards.greenhouse.io/utt
greenhouse,uug,19,https://job-boards.greenhouse.io/uug
greenhouse,vagasinternas,2,https://job-boards.greenhouse.io/vagasinternas
greenhouse,valorequitypartners,1,https://job-boards.greenhouse.io/valorequitypartners
greenhouse,vcsg,11,https://job-boards.greenhouse.io/vcsg
greenhouse,vegaamericasinternalapplications,15,https://job-boards.greenhouse.io/vegaamericasinternalapplications
greenhouse,veradata,1,https://job-boards.greenhouse.io/veradata
greenhouse,vetto,21,https://job-boards.greenhouse.io/vetto
greenhouse,vgw-australia,6,https://job-boards.greenhouse.io/vgw-australia
greenhouse,victory,1,https://job-boards.greenhouse.io/victory
greenhouse,village,2,https://job-boards.greenhouse.io/village
greenhouse,virginia,1,https://job-boards.greenhouse.io/virginia
greenhouse,vmlcanadaen,12,https://job-boards.greenhouse.io/vmlcanadaen
greenhouse,vpamo,4,https://job-boards.greenhouse.io/vpamo
greenhouse,vpaofflorida,9,https://job-boards.greenhouse.io/vpaofflorida
greenhouse,vpaohio,4,https://job-boards.greenhouse.io/vpaohio
greenhouse,warburgpincusllc,4,https://job-boards.greenhouse.io/warburgpincusllc
greenhouse,warsaw,1,https://job-boards.greenhouse.io/warsaw
greenhouse,watersystemsconsulting,7,https://job-boards.greenhouse.io/watersystemsconsulting
greenhouse,wecaredailyclinicscareers,11,https://job-boards.greenhouse.io/wecaredailyclinicscareers
greenhouse,wheelpros,7,https://job-boards.greenhouse.io/wheelpros
greenhouse,woodsideai,5,https://job-boards.greenhouse.io/woodsideai
greenhouse,xem,2,https://job-boards.greenhouse.io/xem
greenhouse,yqn,103,https://job-boards.greenhouse.io/yqn
greenhouse,ysoft,1,https://job-boards.greenhouse.io/ysoft
greenhouse,yubico,20,https://job-boards.greenhouse.io/yubico
greenhouse,zoomget,2,https://job-boards.greenhouse.io/zoomget
lever,1840%26company,65,https://jobs.lever.co/1840%26company
lever,32co,9,https://jobs.lever.co/32co
lever,4sightsupplychain,6,https://jobs.lever.co/4sightsupplychain
lever,abtaba,243,https://jobs.lever.co/abtaba
lever,academy,4,https://jobs.lever.co/academy
lever,accompanyhealth,6,https://jobs.lever.co/accompanyhealth
lever,activetheory,4,https://jobs.lever.co/activetheory
lever,adjarabet,3,https://jobs.lever.co/adjarabet
lever,adlook,26,https://jobs.lever.co/adlook
lever,afarmedia,3,https://jobs.lever.co/afarmedia
lever,agerpoint,1,https://jobs.lever.co/agerpoint
lever,aifund,47,https://jobs.lever.co/aifund
lever,aisle_and_abroad,316,https://jobs.lever.co/aisle_and_abroad
lever,akashnetwork,1,https://jobs.lever.co/akashnetwork
lever,akicita-cyber,106,https://jobs.lever.co/akicita-cyber
lever,allata,11,https://jobs.lever.co/allata
lever,alliedbeverage,18,https://jobs.lever.co/alliedbeverage
lever,allstarservicesnow,37,https://jobs.lever.co/allstarservicesnow
lever,alom,5,https://jobs.lever.co/alom
lever,altoida,1,https://jobs.lever.co/altoida
lever,amarbank,56,https://jobs.lever.co/amarbank
lever,amiri,42,https://jobs.lever.co/amiri
lever,ammobia,2,https://jobs.lever.co/ammobia
lever,anlatan,4,https://jobs.lever.co/anlatan
lever,anomaly,1,https://jobs.lever.co/anomaly
lever,anovium,13,https://jobs.lever.co/anovium
lever,aogarciaagency,2076,https://jobs.lever.co/aogarciaagency
lever,apcoholdings,24,https://jobs.lever.co/apcoholdings
lever,appletreedental,50,https://jobs.lever.co/appletreedental
lever,aprio,185,https://jobs.lever.co/aprio
lever,apryse,15,https://jobs.lever.co/apryse
lever,arbitrum-opco,1,https://jobs.lever.co/arbitrum-opco
lever,arbol,3,https://jobs.lever.co/arbol
lever,arvor-insurance,3,https://jobs.lever.co/arvor-insurance
lever,athenapsych,23,https://jobs.lever.co/athenapsych
lever,atibusinessgroup,21,https://jobs.lever.co/atibusinessgroup
lever,augustbioservices,29,https://jobs.lever.co/augustbioservices
lever,australianethical,1,https://jobs.lever.co/australianethical
lever,avenuesrecovery,6,https://jobs.lever.co/avenuesrecovery
lever,avivesolutions,23,https://jobs.lever.co/avivesolutions
lever,badge-group,2,https://jobs.lever.co/badge-group
lever,bananajobs,1,https://jobs.lever.co/bananajobs
lever,bcipkg,51,https://jobs.lever.co/bcipkg
lever,bdg,12,https://jobs.lever.co/bdg
lever,beamy,10,https://jobs.lever.co/beamy
lever,beckley-clinical,12,https://jobs.lever.co/beckley-clinical
lever,beemenergy,7,https://jobs.lever.co/beemenergy
lever,behaviorcaretherapy,44,https://jobs.lever.co/behaviorcaretherapy
lever,bestegg,10,https://jobs.lever.co/bestegg
lever,betstamp,1,https://jobs.lever.co/betstamp
lever,beyondmenu,2,https://jobs.lever.co/beyondmenu
lever,biocatch,13,https://jobs.lever.co/biocatch
lever,bizaway,1,https://jobs.lever.co/bizaway
lever,black-white-zebra,14,https://jobs.lever.co/black-white-zebra
lever,blackcloak,7,https://jobs.lever.co/blackcloak
lever,bold-orange,11,https://jobs.lever.co/bold-orange
lever,bosta,55,https://jobs.lever.co/bosta
lever,breakwatertech,2,https://jobs.lever.co/breakwatertech
lever,breezebio,5,https://jobs.lever.co/breezebio
lever,brookings,6,https://jobs.lever.co/brookings
lever,btse,54,https://jobs.lever.co/btse
lever,burro,7,https://jobs.lever.co/burro
lever,busaracenter,12,https://jobs.lever.co/busaracenter
lever,candidate,1,https://jobs.lever.co/candidate
lever,carelinks-aba,43,https://jobs.lever.co/carelinks-aba
lever,cesiumastro,264,https://jobs.lever.co/cesiumastro
lever,ceso,48,https://jobs.lever.co/ceso
lever,chamberofprogress,2,https://jobs.lever.co/chamberofprogress
lever,charcuterie,10,https://jobs.lever.co/charcuterie
lever,chefrobotics,11,https://jobs.lever.co/chefrobotics
lever,circlecareservices,39,https://jobs.lever.co/circlecareservices
lever,civitta,71,https://jobs.lever.co/civitta
lever,clearer,4,https://jobs.lever.co/clearer
lever,clinicalhealthnetworkfortransformation,6,https://jobs.lever.co/clinicalhealthnetworkfortransformation
lever,clozd,3,https://jobs.lever.co/clozd
lever,coda,20,https://jobs.lever.co/coda
lever,coderio,23,https://jobs.lever.co/coderio
lever,cofactr,2,https://jobs.lever.co/cofactr
lever,collectlyinc,12,https://jobs.lever.co/collectlyinc
lever,cologix,28,https://jobs.lever.co/cologix
lever,commerce-undergraduate,9,https://jobs.lever.co/commerce-undergraduate
lever,commercearchitects,3,https://jobs.lever.co/commercearchitects
lever,communityboost,1,https://jobs.lever.co/communityboost
lever,complex,27,https://jobs.lever.co/complex
lever,contactout,1,https://jobs.lever.co/contactout
lever,conversenow,8,https://jobs.lever.co/conversenow
lever,coolbet,7,https://jobs.lever.co/coolbet
lever,copilotkit,1,https://jobs.lever.co/copilotkit
lever,crescent-biopharma,18,https://jobs.lever.co/crescent-biopharma
lever,cura,5,https://jobs.lever.co/cura
lever,cvrx,8,https://jobs.lever.co/cvrx
lever,cwsc,66,https://jobs.lever.co/cwsc
lever,cye,11,https://jobs.lever.co/cye
lever,dataroid,2,https://jobs.lever.co/dataroid
lever,digitalfish,3,https://jobs.lever.co/digitalfish
lever,dilitrust,22,https://jobs.lever.co/dilitrust
lever,dioxycle,9,https://jobs.lever.co/dioxycle
lever,distro,234,https://jobs.lever.co/distro
lever,diversifiedradiology,15,https://jobs.lever.co/diversifiedradiology
lever,dmautoleasing,23,https://jobs.lever.co/dmautoleasing
lever,dng,5,https://jobs.lever.co/dng
lever,doctrine,27,https://jobs.lever.co/doctrine
lever,durin,5,https://jobs.lever.co/durin
lever,electrifiedthermalsolutions,4,https://jobs.lever.co/electrifiedthermalsolutions
lever,emesent,9,https://jobs.lever.co/emesent
lever,employ,5,https://jobs.lever.co/employ
lever,enarahealth,27,https://jobs.lever.co/enarahealth
lever,energyvault,10,https://jobs.lever.co/energyvault
lever,enforceconsulting,3,https://jobs.lever.co/enforceconsulting
lever,enhanced-us,1,https://jobs.lever.co/enhanced-us
lever,enveda,5,https://jobs.lever.co/enveda
lever,envelio,4,https://jobs.lever.co/envelio
lever,epm,7,https://jobs.lever.co/epm
lever,epoch-ai,9,https://jobs.lever.co/epoch-ai
lever,espresso,5,https://jobs.lever.co/espresso
lever,fairmat,19,https://jobs.lever.co/fairmat
lever,fairtraderealestate,5,https://jobs.lever.co/fairtraderealestate
lever,farcast,2,https://jobs.lever.co/farcast
lever,felix-construction,35,https://jobs.lever.co/felix-construction
lever,fetchpackage,25,https://jobs.lever.co/fetchpackage
lever,fieldfastener,12,https://jobs.lever.co/fieldfastener
lever,fitifyworkouts,8,https://jobs.lever.co/fitifyworkouts
lever,fixgroup,21,https://jobs.lever.co/fixgroup
lever,flaretherapeutics,1,https://jobs.lever.co/flaretherapeutics
lever,flat.mx,2,https://jobs.lever.co/flat.mx
lever,flex,36,https://jobs.lever.co/flex
lever,fliff,31,https://jobs.lever.co/fliff
lever,flytographer,1,https://jobs.lever.co/flytographer
lever,futurenow,1,https://jobs.lever.co/futurenow
lever,galatea,2,https://jobs.lever.co/galatea
lever,gantri,9,https://jobs.lever.co/gantri
lever,genefab,6,https://jobs.lever.co/genefab
lever,get-vocal-pbc,6,https://jobs.lever.co/get-vocal-pbc
lever,getfivestar,156,https://jobs.lever.co/getfivestar
lever,givinghhc,144,https://jobs.lever.co/givinghhc
lever,glacierfish,34,https://jobs.lever.co/glacierfish
lever,global-cxm,29,https://jobs.lever.co/global-cxm
lever,gofluent,2,https://jobs.lever.co/gofluent
lever,gogolook,12,https://jobs.lever.co/gogolook
lever,gotogroup,35,https://jobs.lever.co/gotogroup
lever,gpdq,4,https://jobs.lever.co/gpdq
lever,gradion,11,https://jobs.lever.co/gradion
lever,grantstreet,5,https://jobs.lever.co/grantstreet
lever,grid,11,https://jobs.lever.co/grid
lever,gridline,4,https://jobs.lever.co/gridline
lever,guardsquare,1,https://jobs.lever.co/guardsquare
lever,gurobioptimization,8,https://jobs.lever.co/gurobioptimization
lever,h2eventgroup,3,https://jobs.lever.co/h2eventgroup
lever,happy-sleep,7,https://jobs.lever.co/happy-sleep
lever,hartizenhomes,1,https://jobs.lever.co/hartizenhomes
lever,havenpoint-health,5,https://jobs.lever.co/havenpoint-health
lever,hawthorne-health,23,https://jobs.lever.co/hawthorne-health
lever,hayeslocums,17,https://jobs.lever.co/hayeslocums
lever,hdvi,2,https://jobs.lever.co/hdvi
lever,healthmark-group,1,https://jobs.lever.co/healthmark-group
lever,heartworksvt,2,https://jobs.lever.co/heartworksvt
lever,hellomongoose,1,https://jobs.lever.co/hellomongoose
lever,hellotickets,1,https://jobs.lever.co/hellotickets
lever,heritagevt,2,https://jobs.lever.co/heritagevt
lever,hevo,1,https://jobs.lever.co/hevo
lever,highstreetit,16,https://jobs.lever.co/highstreetit
lever,hiringourheroes,3,https://jobs.lever.co/hiringourheroes
lever,hively,11,https://jobs.lever.co/hively
lever,hivemapper,6,https://jobs.lever.co/hivemapper
lever,horizon-blue-aba,41,https://jobs.lever.co/horizon-blue-aba
lever,hosco,3,https://jobs.lever.co/hosco
lever,howgood,4,https://jobs.lever.co/howgood
lever,hsag,1,https://jobs.lever.co/hsag
lever,hso,5,https://jobs.lever.co/hso
lever,huckleberrylabs,6,https://jobs.lever.co/huckleberrylabs
lever,humble-robotics,23,https://jobs.lever.co/humble-robotics
lever,hydrow,1,https://jobs.lever.co/hydrow
lever,hypersonica-prod,40,https://jobs.lever.co/hypersonica-prod
lever,icodde,28,https://jobs.lever.co/icodde
lever,infinitepl,4,https://jobs.lever.co/infinitepl
lever,infobase,2,https://jobs.lever.co/infobase
lever,infrastructureandcapitalprojects,184,https://jobs.lever.co/infrastructureandcapitalprojects
lever,innodata,3,https://jobs.lever.co/innodata
lever,innophos,36,https://jobs.lever.co/innophos
lever,insiderone,117,https://jobs.lever.co/insiderone
lever,insightm,1,https://jobs.lever.co/insightm
lever,instrumentl,14,https://jobs.lever.co/instrumentl
lever,interiormarketinggroup,12,https://jobs.lever.co/interiormarketinggroup
lever,invohealthcare,1,https://jobs.lever.co/invohealthcare
lever,ionicpartners,5,https://jobs.lever.co/ionicpartners
lever,ironflow,4,https://jobs.lever.co/ironflow
lever,iru,31,https://jobs.lever.co/iru
lever,jam-loop,3,https://jobs.lever.co/jam-loop
lever,jetbridge,3,https://jobs.lever.co/jetbridge
lever,jobgether,3681,https://jobs.lever.co/jobgether
lever,jobin,3,https://jobs.lever.co/jobin
lever,jobvite,4,https://jobs.lever.co/jobvite
lever,journeyclinical,20,https://jobs.lever.co/journeyclinical
lever,k4-trading,2,https://jobs.lever.co/k4-trading
lever,kavak,10,https://jobs.lever.co/kavak
lever,keloniatx,1,https://jobs.lever.co/keloniatx
lever,kestrel-intelligence,4,https://jobs.lever.co/kestrel-intelligence
lever,ketch,4,https://jobs.lever.co/ketch
lever,kixie,3,https://jobs.lever.co/kixie
lever,klivvr,12,https://jobs.lever.co/klivvr
lever,kyverna,15,https://jobs.lever.co/kyverna
lever,lasenza,2,https://jobs.lever.co/lasenza
lever,lb-capital,113,https://jobs.lever.co/lb-capital
lever,leadershipconnect,5,https://jobs.lever.co/leadershipconnect
lever,legend,29,https://jobs.lever.co/legend
lever,level99,41,https://jobs.lever.co/level99
lever,leverdemo-8,429,https://jobs.lever.co/leverdemo-8
lever,leverdemo193,16,https://jobs.lever.co/leverdemo193
lever,leverdemo50000,7,https://jobs.lever.co/leverdemo50000
lever,lillio,6,https://jobs.lever.co/lillio
lever,lingarogroup,82,https://jobs.lever.co/lingarogroup
lever,linkedin,23,https://jobs.lever.co/linkedin
lever,linkrehabwellness,120,https://jobs.lever.co/linkrehabwellness
lever,loganpm,4,https://jobs.lever.co/loganpm
lever,ltjgroup,77,https://jobs.lever.co/ltjgroup
lever,lumary,1,https://jobs.lever.co/lumary
lever,lyciatherapeutics,4,https://jobs.lever.co/lyciatherapeutics
lever,lyracollective,1,https://jobs.lever.co/lyracollective
lever,lyrebirdhealth,7,https://jobs.lever.co/lyrebirdhealth
lever,machinalabs,32,https://jobs.lever.co/machinalabs
lever,magnals,26,https://jobs.lever.co/magnals
lever,markham,3,https://jobs.lever.co/markham
lever,marquetteassociates,2,https://jobs.lever.co/marquetteassociates
lever,mastreforestation,2,https://jobs.lever.co/mastreforestation
lever,matters,4,https://jobs.lever.co/matters
lever,maverickx,3,https://jobs.lever.co/maverickx
lever,max-ssm,14,https://jobs.lever.co/max-ssm
lever,maya,5,https://jobs.lever.co/maya
lever,mayer-llp,18,https://jobs.lever.co/mayer-llp
lever,mbrdna,8,https://jobs.lever.co/mbrdna
lever,mediafly,1,https://jobs.lever.co/mediafly
lever,mega,12,https://jobs.lever.co/mega
lever,meirowitz-wasserberg,13,https://jobs.lever.co/meirowitz-wasserberg
lever,metaprise.ai,9,https://jobs.lever.co/metaprise.ai
lever,minders,12,https://jobs.lever.co/minders
lever,mindful,11,https://jobs.lever.co/mindful
lever,mindy,5,https://jobs.lever.co/mindy
lever,missionwired,6,https://jobs.lever.co/missionwired
lever,ml4t,3,https://jobs.lever.co/ml4t
lever,modernintelligence,1,https://jobs.lever.co/modernintelligence
lever,momentshospice-2,122,https://jobs.lever.co/momentshospice-2
lever,mostudio,2,https://jobs.lever.co/mostudio
lever,msconsultants,13,https://jobs.lever.co/msconsultants
lever,mulberry,32,https://jobs.lever.co/mulberry
lever,mylaurelhealth,2,https://jobs.lever.co/mylaurelhealth
lever,myubiquity,1,https://jobs.lever.co/myubiquity
lever,nacsworld,19,https://jobs.lever.co/nacsworld
lever,nationaljournal,5,https://jobs.lever.co/nationaljournal
lever,nestig,2,https://jobs.lever.co/nestig
lever,nexos,9,https://jobs.lever.co/nexos
lever,nextgenfed,33,https://jobs.lever.co/nextgenfed
lever,neye-systems-inc.,16,https://jobs.lever.co/neye-systems-inc.
lever,njstateofficeofinnovation,5,https://jobs.lever.co/njstateofficeofinnovation
lever,nomagic,14,https://jobs.lever.co/nomagic
lever,novara,5,https://jobs.lever.co/novara
lever,nphub,5,https://jobs.lever.co/nphub
lever,nuvoair,6,https://jobs.lever.co/nuvoair
lever,nuwaves,3,https://jobs.lever.co/nuwaves
lever,odonnellsnider,7,https://jobs.lever.co/odonnellsnider
lever,oliverwyman,2,https://jobs.lever.co/oliverwyman
lever,onehouse,11,https://jobs.lever.co/onehouse
lever,onit,6,https://jobs.lever.co/onit
lever,openpayd,15,https://jobs.lever.co/openpayd
lever,optimussbr,11,https://jobs.lever.co/optimussbr
lever,osmind,9,https://jobs.lever.co/osmind
lever,packmatic,12,https://jobs.lever.co/packmatic
lever,paradigm-health,17,https://jobs.lever.co/paradigm-health
lever,paramobility,1,https://jobs.lever.co/paramobility
lever,parcelvision,10,https://jobs.lever.co/parcelvision
lever,penrodsoftware,2,https://jobs.lever.co/penrodsoftware
lever,phoenixtailings,27,https://jobs.lever.co/phoenixtailings
lever,picktrace,2,https://jobs.lever.co/picktrace
lever,pillartechnology,4,https://jobs.lever.co/pillartechnology
lever,pine-services,6,https://jobs.lever.co/pine-services
lever,playbook,14,https://jobs.lever.co/playbook
lever,pocketfm,2,https://jobs.lever.co/pocketfm
lever,pockethealth,8,https://jobs.lever.co/pockethealth
lever,potloc,3,https://jobs.lever.co/potloc
lever,powerex,2,https://jobs.lever.co/powerex
lever,pozy,1,https://jobs.lever.co/pozy
lever,ppa,12,https://jobs.lever.co/ppa
lever,ppde,9,https://jobs.lever.co/ppde
lever,pphp,20,https://jobs.lever.co/pphp
lever,ppink,4,https://jobs.lever.co/ppink
lever,ppro,32,https://jobs.lever.co/ppro
lever,ppsworegon,1,https://jobs.lever.co/ppsworegon
lever,ppwp,5,https://jobs.lever.co/ppwp
lever,pretto,25,https://jobs.lever.co/pretto
lever,primefiber,1,https://jobs.lever.co/primefiber
lever,print-recruiting,109,https://jobs.lever.co/print-recruiting
lever,probiusdx,2,https://jobs.lever.co/probiusdx
lever,propsolutionsgroup,1,https://jobs.lever.co/propsolutionsgroup
lever,pslove-pte,12,https://jobs.lever.co/pslove-pte
lever,pyka,18,https://jobs.lever.co/pyka
lever,qover,12,https://jobs.lever.co/qover
lever,quadlock,7,https://jobs.lever.co/quadlock
lever,quantlane,2,https://jobs.lever.co/quantlane
lever,quiq,1,https://jobs.lever.co/quiq
lever,quixel,1,https://jobs.lever.co/quixel
lever,qwoted,2,https://jobs.lever.co/qwoted
lever,radicalai,2,https://jobs.lever.co/radicalai
lever,raptstudio,3,https://jobs.lever.co/raptstudio
lever,ravl_io,26,https://jobs.lever.co/ravl_io
lever,realself,1,https://jobs.lever.co/realself
lever,restore-dispensaries,32,https://jobs.lever.co/restore-dispensaries
lever,reveneer,2,https://jobs.lever.co/reveneer
lever,rhinobackroofing,1,https://jobs.lever.co/rhinobackroofing
lever,ridwell,8,https://jobs.lever.co/ridwell
lever,riptidetech,4,https://jobs.lever.co/riptidetech
lever,roh,3,https://jobs.lever.co/roh
lever,routethis,2,https://jobs.lever.co/routethis
lever,rubyplay,1,https://jobs.lever.co/rubyplay
lever,ryzlabs,33,https://jobs.lever.co/ryzlabs
lever,sakon,1,https://jobs.lever.co/sakon
lever,sapling,1,https://jobs.lever.co/sapling
lever,sauce,11,https://jobs.lever.co/sauce
lever,scalemicrogridsolutions,14,https://jobs.lever.co/scalemicrogridsolutions
lever,scheduleengine,7,https://jobs.lever.co/scheduleengine
lever,scismic,20,https://jobs.lever.co/scismic
lever,sdatasystems.com,23,https://jobs.lever.co/sdatasystems.com
lever,seattleartmuseum,4,https://jobs.lever.co/seattleartmuseum
lever,sequel-med-tech,11,https://jobs.lever.co/sequel-med-tech
lever,servicewire,22,https://jobs.lever.co/servicewire
lever,sigma-squared,49,https://jobs.lever.co/sigma-squared
lever,silhouette,43,https://jobs.lever.co/silhouette
lever,simberobotics,16,https://jobs.lever.co/simberobotics
lever,simonmed,242,https://jobs.lever.co/simonmed
lever,skillcloudhcm,48,https://jobs.lever.co/skillcloudhcm
lever,skima,1,https://jobs.lever.co/skima
lever,smile.io,2,https://jobs.lever.co/smile.io
lever,softdocs,1,https://jobs.lever.co/softdocs
lever,soloavt,6,https://jobs.lever.co/soloavt
lever,soum,15,https://jobs.lever.co/soum
lever,soundstack,4,https://jobs.lever.co/soundstack
lever,spacesystemsintegration,33,https://jobs.lever.co/spacesystemsintegration
lever,springoakliving,83,https://jobs.lever.co/springoakliving
lever,sprinto,33,https://jobs.lever.co/sprinto
lever,spyglass,1,https://jobs.lever.co/spyglass
lever,squirepb,1,https://jobs.lever.co/squirepb
lever,stable-money1,29,https://jobs.lever.co/stable-money1
lever,staffingfitness,2,https://jobs.lever.co/staffingfitness
lever,steerbridge,33,https://jobs.lever.co/steerbridge
lever,storygrounds,1,https://jobs.lever.co/storygrounds
lever,strategicgears,9,https://jobs.lever.co/strategicgears
lever,streck,6,https://jobs.lever.co/streck
lever,studiothree,33,https://jobs.lever.co/studiothree
lever,subsense,5,https://jobs.lever.co/subsense
lever,sunstudio,7,https://jobs.lever.co/sunstudio
lever,swiftlynx,1,https://jobs.lever.co/swiftlynx
lever,t5datacenters,78,https://jobs.lever.co/t5datacenters
lever,tandh,101,https://jobs.lever.co/tandh
lever,teecom,36,https://jobs.lever.co/teecom
lever,tekton,10,https://jobs.lever.co/tekton
lever,tenna,17,https://jobs.lever.co/tenna
lever,termius,2,https://jobs.lever.co/termius
lever,terraformation,3,https://jobs.lever.co/terraformation
lever,terrific-innovation,9,https://jobs.lever.co/terrific-innovation
lever,thrivingcenterofpsych,9,https://jobs.lever.co/thrivingcenterofpsych
lever,tiberius,11,https://jobs.lever.co/tiberius
lever,togetherhood,43,https://jobs.lever.co/togetherhood
lever,topdesk,6,https://jobs.lever.co/topdesk
lever,topl,1,https://jobs.lever.co/topl
lever,trackvfx,8,https://jobs.lever.co/trackvfx
lever,trainsweateat,9,https://jobs.lever.co/trainsweateat
lever,transparentpartners,1,https://jobs.lever.co/transparentpartners
lever,trilogyfederal,7,https://jobs.lever.co/trilogyfederal
lever,trustedhousesitters.com,1,https://jobs.lever.co/trustedhousesitters.com
lever,tusker,14,https://jobs.lever.co/tusker
lever,twodots,4,https://jobs.lever.co/twodots
lever,ubiminds,21,https://jobs.lever.co/ubiminds
lever,ucsf,1,https://jobs.lever.co/ucsf
lever,ullico,3,https://jobs.lever.co/ullico
lever,univeris.com,5,https://jobs.lever.co/univeris.com
lever,until,16,https://jobs.lever.co/until
lever,upmetrics,1,https://jobs.lever.co/upmetrics
lever,usmobile,43,https://jobs.lever.co/usmobile
lever,util-assist,1,https://jobs.lever.co/util-assist
lever,ux-woman,17,https://jobs.lever.co/ux-woman
lever,valgenesis,30,https://jobs.lever.co/valgenesis
lever,vedatechlabs,3,https://jobs.lever.co/vedatechlabs
lever,veefriends,1,https://jobs.lever.co/veefriends
lever,versana,18,https://jobs.lever.co/versana
lever,virtualitics,16,https://jobs.lever.co/virtualitics
lever,virtus,1,https://jobs.lever.co/virtus
lever,vogo,4,https://jobs.lever.co/vogo
lever,vohra,1409,https://jobs.lever.co/vohra
lever,voxy-engen,1,https://jobs.lever.co/voxy-engen
lever,vtg,2,https://jobs.lever.co/vtg
lever,wasatchglobal,3,https://jobs.lever.co/wasatchglobal
lever,waterworks,19,https://jobs.lever.co/waterworks
lever,wattpad,25,https://jobs.lever.co/wattpad
lever,waveapps,8,https://jobs.lever.co/waveapps
lever,wavicledata,5,https://jobs.lever.co/wavicledata
lever,way,7,https://jobs.lever.co/way
lever,wayground,9,https://jobs.lever.co/wayground
lever,wc-br,18,https://jobs.lever.co/wc-br
lever,wearedream,43,https://jobs.lever.co/wearedream
lever,wearemeru,9,https://jobs.lever.co/wearemeru
lever,webfx,34,https://jobs.lever.co/webfx
lever,websummit,28,https://jobs.lever.co/websummit
lever,weekdayworks,56,https://jobs.lever.co/weekdayworks
lever,wellfit,4,https://jobs.lever.co/wellfit
lever,weloglobal,573,https://jobs.lever.co/weloglobal
lever,wepclinical,10,https://jobs.lever.co/wepclinical
lever,weride,30,https://jobs.lever.co/weride
lever,whereby,1,https://jobs.lever.co/whereby
lever,whymonster,90,https://jobs.lever.co/whymonster
lever,winamax,15,https://jobs.lever.co/winamax
lever,windfalldata,15,https://jobs.lever.co/windfalldata
lever,windownation,53,https://jobs.lever.co/windownation
lever,windsormanagement,1,https://jobs.lever.co/windsormanagement
lever,wingtra-2,7,https://jobs.lever.co/wingtra-2
lever,wintermute-trading,27,https://jobs.lever.co/wintermute-trading
lever,wisdomtree-2,5,https://jobs.lever.co/wisdomtree-2
lever,wisecode,8,https://jobs.lever.co/wisecode
lever,wolvgroup,9,https://jobs.lever.co/wolvgroup
lever,woodardcurran,57,https://jobs.lever.co/woodardcurran
lever,workingfamilies,16,https://jobs.lever.co/workingfamilies
lever,workinprogress,4,https://jobs.lever.co/workinprogress
lever,workwave,9,https://jobs.lever.co/workwave
lever,world-view-enterprises-inc.,18,https://jobs.lever.co/world-view-enterprises-inc.
lever,worldscape-technology,11,https://jobs.lever.co/worldscape-technology
lever,woven-by-toyota,152,https://jobs.lever.co/woven-by-toyota
lever,wpromote,45,https://jobs.lever.co/wpromote
lever,wr,34,https://jobs.lever.co/wr
lever,wwprosolutions,50,https://jobs.lever.co/wwprosolutions
lever,wyetechllc,251,https://jobs.lever.co/wyetechllc
lever,xby2,6,https://jobs.lever.co/xby2
lever,xepelin,19,https://jobs.lever.co/xepelin
lever,xsolla,181,https://jobs.lever.co/xsolla
lever,xtb,2,https://jobs.lever.co/xtb
lever,yardstick,2,https://jobs.lever.co/yardstick
lever,yardzen,1,https://jobs.lever.co/yardzen
lever,yassir,148,https://jobs.lever.co/yassir
lever,yuno,36,https://jobs.lever.co/yuno
lever,ywcaworks,18,https://jobs.lever.co/ywcaworks
lever,z1tech,11,https://jobs.lever.co/z1tech
lever,zadara,8,https://jobs.lever.co/zadara
lever,zambezi,2,https://jobs.lever.co/zambezi
lever,zanskar,2,https://jobs.lever.co/zanskar
lever,zartis,10,https://jobs.lever.co/zartis
lever,zeeco,101,https://jobs.lever.co/zeeco
lever,zeiss,3,https://jobs.lever.co/zeiss
lever,zeller,19,https://jobs.lever.co/zeller
lever,zencore,20,https://jobs.lever.co/zencore
lever,zeneducate,39,https://jobs.lever.co/zeneducate
lever,zensurance,15,https://jobs.lever.co/zensurance
lever,zerotier,4,https://jobs.lever.co/zerotier
lever,zilliz,14,https://jobs.lever.co/zilliz
lever,zimperium,15,https://jobs.lever.co/zimperium
lever,zingtree,3,https://jobs.lever.co/zingtree
lever,zinovo,1,https://jobs.lever.co/zinovo
lever,zippi,4,https://jobs.lever.co/zippi
lever,zocks,22,https://jobs.lever.co/zocks
lever,zoox,239,https://jobs.lever.co/zoox
lever,zopa,30,https://jobs.lever.co/zopa
lever,zoyi,66,https://jobs.lever.co/zoyi
lever,zurichinstruments,13,https://jobs.lever.co/zurichinstruments
ashby,30mpc,3,https://jobs.ashbyhq.com/30mpc
ashby,3commas,1,https://jobs.ashbyhq.com/3commas
ashby,a1%20garage%20door%20service,48,https://jobs.ashbyhq.com/a1%20garage%20door%20service
ashby,aaru,27,https://jobs.ashbyhq.com/aaru
ashby,afference,7,https://jobs.ashbyhq.com/afference
ashby,aghanim,27,https://jobs.ashbyhq.com/aghanim
ashby,agzen,6,https://jobs.ashbyhq.com/agzen
ashby,airgoods,2,https://jobs.ashbyhq.com/airgoods
ashby,alden,1,https://jobs.ashbyhq.com/alden
ashby,alephalpha,1,https://jobs.ashbyhq.com/alephalpha
ashby,alleviatehealth,6,https://jobs.ashbyhq.com/alleviatehealth
ashby,alohi,8,https://jobs.ashbyhq.com/alohi
ashby,altis,7,https://jobs.ashbyhq.com/altis
ashby,amma,2,https://jobs.ashbyhq.com/amma
ashby,anara,4,https://jobs.ashbyhq.com/anara
ashby,antioch,5,https://jobs.ashbyhq.com/antioch
ashby,aphex,7,https://jobs.ashbyhq.com/aphex
ashby,apiphany,7,https://jobs.ashbyhq.com/apiphany
ashby,apple-roofing,58,https://jobs.ashbyhq.com/apple-roofing
ashby,applied%20compute,12,https://jobs.ashbyhq.com/applied%20compute
ashby,aptura,15,https://jobs.ashbyhq.com/aptura
ashby,arch-solutions,4,https://jobs.ashbyhq.com/arch-solutions
ashby,arthur,1,https://jobs.ashbyhq.com/arthur
ashby,artificialanalysis,20,https://jobs.ashbyhq.com/artificialanalysis
ashby,ashby-embed-demo-org,9,https://jobs.ashbyhq.com/ashby-embed-demo-org
ashby,assured-health,7,https://jobs.ashbyhq.com/assured-health
ashby,atominvest,13,https://jobs.ashbyhq.com/atominvest
ashby,atria,10,https://jobs.ashbyhq.com/atria
ashby,augustus,12,https://jobs.ashbyhq.com/augustus
ashby,beach-bum,4,https://jobs.ashbyhq.com/beach-bum
ashby,benevity,17,https://jobs.ashbyhq.com/benevity
ashby,better-mortgage,13,https://jobs.ashbyhq.com/better-mortgage
ashby,biograph,13,https://jobs.ashbyhq.com/biograph
ashby,blackpoint%20cyber,17,https://jobs.ashbyhq.com/blackpoint%20cyber
ashby,bloxd,1,https://jobs.ashbyhq.com/bloxd
ashby,bodysoul,7,https://jobs.ashbyhq.com/bodysoul
ashby,boosters,11,https://jobs.ashbyhq.com/boosters
ashby,breadcrumb,1,https://jobs.ashbyhq.com/breadcrumb
ashby,brighterly,1,https://jobs.ashbyhq.com/brighterly
ashby,brunswick,6,https://jobs.ashbyhq.com/brunswick
ashby,build,13,https://jobs.ashbyhq.com/build
ashby,build-ai,22,https://jobs.ashbyhq.com/build-ai
ashby,buildingworks,2,https://jobs.ashbyhq.com/buildingworks
ashby,bunny,1,https://jobs.ashbyhq.com/bunny
ashby,canadavisa,10,https://jobs.ashbyhq.com/canadavisa
ashby,castletontower,5,https://jobs.ashbyhq.com/castletontower
ashby,cedar,3,https://jobs.ashbyhq.com/cedar
ashby,certifid,3,https://jobs.ashbyhq.com/certifid
ashby,chalk,17,https://jobs.ashbyhq.com/chalk
ashby,cheiron,10,https://jobs.ashbyhq.com/cheiron
ashby,chimerareit,1,https://jobs.ashbyhq.com/chimerareit
ashby,citizen%20health,4,https://jobs.ashbyhq.com/citizen%20health
ashby,coachhub%20careers,2,https://jobs.ashbyhq.com/coachhub%20careers
ashby,company,15,https://jobs.ashbyhq.com/company
ashby,conductor,3,https://jobs.ashbyhq.com/conductor
ashby,conquest,3,https://jobs.ashbyhq.com/conquest
ashby,council-capital,8,https://jobs.ashbyhq.com/council-capital
ashby,craze,1,https://jobs.ashbyhq.com/craze
ashby,crisp,20,https://jobs.ashbyhq.com/crisp
ashby,curated,2,https://jobs.ashbyhq.com/curated
ashby,cybret,12,https://jobs.ashbyhq.com/cybret
ashby,datum,3,https://jobs.ashbyhq.com/datum
ashby,ddn,101,https://jobs.ashbyhq.com/ddn
ashby,dealmaker,10,https://jobs.ashbyhq.com/dealmaker
ashby,defy-security,7,https://jobs.ashbyhq.com/defy-security
ashby,dimensional,12,https://jobs.ashbyhq.com/dimensional
ashby,dipper,1,https://jobs.ashbyhq.com/dipper
ashby,distributor-wire-cable,6,https://jobs.ashbyhq.com/distributor-wire-cable
ashby,doctolib,126,https://jobs.ashbyhq.com/doctolib
ashby,doktortakvimi,3,https://jobs.ashbyhq.com/doktortakvimi
ashby,dominion%20dynamics,24,https://jobs.ashbyhq.com/dominion%20dynamics
ashby,domu,2,https://jobs.ashbyhq.com/domu
ashby,dressly,1,https://jobs.ashbyhq.com/dressly
ashby,droyd,25,https://jobs.ashbyhq.com/droyd
ashby,dusk,5,https://jobs.ashbyhq.com/dusk
ashby,eastwoodcleef,3,https://jobs.ashbyhq.com/eastwoodcleef
ashby,edison%20scientific,29,https://jobs.ashbyhq.com/edison%20scientific
ashby,elastix,6,https://jobs.ashbyhq.com/elastix
ashby,emberos,1,https://jobs.ashbyhq.com/emberos
ashby,emergence,17,https://jobs.ashbyhq.com/emergence
ashby,espa,2,https://jobs.ashbyhq.com/espa
ashby,euphoric,5,https://jobs.ashbyhq.com/euphoric
ashby,everstar,3,https://jobs.ashbyhq.com/everstar
ashby,evolve-tech-llc,1,https://jobs.ashbyhq.com/evolve-tech-llc
ashby,excelerate,4,https://jobs.ashbyhq.com/excelerate
ashby,expensify,1,https://jobs.ashbyhq.com/expensify
ashby,eyt,41,https://jobs.ashbyhq.com/eyt
ashby,ezhealth,2,https://jobs.ashbyhq.com/ezhealth
ashby,facilityos,14,https://jobs.ashbyhq.com/facilityos
ashby,faves,1,https://jobs.ashbyhq.com/faves
ashby,fig,1,https://jobs.ashbyhq.com/fig
ashby,finny,6,https://jobs.ashbyhq.com/finny
ashby,firebirdmusic,3,https://jobs.ashbyhq.com/firebirdmusic
ashby,flock,8,https://jobs.ashbyhq.com/flock
ashby,flock%20safety,24,https://jobs.ashbyhq.com/flock%20safety
ashby,foresight,1,https://jobs.ashbyhq.com/foresight
ashby,foresight-health,3,https://jobs.ashbyhq.com/foresight-health
ashby,fort%20health,13,https://jobs.ashbyhq.com/fort%20health
ashby,forward%20financing,32,https://jobs.ashbyhq.com/forward%20financing
ashby,fresnosummit,6,https://jobs.ashbyhq.com/fresnosummit
ashby,futureworks,6,https://jobs.ashbyhq.com/futureworks
ashby,gainsight,13,https://jobs.ashbyhq.com/gainsight
ashby,generatorhealth,3,https://jobs.ashbyhq.com/generatorhealth
ashby,genspark,10,https://jobs.ashbyhq.com/genspark
ashby,glacis-ai,2,https://jobs.ashbyhq.com/glacis-ai
ashby,glade,4,https://jobs.ashbyhq.com/glade
ashby,global-x-etfs,7,https://jobs.ashbyhq.com/global-x-etfs
ashby,glow,16,https://jobs.ashbyhq.com/glow
ashby,goodmaven,4,https://jobs.ashbyhq.com/goodmaven
ashby,grabagun,11,https://jobs.ashbyhq.com/grabagun
ashby,gradera,9,https://jobs.ashbyhq.com/gradera
ashby,gravity,1,https://jobs.ashbyhq.com/gravity
ashby,grindr%20llc,20,https://jobs.ashbyhq.com/grindr%20llc
ashby,growthx%20ai,9,https://jobs.ashbyhq.com/growthx%20ai
ashby,gt-bio,2,https://jobs.ashbyhq.com/gt-bio
ashby,guild,1,https://jobs.ashbyhq.com/guild
ashby,hamming%20ai,5,https://jobs.ashbyhq.com/hamming%20ai
ashby,hazel,5,https://jobs.ashbyhq.com/hazel
ashby,healthprogresshub,2,https://jobs.ashbyhq.com/healthprogresshub
ashby,hightouch,1,https://jobs.ashbyhq.com/hightouch
ashby,hippocratic%20ai,42,https://jobs.ashbyhq.com/hippocratic%20ai
ashby,hobbes,2,https://jobs.ashbyhq.com/hobbes
ashby,honey%20homes,29,https://jobs.ashbyhq.com/honey%20homes
ashby,hotplate,4,https://jobs.ashbyhq.com/hotplate
ashby,hrs,20,https://jobs.ashbyhq.com/hrs
ashby,hv,1,https://jobs.ashbyhq.com/hv
ashby,hyde,5,https://jobs.ashbyhq.com/hyde
ashby,hyperbound,7,https://jobs.ashbyhq.com/hyperbound
ashby,hypercore,2,https://jobs.ashbyhq.com/hypercore
ashby,illuin,15,https://jobs.ashbyhq.com/illuin
ashby,imper,1,https://jobs.ashbyhq.com/imper
ashby,infinite%20lambda,3,https://jobs.ashbyhq.com/infinite%20lambda
ashby,injective,16,https://jobs.ashbyhq.com/injective
ashby,instil,7,https://jobs.ashbyhq.com/instil
ashby,ivo-inc,42,https://jobs.ashbyhq.com/ivo-inc
ashby,jameda,8,https://jobs.ashbyhq.com/jameda
ashby,jasper%20ai,9,https://jobs.ashbyhq.com/jasper%20ai
ashby,jupus,10,https://jobs.ashbyhq.com/jupus
ashby,kafene,8,https://jobs.ashbyhq.com/kafene
ashby,kamiwaza,5,https://jobs.ashbyhq.com/kamiwaza
ashby,kiddom,9,https://jobs.ashbyhq.com/kiddom
ashby,kinetic,2,https://jobs.ashbyhq.com/kinetic
ashby,kontakt,14,https://jobs.ashbyhq.com/kontakt
ashby,kraken-kinetics,17,https://jobs.ashbyhq.com/kraken-kinetics
ashby,kyp,3,https://jobs.ashbyhq.com/kyp
ashby,lance,5,https://jobs.ashbyhq.com/lance
ashby,lat,11,https://jobs.ashbyhq.com/lat
ashby,leavitt,58,https://jobs.ashbyhq.com/leavitt
ashby,lens,7,https://jobs.ashbyhq.com/lens
ashby,leopard,5,https://jobs.ashbyhq.com/leopard
ashby,lifen,6,https://jobs.ashbyhq.com/lifen
ashby,local%20infusion,38,https://jobs.ashbyhq.com/local%20infusion
ashby,lumbra,11,https://jobs.ashbyhq.com/lumbra
ashby,maca,1,https://jobs.ashbyhq.com/maca
ashby,maintainx,132,https://jobs.ashbyhq.com/maintainx
ashby,marcohire,6,https://jobs.ashbyhq.com/marcohire
ashby,matchnode,2,https://jobs.ashbyhq.com/matchnode
ashby,material,8,https://jobs.ashbyhq.com/material
ashby,materialize,5,https://jobs.ashbyhq.com/materialize
ashby,mdcalc,1,https://jobs.ashbyhq.com/mdcalc
ashby,media-mogul,1,https://jobs.ashbyhq.com/media-mogul
ashby,mercator,5,https://jobs.ashbyhq.com/mercator
ashby,merge%20labs,24,https://jobs.ashbyhq.com/merge%20labs
ashby,midnite,21,https://jobs.ashbyhq.com/midnite
ashby,moego,2,https://jobs.ashbyhq.com/moego
ashby,mona,2,https://jobs.ashbyhq.com/mona
ashby,monarch-md,3,https://jobs.ashbyhq.com/monarch-md
ashby,monk,12,https://jobs.ashbyhq.com/monk
ashby,monogram,5,https://jobs.ashbyhq.com/monogram
ashby,moonactive,35,https://jobs.ashbyhq.com/moonactive
ashby,moonlake,6,https://jobs.ashbyhq.com/moonlake
ashby,morse-micro,10,https://jobs.ashbyhq.com/morse-micro
ashby,multitude%20insights,3,https://jobs.ashbyhq.com/multitude%20insights
ashby,munich-electrification,34,https://jobs.ashbyhq.com/munich-electrification
ashby,nautilus%20biotechnology,14,https://jobs.ashbyhq.com/nautilus%20biotechnology
ashby,ncontracts,19,https://jobs.ashbyhq.com/ncontracts
ashby,neurophos,15,https://jobs.ashbyhq.com/neurophos
ashby,niva,6,https://jobs.ashbyhq.com/niva
ashby,noetic,1,https://jobs.ashbyhq.com/noetic
ashby,nubank,119,https://jobs.ashbyhq.com/nubank
ashby,numerixs-quant,3,https://jobs.ashbyhq.com/numerixs-quant
ashby,nusano,7,https://jobs.ashbyhq.com/nusano
ashby,oberst,5,https://jobs.ashbyhq.com/oberst
ashby,obsidiansystems,4,https://jobs.ashbyhq.com/obsidiansystems
ashby,obvious,2,https://jobs.ashbyhq.com/obvious
ashby,ocra,7,https://jobs.ashbyhq.com/ocra
ashby,odin,9,https://jobs.ashbyhq.com/odin
ashby,omadaai,35,https://jobs.ashbyhq.com/omadaai
ashby,onme,4,https://jobs.ashbyhq.com/onme
ashby,ontologize,3,https://jobs.ashbyhq.com/ontologize
ashby,onyx-bio,1,https://jobs.ashbyhq.com/onyx-bio
ashby,openart,16,https://jobs.ashbyhq.com/openart
ashby,openhomefoundation,2,https://jobs.ashbyhq.com/openhomefoundation
ashby,openly,4,https://jobs.ashbyhq.com/openly
ashby,opsmill,7,https://jobs.ashbyhq.com/opsmill
ashby,opus-medical,13,https://jobs.ashbyhq.com/opus-medical
ashby,outpost,11,https://jobs.ashbyhq.com/outpost
ashby,outputinc,1,https://jobs.ashbyhq.com/outputinc
ashby,oxeon,4,https://jobs.ashbyhq.com/oxeon
ashby,p-1%20ai,9,https://jobs.ashbyhq.com/p-1%20ai
ashby,paceloangroup,2,https://jobs.ashbyhq.com/paceloangroup
ashby,pandektes,5,https://jobs.ashbyhq.com/pandektes
ashby,panther-life-sciences,3,https://jobs.ashbyhq.com/panther-life-sciences
ashby,par%20technology,26,https://jobs.ashbyhq.com/par%20technology
ashby,paradigm-health,9,https://jobs.ashbyhq.com/paradigm-health
ashby,pathos,4,https://jobs.ashbyhq.com/pathos
ashby,peopleloop,2,https://jobs.ashbyhq.com/peopleloop
ashby,perryweather,12,https://jobs.ashbyhq.com/perryweather
ashby,pharos,3,https://jobs.ashbyhq.com/pharos
ashby,planhat,39,https://jobs.ashbyhq.com/planhat
ashby,playground%20global,2,https://jobs.ashbyhq.com/playground%20global
ashby,pocket%20worlds,3,https://jobs.ashbyhq.com/pocket%20worlds
ashby,product-now,2,https://jobs.ashbyhq.com/product-now
ashby,project-expedition,4,https://jobs.ashbyhq.com/project-expedition
ashby,prometheus,3,https://jobs.ashbyhq.com/prometheus
ashby,protex%20ai,13,https://jobs.ashbyhq.com/protex%20ai
ashby,proxima,10,https://jobs.ashbyhq.com/proxima
ashby,proximal,5,https://jobs.ashbyhq.com/proximal
ashby,pulsora%20inc,2,https://jobs.ashbyhq.com/pulsora%20inc
ashby,pure,3,https://jobs.ashbyhq.com/pure
ashby,pursuit,1,https://jobs.ashbyhq.com/pursuit
ashby,raptive,8,https://jobs.ashbyhq.com/raptive
ashby,recruitingschool,1,https://jobs.ashbyhq.com/recruitingschool
ashby,redesign%20health,21,https://jobs.ashbyhq.com/redesign%20health
ashby,reklamehealth,6,https://jobs.ashbyhq.com/reklamehealth
ashby,remedy%20scientific,3,https://jobs.ashbyhq.com/remedy%20scientific
ashby,reprally,43,https://jobs.ashbyhq.com/reprally
ashby,reserve,1,https://jobs.ashbyhq.com/reserve
ashby,resilience%20care,8,https://jobs.ashbyhq.com/resilience%20care
ashby,resolve%20ai,16,https://jobs.ashbyhq.com/resolve%20ai
ashby,reviserobotics,2,https://jobs.ashbyhq.com/reviserobotics
ashby,ricursive%20intelligence,11,https://jobs.ashbyhq.com/ricursive%20intelligence
ashby,ryvn,1,https://jobs.ashbyhq.com/ryvn
ashby,safe,15,https://jobs.ashbyhq.com/safe
ashby,scale%20army%20careers,84,https://jobs.ashbyhq.com/scale%20army%20careers
ashby,sdsc,1,https://jobs.ashbyhq.com/sdsc
ashby,share,9,https://jobs.ashbyhq.com/share
ashby,sidekick,2,https://jobs.ashbyhq.com/sidekick
ashby,simon-lever,10,https://jobs.ashbyhq.com/simon-lever
ashby,simplify,2,https://jobs.ashbyhq.com/simplify
ashby,skip,12,https://jobs.ashbyhq.com/skip
ashby,skylink,5,https://jobs.ashbyhq.com/skylink
ashby,skynrg,7,https://jobs.ashbyhq.com/skynrg
ashby,smith-engineering,4,https://jobs.ashbyhq.com/smith-engineering
ashby,snackpass,1,https://jobs.ashbyhq.com/snackpass
ashby,solana%20foundation,6,https://jobs.ashbyhq.com/solana%20foundation
ashby,sondermind,136,https://jobs.ashbyhq.com/sondermind
ashby,source-multiplier,5,https://jobs.ashbyhq.com/source-multiplier
ashby,spacial,6,https://jobs.ashbyhq.com/spacial
ashby,spotlight,11,https://jobs.ashbyhq.com/spotlight
ashby,sprout-ai,1,https://jobs.ashbyhq.com/sprout-ai
ashby,stealthhc,30,https://jobs.ashbyhq.com/stealthhc
ashby,stony%20creek%20homes,11,https://jobs.ashbyhq.com/stony%20creek%20homes
ashby,studson,2,https://jobs.ashbyhq.com/studson
ashby,substrate,7,https://jobs.ashbyhq.com/substrate
ashby,sui%20foundation,2,https://jobs.ashbyhq.com/sui%20foundation
ashby,sunflower-sober,2,https://jobs.ashbyhq.com/sunflower-sober
ashby,superpilot-labs,2,https://jobs.ashbyhq.com/superpilot-labs
ashby,surfshark,21,https://jobs.ashbyhq.com/surfshark
ashby,surveymonkey,28,https://jobs.ashbyhq.com/surveymonkey
ashby,switchboard,12,https://jobs.ashbyhq.com/switchboard
ashby,synergy%20pet%20group,1,https://jobs.ashbyhq.com/synergy%20pet%20group
ashby,synthetic,2,https://jobs.ashbyhq.com/synthetic
ashby,tamarindbio,7,https://jobs.ashbyhq.com/tamarindbio
ashby,tapcheck,15,https://jobs.ashbyhq.com/tapcheck
ashby,tekion,98,https://jobs.ashbyhq.com/tekion
ashby,temporal,61,https://jobs.ashbyhq.com/temporal
ashby,terminal,9,https://jobs.ashbyhq.com/terminal
ashby,terra,3,https://jobs.ashbyhq.com/terra
ashby,tetrix,11,https://jobs.ashbyhq.com/tetrix
ashby,the%20agency%20fund,4,https://jobs.ashbyhq.com/the%20agency%20fund
ashby,the%20browser%20company,5,https://jobs.ashbyhq.com/the%20browser%20company
ashby,the%20job%20sauce,23,https://jobs.ashbyhq.com/the%20job%20sauce
ashby,the%20zebra,5,https://jobs.ashbyhq.com/the%20zebra
ashby,the-virga-law-firm,4,https://jobs.ashbyhq.com/the-virga-law-firm
ashby,theflex,5,https://jobs.ashbyhq.com/theflex
ashby,thorit,12,https://jobs.ashbyhq.com/thorit
ashby,tides,4,https://jobs.ashbyhq.com/tides
ashby,tiger,4,https://jobs.ashbyhq.com/tiger
ashby,todyl,7,https://jobs.ashbyhq.com/todyl
ashby,tolan,6,https://jobs.ashbyhq.com/tolan
ashby,tools%20for%20humanity,19,https://jobs.ashbyhq.com/tools%20for%20humanity
ashby,tooploox,2,https://jobs.ashbyhq.com/tooploox
ashby,traction-wellness-group,10,https://jobs.ashbyhq.com/traction-wellness-group
ashby,tradinghub,14,https://jobs.ashbyhq.com/tradinghub
ashby,trenchant,6,https://jobs.ashbyhq.com/trenchant
ashby,trexo%20robotics,2,https://jobs.ashbyhq.com/trexo%20robotics
ashby,trig,4,https://jobs.ashbyhq.com/trig
ashby,trunk%20tools,12,https://jobs.ashbyhq.com/trunk%20tools
ashby,truvo,6,https://jobs.ashbyhq.com/truvo
ashby,uhp-unlockhumanpotential,6,https://jobs.ashbyhq.com/uhp-unlockhumanpotential
ashby,ultra,8,https://jobs.ashbyhq.com/ultra
ashby,uptimeai,14,https://jobs.ashbyhq.com/uptimeai
ashby,us%20health%20partners,33,https://jobs.ashbyhq.com/us%20health%20partners
ashby,veliu,9,https://jobs.ashbyhq.com/veliu
ashby,viessmann,2,https://jobs.ashbyhq.com/viessmann
ashby,vigil-markets,3,https://jobs.ashbyhq.com/vigil-markets
ashby,vitally,1,https://jobs.ashbyhq.com/vitally
ashby,vivid,2,https://jobs.ashbyhq.com/vivid
ashby,voleon,59,https://jobs.ashbyhq.com/voleon
ashby,voya%20energy,6,https://jobs.ashbyhq.com/voya%20energy
ashby,vytalize%20health,26,https://jobs.ashbyhq.com/vytalize%20health
ashby,wabi,1,https://jobs.ashbyhq.com/wabi
ashby,wearebeyondsports,29,https://jobs.ashbyhq.com/wearebeyondsports
ashby,whisk,5,https://jobs.ashbyhq.com/whisk
ashby,wolfjaw-careers,2,https://jobs.ashbyhq.com/wolfjaw-careers
ashby,xdof,14,https://jobs.ashbyhq.com/xdof
ashby,xmtp%20labs,1,https://jobs.ashbyhq.com/xmtp%20labs
ashby,xyme,1,https://jobs.ashbyhq.com/xyme
ashby,yeet,8,https://jobs.ashbyhq.com/yeet
ashby,yovo,5,https://jobs.ashbyhq.com/yovo
ashby,zero,8,https://jobs.ashbyhq.com/zero
ashby,zilch,13,https://jobs.ashbyhq.com/zilch
ashby,zip%20security,8,https://jobs.ashbyhq.com/zip%20security
ashby,zodl,2,https://jobs.ashbyhq.com/zodl
recruitee,2am,3,https://2am.recruitee.com/
recruitee,abracadabra,1,https://abracadabra.recruitee.com/
recruitee,abriogmbh,19,https://abriogmbh.recruitee.com/
recruitee,accso,18,https://accso.recruitee.com/
recruitee,adesso1,35,https://adesso1.recruitee.com/
recruitee,adhese,1,https://adhese.recruitee.com/
recruitee,adjust,29,https://adjust.recruitee.com/
recruitee,aetherflux,6,https://aetherflux.recruitee.com/
recruitee,affidearomania,11,https://affidearomania.recruitee.com/
recruitee,aidigital,32,https://aidigital.recruitee.com/
recruitee,aihr,2,https://aihr.recruitee.com/
recruitee,akur8,2,https://akur8.recruitee.com/
recruitee,alewijnse,41,https://alewijnse.recruitee.com/
recruitee,alliade,39,https://alliade.recruitee.com/
recruitee,allredi,9,https://allredi.recruitee.com/
recruitee,ascendingai,2,https://ascendingai.recruitee.com/
recruitee,asmpthk,11,https://asmpthk.recruitee.com/
recruitee,astontec,1,https://astontec.recruitee.com/
recruitee,aubay,24,https://aubay.recruitee.com/
recruitee,avenircollective,7,https://avenircollective.recruitee.com/
recruitee,avisia,12,https://avisia.recruitee.com/
recruitee,baeckereiwalter,4,https://baeckereiwalter.recruitee.com/
recruitee,balchem,5,https://balchem.recruitee.com/
recruitee,ballysintralotsa,46,https://ballysintralotsa.recruitee.com/
recruitee,barrickgoldcorporation,5,https://barrickgoldcorporation.recruitee.com/
recruitee,basgroup,83,https://basgroup.recruitee.com/
recruitee,bauer,2,https://bauer.recruitee.com/
recruitee,bauersohnegmbhcokg,4,https://bauersohnegmbhcokg.recruitee.com/
recruitee,bcpartners,2,https://bcpartners.recruitee.com/
recruitee,beckerbetzinstitute,4,https://beckerbetzinstitute.recruitee.com/
recruitee,benutagmbh,10,https://benutagmbh.recruitee.com/
recruitee,berlinmetropolitanschool,5,https://berlinmetropolitanschool.recruitee.com/
recruitee,bestlogisticsgroup,7,https://bestlogisticsgroup.recruitee.com/
recruitee,biscuitinternational,15,https://biscuitinternational.recruitee.com/
recruitee,blackdiamond,26,https://blackdiamond.recruitee.com/
recruitee,blackforestproduction,16,https://blackforestproduction.recruitee.com/
recruitee,blueskygroup,6,https://blueskygroup.recruitee.com/
recruitee,brpsteuernrecht,5,https://brpsteuernrecht.recruitee.com/
recruitee,bungemagdeburggmbh,7,https://bungemagdeburggmbh.recruitee.com/
recruitee,callista,14,https://callista.recruitee.com/
recruitee,careexpert,3,https://careexpert.recruitee.com/
recruitee,cbsconsulting,183,https://cbsconsulting.recruitee.com/
recruitee,ccmeurope,11,https://ccmeurope.recruitee.com/
recruitee,certuss,6,https://certuss.recruitee.com/
recruitee,chgcareers,59,https://chgcareers.recruitee.com/
recruitee,cityscience,2,https://cityscience.recruitee.com/
recruitee,commodityhero,2,https://commodityhero.recruitee.com/
recruitee,compelson,10,https://compelson.recruitee.com/
recruitee,consultport,8,https://consultport.recruitee.com/
recruitee,contextfinlandoy,2,https://contextfinlandoy.recruitee.com/
recruitee,convotis,6,https://convotis.recruitee.com/
recruitee,cowmanager,12,https://cowmanager.recruitee.com/
recruitee,craftzing,16,https://craftzing.recruitee.com/
recruitee,cycle,6,https://cycle.recruitee.com/
recruitee,debitosgmbh,8,https://debitosgmbh.recruitee.com/
recruitee,deepdsg,3,https://deepdsg.recruitee.com/
recruitee,diakoniewuppertal,1,https://diakoniewuppertal.recruitee.com/
recruitee,digitalminds1,5,https://digitalminds1.recruitee.com/
recruitee,easelogistics,5,https://easelogistics.recruitee.com/
recruitee,easyapplyrekluti,201,https://easyapplyrekluti.recruitee.com/
recruitee,ecocert,4,https://ecocert.recruitee.com/
recruitee,elan,5,https://elan.recruitee.com/
recruitee,emdeautomationgmbh,15,https://emdeautomationgmbh.recruitee.com/
recruitee,emmington,8,https://emmington.recruitee.com/
recruitee,emplyfy,80,https://emplyfy.recruitee.com/
recruitee,enseradesign,14,https://enseradesign.recruitee.com/
recruitee,entyreinc,14,https://entyreinc.recruitee.com/
recruitee,equito,3,https://equito.recruitee.com/
recruitee,executivesentinels,3,https://executivesentinels.recruitee.com/
recruitee,fashioncloudgmbh,2,https://fashioncloudgmbh.recruitee.com/
recruitee,ferpalinfrastructure,10,https://ferpalinfrastructure.recruitee.com/
recruitee,formofoodsgmbh,4,https://formofoodsgmbh.recruitee.com/
recruitee,forwardearth,3,https://forwardearth.recruitee.com/
recruitee,freshminds,13,https://freshminds.recruitee.com/
recruitee,fumo,5,https://fumo.recruitee.com/
recruitee,funxtion,1,https://funxtion.recruitee.com/
recruitee,gain,15,https://gain.recruitee.com/
recruitee,galeniccarriererecrutement,3,https://galeniccarriererecrutement.recruitee.com/
recruitee,geissgruppe,11,https://geissgruppe.recruitee.com/
recruitee,goodseedcommunitydevelopmentcorporation,33,https://goodseedcommunitydevelopmentcorporation.recruitee.com/
recruitee,gravity9,10,https://gravity9.recruitee.com/
recruitee,guarana,5,https://guarana.recruitee.com/
recruitee,h2r,9,https://h2r.recruitee.com/
recruitee,hamma,35,https://hamma.recruitee.com/
recruitee,healthcarerecruiting,1,https://healthcarerecruiting.recruitee.com/
recruitee,hermosautomation,4,https://hermosautomation.recruitee.com/
recruitee,hubertvesterautogroup,7,https://hubertvesterautogroup.recruitee.com/
recruitee,humhome,22,https://humhome.recruitee.com/
recruitee,hvg,36,https://hvg.recruitee.com/
recruitee,hyble,1,https://hyble.recruitee.com/
recruitee,hybrid,7,https://hybrid.recruitee.com/
recruitee,illinoisenergywindowsandsidinginc,4,https://illinoisenergywindowsandsidinginc.recruitee.com/
recruitee,impactvaluationgroup,3,https://impactvaluationgroup.recruitee.com/
recruitee,investnl,5,https://investnl.recruitee.com/
recruitee,itxuklimited,54,https://itxuklimited.recruitee.com/
recruitee,jobsatlanticvc,12,https://jobsatlanticvc.recruitee.com/
recruitee,johnhowardsocietyofokanagankootenay,5,https://johnhowardsocietyofokanagankootenay.recruitee.com/
recruitee,johogroup,6,https://johogroup.recruitee.com/
recruitee,jump,3,https://jump.recruitee.com/
recruitee,junolegal,4,https://junolegal.recruitee.com/
recruitee,justrussel,8,https://justrussel.recruitee.com/
recruitee,kcoverseaseducation,11,https://kcoverseaseducation.recruitee.com/
recruitee,kiesertrainingag,37,https://kiesertrainingag.recruitee.com/
recruitee,kodland,61,https://kodland.recruitee.com/
recruitee,kriegonline,1,https://kriegonline.recruitee.com/
recruitee,kultolymphades,77,https://kultolymphades.recruitee.com/
recruitee,leadershippathway,19,https://leadershippathway.recruitee.com/
recruitee,legalfly,11,https://legalfly.recruitee.com/
recruitee,lleverage,3,https://lleverage.recruitee.com/
recruitee,loavies,4,https://loavies.recruitee.com/
recruitee,lomography,37,https://lomography.recruitee.com/
recruitee,lookup,5,https://lookup.recruitee.com/
recruitee,lss,19,https://lss.recruitee.com/
recruitee,ltn,1,https://ltn.recruitee.com/
recruitee,marvu,5,https://marvu.recruitee.com/
recruitee,maschinenraum,1,https://maschinenraum.recruitee.com/
recruitee,massimogelato,1,https://massimogelato.recruitee.com/
recruitee,masttrucking,8,https://masttrucking.recruitee.com/
recruitee,maxgrip,3,https://maxgrip.recruitee.com/
recruitee,mayflower,39,https://mayflower.recruitee.com/
recruitee,medactafrance,1,https://medactafrance.recruitee.com/
recruitee,mhiecpd,2,https://mhiecpd.recruitee.com/
recruitee,miaplatform,5,https://miaplatform.recruitee.com/
recruitee,mikroyazilim,8,https://mikroyazilim.recruitee.com/
recruitee,momomedical,11,https://momomedical.recruitee.com/
recruitee,mosquitopestauthority,4,https://mosquitopestauthority.recruitee.com/
recruitee,msfmenaamman,10,https://msfmenaamman.recruitee.com/
recruitee,muellerprien,5,https://muellerprien.recruitee.com/
recruitee,myrunway,12,https://myrunway.recruitee.com/
recruitee,natilik,5,https://natilik.recruitee.com/
recruitee,nexioprojects1,5,https://nexioprojects1.recruitee.com/
recruitee,nictiz,1,https://nictiz.recruitee.com/
recruitee,normechcbe,25,https://normechcbe.recruitee.com/
recruitee,normecsuuk,7,https://normecsuuk.recruitee.com/
recruitee,novasphere,1,https://novasphere.recruitee.com/
recruitee,nthermllc,1,https://nthermllc.recruitee.com/
recruitee,nvjuva,28,https://nvjuva.recruitee.com/
recruitee,nyrahealth,13,https://nyrahealth.recruitee.com/
recruitee,oead,2,https://oead.recruitee.com/
recruitee,ontarget,8,https://ontarget.recruitee.com/
recruitee,openrole,14,https://openrole.recruitee.com/
recruitee,opergraz,7,https://opergraz.recruitee.com/
recruitee,outboundoperators,10,https://outboundoperators.recruitee.com/
recruitee,palebluedotrecruitment,13,https://palebluedotrecruitment.recruitee.com/
recruitee,payflows,9,https://payflows.recruitee.com/
recruitee,performancemanagement,10,https://performancemanagement.recruitee.com/
recruitee,pflegedienstkremer,64,https://pflegedienstkremer.recruitee.com/
recruitee,piagroupnetherlands,142,https://piagroupnetherlands.recruitee.com/
recruitee,pladisfrance,3,https://pladisfrance.recruitee.com/
recruitee,playrix,3,https://playrix.recruitee.com/
recruitee,ploegkozijnenbv,10,https://ploegkozijnenbv.recruitee.com/
recruitee,precoroinc,6,https://precoroinc.recruitee.com/
recruitee,premiersystems1,9,https://premiersystems1.recruitee.com/
recruitee,primegateconsultinggmbh,120,https://primegateconsultinggmbh.recruitee.com/
recruitee,rpa,1,https://rpa.recruitee.com/
recruitee,rtl,8,https://rtl.recruitee.com/
recruitee,rwg,3,https://rwg.recruitee.com/
recruitee,sevensons,1,https://sevensons.recruitee.com/
recruitee,sgbsmitgroup,5,https://sgbsmitgroup.recruitee.com/
recruitee,simvia,10,https://simvia.recruitee.com/
recruitee,skygeo,8,https://skygeo.recruitee.com/
recruitee,smarthr,1,https://smarthr.recruitee.com/
recruitee,snapsoft,9,https://snapsoft.recruitee.com/
recruitee,solidstake,1,https://solidstake.recruitee.com/
recruitee,spreadgroup,5,https://spreadgroup.recruitee.com/
recruitee,spsschaltanlagentechnik,2,https://spsschaltanlagentechnik.recruitee.com/
recruitee,stbingenieure,8,https://stbingenieure.recruitee.com/
recruitee,sterlingfabricationtechnology,5,https://sterlingfabricationtechnology.recruitee.com/
recruitee,studentmedicover,3,https://studentmedicover.recruitee.com/
recruitee,suttons,4,https://suttons.recruitee.com/
recruitee,swordtech,5,https://swordtech.recruitee.com/
recruitee,taroko,3,https://taroko.recruitee.com/
recruitee,tbibankro,25,https://tbibankro.recruitee.com/
recruitee,tdfitnessperformance,6,https://tdfitnessperformance.recruitee.com/
recruitee,tecosim,11,https://tecosim.recruitee.com/
recruitee,thesafetynetwork,32,https://thesafetynetwork.recruitee.com/
recruitee,treasuryspring,4,https://treasuryspring.recruitee.com/
recruitee,trp,8,https://trp.recruitee.com/
recruitee,unitycommunications,4,https://unitycommunications.recruitee.com/
recruitee,valeuriad,22,https://valeuriad.recruitee.com/
recruitee,veneficusbv,9,https://veneficusbv.recruitee.com/
recruitee,venuescanner,1,https://venuescanner.recruitee.com/
recruitee,vertuoza,6,https://vertuoza.recruitee.com/
recruitee,vicentra,16,https://vicentra.recruitee.com/
recruitee,vpteam,6,https://vpteam.recruitee.com/
recruitee,wasabit,25,https://wasabit.recruitee.com/
recruitee,waterslakecapital,3,https://waterslakecapital.recruitee.com/
recruitee,wellis,18,https://wellis.recruitee.com/
recruitee,wellsterhealth,2,https://wellsterhealth.recruitee.com/
recruitee,wertconceptinvestmentgroupgmbh,8,https://wertconceptinvestmentgroupgmbh.recruitee.com/
recruitee,whello,8,https://whello.recruitee.com/
recruitee,willerby,3,https://willerby.recruitee.com/
recruitee,wurttembergerwohnkonzeptegmbh,3,https://wurttembergerwohnkonzeptegmbh.recruitee.com/
recruitee,xiaorestaurant,134,https://xiaorestaurant.recruitee.com/
recruitee,xylos,9,https://xylos.recruitee.com/
recruitee,yellowtail,35,https://yellowtail.recruitee.com/
recruitee,ypto,11,https://ypto.recruitee.com/
recruitee,ziflow,2,https://ziflow.recruitee.com/
recruitee,zpvgmbhcokg,4,https://zpvgmbhcokg.recruitee.com/
teamtailor,73strings,4,https://73strings.teamtailor.com/
teamtailor,aabenbryg,4,https://aabenbryg.teamtailor.com/
teamtailor,acmecorp,5,https://acmecorp.teamtailor.com/
teamtailor,acumetis,11,https://acumetis.teamtailor.com/
teamtailor,adaptiveteams,39,https://adaptiveteams.teamtailor.com/
teamtailor,addisonlee,3,https://addisonlee.teamtailor.com/
teamtailor,advantagemedicalstaffing,100,https://advantagemedicalstaffing.teamtailor.com/
teamtailor,advantagemedicalstaffing-1742913892-simplicare,3,https://advantagemedicalstaffing-1742913892-simplicare.teamtailor.com/
teamtailor,adveez,2,https://adveez.teamtailor.com/
teamtailor,afnorgroupe,25,https://afnorgroupe.teamtailor.com/
teamtailor,aftonbladet,16,https://aftonbladet.teamtailor.com/
teamtailor,aftral,100,https://aftral.teamtailor.com/
teamtailor,agileretail,25,https://agileretail.teamtailor.com/
teamtailor,aignostics,2,https://aignostics.teamtailor.com/
teamtailor,aire,5,https://aire.teamtailor.com/
teamtailor,akality,8,https://akality.teamtailor.com/
teamtailor,aktiviaassistans,18,https://aktiviaassistans.teamtailor.com/
teamtailor,alizesrh,18,https://alizesrh.teamtailor.com/
teamtailor,allinpeoplecultureaipcug-1736947759,2,https://allinpeoplecultureaipcug-1736947759.teamtailor.com/
teamtailor,almond-board-of-cyber,3,https://almond-board-of-cyber.teamtailor.com/
teamtailor,alpazurhotels-1738160088,36,https://alpazurhotels-1738160088.teamtailor.com/
teamtailor,altanawealth,1,https://altanawealth.teamtailor.com/
teamtailor,amarenco,6,https://amarenco.teamtailor.com/
teamtailor,anima,5,https://anima.teamtailor.com/
teamtailor,approvalmax,8,https://approvalmax.teamtailor.com/
teamtailor,aptiogroupdanmark,2,https://aptiogroupdanmark.teamtailor.com/
teamtailor,arc,9,https://arc.teamtailor.com/
teamtailor,argal,7,https://argal.teamtailor.com/
teamtailor,arionrecruitment-1705579161,100,https://arionrecruitment-1705579161.teamtailor.com/
teamtailor,arkbokhandel,15,https://arkbokhandel.teamtailor.com/
teamtailor,askable,17,https://askable.teamtailor.com/
teamtailor,assoconnect,2,https://assoconnect.teamtailor.com/
teamtailor,atdomco-1739192595,3,https://atdomco-1739192595.teamtailor.com/
teamtailor,atticusadvisorysolutions,36,https://atticusadvisorysolutions.teamtailor.com/
teamtailor,autorolaaustria,1,https://autorolaaustria.teamtailor.com/
teamtailor,autorolanetherlands,4,https://autorolanetherlands.teamtailor.com/
teamtailor,avallone,1,https://avallone.teamtailor.com/
teamtailor,avantas,5,https://avantas.teamtailor.com/
teamtailor,b3consultingpoland,60,https://b3consultingpoland.teamtailor.com/
teamtailor,b3personal-demo,24,https://b3personal-demo.teamtailor.com/
teamtailor,babysam,2,https://babysam.teamtailor.com/
teamtailor,bacb,1,https://bacb.teamtailor.com/
teamtailor,bamboo,3,https://bamboo.teamtailor.com/
teamtailor,barrieknitwear,6,https://barrieknitwear.teamtailor.com/
teamtailor,bessystemhausgmbh,10,https://bessystemhausgmbh.teamtailor.com/
teamtailor,biscuitinternationalvf,8,https://biscuitinternationalvf.teamtailor.com/
teamtailor,blacknova-black-nova-portfolio,15,https://blacknova-black-nova-portfolio.teamtailor.com/
teamtailor,boost-1743083678,16,https://boost-1743083678.teamtailor.com/
teamtailor,brams,4,https://brams.teamtailor.com/
teamtailor,bremontwatchcompany-1747397724,3,https://bremontwatchcompany-1747397724.teamtailor.com/
teamtailor,bruce,4,https://bruce.teamtailor.com/
teamtailor,bsm,37,https://bsm.teamtailor.com/
teamtailor,bsm-bsm-cruise,3,https://bsm-bsm-cruise.teamtailor.com/
teamtailor,cainiao,65,https://cainiao.teamtailor.com/
teamtailor,callenlenz,17,https://callenlenz.teamtailor.com/
teamtailor,cambridge-intelligence,2,https://cambridge-intelligence.teamtailor.com/
teamtailor,cambridgejudgebs,1,https://cambridgejudgebs.teamtailor.com/
teamtailor,capaloai,3,https://capaloai.teamtailor.com/
teamtailor,carcutter,11,https://carcutter.teamtailor.com/
teamtailor,careers-tecknuovo,9,https://careers-tecknuovo.teamtailor.com/
teamtailor,carvertical,3,https://carvertical.teamtailor.com/
teamtailor,casambi,3,https://casambi.teamtailor.com/
teamtailor,caspecoab,1,https://caspecoab.teamtailor.com/
teamtailor,castalie,8,https://castalie.teamtailor.com/
teamtailor,cataloniahotels,99,https://cataloniahotels.teamtailor.com/
teamtailor,causeaeffet,23,https://causeaeffet.teamtailor.com/
teamtailor,cerdiainternationalgmbh,15,https://cerdiainternationalgmbh.teamtailor.com/
teamtailor,cesab,10,https://cesab.teamtailor.com/
teamtailor,chapter2,51,https://chapter2.teamtailor.com/
teamtailor,cinnamonsoftware,9,https://cinnamonsoftware.teamtailor.com/
teamtailor,cipfa,3,https://cipfa.teamtailor.com/
teamtailor,cityzmedia,8,https://cityzmedia.teamtailor.com/
teamtailor,clunetech-benamic,2,https://clunetech-benamic.teamtailor.com/
teamtailor,clunetech-fintua,12,https://clunetech-fintua.teamtailor.com/
teamtailor,clunetech-transfermate,15,https://clunetech-transfermate.teamtailor.com/
teamtailor,codestone,4,https://codestone.teamtailor.com/
teamtailor,coinpoker,18,https://coinpoker.teamtailor.com/
teamtailor,coldculture,30,https://coldculture.teamtailor.com/
teamtailor,condeco-1741867353,6,https://condeco-1741867353.teamtailor.com/
teamtailor,conseagroup,8,https://conseagroup.teamtailor.com/
teamtailor,corndel,11,https://corndel.teamtailor.com/
teamtailor,covalto,38,https://covalto.teamtailor.com/
teamtailor,crimsonacademy,45,https://crimsonacademy.teamtailor.com/
teamtailor,crosscontrol,5,https://crosscontrol.teamtailor.com/
teamtailor,cubicworks,7,https://cubicworks.teamtailor.com/
teamtailor,cybelangel,9,https://cybelangel.teamtailor.com/
teamtailor,cyberone-security,10,https://cyberone-security.teamtailor.com/
teamtailor,dcubed,19,https://dcubed.teamtailor.com/
teamtailor,deezer,14,https://deezer.teamtailor.com/
teamtailor,delve,10,https://delve.teamtailor.com/
teamtailor,digg,9,https://digg.teamtailor.com/
teamtailor,directio,38,https://directio.teamtailor.com/
teamtailor,directmedics,100,https://directmedics.teamtailor.com/
teamtailor,dkk,2,https://dkk.teamtailor.com/
teamtailor,doctify,8,https://doctify.teamtailor.com/
teamtailor,dotworld,5,https://dotworld.teamtailor.com/
teamtailor,doverparkhospice-1726647805,11,https://doverparkhospice-1726647805.teamtailor.com/
teamtailor,easpring,5,https://easpring.teamtailor.com/
teamtailor,eathappyslovakia,10,https://eathappyslovakia.teamtailor.com/
teamtailor,eidel,6,https://eidel.teamtailor.com/
teamtailor,ekidomvf-1740745963,3,https://ekidomvf-1740745963.teamtailor.com/
teamtailor,ekwateur,7,https://ekwateur.teamtailor.com/
teamtailor,elaterecruitment,17,https://elaterecruitment.teamtailor.com/
teamtailor,electrify,8,https://electrify.teamtailor.com/
teamtailor,electroheatswedenab-1645023271,2,https://electroheatswedenab-1645023271.teamtailor.com/
teamtailor,elsa,2,https://elsa.teamtailor.com/
teamtailor,emballatorbleck-1741355439,1,https://emballatorbleck-1741355439.teamtailor.com/
teamtailor,emballatorlagan-1741355253,2,https://emballatorlagan-1741355253.teamtailor.com/
teamtailor,enaexperu,59,https://enaexperu.teamtailor.com/
teamtailor,enora,9,https://enora.teamtailor.com/
teamtailor,epimindsab,2,https://epimindsab.teamtailor.com/
teamtailor,epsor,5,https://epsor.teamtailor.com/
teamtailor,ernicareersph,12,https://ernicareersph.teamtailor.com/
teamtailor,esg,3,https://esg.teamtailor.com/
teamtailor,estreem,17,https://estreem.teamtailor.com/
teamtailor,eworgmbh,100,https://eworgmbh.teamtailor.com/
teamtailor,experimental-hotel-hospes-infante-sagres,3,https://experimental-hotel-hospes-infante-sagres.teamtailor.com/
teamtailor,externalia-1749745260,6,https://externalia-1749745260.teamtailor.com/
teamtailor,faktory,33,https://faktory.teamtailor.com/
teamtailor,figured,2,https://figured.teamtailor.com/
teamtailor,finaleanoy-1732875068,2,https://finaleanoy-1732875068.teamtailor.com/
teamtailor,finteqhub,4,https://finteqhub.teamtailor.com/
teamtailor,firi-1744367250,1,https://firi-1744367250.teamtailor.com/
teamtailor,fit-careers,6,https://fit-careers.teamtailor.com/
teamtailor,fitxr-1642768457,1,https://fitxr-1642768457.teamtailor.com/
teamtailor,floorco-1732278608,2,https://floorco-1732278608.teamtailor.com/
teamtailor,focacceria,1,https://focacceria.teamtailor.com/
teamtailor,fondazionelalberodellavita-1745325761,5,https://fondazionelalberodellavita-1745325761.teamtailor.com/
teamtailor,foodsi,1,https://foodsi.teamtailor.com/
teamtailor,foreignaffairsauto,11,https://foreignaffairsauto.teamtailor.com/
teamtailor,forsvarsutbildarna,2,https://forsvarsutbildarna.teamtailor.com/
teamtailor,fortrayglobalservices,56,https://fortrayglobalservices.teamtailor.com/
teamtailor,foundationpartners,16,https://foundationpartners.teamtailor.com/
teamtailor,fourprinciples,8,https://fourprinciples.teamtailor.com/
teamtailor,francework,100,https://francework.teamtailor.com/
teamtailor,frontrowgroup,40,https://frontrowgroup.teamtailor.com/
teamtailor,fullfabricspoonsixlimited,1,https://fullfabricspoonsixlimited.teamtailor.com/
teamtailor,fully,2,https://fully.teamtailor.com/
teamtailor,fvbu,2,https://fvbu.teamtailor.com/
teamtailor,gacmotoreuropebv-1747132357,49,https://gacmotoreuropebv-1747132357.teamtailor.com/
teamtailor,gbst,4,https://gbst.teamtailor.com/
teamtailor,gcoventures,8,https://gcoventures.teamtailor.com/
teamtailor,ggasolutions,12,https://ggasolutions.teamtailor.com/
teamtailor,gigroupholding,2,https://gigroupholding.teamtailor.com/
teamtailor,global66,16,https://global66.teamtailor.com/
teamtailor,globalflygteknikab-1735550209,30,https://globalflygteknikab-1735550209.teamtailor.com/
teamtailor,globalhr,2,https://globalhr.teamtailor.com/
teamtailor,godutch,11,https://godutch.teamtailor.com/
teamtailor,gramgroup,6,https://gramgroup.teamtailor.com/
teamtailor,graviteetopcoltd,16,https://graviteetopcoltd.teamtailor.com/
teamtailor,greencastledigital,8,https://greencastledigital.teamtailor.com/
teamtailor,groupeeolen-1721751826,42,https://groupeeolen-1721751826.teamtailor.com/
teamtailor,groupefetesensation,15,https://groupefetesensation.teamtailor.com/
teamtailor,groupeoci,100,https://groupeoci.teamtailor.com/
teamtailor,gusglobaluniversitysystems-futurelearn,4,https://gusglobaluniversitysystems-futurelearn.teamtailor.com/
teamtailor,gusglobaluniversitysystems-global-university-systems,138,https://gusglobaluniversitysystems-global-university-systems.teamtailor.com/
teamtailor,gusglobaluniversitysystems-london-college-of-contemporary-arts,15,https://gusglobaluniversitysystems-london-college-of-contemporary-arts.teamtailor.com/
teamtailor,gusglobaluniversitysystems-london-college-of-contemporary-music,1,https://gusglobaluniversitysystems-london-college-of-contemporary-music.teamtailor.com/
teamtailor,gusglobaluniversitysystems-london-school-of-business-finance,2,https://gusglobaluniversitysystems-london-school-of-business-finance.teamtailor.com/
teamtailor,habitatetjardin,10,https://habitatetjardin.teamtailor.com/
teamtailor,hadean,5,https://hadean.teamtailor.com/
teamtailor,hagab-1732271426,2,https://hagab-1732271426.teamtailor.com/
teamtailor,handy,1,https://handy.teamtailor.com/
teamtailor,hansabiopharma,4,https://hansabiopharma.teamtailor.com/
teamtailor,heliocampus,4,https://heliocampus.teamtailor.com/
teamtailor,hertility,2,https://hertility.teamtailor.com/
teamtailor,hesperiaworld,75,https://hesperiaworld.teamtailor.com/
teamtailor,heydata,10,https://heydata.teamtailor.com/
teamtailor,hiire,25,https://hiire.teamtailor.com/
teamtailor,hivebrite,1,https://hivebrite.teamtailor.com/
teamtailor,hohepacanterbury,17,https://hohepacanterbury.teamtailor.com/
teamtailor,hollis,17,https://hollis.teamtailor.com/
teamtailor,howhowltd,6,https://howhowltd.teamtailor.com/
teamtailor,hpsearch-1680505488,57,https://hpsearch-1680505488.teamtailor.com/
teamtailor,huaweidusseldorf-1719303222,100,https://huaweidusseldorf-1719303222.teamtailor.com/
teamtailor,huaweiireland,13,https://huaweiireland.teamtailor.com/
teamtailor,huaweiuk,49,https://huaweiuk.teamtailor.com/
teamtailor,hyderecruit-1738224490,30,https://hyderecruit-1738224490.teamtailor.com/
teamtailor,hypergrowthrecruitment,12,https://hypergrowthrecruitment.teamtailor.com/
teamtailor,hyprspace-1708613410,3,https://hyprspace-1708613410.teamtailor.com/
teamtailor,ictech,16,https://ictech.teamtailor.com/
teamtailor,ihe,2,https://ihe.teamtailor.com/
teamtailor,imsm,8,https://imsm.teamtailor.com/
teamtailor,incenteev,4,https://incenteev.teamtailor.com/
teamtailor,incision,5,https://incision.teamtailor.com/
teamtailor,inforcer,32,https://inforcer.teamtailor.com/
teamtailor,infrontsportsmediaag,9,https://infrontsportsmediaag.teamtailor.com/
teamtailor,ingeteam,73,https://ingeteam.teamtailor.com/
teamtailor,inpac-1740038378,6,https://inpac-1740038378.teamtailor.com/
teamtailor,issinternational,60,https://issinternational.teamtailor.com/
teamtailor,itracing-1749199701,6,https://itracing-1749199701.teamtailor.com/
teamtailor,jobsinfitness,14,https://jobsinfitness.teamtailor.com/
teamtailor,keewe-recrutement,4,https://keewe-recrutement.teamtailor.com/
teamtailor,keithandrews,5,https://keithandrews.teamtailor.com/
teamtailor,keon,10,https://keon.teamtailor.com/
teamtailor,klara,4,https://klara.teamtailor.com/
teamtailor,knowmadmood,100,https://knowmadmood.teamtailor.com/
teamtailor,kolecto-1739351560,14,https://kolecto-1739351560.teamtailor.com/
teamtailor,komodowellbeing,1,https://komodowellbeing.teamtailor.com/
teamtailor,lakeshorefamilydentistry-1579651060,4,https://lakeshorefamilydentistry-1579651060.teamtailor.com/
teamtailor,larosee,16,https://larosee.teamtailor.com/
teamtailor,latelierentrecotevolaille,5,https://latelierentrecotevolaille.teamtailor.com/
teamtailor,lavishalice,2,https://lavishalice.teamtailor.com/
teamtailor,leifarvidsson-1732272311,1,https://leifarvidsson-1732272311.teamtailor.com/
teamtailor,lendurai,3,https://lendurai.teamtailor.com/
teamtailor,letuelezioni,100,https://letuelezioni.teamtailor.com/
teamtailor,leytonglobal-germany,32,https://leytonglobal-germany.teamtailor.com/
teamtailor,lhaffarsutveckling,1,https://lhaffarsutveckling.teamtailor.com/
teamtailor,lhigroup,19,https://lhigroup.teamtailor.com/
teamtailor,liber,5,https://liber.teamtailor.com/
teamtailor,ligentec,7,https://ligentec.teamtailor.com/
teamtailor,lightstonefbab,8,https://lightstonefbab.teamtailor.com/
teamtailor,linaker-1682670281,13,https://linaker-1682670281.teamtailor.com/
teamtailor,livo,2,https://livo.teamtailor.com/
teamtailor,madkaffe,5,https://madkaffe.teamtailor.com/
teamtailor,maersk,10,https://maersk.teamtailor.com/
teamtailor,makeevents-1747990244,1,https://makeevents-1747990244.teamtailor.com/
teamtailor,mazzeigroup-1750399679-mazzei-group,9,https://mazzeigroup-1750399679-mazzei-group.teamtailor.com/
teamtailor,medefer,1,https://medefer.teamtailor.com/
teamtailor,mendoai-1730204279,12,https://mendoai-1730204279.teamtailor.com/
teamtailor,merlindigitalpartner-1613753675,30,https://merlindigitalpartner-1613753675.teamtailor.com/
teamtailor,missmoneypennytechnologies,2,https://missmoneypennytechnologies.teamtailor.com/
teamtailor,motherroot,5,https://motherroot.teamtailor.com/
teamtailor,nachhilfeunterricht,100,https://nachhilfeunterricht.teamtailor.com/
teamtailor,naffco,100,https://naffco.teamtailor.com/
teamtailor,nebxcore,6,https://nebxcore.teamtailor.com/
teamtailor,neo2consultant,100,https://neo2consultant.teamtailor.com/
teamtailor,newbestsrl-1746516054,3,https://newbestsrl-1746516054.teamtailor.com/
teamtailor,niryu,42,https://niryu.teamtailor.com/
teamtailor,nobiaab-magnet,34,https://nobiaab-magnet.teamtailor.com/
teamtailor,nolistudiosfinlandoy,1,https://nolistudiosfinlandoy.teamtailor.com/
teamtailor,nordictalent,45,https://nordictalent.teamtailor.com/
teamtailor,nordiskakliniken,1,https://nordiskakliniken.teamtailor.com/
teamtailor,norevie-1742377716,6,https://norevie-1742377716.teamtailor.com/
teamtailor,nplan,8,https://nplan.teamtailor.com/
teamtailor,officecloud,2,https://officecloud.teamtailor.com/
teamtailor,ohmenergie,6,https://ohmenergie.teamtailor.com/
teamtailor,omnicomsweden,13,https://omnicomsweden.teamtailor.com/
teamtailor,omsorgassistans,32,https://omsorgassistans.teamtailor.com/
teamtailor,omtanken,5,https://omtanken.teamtailor.com/
teamtailor,orderyoyo,100,https://orderyoyo.teamtailor.com/
teamtailor,oresundit,7,https://oresundit.teamtailor.com/
teamtailor,ourcommonhome,5,https://ourcommonhome.teamtailor.com/
teamtailor,ox8-cf,2,https://ox8-cf.teamtailor.com/
teamtailor,parcellab,5,https://parcellab.teamtailor.com/
teamtailor,paynetalent,7,https://paynetalent.teamtailor.com/
teamtailor,paysend,9,https://paysend.teamtailor.com/
teamtailor,plummygames,4,https://plummygames.teamtailor.com/
teamtailor,powerse,9,https://powerse.teamtailor.com/
teamtailor,procentia,8,https://procentia.teamtailor.com/
teamtailor,proxima,36,https://proxima.teamtailor.com/
teamtailor,pushgaming,6,https://pushgaming.teamtailor.com/
teamtailor,pyynedigital,6,https://pyynedigital.teamtailor.com/
teamtailor,qlok,2,https://qlok.teamtailor.com/
teamtailor,qutwo,11,https://qutwo.teamtailor.com/
teamtailor,raggededge,7,https://raggededge.teamtailor.com/
teamtailor,realitymine,6,https://realitymine.teamtailor.com/
teamtailor,recruitgo,42,https://recruitgo.teamtailor.com/
teamtailor,redbadgegroup,16,https://redbadgegroup.teamtailor.com/
teamtailor,regengroup,3,https://regengroup.teamtailor.com/
teamtailor,reqruitz,5,https://reqruitz.teamtailor.com/
teamtailor,root,5,https://root.teamtailor.com/
teamtailor,roycedentalgroup,15,https://roycedentalgroup.teamtailor.com/
teamtailor,runremote-1694559579,15,https://runremote-1694559579.teamtailor.com/
teamtailor,safely,10,https://safely.teamtailor.com/
teamtailor,salesjobs,12,https://salesjobs.teamtailor.com/
teamtailor,salesvalley,37,https://salesvalley.teamtailor.com/
teamtailor,satelliteoffice-1742766257,100,https://satelliteoffice-1742766257.teamtailor.com/
teamtailor,scalr,2,https://scalr.teamtailor.com/
teamtailor,schibsted,22,https://schibsted.teamtailor.com/
teamtailor,schibsted-aftenposten,3,https://schibsted-aftenposten.teamtailor.com/
teamtailor,schibsted-svenska-dagbladet,1,https://schibsted-svenska-dagbladet.teamtailor.com/
teamtailor,scissero,7,https://scissero.teamtailor.com/
teamtailor,sensu,27,https://sensu.teamtailor.com/
teamtailor,shd,6,https://shd.teamtailor.com/
teamtailor,shtsmarthightech,12,https://shtsmarthightech.teamtailor.com/
teamtailor,silae-career,10,https://silae-career.teamtailor.com/
teamtailor,sinclair,38,https://sinclair.teamtailor.com/
teamtailor,sisugroup,5,https://sisugroup.teamtailor.com/
teamtailor,sixsenseslondon,23,https://sixsenseslondon.teamtailor.com/
teamtailor,sjd,9,https://sjd.teamtailor.com/
teamtailor,skillonnet-1744715103,46,https://skillonnet-1744715103.teamtailor.com/
teamtailor,skylotec,24,https://skylotec.teamtailor.com/
teamtailor,smartmanagedsolutions-1734694596,28,https://smartmanagedsolutions-1734694596.teamtailor.com/
teamtailor,smartmediaagency,2,https://smartmediaagency.teamtailor.com/
teamtailor,smartpension,7,https://smartpension.teamtailor.com/
teamtailor,snappyshopper,3,https://snappyshopper.teamtailor.com/
teamtailor,spidersilk,15,https://spidersilk.teamtailor.com/
teamtailor,sunoff-1732278564,2,https://sunoff-1732278564.teamtailor.com/
teamtailor,superloop-1733718881,29,https://superloop-1733718881.teamtailor.com/
teamtailor,supersub,16,https://supersub.teamtailor.com/
teamtailor,svh,6,https://svh.teamtailor.com/
teamtailor,synmatchai,3,https://synmatchai.teamtailor.com/
teamtailor,taimeselezione-1736348084,8,https://taimeselezione-1736348084.teamtailor.com/
teamtailor,tanndalen,5,https://tanndalen.teamtailor.com/
teamtailor,tasteinstitute-1742120765,3,https://tasteinstitute-1742120765.teamtailor.com/
teamtailor,tcitransportation,28,https://tcitransportation.teamtailor.com/
teamtailor,tecnicagroup,19,https://tecnicagroup.teamtailor.com/
teamtailor,telebyran,23,https://telebyran.teamtailor.com/
teamtailor,templafy,3,https://templafy.teamtailor.com/
teamtailor,tendios,5,https://tendios.teamtailor.com/
teamtailor,terredivignesrl,2,https://terredivignesrl.teamtailor.com/
teamtailor,thais,10,https://thais.teamtailor.com/
teamtailor,the-rundown-ai,1,https://the-rundown-ai.teamtailor.com/
teamtailor,theardonaghgroup,4,https://theardonaghgroup.teamtailor.com/
teamtailor,theboundary,3,https://theboundary.teamtailor.com/
teamtailor,thegrowthfoundation-1640252175,13,https://thegrowthfoundation-1640252175.teamtailor.com/
teamtailor,thehospitalityclub-1720688400,12,https://thehospitalityclub-1720688400.teamtailor.com/
teamtailor,theindiestone-demo-demo,2,https://theindiestone-demo-demo.teamtailor.com/
teamtailor,thelunchbag,33,https://thelunchbag.teamtailor.com/
teamtailor,themissiongroup-speed,2,https://themissiongroup-speed.teamtailor.com/
teamtailor,timestamp,21,https://timestamp.teamtailor.com/
teamtailor,tlcworldwide,17,https://tlcworldwide.teamtailor.com/
teamtailor,toteme,21,https://toteme.teamtailor.com/
teamtailor,tracklinemarketing,19,https://tracklinemarketing.teamtailor.com/
teamtailor,trainingorchestra,10,https://trainingorchestra.teamtailor.com/
teamtailor,travtus,3,https://travtus.teamtailor.com/
teamtailor,trevorfrances,18,https://trevorfrances.teamtailor.com/
teamtailor,tridentmachinetools,7,https://tridentmachinetools.teamtailor.com/
teamtailor,tridentse,8,https://tridentse.teamtailor.com/
teamtailor,truvio,7,https://truvio.teamtailor.com/
teamtailor,tuesday,2,https://tuesday.teamtailor.com/
teamtailor,tutoringjobs,100,https://tutoringjobs.teamtailor.com/
teamtailor,twinharbour,22,https://twinharbour.teamtailor.com/
teamtailor,twlglobalservicessrl,29,https://twlglobalservicessrl.teamtailor.com/
teamtailor,uncoveredgroup-1688718843,9,https://uncoveredgroup-1688718843.teamtailor.com/
teamtailor,unibuddy-1668416154,1,https://unibuddy-1668416154.teamtailor.com/
teamtailor,unicefsverige,1,https://unicefsverige.teamtailor.com/
teamtailor,unox-amby,3,https://unox-amby.teamtailor.com/
teamtailor,upcloud,7,https://upcloud.teamtailor.com/
teamtailor,urbanest,5,https://urbanest.teamtailor.com/
teamtailor,utorg,9,https://utorg.teamtailor.com/
teamtailor,veloxelectroeurope,6,https://veloxelectroeurope.teamtailor.com/
teamtailor,veloxelectronordics,21,https://veloxelectronordics.teamtailor.com/
teamtailor,veoneerin,4,https://veoneerin.teamtailor.com/
teamtailor,viqi,16,https://viqi.teamtailor.com/
teamtailor,voscours,100,https://voscours.teamtailor.com/
teamtailor,wearediverse2,100,https://wearediverse2.teamtailor.com/
teamtailor,webnode,2,https://webnode.teamtailor.com/
teamtailor,whyhirewrong,17,https://whyhirewrong.teamtailor.com/
teamtailor,wintrgarden-1739357733,2,https://wintrgarden-1739357733.teamtailor.com/
teamtailor,worksterjobs,100,https://worksterjobs.teamtailor.com/
teamtailor,workyn,64,https://workyn.teamtailor.com/
teamtailor,wowcher-1676895404,2,https://wowcher-1676895404.teamtailor.com/
teamtailor,xbus,7,https://xbus.teamtailor.com/
teamtailor,xefi-1721226094,100,https://xefi-1721226094.teamtailor.com/
teamtailor,ystrategie,29,https://ystrategie.teamtailor.com/
breezy,10-4-truck-recruiting,237,https://10-4-truck-recruiting.breezy.hr/
breezy,1001,23,https://1001.breezy.hr/
breezy,3ex,1,https://3ex.breezy.hr/
breezy,6037,2,https://6037.breezy.hr/
breezy,7am-enfant-inc,1,https://7am-enfant-inc.breezy.hr/
breezy,a-hiringgroup,198,https://a-hiringgroup.breezy.hr/
breezy,accentit,100,https://accentit.breezy.hr/
breezy,active-dental-management,7,https://active-dental-management.breezy.hr/
breezy,acute-nursing-care,21,https://acute-nursing-care.breezy.hr/
breezy,aflac-central-southern-illinois,16,https://aflac-central-southern-illinois.breezy.hr/
breezy,akt,4,https://akt.breezy.hr/
breezy,aleph-ventures,22,https://aleph-ventures.breezy.hr/
breezy,aligned-geriatrics,3,https://aligned-geriatrics.breezy.hr/
breezy,all-financial-freedom,167,https://all-financial-freedom.breezy.hr/
breezy,allies4outcomes,5,https://allies4outcomes.breezy.hr/
breezy,alphasys,1,https://alphasys.breezy.hr/
breezy,american-civil-liberties-union-wisconsin,1,https://american-civil-liberties-union-wisconsin.breezy.hr/
breezy,ao-national-globe-life,1,https://ao-national-globe-life.breezy.hr/
breezy,appleseed,1,https://appleseed.breezy.hr/
breezy,asb-freight-co,161,https://asb-freight-co.breezy.hr/
breezy,asc,30,https://asc.breezy.hr/
breezy,askable,1,https://askable.breezy.hr/
breezy,ats-automation,48,https://ats-automation.breezy.hr/
breezy,aurumverse,1,https://aurumverse.breezy.hr/
breezy,backyard-discovery,11,https://backyard-discovery.breezy.hr/
breezy,battle-house-laser-tag,4,https://battle-house-laser-tag.breezy.hr/
breezy,beli,6,https://beli.breezy.hr/
breezy,benetnaschllc,1,https://benetnaschllc.breezy.hr/
breezy,black-diamond-agency,1,https://black-diamond-agency.breezy.hr/
breezy,blackbirds,2,https://blackbirds.breezy.hr/
breezy,blaze-media,7,https://blaze-media.breezy.hr/
breezy,bmwc-constructors-inc,25,https://bmwc-constructors-inc.breezy.hr/
breezy,brandttractor,73,https://brandttractor.breezy.hr/
breezy,brookhill,4,https://brookhill.breezy.hr/
breezy,cardinal-technology-systems-corp,9,https://cardinal-technology-systems-corp.breezy.hr/
breezy,cardioquip,4,https://cardioquip.breezy.hr/
breezy,cdh,6,https://cdh.breezy.hr/
breezy,centerstateceo,4,https://centerstateceo.breezy.hr/
breezy,central-illinois-pride,1,https://central-illinois-pride.breezy.hr/
breezy,century-21-judge-fite,5,https://century-21-judge-fite.breezy.hr/
breezy,chareth-consulting,1,https://chareth-consulting.breezy.hr/
breezy,children-s-choice-learning-center,6,https://children-s-choice-learning-center.breezy.hr/
breezy,chirohd,3,https://chirohd.breezy.hr/
breezy,citylodgehotels,23,https://citylodgehotels.breezy.hr/
breezy,ckh-group,23,https://ckh-group.breezy.hr/
breezy,claros-technologies,4,https://claros-technologies.breezy.hr/
breezy,cleantech-service-group-ltd,7,https://cleantech-service-group-ltd.breezy.hr/
breezy,clearly,3,https://clearly.breezy.hr/
breezy,coeur-d-alene-resort,75,https://coeur-d-alene-resort.breezy.hr/
breezy,comprehensive-rehab-consultants,185,https://comprehensive-rehab-consultants.breezy.hr/
breezy,connectu-staffing-solutions,1,https://connectu-staffing-solutions.breezy.hr/
breezy,converge-medical-technology,5,https://converge-medical-technology.breezy.hr/
breezy,corafone-inc,1,https://corafone-inc.breezy.hr/
breezy,core-ohio-inc,1,https://core-ohio-inc.breezy.hr/
breezy,cornerstone-information-systems,1,https://cornerstone-information-systems.breezy.hr/
breezy,crafted-staff,47,https://crafted-staff.breezy.hr/
breezy,crank,1,https://crank.breezy.hr/
breezy,creative-living,1,https://creative-living.breezy.hr/
breezy,creative-real-estate-pros,1,https://creative-real-estate-pros.breezy.hr/
breezy,cse-global,7,https://cse-global.breezy.hr/
breezy,csi-global,22,https://csi-global.breezy.hr/
breezy,cyborgmobile,1,https://cyborgmobile.breezy.hr/
breezy,cytracom,8,https://cytracom.breezy.hr/
breezy,daintta-ltd,18,https://daintta-ltd.breezy.hr/
breezy,dalal-mehta-law-llc,4,https://dalal-mehta-law-llc.breezy.hr/
breezy,dark-horse-technologies-llc,1,https://dark-horse-technologies-llc.breezy.hr/
breezy,davidson-logistics-inc,5,https://davidson-logistics-inc.breezy.hr/
breezy,dewpoint,3,https://dewpoint.breezy.hr/
breezy,direct-to-locums,45,https://direct-to-locums.breezy.hr/
breezy,doneverse,1,https://doneverse.breezy.hr/
breezy,doylestown-dental-cosmetic-center,2,https://doylestown-dental-cosmetic-center.breezy.hr/
breezy,dressamed,1,https://dressamed.breezy.hr/
breezy,drivepersonnel,25,https://drivepersonnel.breezy.hr/
breezy,ecoceres,29,https://ecoceres.breezy.hr/
breezy,ecostage,1,https://ecostage.breezy.hr/
breezy,eigenblue,21,https://eigenblue.breezy.hr/
breezy,elevate-staffing,2,https://elevate-staffing.breezy.hr/
breezy,elite-amenity-management,45,https://elite-amenity-management.breezy.hr/
breezy,endossed,1,https://endossed.breezy.hr/
breezy,european-digital-finance-association,1,https://european-digital-finance-association.breezy.hr/
breezy,evexias-health-solutions,25,https://evexias-health-solutions.breezy.hr/
breezy,fireclay-partners,18,https://fireclay-partners.breezy.hr/
breezy,first-leap,1,https://first-leap.breezy.hr/
breezy,firstier-banks,3,https://firstier-banks.breezy.hr/
breezy,fix-com,1,https://fix-com.breezy.hr/
breezy,flanco,12,https://flanco.breezy.hr/
breezy,florida-energy-advisors,1,https://florida-energy-advisors.breezy.hr/
breezy,fsma,1,https://fsma.breezy.hr/
breezy,fuelerate,10,https://fuelerate.breezy.hr/
breezy,fundview,1,https://fundview.breezy.hr/
breezy,gamegrid,1,https://gamegrid.breezy.hr/
breezy,genestack-ltd,6,https://genestack-ltd.breezy.hr/
breezy,ghc,2,https://ghc.breezy.hr/
breezy,glance,1,https://glance.breezy.hr/
breezy,golden-care-of-northeast-pa,25,https://golden-care-of-northeast-pa.breezy.hr/
breezy,gp-enterprise-solutions,2,https://gp-enterprise-solutions.breezy.hr/
breezy,gps-group-peer-support-llc,1,https://gps-group-peer-support-llc.breezy.hr/
breezy,groupsolver,1,https://groupsolver.breezy.hr/
breezy,growthub-agency,7,https://growthub-agency.breezy.hr/
breezy,h-s-loss-control-inspections-in,344,https://h-s-loss-control-inspections-in.breezy.hr/
breezy,hall-and-hall,2,https://hall-and-hall.breezy.hr/
breezy,helpt,3,https://helpt.breezy.hr/
breezy,high-performance-real-estate-advisors,11,https://high-performance-real-estate-advisors.breezy.hr/
breezy,highfashionhome,1,https://highfashionhome.breezy.hr/
breezy,highgrowth-io,4,https://highgrowth-io.breezy.hr/
breezy,highprofilecannabis,21,https://highprofilecannabis.breezy.hr/
breezy,hilton-garden-inn-milwaukee-airport,1,https://hilton-garden-inn-milwaukee-airport.breezy.hr/
breezy,honolulu-authority-for-rapid-transportation,13,https://honolulu-authority-for-rapid-transportation.breezy.hr/
breezy,hotman-group-llc,4,https://hotman-group-llc.breezy.hr/
breezy,hr-performance--results,15,https://hr-performance--results.breezy.hr/
breezy,i5invest,7,https://i5invest.breezy.hr/
breezy,ilo-group,9,https://ilo-group.breezy.hr/
breezy,indiana-repertory-theatre,1,https://indiana-repertory-theatre.breezy.hr/
breezy,inflection-point-learning,1,https://inflection-point-learning.breezy.hr/
breezy,innovativ-pharma-inc,116,https://innovativ-pharma-inc.breezy.hr/
breezy,inspiring-lives-today,33,https://inspiring-lives-today.breezy.hr/
breezy,itasca-consulting-group,10,https://itasca-consulting-group.breezy.hr/
breezy,iterate,1,https://iterate.breezy.hr/
breezy,j-higgins-counseling-lcsw-p-c,1,https://j-higgins-counseling-lcsw-p-c.breezy.hr/
breezy,k2-electric,8,https://k2-electric.breezy.hr/
breezy,knutson-construction,17,https://knutson-construction.breezy.hr/
breezy,leadzloco,350,https://leadzloco.breezy.hr/
breezy,lexlegis,13,https://lexlegis.breezy.hr/
breezy,linear-agency,5,https://linear-agency.breezy.hr/
breezy,lucky-logic,1,https://lucky-logic.breezy.hr/
breezy,lumio-dental,53,https://lumio-dental.breezy.hr/
breezy,lyxbil-technologies,1,https://lyxbil-technologies.breezy.hr/
breezy,maidthis,44,https://maidthis.breezy.hr/
breezy,maleda-tech,5,https://maleda-tech.breezy.hr/
breezy,massfire-media-llc,4,https://massfire-media-llc.breezy.hr/
breezy,mawari-technologies-inc,3,https://mawari-technologies-inc.breezy.hr/
breezy,merchandising-consultants-associates,100,https://merchandising-consultants-associates.breezy.hr/
breezy,mercury-radio-arts,1,https://mercury-radio-arts.breezy.hr/
breezy,merit-manufacturing,12,https://merit-manufacturing.breezy.hr/
breezy,mission-viejo-consulting-group,1,https://mission-viejo-consulting-group.breezy.hr/
breezy,mkec-engineering-inc,15,https://mkec-engineering-inc.breezy.hr/
breezy,nebraska-crossing,1,https://nebraska-crossing.breezy.hr/
breezy,neurelo,1,https://neurelo.breezy.hr/
breezy,new-horizon-counseling-center,13,https://new-horizon-counseling-center.breezy.hr/
breezy,new-york-holdings,9,https://new-york-holdings.breezy.hr/
breezy,new-york-life,4,https://new-york-life.breezy.hr/
breezy,nexplay-consulting-inc,4,https://nexplay-consulting-inc.breezy.hr/
breezy,nexxis-solutions,7,https://nexxis-solutions.breezy.hr/
breezy,norman-international-inc,11,https://norman-international-inc.breezy.hr/
breezy,novo-properties,3,https://novo-properties.breezy.hr/
breezy,ns-staff-agency-ltd,1,https://ns-staff-agency-ltd.breezy.hr/
breezy,nysonian,24,https://nysonian.breezy.hr/
breezy,odd-bunch,3,https://odd-bunch.breezy.hr/
breezy,optimindhealth,624,https://optimindhealth.breezy.hr/
breezy,peoplefluent,5,https://peoplefluent.breezy.hr/
breezy,pharma-medica-research-inc,8,https://pharma-medica-research-inc.breezy.hr/
breezy,plastics-family-americas,17,https://plastics-family-americas.breezy.hr/
breezy,plat4mation,31,https://plat4mation.breezy.hr/
breezy,ponessa-behavioral-health,25,https://ponessa-behavioral-health.breezy.hr/
breezy,pop-mart-americas-inc,59,https://pop-mart-americas-inc.breezy.hr/
breezy,premier-fitness-service,1,https://premier-fitness-service.breezy.hr/
breezy,prestige-capital-group,29,https://prestige-capital-group.breezy.hr/
breezy,pretty-little-adventures,1,https://pretty-little-adventures.breezy.hr/
breezy,prolift-rigging,55,https://prolift-rigging.breezy.hr/
breezy,psc,1,https://psc.breezy.hr/
breezy,psm,2,https://psm.breezy.hr/
breezy,pt-git-gow-ayo,1,https://pt-git-gow-ayo.breezy.hr/
breezy,quatrain-creative,4,https://quatrain-creative.breezy.hr/
breezy,raisingthevillage,25,https://raisingthevillage.breezy.hr/
breezy,recruiting,257,https://recruiting.breezy.hr/
breezy,renewance-inc,8,https://renewance-inc.breezy.hr/
breezy,rightmove-health,5,https://rightmove-health.breezy.hr/
breezy,rose-roofing-restoration,15,https://rose-roofing-restoration.breezy.hr/
breezy,rotating-equipment-specialists,2,https://rotating-equipment-specialists.breezy.hr/
breezy,rs-breakers-and-controls-inc-cb1b471cbe8e,6,https://rs-breakers-and-controls-inc-cb1b471cbe8e.breezy.hr/
breezy,rumble-boxing,22,https://rumble-boxing.breezy.hr/
breezy,s-a-group,5,https://s-a-group.breezy.hr/
breezy,saatchi-art,1,https://saatchi-art.breezy.hr/
breezy,salesdraft-recruiting,266,https://salesdraft-recruiting.breezy.hr/
breezy,sbc-performance,17,https://sbc-performance.breezy.hr/
breezy,security-dm-ltd,1,https://security-dm-ltd.breezy.hr/
breezy,serious-development,7,https://serious-development.breezy.hr/
breezy,serve-club,1,https://serve-club.breezy.hr/
breezy,servers-com,1,https://servers-com.breezy.hr/
breezy,smallpartsinc,6,https://smallpartsinc.breezy.hr/
breezy,smbhd,1,https://smbhd.breezy.hr/
breezy,softab,1,https://softab.breezy.hr/
breezy,solen-software-group,11,https://solen-software-group.breezy.hr/
breezy,soligo,1,https://soligo.breezy.hr/
breezy,southern-seminary,14,https://southern-seminary.breezy.hr/
breezy,sparkd,6,https://sparkd.breezy.hr/
breezy,spotterrf,1,https://spotterrf.breezy.hr/
breezy,ssg-philippines,21,https://ssg-philippines.breezy.hr/
breezy,strategic-systems-international,13,https://strategic-systems-international.breezy.hr/
breezy,stratis-group-llc,2,https://stratis-group-llc.breezy.hr/
breezy,summit-integrated-systems,10,https://summit-integrated-systems.breezy.hr/
breezy,suny-clinton-clinton-community-college,6,https://suny-clinton-clinton-community-college.breezy.hr/
breezy,super-heat-fitness,1,https://super-heat-fitness.breezy.hr/
breezy,sway,1,https://sway.breezy.hr/
breezy,sweetfishmedia,1,https://sweetfishmedia.breezy.hr/
breezy,t3-services-group,1,https://t3-services-group.breezy.hr/
breezy,talent-venture-group,1,https://talent-venture-group.breezy.hr/
breezy,talentc,34,https://talentc.breezy.hr/
breezy,technologix,1,https://technologix.breezy.hr/
breezy,telos-media,10,https://telos-media.breezy.hr/
breezy,ten-canada,14,https://ten-canada.breezy.hr/
breezy,tenor-health-foundation,212,https://tenor-health-foundation.breezy.hr/
breezy,test-yantra-eu-2,24,https://test-yantra-eu-2.breezy.hr/
breezy,the-refinery,2,https://the-refinery.breezy.hr/
breezy,the-sutherland-group,19,https://the-sutherland-group.breezy.hr/
breezy,the-wisdom-teeth-guys,41,https://the-wisdom-teeth-guys.breezy.hr/
breezy,thefaculty,11,https://thefaculty.breezy.hr/
breezy,thrive-by-5,70,https://thrive-by-5.breezy.hr/
breezy,thronelabs,9,https://thronelabs.breezy.hr/
breezy,tier-9-game-studios-ltd,1,https://tier-9-game-studios-ltd.breezy.hr/
breezy,tippmann-group,13,https://tippmann-group.breezy.hr/
breezy,treeline,6,https://treeline.breezy.hr/
breezy,twacareer,1,https://twacareer.breezy.hr/
breezy,under-armour,10,https://under-armour.breezy.hr/
breezy,united-home-experts-inc,6,https://united-home-experts-inc.breezy.hr/
breezy,unlimit-ventures,5,https://unlimit-ventures.breezy.hr/
breezy,upstairs,1,https://upstairs.breezy.hr/
breezy,ux-woman,16,https://ux-woman.breezy.hr/
breezy,vitality-hospice,29,https://vitality-hospice.breezy.hr/
breezy,vivo-missouri,1,https://vivo-missouri.breezy.hr/
breezy,vm-drilling-pty-ltd,7,https://vm-drilling-pty-ltd.breezy.hr/
breezy,voxdata,4,https://voxdata.breezy.hr/
breezy,vyde,1,https://vyde.breezy.hr/
breezy,wayy-llc,1,https://wayy-llc.breezy.hr/
breezy,we-are-futures,5,https://we-are-futures.breezy.hr/
breezy,webox-jobs,20,https://webox-jobs.breezy.hr/
breezy,weco-hospitality,1,https://weco-hospitality.breezy.hr/
breezy,wega-informatik-ag,10,https://wega-informatik-ag.breezy.hr/
breezy,wersirius,8,https://wersirius.breezy.hr/
breezy,westphalia-holdings,63,https://westphalia-holdings.breezy.hr/
breezy,wise-choice,1,https://wise-choice.breezy.hr/
breezy,words-first-ltd,12,https://words-first-ltd.breezy.hr/
breezy,xl-batteries,5,https://xl-batteries.breezy.hr/
breezy,xpansehr,5,https://xpansehr.breezy.hr/
breezy,xtream-adminz,1,https://xtream-adminz.breezy.hr/
breezy,yrefy-llc,10,https://yrefy-llc.breezy.hr/
breezy,zact-inc,5,https://zact-inc.breezy.hr/
breezy,zeeks-pizza,2,https://zeeks-pizza.breezy.hr/
breezy,zwitterco,1,https://zwitterco.breezy.hr/
