provider,token,open_postings,board_url,api_url
breezy,american-logistics-authority,2760,https://american-logistics-authority.breezy.hr/,"https://american-logistics-authority.breezy.hr/json"
breezy,nexthire,2462,https://nexthire.breezy.hr/,"https://nexthire.breezy.hr/json"
breezy,showami,815,https://showami.breezy.hr/,"https://showami.breezy.hr/json"
breezy,optimindhealth,624,https://optimindhealth.breezy.hr/,"https://optimindhealth.breezy.hr/json"
breezy,dermafix-spa,623,https://dermafix-spa.breezy.hr/,"https://dermafix-spa.breezy.hr/json"
breezy,sage-haus,528,https://sage-haus.breezy.hr/,"https://sage-haus.breezy.hr/json"
breezy,alchemy-financial-group,490,https://alchemy-financial-group.breezy.hr/,"https://alchemy-financial-group.breezy.hr/json"
breezy,thirdchannel-inc,487,https://thirdchannel-inc.breezy.hr/,"https://thirdchannel-inc.breezy.hr/json"
breezy,kimmel-associates,472,https://kimmel-associates.breezy.hr/,"https://kimmel-associates.breezy.hr/json"
breezy,srs-merchandising,456,https://srs-merchandising.breezy.hr/,"https://srs-merchandising.breezy.hr/json"
breezy,kare,425,https://kare.breezy.hr/,"https://kare.breezy.hr/json"
breezy,home-genius-exteriors,405,https://home-genius-exteriors.breezy.hr/,"https://home-genius-exteriors.breezy.hr/json"
breezy,ismira,398,https://ismira.breezy.hr/,"https://ismira.breezy.hr/json"
breezy,everstar,351,https://everstar.breezy.hr/,"https://everstar.breezy.hr/json"
breezy,leadzloco,350,https://leadzloco.breezy.hr/,"https://leadzloco.breezy.hr/json"
breezy,h-s-loss-control-inspections-in,344,https://h-s-loss-control-inspections-in.breezy.hr/,"https://h-s-loss-control-inspections-in.breezy.hr/json"
breezy,vanguard-ip,300,https://vanguard-ip.breezy.hr/,"https://vanguard-ip.breezy.hr/json"
breezy,surge,297,https://surge.breezy.hr/,"https://surge.breezy.hr/json"
breezy,focus-group-panel,295,https://focus-group-panel.breezy.hr/,"https://focus-group-panel.breezy.hr/json"
breezy,bobcat-transport,292,https://bobcat-transport.breezy.hr/,"https://bobcat-transport.breezy.hr/json"
breezy,4th-day-trucking,290,https://4th-day-trucking.breezy.hr/,"https://4th-day-trucking.breezy.hr/json"
breezy,delan-associates-inc,284,https://delan-associates-inc.breezy.hr/,"https://delan-associates-inc.breezy.hr/json"
breezy,tpaction,276,https://tpaction.breezy.hr/,"https://tpaction.breezy.hr/json"
breezy,family-resource-home-care,269,https://family-resource-home-care.breezy.hr/,"https://family-resource-home-care.breezy.hr/json"
breezy,salesdraft-recruiting,268,https://salesdraft-recruiting.breezy.hr/,"https://salesdraft-recruiting.breezy.hr/json"
breezy,prep-academy-tutors,266,https://prep-academy-tutors.breezy.hr/,"https://prep-academy-tutors.breezy.hr/json"
breezy,recruiting,257,https://recruiting.breezy.hr/,"https://recruiting.breezy.hr/json"
breezy,american-transport-team,256,https://american-transport-team.breezy.hr/,"https://american-transport-team.breezy.hr/json"
breezy,turner-mining-group,248,https://turner-mining-group.breezy.hr/,"https://turner-mining-group.breezy.hr/json"
breezy,drhouse-inc,238,https://drhouse-inc.breezy.hr/,"https://drhouse-inc.breezy.hr/json"
breezy,10-4-truck-recruiting,237,https://10-4-truck-recruiting.breezy.hr/,"https://10-4-truck-recruiting.breezy.hr/json"
breezy,ensemble-performing-arts,230,https://ensemble-performing-arts.breezy.hr/,"https://ensemble-performing-arts.breezy.hr/json"
breezy,nationsbenefits,230,https://nationsbenefits.breezy.hr/,"https://nationsbenefits.breezy.hr/json"
breezy,caring,228,https://caring.breezy.hr/,"https://caring.breezy.hr/json"
breezy,tenor-health-foundation,214,https://tenor-health-foundation.breezy.hr/,"https://tenor-health-foundation.breezy.hr/json"
breezy,alabaster-city-schools,205,https://alabaster-city-schools.breezy.hr/,"https://alabaster-city-schools.breezy.hr/json"
breezy,mktg,203,https://mktg.breezy.hr/,"https://mktg.breezy.hr/json"
breezy,chess-wizards,199,https://chess-wizards.breezy.hr/,"https://chess-wizards.breezy.hr/json"
breezy,a-hiringgroup,198,https://a-hiringgroup.breezy.hr/,"https://a-hiringgroup.breezy.hr/json"
breezy,reiss,197,https://reiss.breezy.hr/,"https://reiss.breezy.hr/json"
breezy,gold-care-homes,193,https://gold-care-homes.breezy.hr/,"https://gold-care-homes.breezy.hr/json"
breezy,gastro-health,192,https://gastro-health.breezy.hr/,"https://gastro-health.breezy.hr/json"
breezy,kmg-prestige,191,https://kmg-prestige.breezy.hr/,"https://kmg-prestige.breezy.hr/json"
breezy,comprehensive-rehab-consultants,189,https://comprehensive-rehab-consultants.breezy.hr/,"https://comprehensive-rehab-consultants.breezy.hr/json"
breezy,salmonjobs,189,https://salmonjobs.breezy.hr/,"https://salmonjobs.breezy.hr/json"
breezy,mtm-llc,185,https://mtm-llc.breezy.hr/,"https://mtm-llc.breezy.hr/json"
breezy,everlight-solar,173,https://everlight-solar.breezy.hr/,"https://everlight-solar.breezy.hr/json"
breezy,terrestris-global-solutions,173,https://terrestris-global-solutions.breezy.hr/,"https://terrestris-global-solutions.breezy.hr/json"
breezy,all-financial-freedom,167,https://all-financial-freedom.breezy.hr/,"https://all-financial-freedom.breezy.hr/json"
breezy,asb-freight-co,161,https://asb-freight-co.breezy.hr/,"https://asb-freight-co.breezy.hr/json"
breezy,staffmill-oy,157,https://staffmill-oy.breezy.hr/,"https://staffmill-oy.breezy.hr/json"
breezy,small-potato-trucking,149,https://small-potato-trucking.breezy.hr/,"https://small-potato-trucking.breezy.hr/json"
breezy,blue-sky-hospitality-solutions,148,https://blue-sky-hospitality-solutions.breezy.hr/,"https://blue-sky-hospitality-solutions.breezy.hr/json"
breezy,community-dental-partners,145,https://community-dental-partners.breezy.hr/,"https://community-dental-partners.breezy.hr/json"
breezy,c2-gps-dba-workforce-solutions-of-the-coastal-bend,139,https://c2-gps-dba-workforce-solutions-of-the-coastal-bend.breezy.hr/,"https://c2-gps-dba-workforce-solutions-of-the-coastal-bend.breezy.hr/json"
breezy,national-assemblers-inc,139,https://national-assemblers-inc.breezy.hr/,"https://national-assemblers-inc.breezy.hr/json"
breezy,trueline,129,https://trueline.breezy.hr/,"https://trueline.breezy.hr/json"
breezy,black-mcdonald-limited,126,https://black-mcdonald-limited.breezy.hr/,"https://black-mcdonald-limited.breezy.hr/json"
breezy,bitdeer,124,https://bitdeer.breezy.hr/,"https://bitdeer.breezy.hr/json"
breezy,innovativ-pharma-inc,116,https://innovativ-pharma-inc.breezy.hr/,"https://innovativ-pharma-inc.breezy.hr/json"
breezy,seeknow,116,https://seeknow.breezy.hr/,"https://seeknow.breezy.hr/json"
breezy,yiyienglish,104,https://yiyienglish.breezy.hr/,"https://yiyienglish.breezy.hr/json"
breezy,merchandising-consultants-associates,101,https://merchandising-consultants-associates.breezy.hr/,"https://merchandising-consultants-associates.breezy.hr/json"
breezy,next-generation-inc,101,https://next-generation-inc.breezy.hr/,"https://next-generation-inc.breezy.hr/json"
breezy,accentit,100,https://accentit.breezy.hr/,"https://accentit.breezy.hr/json"
breezy,landmark-hospitality,99,https://landmark-hospitality.breezy.hr/,"https://landmark-hospitality.breezy.hr/json"
breezy,seven-retail,99,https://seven-retail.breezy.hr/,"https://seven-retail.breezy.hr/json"
breezy,talentmovers,99,https://talentmovers.breezy.hr/,"https://talentmovers.breezy.hr/json"
breezy,truck-driver-nation,99,https://truck-driver-nation.breezy.hr/,"https://truck-driver-nation.breezy.hr/json"
breezy,absolute-pets,93,https://absolute-pets.breezy.hr/,"https://absolute-pets.breezy.hr/json"
breezy,j-rose-enterprises-llc,93,https://j-rose-enterprises-llc.breezy.hr/,"https://j-rose-enterprises-llc.breezy.hr/json"
breezy,20four7va,91,https://20four7va.breezy.hr/,"https://20four7va.breezy.hr/json"
breezy,skilled-trades-partners,91,https://skilled-trades-partners.breezy.hr/,"https://skilled-trades-partners.breezy.hr/json"
breezy,ymca-of-central-texas,91,https://ymca-of-central-texas.breezy.hr/,"https://ymca-of-central-texas.breezy.hr/json"
breezy,meron-financial-agency,90,https://meron-financial-agency.breezy.hr/,"https://meron-financial-agency.breezy.hr/json"
breezy,salt-city-trucking,90,https://salt-city-trucking.breezy.hr/,"https://salt-city-trucking.breezy.hr/json"
breezy,barnhart-crane-rigging,89,https://barnhart-crane-rigging.breezy.hr/,"https://barnhart-crane-rigging.breezy.hr/json"
breezy,doorstead,89,https://doorstead.breezy.hr/,"https://doorstead.breezy.hr/json"
breezy,vosyn,89,https://vosyn.breezy.hr/,"https://vosyn.breezy.hr/json"
breezy,wongnai-media-co-ltd,87,https://wongnai-media-co-ltd.breezy.hr/,"https://wongnai-media-co-ltd.breezy.hr/json"
breezy,zantech-it,87,https://zantech-it.breezy.hr/,"https://zantech-it.breezy.hr/json"
breezy,zifty,87,https://zifty.breezy.hr/,"https://zifty.breezy.hr/json"
breezy,oil-changers,86,https://oil-changers.breezy.hr/,"https://oil-changers.breezy.hr/json"
breezy,divadance,83,https://divadance.breezy.hr/,"https://divadance.breezy.hr/json"
breezy,gen-tech,83,https://gen-tech.breezy.hr/,"https://gen-tech.breezy.hr/json"
breezy,kredivo-group,83,https://kredivo-group.breezy.hr/,"https://kredivo-group.breezy.hr/json"
breezy,marshall-dennehey,81,https://marshall-dennehey.breezy.hr/,"https://marshall-dennehey.breezy.hr/json"
breezy,microhabitat,81,https://microhabitat.breezy.hr/,"https://microhabitat.breezy.hr/json"
breezy,psyphycare-7d99d547f19b,81,https://psyphycare-7d99d547f19b.breezy.hr/,"https://psyphycare-7d99d547f19b.breezy.hr/json"
breezy,hospitality-health-er,80,https://hospitality-health-er.breezy.hr/,"https://hospitality-health-er.breezy.hr/json"
breezy,reliantinternships,80,https://reliantinternships.breezy.hr/,"https://reliantinternships.breezy.hr/json"
breezy,udem,79,https://udem.breezy.hr/,"https://udem.breezy.hr/json"
breezy,learn-corporation,77,https://learn-corporation.breezy.hr/,"https://learn-corporation.breezy.hr/json"
breezy,coeur-d-alene-resort,76,https://coeur-d-alene-resort.breezy.hr/,"https://coeur-d-alene-resort.breezy.hr/json"
breezy,velomedi,76,https://velomedi.breezy.hr/,"https://velomedi.breezy.hr/json"
breezy,brandttractor,73,https://brandttractor.breezy.hr/,"https://brandttractor.breezy.hr/json"
breezy,goodcents,72,https://goodcents.breezy.hr/,"https://goodcents.breezy.hr/json"
breezy,tigo,72,https://tigo.breezy.hr/,"https://tigo.breezy.hr/json"
breezy,embraer,71,https://embraer.breezy.hr/,"https://embraer.breezy.hr/json"
breezy,lumio-dental-practice-locations,71,https://lumio-dental-practice-locations.breezy.hr/,"https://lumio-dental-practice-locations.breezy.hr/json"
breezy,uvation,71,https://uvation.breezy.hr/,"https://uvation.breezy.hr/json"
breezy,thrive-by-5,70,https://thrive-by-5.breezy.hr/,"https://thrive-by-5.breezy.hr/json"
breezy,highlights-healthcare,67,https://highlights-healthcare.breezy.hr/,"https://highlights-healthcare.breezy.hr/json"
breezy,north-wind-group,67,https://north-wind-group.breezy.hr/,"https://north-wind-group.breezy.hr/json"
breezy,sourcefit,67,https://sourcefit.breezy.hr/,"https://sourcefit.breezy.hr/json"
breezy,betclic-group,66,https://betclic-group.breezy.hr/,"https://betclic-group.breezy.hr/json"
breezy,herotel-5f74feffb7e1,66,https://herotel-5f74feffb7e1.breezy.hr/,"https://herotel-5f74feffb7e1.breezy.hr/json"
breezy,solidum-sverige-ab,66,https://solidum-sverige-ab.breezy.hr/,"https://solidum-sverige-ab.breezy.hr/json"
breezy,wealthy-recruiting,66,https://wealthy-recruiting.breezy.hr/,"https://wealthy-recruiting.breezy.hr/json"
breezy,zameen,66,https://zameen.breezy.hr/,"https://zameen.breezy.hr/json"
breezy,casm-limitlessli,64,https://casm-limitlessli.breezy.hr/,"https://casm-limitlessli.breezy.hr/json"
breezy,children-s-dental-funzone,64,https://children-s-dental-funzone.breezy.hr/,"https://children-s-dental-funzone.breezy.hr/json"
breezy,marex,64,https://marex.breezy.hr/,"https://marex.breezy.hr/json"
breezy,national-mortgage-field-services,64,https://national-mortgage-field-services.breezy.hr/,"https://national-mortgage-field-services.breezy.hr/json"
breezy,abc-imaging,63,https://abc-imaging.breezy.hr/,"https://abc-imaging.breezy.hr/json"
breezy,inallmedia-llc,63,https://inallmedia-llc.breezy.hr/,"https://inallmedia-llc.breezy.hr/json"
breezy,westphalia-holdings,63,https://westphalia-holdings.breezy.hr/,"https://westphalia-holdings.breezy.hr/json"
breezy,lestars-management-consultancy-l-l-c,62,https://lestars-management-consultancy-l-l-c.breezy.hr/,"https://lestars-management-consultancy-l-l-c.breezy.hr/json"
breezy,orange-talent-group,62,https://orange-talent-group.breezy.hr/,"https://orange-talent-group.breezy.hr/json"
breezy,lindt-sprunglicanada,61,https://lindt-sprunglicanada.breezy.hr/,"https://lindt-sprunglicanada.breezy.hr/json"
breezy,spark-power,61,https://spark-power.breezy.hr/,"https://spark-power.breezy.hr/json"
breezy,thoroughbred-express,60,https://thoroughbred-express.breezy.hr/,"https://thoroughbred-express.breezy.hr/json"
breezy,vald,60,https://vald.breezy.hr/,"https://vald.breezy.hr/json"
breezy,pop-mart-americas-inc,59,https://pop-mart-americas-inc.breezy.hr/,"https://pop-mart-americas-inc.breezy.hr/json"
breezy,il-gabbiano-societa-cooperativa-sociale-onlus,57,https://il-gabbiano-societa-cooperativa-sociale-onlus.breezy.hr/,"https://il-gabbiano-societa-cooperativa-sociale-onlus.breezy.hr/json"
breezy,shake-smart-inc,57,https://shake-smart-inc.breezy.hr/,"https://shake-smart-inc.breezy.hr/json"
breezy,avanceon,56,https://avanceon.breezy.hr/,"https://avanceon.breezy.hr/json"
breezy,sideworxconnect,56,https://sideworxconnect.breezy.hr/,"https://sideworxconnect.breezy.hr/json"
breezy,vanguard-college-prep,56,https://vanguard-college-prep.breezy.hr/,"https://vanguard-college-prep.breezy.hr/json"
breezy,iix-global,55,https://iix-global.breezy.hr/,"https://iix-global.breezy.hr/json"
breezy,international-automotive-components,55,https://international-automotive-components.breezy.hr/,"https://international-automotive-components.breezy.hr/json"
breezy,lumio-dental,55,https://lumio-dental.breezy.hr/,"https://lumio-dental.breezy.hr/json"
breezy,atlanta-cycling,54,https://atlanta-cycling.breezy.hr/,"https://atlanta-cycling.breezy.hr/json"
breezy,independence-excavating,53,https://independence-excavating.breezy.hr/,"https://independence-excavating.breezy.hr/json"
breezy,prolift-rigging,53,https://prolift-rigging.breezy.hr/,"https://prolift-rigging.breezy.hr/json"
breezy,sideworx-connect-usa,53,https://sideworx-connect-usa.breezy.hr/,"https://sideworx-connect-usa.breezy.hr/json"
breezy,snappycx,52,https://snappycx.breezy.hr/,"https://snappycx.breezy.hr/json"
breezy,vetsez,52,https://vetsez.breezy.hr/,"https://vetsez.breezy.hr/json"
breezy,bear-robotics,51,https://bear-robotics.breezy.hr/,"https://bear-robotics.breezy.hr/json"
breezy,oreganos,51,https://oreganos.breezy.hr/,"https://oreganos.breezy.hr/json"
breezy,bellows,50,https://bellows.breezy.hr/,"https://bellows.breezy.hr/json"
breezy,urrly,50,https://urrly.breezy.hr/,"https://urrly.breezy.hr/json"
breezy,activate-group-limited,49,https://activate-group-limited.breezy.hr/,"https://activate-group-limited.breezy.hr/json"
breezy,big-fat-smile-group-ltd,49,https://big-fat-smile-group-ltd.breezy.hr/,"https://big-fat-smile-group-ltd.breezy.hr/json"
breezy,cronoseuropa,49,https://cronoseuropa.breezy.hr/,"https://cronoseuropa.breezy.hr/json"
breezy,golfnorth-properties-inc,49,https://golfnorth-properties-inc.breezy.hr/,"https://golfnorth-properties-inc.breezy.hr/json"
breezy,ats-automation,48,https://ats-automation.breezy.hr/,"https://ats-automation.breezy.hr/json"
breezy,boxtro,48,https://boxtro.breezy.hr/,"https://boxtro.breezy.hr/json"
breezy,crafted-staff,48,https://crafted-staff.breezy.hr/,"https://crafted-staff.breezy.hr/json"
breezy,faac-group,48,https://faac-group.breezy.hr/,"https://faac-group.breezy.hr/json"
breezy,incubeta-global,48,https://incubeta-global.breezy.hr/,"https://incubeta-global.breezy.hr/json"
breezy,positive-impact-dental-alliance,48,https://positive-impact-dental-alliance.breezy.hr/,"https://positive-impact-dental-alliance.breezy.hr/json"
breezy,seventh-dimension,48,https://seventh-dimension.breezy.hr/,"https://seventh-dimension.breezy.hr/json"
breezy,social-discovery-ventures,48,https://social-discovery-ventures.breezy.hr/,"https://social-discovery-ventures.breezy.hr/json"
breezy,a-core-concrete-specialists,47,https://a-core-concrete-specialists.breezy.hr/,"https://a-core-concrete-specialists.breezy.hr/json"
breezy,excellent-recruitment,47,https://excellent-recruitment.breezy.hr/,"https://excellent-recruitment.breezy.hr/json"
breezy,helpware-inc,47,https://helpware-inc.breezy.hr/,"https://helpware-inc.breezy.hr/json"
breezy,the-pros-weddings,47,https://the-pros-weddings.breezy.hr/,"https://the-pros-weddings.breezy.hr/json"
breezy,elevation-church,46,https://elevation-church.breezy.hr/,"https://elevation-church.breezy.hr/json"
breezy,hamilton-recruitment,46,https://hamilton-recruitment.breezy.hr/,"https://hamilton-recruitment.breezy.hr/json"
breezy,logan-a-c-heat-services-b29ac6f9712d,46,https://logan-a-c-heat-services-b29ac6f9712d.breezy.hr/,"https://logan-a-c-heat-services-b29ac6f9712d.breezy.hr/json"
breezy,yay-lunch,46,https://yay-lunch.breezy.hr/,"https://yay-lunch.breezy.hr/json"
breezy,commerzbank-poland,45,https://commerzbank-poland.breezy.hr/,"https://commerzbank-poland.breezy.hr/json"
breezy,direct-to-locums,45,https://direct-to-locums.breezy.hr/,"https://direct-to-locums.breezy.hr/json"
breezy,ehvert-engineering-inc,45,https://ehvert-engineering-inc.breezy.hr/,"https://ehvert-engineering-inc.breezy.hr/json"
breezy,elite-amenity-management,45,https://elite-amenity-management.breezy.hr/,"https://elite-amenity-management.breezy.hr/json"
breezy,jnd-inc,45,https://jnd-inc.breezy.hr/,"https://jnd-inc.breezy.hr/json"
breezy,independent-food-company,44,https://independent-food-company.breezy.hr/,"https://independent-food-company.breezy.hr/json"
breezy,maidthis,44,https://maidthis.breezy.hr/,"https://maidthis.breezy.hr/json"
breezy,atlas-technica,43,https://atlas-technica.breezy.hr/,"https://atlas-technica.breezy.hr/json"
breezy,concurrent-technologies-corporation,43,https://concurrent-technologies-corporation.breezy.hr/,"https://concurrent-technologies-corporation.breezy.hr/json"
breezy,jmi-reports,43,https://jmi-reports.breezy.hr/,"https://jmi-reports.breezy.hr/json"
breezy,sd-solutions,43,https://sd-solutions.breezy.hr/,"https://sd-solutions.breezy.hr/json"
breezy,themis-insight,42,https://themis-insight.breezy.hr/,"https://themis-insight.breezy.hr/json"
breezy,matrix-technologies-inc,41,https://matrix-technologies-inc.breezy.hr/,"https://matrix-technologies-inc.breezy.hr/json"
breezy,practice-positions,41,https://practice-positions.breezy.hr/,"https://practice-positions.breezy.hr/json"
breezy,reliant-collegiate-program,41,https://reliant-collegiate-program.breezy.hr/,"https://reliant-collegiate-program.breezy.hr/json"
breezy,terzo-enterprises,41,https://terzo-enterprises.breezy.hr/,"https://terzo-enterprises.breezy.hr/json"
breezy,the-wisdom-teeth-guys,41,https://the-wisdom-teeth-guys.breezy.hr/,"https://the-wisdom-teeth-guys.breezy.hr/json"
breezy,competitive-range-solutions-llc,39,https://competitive-range-solutions-llc.breezy.hr/,"https://competitive-range-solutions-llc.breezy.hr/json"
breezy,harris-jones-staffing-recruiting-llc,39,https://harris-jones-staffing-recruiting-llc.breezy.hr/,"https://harris-jones-staffing-recruiting-llc.breezy.hr/json"
breezy,nuspine-chiropractic,39,https://nuspine-chiropractic.breezy.hr/,"https://nuspine-chiropractic.breezy.hr/json"
breezy,navaide,38,https://navaide.breezy.hr/,"https://navaide.breezy.hr/json"
breezy,scientific-safety-alliance,38,https://scientific-safety-alliance.breezy.hr/,"https://scientific-safety-alliance.breezy.hr/json"
breezy,sentral,38,https://sentral.breezy.hr/,"https://sentral.breezy.hr/json"
breezy,timeless-select-llc,38,https://timeless-select-llc.breezy.hr/,"https://timeless-select-llc.breezy.hr/json"
breezy,bullfinch,37,https://bullfinch.breezy.hr/,"https://bullfinch.breezy.hr/json"
breezy,fabio-viviani-hospitality-group,37,https://fabio-viviani-hospitality-group.breezy.hr/,"https://fabio-viviani-hospitality-group.breezy.hr/json"
breezy,fluxit,37,https://fluxit.breezy.hr/,"https://fluxit.breezy.hr/json"
breezy,gpfs,37,https://gpfs.breezy.hr/,"https://gpfs.breezy.hr/json"
breezy,babylonstoren,36,https://babylonstoren.breezy.hr/,"https://babylonstoren.breezy.hr/json"
breezy,beex,36,https://beex.breezy.hr/,"https://beex.breezy.hr/json"
breezy,cove,36,https://cove.breezy.hr/,"https://cove.breezy.hr/json"
breezy,elvis-eckardt-recruitment-sales-solutions-limited,36,https://elvis-eckardt-recruitment-sales-solutions-limited.breezy.hr/,"https://elvis-eckardt-recruitment-sales-solutions-limited.breezy.hr/json"
breezy,ourassistants,36,https://ourassistants.breezy.hr/,"https://ourassistants.breezy.hr/json"
breezy,sunrise-landscape,36,https://sunrise-landscape.breezy.hr/,"https://sunrise-landscape.breezy.hr/json"
breezy,aspria,35,https://aspria.breezy.hr/,"https://aspria.breezy.hr/json"
breezy,assessment-intervention-management,35,https://assessment-intervention-management.breezy.hr/,"https://assessment-intervention-management.breezy.hr/json"
breezy,people-solutions-center,35,https://people-solutions-center.breezy.hr/,"https://people-solutions-center.breezy.hr/json"
breezy,red-rabbit,35,https://red-rabbit.breezy.hr/,"https://red-rabbit.breezy.hr/json"
breezy,sa-global,35,https://sa-global.breezy.hr/,"https://sa-global.breezy.hr/json"
breezy,ssg-corp,35,https://ssg-corp.breezy.hr/,"https://ssg-corp.breezy.hr/json"
breezy,weight-doctors,35,https://weight-doctors.breezy.hr/,"https://weight-doctors.breezy.hr/json"
breezy,talentc,34,https://talentc.breezy.hr/,"https://talentc.breezy.hr/json"
breezy,unlimited-biking,34,https://unlimited-biking.breezy.hr/,"https://unlimited-biking.breezy.hr/json"
breezy,erdman-anthony,33,https://erdman-anthony.breezy.hr/,"https://erdman-anthony.breezy.hr/json"
breezy,freeeup,33,https://freeeup.breezy.hr/,"https://freeeup.breezy.hr/json"
breezy,hopital-fribourgeois,33,https://hopital-fribourgeois.breezy.hr/,"https://hopital-fribourgeois.breezy.hr/json"
breezy,inspiring-lives-today,33,https://inspiring-lives-today.breezy.hr/,"https://inspiring-lives-today.breezy.hr/json"
breezy,surrey-choices,33,https://surrey-choices.breezy.hr/,"https://surrey-choices.breezy.hr/json"
breezy,technica-mining,33,https://technica-mining.breezy.hr/,"https://technica-mining.breezy.hr/json"
breezy,zero-hash,33,https://zero-hash.breezy.hr/,"https://zero-hash.breezy.hr/json"
breezy,advantia-health,32,https://advantia-health.breezy.hr/,"https://advantia-health.breezy.hr/json"
breezy,grace-health,32,https://grace-health.breezy.hr/,"https://grace-health.breezy.hr/json"
breezy,roc-ventures,32,https://roc-ventures.breezy.hr/,"https://roc-ventures.breezy.hr/json"
breezy,strata-g-llc,32,https://strata-g-llc.breezy.hr/,"https://strata-g-llc.breezy.hr/json"
breezy,ecoceres,31,https://ecoceres.breezy.hr/,"https://ecoceres.breezy.hr/json"
breezy,foundationhealth,31,https://foundationhealth.breezy.hr/,"https://foundationhealth.breezy.hr/json"
breezy,plat4mation,31,https://plat4mation.breezy.hr/,"https://plat4mation.breezy.hr/json"
breezy,prestige-capital-group,31,https://prestige-capital-group.breezy.hr/,"https://prestige-capital-group.breezy.hr/json"
breezy,rhynocare,31,https://rhynocare.breezy.hr/,"https://rhynocare.breezy.hr/json"
breezy,sunpower,31,https://sunpower.breezy.hr/,"https://sunpower.breezy.hr/json"
breezy,turning-point-usa,31,https://turning-point-usa.breezy.hr/,"https://turning-point-usa.breezy.hr/json"
breezy,ontrac-solutions-llc,30,https://ontrac-solutions-llc.breezy.hr/,"https://ontrac-solutions-llc.breezy.hr/json"
breezy,progesys-inc,30,https://progesys-inc.breezy.hr/,"https://progesys-inc.breezy.hr/json"
breezy,storage-scholars,30,https://storage-scholars.breezy.hr/,"https://storage-scholars.breezy.hr/json"
breezy,the-engineering-society-of-queen-s-university,30,https://the-engineering-society-of-queen-s-university.breezy.hr/,"https://the-engineering-society-of-queen-s-university.breezy.hr/json"
breezy,vitality-hospice,30,https://vitality-hospice.breezy.hr/,"https://vitality-hospice.breezy.hr/json"
breezy,asc,29,https://asc.breezy.hr/,"https://asc.breezy.hr/json"
breezy,aviation-technology-associates-llc,29,https://aviation-technology-associates-llc.breezy.hr/,"https://aviation-technology-associates-llc.breezy.hr/json"
breezy,pinelake-church,29,https://pinelake-church.breezy.hr/,"https://pinelake-church.breezy.hr/json"
breezy,tempo-libero-cooperativa-sociale-onlus,29,https://tempo-libero-cooperativa-sociale-onlus.breezy.hr/,"https://tempo-libero-cooperativa-sociale-onlus.breezy.hr/json"
breezy,cleverbee-academy-llc,28,https://cleverbee-academy-llc.breezy.hr/,"https://cleverbee-academy-llc.breezy.hr/json"
breezy,german-american-chambers-of-commerce,28,https://german-american-chambers-of-commerce.breezy.hr/,"https://german-american-chambers-of-commerce.breezy.hr/json"
breezy,jdee-transport-services,28,https://jdee-transport-services.breezy.hr/,"https://jdee-transport-services.breezy.hr/json"
breezy,smart-codes-eae513730598,28,https://smart-codes-eae513730598.breezy.hr/,"https://smart-codes-eae513730598.breezy.hr/json"
breezy,talent-acquisition-concepts,28,https://talent-acquisition-concepts.breezy.hr/,"https://talent-acquisition-concepts.breezy.hr/json"
breezy,thrasher,28,https://thrasher.breezy.hr/,"https://thrasher.breezy.hr/json"
breezy,vvater-llc,28,https://vvater-llc.breezy.hr/,"https://vvater-llc.breezy.hr/json"
breezy,wheelsonsite-usa,28,https://wheelsonsite-usa.breezy.hr/,"https://wheelsonsite-usa.breezy.hr/json"
breezy,child-communication-and-behavior-specialists,27,https://child-communication-and-behavior-specialists.breezy.hr/,"https://child-communication-and-behavior-specialists.breezy.hr/json"
breezy,midtown-home-improvements,27,https://midtown-home-improvements.breezy.hr/,"https://midtown-home-improvements.breezy.hr/json"
breezy,nursing-float-health,27,https://nursing-float-health.breezy.hr/,"https://nursing-float-health.breezy.hr/json"
breezy,talentuch,27,https://talentuch.breezy.hr/,"https://talentuch.breezy.hr/json"
breezy,beta-bionics-inc,26,https://beta-bionics-inc.breezy.hr/,"https://beta-bionics-inc.breezy.hr/json"
breezy,betterme,26,https://betterme.breezy.hr/,"https://betterme.breezy.hr/json"
breezy,blue-projects,26,https://blue-projects.breezy.hr/,"https://blue-projects.breezy.hr/json"
breezy,bosun-25f9d5ec70da,26,https://bosun-25f9d5ec70da.breezy.hr/,"https://bosun-25f9d5ec70da.breezy.hr/json"
breezy,cdpdoctor,26,https://cdpdoctor.breezy.hr/,"https://cdpdoctor.breezy.hr/json"
breezy,citylodgehotels,26,https://citylodgehotels.breezy.hr/,"https://citylodgehotels.breezy.hr/json"
breezy,jway-group,26,https://jway-group.breezy.hr/,"https://jway-group.breezy.hr/json"
breezy,nexo,26,https://nexo.breezy.hr/,"https://nexo.breezy.hr/json"
breezy,adoc-tm,25,https://adoc-tm.breezy.hr/,"https://adoc-tm.breezy.hr/json"
breezy,atec-inc,25,https://atec-inc.breezy.hr/,"https://atec-inc.breezy.hr/json"
breezy,bmwc-constructors-inc,25,https://bmwc-constructors-inc.breezy.hr/,"https://bmwc-constructors-inc.breezy.hr/json"
breezy,boba-guys,25,https://boba-guys.breezy.hr/,"https://boba-guys.breezy.hr/json"
breezy,drivepersonnel,25,https://drivepersonnel.breezy.hr/,"https://drivepersonnel.breezy.hr/json"
breezy,evexias-health-solutions,25,https://evexias-health-solutions.breezy.hr/,"https://evexias-health-solutions.breezy.hr/json"
breezy,gecko,25,https://gecko.breezy.hr/,"https://gecko.breezy.hr/json"
breezy,golden-care-of-northeast-pa,25,https://golden-care-of-northeast-pa.breezy.hr/,"https://golden-care-of-northeast-pa.breezy.hr/json"
breezy,kaniksu-community-health,25,https://kaniksu-community-health.breezy.hr/,"https://kaniksu-community-health.breezy.hr/json"
breezy,nysonian,25,https://nysonian.breezy.hr/,"https://nysonian.breezy.hr/json"
breezy,ponessa-behavioral-health,25,https://ponessa-behavioral-health.breezy.hr/,"https://ponessa-behavioral-health.breezy.hr/json"
breezy,therapia,25,https://therapia.breezy.hr/,"https://therapia.breezy.hr/json"
breezy,careers-hankooktire,24,https://careers-hankooktire.breezy.hr/,"https://careers-hankooktire.breezy.hr/json"
breezy,mindoula-health-inc,24,https://mindoula-health-inc.breezy.hr/,"https://mindoula-health-inc.breezy.hr/json"
breezy,o-mally-management-group,24,https://o-mally-management-group.breezy.hr/,"https://o-mally-management-group.breezy.hr/json"
breezy,prudent-engineering,24,https://prudent-engineering.breezy.hr/,"https://prudent-engineering.breezy.hr/json"
breezy,1001,23,https://1001.breezy.hr/,"https://1001.breezy.hr/json"
breezy,cloudcommerce,23,https://cloudcommerce.breezy.hr/,"https://cloudcommerce.breezy.hr/json"
breezy,csi-global,23,https://csi-global.breezy.hr/,"https://csi-global.breezy.hr/json"
breezy,driving-academy,23,https://driving-academy.breezy.hr/,"https://driving-academy.breezy.hr/json"
breezy,heritage-roofing-and-construction,23,https://heritage-roofing-and-construction.breezy.hr/,"https://heritage-roofing-and-construction.breezy.hr/json"
breezy,pyrovio,23,https://pyrovio.breezy.hr/,"https://pyrovio.breezy.hr/json"
breezy,q-block-computing,23,https://q-block-computing.breezy.hr/,"https://q-block-computing.breezy.hr/json"
breezy,raisingthevillage,23,https://raisingthevillage.breezy.hr/,"https://raisingthevillage.breezy.hr/json"
breezy,ricart-automotive,23,https://ricart-automotive.breezy.hr/,"https://ricart-automotive.breezy.hr/json"
breezy,tsu,23,https://tsu.breezy.hr/,"https://tsu.breezy.hr/json"
breezy,witham-family-hotels,23,https://witham-family-hotels.breezy.hr/,"https://witham-family-hotels.breezy.hr/json"
breezy,zinier,23,https://zinier.breezy.hr/,"https://zinier.breezy.hr/json"
breezy,aleph-ventures,22,https://aleph-ventures.breezy.hr/,"https://aleph-ventures.breezy.hr/json"
breezy,aristeo,22,https://aristeo.breezy.hr/,"https://aristeo.breezy.hr/json"
breezy,boll-branch,22,https://boll-branch.breezy.hr/,"https://boll-branch.breezy.hr/json"
breezy,buddhist-compassion-relief-tzu-chi-foundation-singapore,22,https://buddhist-compassion-relief-tzu-chi-foundation-singapore.breezy.hr/,"https://buddhist-compassion-relief-tzu-chi-foundation-singapore.breezy.hr/json"
breezy,capricorn,22,https://capricorn.breezy.hr/,"https://capricorn.breezy.hr/json"
breezy,city-of-baltimore-mayor-s-office-of-employment-development,22,https://city-of-baltimore-mayor-s-office-of-employment-development.breezy.hr/,"https://city-of-baltimore-mayor-s-office-of-employment-development.breezy.hr/json"
breezy,dayton-granger-inc,22,https://dayton-granger-inc.breezy.hr/,"https://dayton-granger-inc.breezy.hr/json"
breezy,end,22,https://end.breezy.hr/,"https://end.breezy.hr/json"
breezy,hygienistcareers,22,https://hygienistcareers.breezy.hr/,"https://hygienistcareers.breezy.hr/json"
breezy,nando-s,22,https://nando-s.breezy.hr/,"https://nando-s.breezy.hr/json"
breezy,novaces-llc,22,https://novaces-llc.breezy.hr/,"https://novaces-llc.breezy.hr/json"
breezy,nucleusteq,22,https://nucleusteq.breezy.hr/,"https://nucleusteq.breezy.hr/json"
breezy,rumble-boxing,22,https://rumble-boxing.breezy.hr/,"https://rumble-boxing.breezy.hr/json"
breezy,stateline-family-ymca,22,https://stateline-family-ymca.breezy.hr/,"https://stateline-family-ymca.breezy.hr/json"
breezy,unitarian-universalist-association,22,https://unitarian-universalist-association.breezy.hr/,"https://unitarian-universalist-association.breezy.hr/json"
breezy,vale-concepts,22,https://vale-concepts.breezy.hr/,"https://vale-concepts.breezy.hr/json"
breezy,vitalcheck-wellness,22,https://vitalcheck-wellness.breezy.hr/,"https://vitalcheck-wellness.breezy.hr/json"
breezy,zetier,22,https://zetier.breezy.hr/,"https://zetier.breezy.hr/json"
breezy,1440-foods-manufacturing,21,https://1440-foods-manufacturing.breezy.hr/,"https://1440-foods-manufacturing.breezy.hr/json"
breezy,acute-nursing-care,21,https://acute-nursing-care.breezy.hr/,"https://acute-nursing-care.breezy.hr/json"
breezy,apex-tk-llc,21,https://apex-tk-llc.breezy.hr/,"https://apex-tk-llc.breezy.hr/json"
breezy,cardahealth,21,https://cardahealth.breezy.hr/,"https://cardahealth.breezy.hr/json"
breezy,dovelewis-veterinary-emergency-and-specialty-hospital,21,https://dovelewis-veterinary-emergency-and-specialty-hospital.breezy.hr/,"https://dovelewis-veterinary-emergency-and-specialty-hospital.breezy.hr/json"
breezy,eigenblue,21,https://eigenblue.breezy.hr/,"https://eigenblue.breezy.hr/json"
breezy,exf,21,https://exf.breezy.hr/,"https://exf.breezy.hr/json"
breezy,fastenal,21,https://fastenal.breezy.hr/,"https://fastenal.breezy.hr/json"
breezy,felician-sisters-of-north-america,21,https://felician-sisters-of-north-america.breezy.hr/,"https://felician-sisters-of-north-america.breezy.hr/json"
breezy,highprofilecannabis,21,https://highprofilecannabis.breezy.hr/,"https://highprofilecannabis.breezy.hr/json"
breezy,katapult,21,https://katapult.breezy.hr/,"https://katapult.breezy.hr/json"
breezy,lufco,21,https://lufco.breezy.hr/,"https://lufco.breezy.hr/json"
breezy,netsync-network-solutions,21,https://netsync-network-solutions.breezy.hr/,"https://netsync-network-solutions.breezy.hr/json"
breezy,onedome,21,https://onedome.breezy.hr/,"https://onedome.breezy.hr/json"
breezy,red-cup-it-inc,21,https://red-cup-it-inc.breezy.hr/,"https://red-cup-it-inc.breezy.hr/json"
breezy,redial-bpo,21,https://redial-bpo.breezy.hr/,"https://redial-bpo.breezy.hr/json"
breezy,respond-io,21,https://respond-io.breezy.hr/,"https://respond-io.breezy.hr/json"
breezy,skoah,21,https://skoah.breezy.hr/,"https://skoah.breezy.hr/json"
breezy,ssg-philippines,21,https://ssg-philippines.breezy.hr/,"https://ssg-philippines.breezy.hr/json"
breezy,swa-group,21,https://swa-group.breezy.hr/,"https://swa-group.breezy.hr/json"
breezy,test-yantra-eu-2,21,https://test-yantra-eu-2.breezy.hr/,"https://test-yantra-eu-2.breezy.hr/json"
breezy,the-tustin-group,21,https://the-tustin-group.breezy.hr/,"https://the-tustin-group.breezy.hr/json"
breezy,aimpoint-digital,20,https://aimpoint-digital.breezy.hr/,"https://aimpoint-digital.breezy.hr/json"
breezy,cfs,20,https://cfs.breezy.hr/,"https://cfs.breezy.hr/json"
breezy,doodle-labs-llc,20,https://doodle-labs-llc.breezy.hr/,"https://doodle-labs-llc.breezy.hr/json"
breezy,eq3-ltd,20,https://eq3-ltd.breezy.hr/,"https://eq3-ltd.breezy.hr/json"
breezy,float-health,20,https://float-health.breezy.hr/,"https://float-health.breezy.hr/json"
breezy,mcguire-hester,20,https://mcguire-hester.breezy.hr/,"https://mcguire-hester.breezy.hr/json"
breezy,monday-night-brewing,20,https://monday-night-brewing.breezy.hr/,"https://monday-night-brewing.breezy.hr/json"
breezy,seasats,20,https://seasats.breezy.hr/,"https://seasats.breezy.hr/json"
breezy,us-inspect,20,https://us-inspect.breezy.hr/,"https://us-inspect.breezy.hr/json"
breezy,vantage-point-solutions-inc,20,https://vantage-point-solutions-inc.breezy.hr/,"https://vantage-point-solutions-inc.breezy.hr/json"
breezy,village-car-company,20,https://village-car-company.breezy.hr/,"https://village-car-company.breezy.hr/json"
breezy,weassist-io,20,https://weassist-io.breezy.hr/,"https://weassist-io.breezy.hr/json"
breezy,webox-jobs,20,https://webox-jobs.breezy.hr/,"https://webox-jobs.breezy.hr/json"
breezy,a2h,19,https://a2h.breezy.hr/,"https://a2h.breezy.hr/json"
breezy,advanced-dri,19,https://advanced-dri.breezy.hr/,"https://advanced-dri.breezy.hr/json"
breezy,agbo,19,https://agbo.breezy.hr/,"https://agbo.breezy.hr/json"
breezy,alabama-oncology,19,https://alabama-oncology.breezy.hr/,"https://alabama-oncology.breezy.hr/json"
breezy,apollo-after-school,19,https://apollo-after-school.breezy.hr/,"https://apollo-after-school.breezy.hr/json"
breezy,beech-valley-solutions,19,https://beech-valley-solutions.breezy.hr/,"https://beech-valley-solutions.breezy.hr/json"
breezy,casa-speech-and-development,19,https://casa-speech-and-development.breezy.hr/,"https://casa-speech-and-development.breezy.hr/json"
breezy,ckh-group,19,https://ckh-group.breezy.hr/,"https://ckh-group.breezy.hr/json"
breezy,expression-networks,19,https://expression-networks.breezy.hr/,"https://expression-networks.breezy.hr/json"
breezy,infra-pipe-solutions,19,https://infra-pipe-solutions.breezy.hr/,"https://infra-pipe-solutions.breezy.hr/json"
breezy,madison-core-laboratories,19,https://madison-core-laboratories.breezy.hr/,"https://madison-core-laboratories.breezy.hr/json"
breezy,missionovo,19,https://missionovo.breezy.hr/,"https://missionovo.breezy.hr/json"
breezy,murphy-s-pharmacies,19,https://murphy-s-pharmacies.breezy.hr/,"https://murphy-s-pharmacies.breezy.hr/json"
breezy,offit-kurman,19,https://offit-kurman.breezy.hr/,"https://offit-kurman.breezy.hr/json"
breezy,radiant-plumbing-and-air-conditioning,19,https://radiant-plumbing-and-air-conditioning.breezy.hr/,"https://radiant-plumbing-and-air-conditioning.breezy.hr/json"
breezy,telespazio-be,19,https://telespazio-be.breezy.hr/,"https://telespazio-be.breezy.hr/json"
breezy,the-sutherland-group,19,https://the-sutherland-group.breezy.hr/,"https://the-sutherland-group.breezy.hr/json"
breezy,ux-woman,19,https://ux-woman.breezy.hr/,"https://ux-woman.breezy.hr/json"
breezy,vitra-health,19,https://vitra-health.breezy.hr/,"https://vitra-health.breezy.hr/json"
breezy,waves-express-car-wash,19,https://waves-express-car-wash.breezy.hr/,"https://waves-express-car-wash.breezy.hr/json"
breezy,3brasseurs,18,https://3brasseurs.breezy.hr/,"https://3brasseurs.breezy.hr/json"
breezy,accrete-ai,18,https://accrete-ai.breezy.hr/,"https://accrete-ai.breezy.hr/json"
breezy,adnet-accountnet-inc,18,https://adnet-accountnet-inc.breezy.hr/,"https://adnet-accountnet-inc.breezy.hr/json"
breezy,andrews-senior-care,18,https://andrews-senior-care.breezy.hr/,"https://andrews-senior-care.breezy.hr/json"
breezy,austin-retina-associates,18,https://austin-retina-associates.breezy.hr/,"https://austin-retina-associates.breezy.hr/json"
breezy,behavior-treatment-analysis,18,https://behavior-treatment-analysis.breezy.hr/,"https://behavior-treatment-analysis.breezy.hr/json"
breezy,daintta-ltd,18,https://daintta-ltd.breezy.hr/,"https://daintta-ltd.breezy.hr/json"
breezy,fireclay-partners,18,https://fireclay-partners.breezy.hr/,"https://fireclay-partners.breezy.hr/json"
breezy,helping-hand-nurse-llc,18,https://helping-hand-nurse-llc.breezy.hr/,"https://helping-hand-nurse-llc.breezy.hr/json"
breezy,idea-peddler,18,https://idea-peddler.breezy.hr/,"https://idea-peddler.breezy.hr/json"
breezy,intelassist,18,https://intelassist.breezy.hr/,"https://intelassist.breezy.hr/json"
breezy,jumbo-consulting-group-a-s,18,https://jumbo-consulting-group-a-s.breezy.hr/,"https://jumbo-consulting-group-a-s.breezy.hr/json"
breezy,leading-financial-advisory-firm,18,https://leading-financial-advisory-firm.breezy.hr/,"https://leading-financial-advisory-firm.breezy.hr/json"
breezy,lite-e-commerce,18,https://lite-e-commerce.breezy.hr/,"https://lite-e-commerce.breezy.hr/json"
breezy,new-incentives,18,https://new-incentives.breezy.hr/,"https://new-incentives.breezy.hr/json"
breezy,otto-engineering-inc,18,https://otto-engineering-inc.breezy.hr/,"https://otto-engineering-inc.breezy.hr/json"
breezy,prageru,18,https://prageru.breezy.hr/,"https://prageru.breezy.hr/json"
breezy,rivermead,18,https://rivermead.breezy.hr/,"https://rivermead.breezy.hr/json"
breezy,sbc-performance,18,https://sbc-performance.breezy.hr/,"https://sbc-performance.breezy.hr/json"
breezy,stake,18,https://stake.breezy.hr/,"https://stake.breezy.hr/json"
breezy,sunday,18,https://sunday.breezy.hr/,"https://sunday.breezy.hr/json"
breezy,telus-agriculture,18,https://telus-agriculture.breezy.hr/,"https://telus-agriculture.breezy.hr/json"
breezy,zeno-power,18,https://zeno-power.breezy.hr/,"https://zeno-power.breezy.hr/json"
breezy,cambridge-security-services,17,https://cambridge-security-services.breezy.hr/,"https://cambridge-security-services.breezy.hr/json"
breezy,city-of-blue-springs,17,https://city-of-blue-springs.breezy.hr/,"https://city-of-blue-springs.breezy.hr/json"
breezy,colonial-surety-company,17,https://colonial-surety-company.breezy.hr/,"https://colonial-surety-company.breezy.hr/json"
breezy,destination-auto-group,17,https://destination-auto-group.breezy.hr/,"https://destination-auto-group.breezy.hr/json"
breezy,earth-angels-home-care,17,https://earth-angels-home-care.breezy.hr/,"https://earth-angels-home-care.breezy.hr/json"
breezy,homebuys-inc,17,https://homebuys-inc.breezy.hr/,"https://homebuys-inc.breezy.hr/json"
breezy,inspire-direct-marketing,17,https://inspire-direct-marketing.breezy.hr/,"https://inspire-direct-marketing.breezy.hr/json"
breezy,jay-analytix,17,https://jay-analytix.breezy.hr/,"https://jay-analytix.breezy.hr/json"
breezy,joom-group,17,https://joom-group.breezy.hr/,"https://joom-group.breezy.hr/json"
breezy,knutson-construction,17,https://knutson-construction.breezy.hr/,"https://knutson-construction.breezy.hr/json"
breezy,mussett-nicholas-associates,17,https://mussett-nicholas-associates.breezy.hr/,"https://mussett-nicholas-associates.breezy.hr/json"
breezy,nexu,17,https://nexu.breezy.hr/,"https://nexu.breezy.hr/json"
breezy,novipro,17,https://novipro.breezy.hr/,"https://novipro.breezy.hr/json"
breezy,plastics-family-americas,17,https://plastics-family-americas.breezy.hr/,"https://plastics-family-americas.breezy.hr/json"
breezy,rh2-engineering-inc,17,https://rh2-engineering-inc.breezy.hr/,"https://rh2-engineering-inc.breezy.hr/json"
breezy,securespace-self-storage,17,https://securespace-self-storage.breezy.hr/,"https://securespace-self-storage.breezy.hr/json"
breezy,span-construction-engineering-inc,17,https://span-construction-engineering-inc.breezy.hr/,"https://span-construction-engineering-inc.breezy.hr/json"
breezy,the-wash-shop,17,https://the-wash-shop.breezy.hr/,"https://the-wash-shop.breezy.hr/json"
breezy,uncle-mike-s,17,https://uncle-mike-s.breezy.hr/,"https://uncle-mike-s.breezy.hr/json"
breezy,aflac-central-southern-illinois,16,https://aflac-central-southern-illinois.breezy.hr/,"https://aflac-central-southern-illinois.breezy.hr/json"
breezy,aqua-blue-pools,16,https://aqua-blue-pools.breezy.hr/,"https://aqua-blue-pools.breezy.hr/json"
breezy,at-work-cincy,16,https://at-work-cincy.breezy.hr/,"https://at-work-cincy.breezy.hr/json"
breezy,circle-medical,16,https://circle-medical.breezy.hr/,"https://circle-medical.breezy.hr/json"
breezy,compose-ly,16,https://compose-ly.breezy.hr/,"https://compose-ly.breezy.hr/json"
breezy,givzey,16,https://givzey.breezy.hr/,"https://givzey.breezy.hr/json"
breezy,good-company,16,https://good-company.breezy.hr/,"https://good-company.breezy.hr/json"
breezy,gozem,16,https://gozem.breezy.hr/,"https://gozem.breezy.hr/json"
breezy,gritmind,16,https://gritmind.breezy.hr/,"https://gritmind.breezy.hr/json"
breezy,hr-performance--results,16,https://hr-performance--results.breezy.hr/,"https://hr-performance--results.breezy.hr/json"
breezy,john-flatley-company,16,https://john-flatley-company.breezy.hr/,"https://john-flatley-company.breezy.hr/json"
breezy,johnson-security-bureau-inc,16,https://johnson-security-bureau-inc.breezy.hr/,"https://johnson-security-bureau-inc.breezy.hr/json"
breezy,netrix-global,16,https://netrix-global.breezy.hr/,"https://netrix-global.breezy.hr/json"
breezy,ryther-child-center,16,https://ryther-child-center.breezy.hr/,"https://ryther-child-center.breezy.hr/json"
breezy,sense-engineering,16,https://sense-engineering.breezy.hr/,"https://sense-engineering.breezy.hr/json"
breezy,shopritex,16,https://shopritex.breezy.hr/,"https://shopritex.breezy.hr/json"
breezy,smart-city-locating,16,https://smart-city-locating.breezy.hr/,"https://smart-city-locating.breezy.hr/json"
breezy,ten-canada,16,https://ten-canada.breezy.hr/,"https://ten-canada.breezy.hr/json"
breezy,transparent-hiring,16,https://transparent-hiring.breezy.hr/,"https://transparent-hiring.breezy.hr/json"
breezy,andolini-s-llc,15,https://andolini-s-llc.breezy.hr/,"https://andolini-s-llc.breezy.hr/json"
breezy,aroma360,15,https://aroma360.breezy.hr/,"https://aroma360.breezy.hr/json"
breezy,artemis-connection,15,https://artemis-connection.breezy.hr/,"https://artemis-connection.breezy.hr/json"
breezy,beter,15,https://beter.breezy.hr/,"https://beter.breezy.hr/json"
breezy,carnegie-robotics,15,https://carnegie-robotics.breezy.hr/,"https://carnegie-robotics.breezy.hr/json"
breezy,dms-international,15,https://dms-international.breezy.hr/,"https://dms-international.breezy.hr/json"
breezy,forge-nano,15,https://forge-nano.breezy.hr/,"https://forge-nano.breezy.hr/json"
breezy,fugo-games,15,https://fugo-games.breezy.hr/,"https://fugo-games.breezy.hr/json"
breezy,gaskinslecraw,15,https://gaskinslecraw.breezy.hr/,"https://gaskinslecraw.breezy.hr/json"
breezy,genex-systems,15,https://genex-systems.breezy.hr/,"https://genex-systems.breezy.hr/json"
breezy,informaticon,15,https://informaticon.breezy.hr/,"https://informaticon.breezy.hr/json"
breezy,lulalend,15,https://lulalend.breezy.hr/,"https://lulalend.breezy.hr/json"
breezy,megasol-energie-ag,15,https://megasol-energie-ag.breezy.hr/,"https://megasol-energie-ag.breezy.hr/json"
breezy,mkec-engineering-inc,15,https://mkec-engineering-inc.breezy.hr/,"https://mkec-engineering-inc.breezy.hr/json"
breezy,mukuru,15,https://mukuru.breezy.hr/,"https://mukuru.breezy.hr/json"
breezy,napthens-llp,15,https://napthens-llp.breezy.hr/,"https://napthens-llp.breezy.hr/json"
breezy,precision-strategies,15,https://precision-strategies.breezy.hr/,"https://precision-strategies.breezy.hr/json"
breezy,r3-roofing,15,https://r3-roofing.breezy.hr/,"https://r3-roofing.breezy.hr/json"
breezy,remote-craft,15,https://remote-craft.breezy.hr/,"https://remote-craft.breezy.hr/json"
breezy,rockcruit,15,https://rockcruit.breezy.hr/,"https://rockcruit.breezy.hr/json"
breezy,sawyer-staffing,15,https://sawyer-staffing.breezy.hr/,"https://sawyer-staffing.breezy.hr/json"
breezy,serv-recruitment-agency,15,https://serv-recruitment-agency.breezy.hr/,"https://serv-recruitment-agency.breezy.hr/json"
breezy,skirball-cultural-center,15,https://skirball-cultural-center.breezy.hr/,"https://skirball-cultural-center.breezy.hr/json"
breezy,skyspecs,15,https://skyspecs.breezy.hr/,"https://skyspecs.breezy.hr/json"
breezy,therapy-associates,15,https://therapy-associates.breezy.hr/,"https://therapy-associates.breezy.hr/json"
breezy,wavetronix,15,https://wavetronix.breezy.hr/,"https://wavetronix.breezy.hr/json"
breezy,yalla-fel-sekka,15,https://yalla-fel-sekka.breezy.hr/,"https://yalla-fel-sekka.breezy.hr/json"
breezy,3-forks-services,14,https://3-forks-services.breezy.hr/,"https://3-forks-services.breezy.hr/json"
breezy,allana-buick-bers,14,https://allana-buick-bers.breezy.hr/,"https://allana-buick-bers.breezy.hr/json"
breezy,ancient-crunch,14,https://ancient-crunch.breezy.hr/,"https://ancient-crunch.breezy.hr/json"
breezy,athletes-first,14,https://athletes-first.breezy.hr/,"https://athletes-first.breezy.hr/json"
breezy,atp-flight-school,14,https://atp-flight-school.breezy.hr/,"https://atp-flight-school.breezy.hr/json"
breezy,be-caring-ltd,14,https://be-caring-ltd.breezy.hr/,"https://be-caring-ltd.breezy.hr/json"
breezy,citiside-property-management,14,https://citiside-property-management.breezy.hr/,"https://citiside-property-management.breezy.hr/json"
breezy,commercial-cleaning-services,14,https://commercial-cleaning-services.breezy.hr/,"https://commercial-cleaning-services.breezy.hr/json"
breezy,contrarian-thinking,14,https://contrarian-thinking.breezy.hr/,"https://contrarian-thinking.breezy.hr/json"
breezy,eagle-technologies-llc,14,https://eagle-technologies-llc.breezy.hr/,"https://eagle-technologies-llc.breezy.hr/json"
breezy,gaggle,14,https://gaggle.breezy.hr/,"https://gaggle.breezy.hr/json"
breezy,glenholme-healthcare,14,https://glenholme-healthcare.breezy.hr/,"https://glenholme-healthcare.breezy.hr/json"
breezy,granite-hills-group,14,https://granite-hills-group.breezy.hr/,"https://granite-hills-group.breezy.hr/json"
breezy,hart--hickman,14,https://hart--hickman.breezy.hr/,"https://hart--hickman.breezy.hr/json"
breezy,ignite-hr-solutions,14,https://ignite-hr-solutions.breezy.hr/,"https://ignite-hr-solutions.breezy.hr/json"
breezy,monocle,14,https://monocle.breezy.hr/,"https://monocle.breezy.hr/json"
breezy,my-burger,14,https://my-burger.breezy.hr/,"https://my-burger.breezy.hr/json"
breezy,natures-herbs-and-wellness,14,https://natures-herbs-and-wellness.breezy.hr/,"https://natures-herbs-and-wellness.breezy.hr/json"
breezy,ntc,14,https://ntc.breezy.hr/,"https://ntc.breezy.hr/json"
breezy,p3-usa,14,https://p3-usa.breezy.hr/,"https://p3-usa.breezy.hr/json"
breezy,planted-solar-inc,14,https://planted-solar-inc.breezy.hr/,"https://planted-solar-inc.breezy.hr/json"
breezy,pleasant-valley-corporation,14,https://pleasant-valley-corporation.breezy.hr/,"https://pleasant-valley-corporation.breezy.hr/json"
breezy,pri,14,https://pri.breezy.hr/,"https://pri.breezy.hr/json"
breezy,reveleer,14,https://reveleer.breezy.hr/,"https://reveleer.breezy.hr/json"
breezy,salt-home-services,14,https://salt-home-services.breezy.hr/,"https://salt-home-services.breezy.hr/json"
breezy,southern-seminary,14,https://southern-seminary.breezy.hr/,"https://southern-seminary.breezy.hr/json"
breezy,southland-therapy-services,14,https://southland-therapy-services.breezy.hr/,"https://southland-therapy-services.breezy.hr/json"
breezy,washu-carwash,14,https://washu-carwash.breezy.hr/,"https://washu-carwash.breezy.hr/json"
breezy,alfabs,13,https://alfabs.breezy.hr/,"https://alfabs.breezy.hr/json"
breezy,alphanumeric-systems,13,https://alphanumeric-systems.breezy.hr/,"https://alphanumeric-systems.breezy.hr/json"
breezy,amazingtalker,13,https://amazingtalker.breezy.hr/,"https://amazingtalker.breezy.hr/json"
breezy,archsoftware,13,https://archsoftware.breezy.hr/,"https://archsoftware.breezy.hr/json"
breezy,bidvestbank,13,https://bidvestbank.breezy.hr/,"https://bidvestbank.breezy.hr/json"
breezy,canadian-base-operators,13,https://canadian-base-operators.breezy.hr/,"https://canadian-base-operators.breezy.hr/json"
breezy,chief-isaac-group-of-companies,13,https://chief-isaac-group-of-companies.breezy.hr/,"https://chief-isaac-group-of-companies.breezy.hr/json"
breezy,city-of-gulfport,13,https://city-of-gulfport.breezy.hr/,"https://city-of-gulfport.breezy.hr/json"
breezy,compass-family-services,13,https://compass-family-services.breezy.hr/,"https://compass-family-services.breezy.hr/json"
breezy,eurekarobotics,13,https://eurekarobotics.breezy.hr/,"https://eurekarobotics.breezy.hr/json"
breezy,finstrat-management,13,https://finstrat-management.breezy.hr/,"https://finstrat-management.breezy.hr/json"
breezy,framework,13,https://framework.breezy.hr/,"https://framework.breezy.hr/json"
breezy,freyssinet-incorporated,13,https://freyssinet-incorporated.breezy.hr/,"https://freyssinet-incorporated.breezy.hr/json"
breezy,galveston-county-health-district,13,https://galveston-county-health-district.breezy.hr/,"https://galveston-county-health-district.breezy.hr/json"
breezy,honolulu-authority-for-rapid-transportation,13,https://honolulu-authority-for-rapid-transportation.breezy.hr/,"https://honolulu-authority-for-rapid-transportation.breezy.hr/json"
breezy,hsp-direct,13,https://hsp-direct.breezy.hr/,"https://hsp-direct.breezy.hr/json"
breezy,keystoneadvisors,13,https://keystoneadvisors.breezy.hr/,"https://keystoneadvisors.breezy.hr/json"
breezy,labman-automation,13,https://labman-automation.breezy.hr/,"https://labman-automation.breezy.hr/json"
breezy,laulau,13,https://laulau.breezy.hr/,"https://laulau.breezy.hr/json"
breezy,lexlegis,13,https://lexlegis.breezy.hr/,"https://lexlegis.breezy.hr/json"
breezy,matrix-design-group,13,https://matrix-design-group.breezy.hr/,"https://matrix-design-group.breezy.hr/json"
breezy,netsea-technologies,13,https://netsea-technologies.breezy.hr/,"https://netsea-technologies.breezy.hr/json"
breezy,new-horizon-counseling-center,13,https://new-horizon-counseling-center.breezy.hr/,"https://new-horizon-counseling-center.breezy.hr/json"
breezy,norbert-health,13,https://norbert-health.breezy.hr/,"https://norbert-health.breezy.hr/json"
breezy,playdead,13,https://playdead.breezy.hr/,"https://playdead.breezy.hr/json"
breezy,revamp-engineering-inc,13,https://revamp-engineering-inc.breezy.hr/,"https://revamp-engineering-inc.breezy.hr/json"
breezy,revolution-recruiting,13,https://revolution-recruiting.breezy.hr/,"https://revolution-recruiting.breezy.hr/json"
breezy,rose-roofing-restoration,13,https://rose-roofing-restoration.breezy.hr/,"https://rose-roofing-restoration.breezy.hr/json"
breezy,saota,13,https://saota.breezy.hr/,"https://saota.breezy.hr/json"
breezy,there-is-talent,13,https://there-is-talent.breezy.hr/,"https://there-is-talent.breezy.hr/json"
breezy,tippmann-group,13,https://tippmann-group.breezy.hr/,"https://tippmann-group.breezy.hr/json"
breezy,tonti-properties,13,https://tonti-properties.breezy.hr/,"https://tonti-properties.breezy.hr/json"
breezy,vigil-global,13,https://vigil-global.breezy.hr/,"https://vigil-global.breezy.hr/json"
breezy,vsa,13,https://vsa.breezy.hr/,"https://vsa.breezy.hr/json"
breezy,alasco,12,https://alasco.breezy.hr/,"https://alasco.breezy.hr/json"
breezy,aligned-modern-health,12,https://aligned-modern-health.breezy.hr/,"https://aligned-modern-health.breezy.hr/json"
breezy,allcares,12,https://allcares.breezy.hr/,"https://allcares.breezy.hr/json"
breezy,beyondwow,12,https://beyondwow.breezy.hr/,"https://beyondwow.breezy.hr/json"
breezy,boxbar-tech,12,https://boxbar-tech.breezy.hr/,"https://boxbar-tech.breezy.hr/json"
breezy,bradshaw-home,12,https://bradshaw-home.breezy.hr/,"https://bradshaw-home.breezy.hr/json"
breezy,budapest-school,12,https://budapest-school.breezy.hr/,"https://budapest-school.breezy.hr/json"
breezy,chesapeake-specialty-care,12,https://chesapeake-specialty-care.breezy.hr/,"https://chesapeake-specialty-care.breezy.hr/json"
breezy,ct-united-fc,12,https://ct-united-fc.breezy.hr/,"https://ct-united-fc.breezy.hr/json"
breezy,datamap,12,https://datamap.breezy.hr/,"https://datamap.breezy.hr/json"
breezy,empyrean-hospice,12,https://empyrean-hospice.breezy.hr/,"https://empyrean-hospice.breezy.hr/json"
breezy,flanco,12,https://flanco.breezy.hr/,"https://flanco.breezy.hr/json"
breezy,handsome-brook-farms,12,https://handsome-brook-farms.breezy.hr/,"https://handsome-brook-farms.breezy.hr/json"
breezy,ingenius-prep,12,https://ingenius-prep.breezy.hr/,"https://ingenius-prep.breezy.hr/json"
breezy,jarvis-ml,12,https://jarvis-ml.breezy.hr/,"https://jarvis-ml.breezy.hr/json"
breezy,jkz-llp,12,https://jkz-llp.breezy.hr/,"https://jkz-llp.breezy.hr/json"
breezy,martin-systems,12,https://martin-systems.breezy.hr/,"https://martin-systems.breezy.hr/json"
breezy,merit-manufacturing,12,https://merit-manufacturing.breezy.hr/,"https://merit-manufacturing.breezy.hr/json"
breezy,printfly,12,https://printfly.breezy.hr/,"https://printfly.breezy.hr/json"
breezy,raldex,12,https://raldex.breezy.hr/,"https://raldex.breezy.hr/json"
breezy,rohloff-group,12,https://rohloff-group.breezy.hr/,"https://rohloff-group.breezy.hr/json"
breezy,schauenburgsystems,12,https://schauenburgsystems.breezy.hr/,"https://schauenburgsystems.breezy.hr/json"
breezy,strategic-systems-international,12,https://strategic-systems-international.breezy.hr/,"https://strategic-systems-international.breezy.hr/json"
breezy,stratos-solutions,12,https://stratos-solutions.breezy.hr/,"https://stratos-solutions.breezy.hr/json"
breezy,symetria-recovery,12,https://symetria-recovery.breezy.hr/,"https://symetria-recovery.breezy.hr/json"
breezy,thementoringalliance,12,https://thementoringalliance.breezy.hr/,"https://thementoringalliance.breezy.hr/json"
breezy,truepoint-communications,12,https://truepoint-communications.breezy.hr/,"https://truepoint-communications.breezy.hr/json"
breezy,upsa,12,https://upsa.breezy.hr/,"https://upsa.breezy.hr/json"
breezy,virtual-construction-assistants,12,https://virtual-construction-assistants.breezy.hr/,"https://virtual-construction-assistants.breezy.hr/json"
breezy,words-first-ltd,12,https://words-first-ltd.breezy.hr/,"https://words-first-ltd.breezy.hr/json"
breezy,artidis-ag,11,https://artidis-ag.breezy.hr/,"https://artidis-ag.breezy.hr/json"
breezy,aspinal-of-london,11,https://aspinal-of-london.breezy.hr/,"https://aspinal-of-london.breezy.hr/json"
breezy,astro-shapes-llc,11,https://astro-shapes-llc.breezy.hr/,"https://astro-shapes-llc.breezy.hr/json"
breezy,backyard-discovery,11,https://backyard-discovery.breezy.hr/,"https://backyard-discovery.breezy.hr/json"
breezy,bald-head-island-club,11,https://bald-head-island-club.breezy.hr/,"https://bald-head-island-club.breezy.hr/json"
breezy,blue-bean-software-207b3997d9d4,11,https://blue-bean-software-207b3997d9d4.breezy.hr/,"https://blue-bean-software-207b3997d9d4.breezy.hr/json"
breezy,community-health-net,11,https://community-health-net.breezy.hr/,"https://community-health-net.breezy.hr/json"
breezy,cromwell-architects-engineers-inc-e1e86af4125f,11,https://cromwell-architects-engineers-inc-e1e86af4125f.breezy.hr/,"https://cromwell-architects-engineers-inc-e1e86af4125f.breezy.hr/json"
breezy,dental-health-associates,11,https://dental-health-associates.breezy.hr/,"https://dental-health-associates.breezy.hr/json"
breezy,desfo,11,https://desfo.breezy.hr/,"https://desfo.breezy.hr/json"
breezy,exit-factor,11,https://exit-factor.breezy.hr/,"https://exit-factor.breezy.hr/json"
breezy,fair-trade-outsourcing,11,https://fair-trade-outsourcing.breezy.hr/,"https://fair-trade-outsourcing.breezy.hr/json"
breezy,george-f-young,11,https://george-f-young.breezy.hr/,"https://george-f-young.breezy.hr/json"
breezy,high-performance-real-estate-advisors,11,https://high-performance-real-estate-advisors.breezy.hr/,"https://high-performance-real-estate-advisors.breezy.hr/json"
breezy,inteldot,11,https://inteldot.breezy.hr/,"https://inteldot.breezy.hr/json"
breezy,intellirad-imaging,11,https://intellirad-imaging.breezy.hr/,"https://intellirad-imaging.breezy.hr/json"
breezy,leap-digital-marketing,11,https://leap-digital-marketing.breezy.hr/,"https://leap-digital-marketing.breezy.hr/json"
breezy,litostroj-power,11,https://litostroj-power.breezy.hr/,"https://litostroj-power.breezy.hr/json"
breezy,matroid,11,https://matroid.breezy.hr/,"https://matroid.breezy.hr/json"
breezy,mch-careers,11,https://mch-careers.breezy.hr/,"https://mch-careers.breezy.hr/json"
breezy,norman-international-inc,11,https://norman-international-inc.breezy.hr/,"https://norman-international-inc.breezy.hr/json"
breezy,nyic,11,https://nyic.breezy.hr/,"https://nyic.breezy.hr/json"
breezy,online-labels,11,https://online-labels.breezy.hr/,"https://online-labels.breezy.hr/json"
breezy,orbital-kitchens,11,https://orbital-kitchens.breezy.hr/,"https://orbital-kitchens.breezy.hr/json"
breezy,passion,11,https://passion.breezy.hr/,"https://passion.breezy.hr/json"
breezy,pizza-luce,11,https://pizza-luce.breezy.hr/,"https://pizza-luce.breezy.hr/json"
breezy,reel-father-s-rights,11,https://reel-father-s-rights.breezy.hr/,"https://reel-father-s-rights.breezy.hr/json"
breezy,solen-software-group,11,https://solen-software-group.breezy.hr/,"https://solen-software-group.breezy.hr/json"
breezy,spacewell,11,https://spacewell.breezy.hr/,"https://spacewell.breezy.hr/json"
breezy,st-amant,11,https://st-amant.breezy.hr/,"https://st-amant.breezy.hr/json"
breezy,straub-collaborative,11,https://straub-collaborative.breezy.hr/,"https://straub-collaborative.breezy.hr/json"
breezy,tactibit-technologies-llc,11,https://tactibit-technologies-llc.breezy.hr/,"https://tactibit-technologies-llc.breezy.hr/json"
breezy,thefaculty,11,https://thefaculty.breezy.hr/,"https://thefaculty.breezy.hr/json"
breezy,trustpoint,11,https://trustpoint.breezy.hr/,"https://trustpoint.breezy.hr/json"
breezy,unifin-inc,11,https://unifin-inc.breezy.hr/,"https://unifin-inc.breezy.hr/json"
breezy,velox,11,https://velox.breezy.hr/,"https://velox.breezy.hr/json"
breezy,veta-virtual-inc,11,https://veta-virtual-inc.breezy.hr/,"https://veta-virtual-inc.breezy.hr/json"
breezy,zl-technologies-inc,11,https://zl-technologies-inc.breezy.hr/,"https://zl-technologies-inc.breezy.hr/json"
breezy,75f-apac,10,https://75f-apac.breezy.hr/,"https://75f-apac.breezy.hr/json"
breezy,archangellightworks,10,https://archangellightworks.breezy.hr/,"https://archangellightworks.breezy.hr/json"
breezy,avi-health-community-services-9eb7555be744,10,https://avi-health-community-services-9eb7555be744.breezy.hr/,"https://avi-health-community-services-9eb7555be744.breezy.hr/json"
breezy,b-spoke-studios,10,https://b-spoke-studios.breezy.hr/,"https://b-spoke-studios.breezy.hr/json"
breezy,barloworldequipment,10,https://barloworldequipment.breezy.hr/,"https://barloworldequipment.breezy.hr/json"
breezy,blenderbox,10,https://blenderbox.breezy.hr/,"https://blenderbox.breezy.hr/json"
breezy,bluestem-biosciences,10,https://bluestem-biosciences.breezy.hr/,"https://bluestem-biosciences.breezy.hr/json"
breezy,bobandronna,10,https://bobandronna.breezy.hr/,"https://bobandronna.breezy.hr/json"
breezy,boldare,10,https://boldare.breezy.hr/,"https://boldare.breezy.hr/json"
breezy,brightside-collective,10,https://brightside-collective.breezy.hr/,"https://brightside-collective.breezy.hr/json"
breezy,c3industries,10,https://c3industries.breezy.hr/,"https://c3industries.breezy.hr/json"
breezy,cambridge-dental,10,https://cambridge-dental.breezy.hr/,"https://cambridge-dental.breezy.hr/json"
breezy,cesar,10,https://cesar.breezy.hr/,"https://cesar.breezy.hr/json"
breezy,cogentlabs,10,https://cogentlabs.breezy.hr/,"https://cogentlabs.breezy.hr/json"
breezy,controlpoint-technologies,10,https://controlpoint-technologies.breezy.hr/,"https://controlpoint-technologies.breezy.hr/json"
breezy,dolly-s-life-of-many-colors-museum,10,https://dolly-s-life-of-many-colors-museum.breezy.hr/,"https://dolly-s-life-of-many-colors-museum.breezy.hr/json"
breezy,drips,10,https://drips.breezy.hr/,"https://drips.breezy.hr/json"
breezy,eigroup,10,https://eigroup.breezy.hr/,"https://eigroup.breezy.hr/json"
breezy,equipment-sales-service-limited,10,https://equipment-sales-service-limited.breezy.hr/,"https://equipment-sales-service-limited.breezy.hr/json"
breezy,fuelerate,10,https://fuelerate.breezy.hr/,"https://fuelerate.breezy.hr/json"
breezy,groundwork-coffee,10,https://groundwork-coffee.breezy.hr/,"https://groundwork-coffee.breezy.hr/json"
breezy,hassle-free-home-services,10,https://hassle-free-home-services.breezy.hr/,"https://hassle-free-home-services.breezy.hr/json"
breezy,heartland-womens-health,10,https://heartland-womens-health.breezy.hr/,"https://heartland-womens-health.breezy.hr/json"
breezy,hunt-forest-products,10,https://hunt-forest-products.breezy.hr/,"https://hunt-forest-products.breezy.hr/json"
breezy,ic-automation,10,https://ic-automation.breezy.hr/,"https://ic-automation.breezy.hr/json"
breezy,ishir,10,https://ishir.breezy.hr/,"https://ishir.breezy.hr/json"
breezy,itasca-consulting-group,10,https://itasca-consulting-group.breezy.hr/,"https://itasca-consulting-group.breezy.hr/json"
breezy,lunarresources,10,https://lunarresources.breezy.hr/,"https://lunarresources.breezy.hr/json"
breezy,mapon,10,https://mapon.breezy.hr/,"https://mapon.breezy.hr/json"
breezy,mytonomy-inc,10,https://mytonomy-inc.breezy.hr/,"https://mytonomy-inc.breezy.hr/json"
breezy,poseidon,10,https://poseidon.breezy.hr/,"https://poseidon.breezy.hr/json"
breezy,red-antler,10,https://red-antler.breezy.hr/,"https://red-antler.breezy.hr/json"
breezy,sealing-technologies-inc,10,https://sealing-technologies-inc.breezy.hr/,"https://sealing-technologies-inc.breezy.hr/json"
breezy,senesco-marine,10,https://senesco-marine.breezy.hr/,"https://senesco-marine.breezy.hr/json"
breezy,skipper,10,https://skipper.breezy.hr/,"https://skipper.breezy.hr/json"
breezy,smartrend-manufacturing-group,10,https://smartrend-manufacturing-group.breezy.hr/,"https://smartrend-manufacturing-group.breezy.hr/json"
breezy,southern-california-institute-of-technology,10,https://southern-california-institute-of-technology.breezy.hr/,"https://southern-california-institute-of-technology.breezy.hr/json"
breezy,summit-integrated-systems,10,https://summit-integrated-systems.breezy.hr/,"https://summit-integrated-systems.breezy.hr/json"
breezy,superdispatch,10,https://superdispatch.breezy.hr/,"https://superdispatch.breezy.hr/json"
breezy,sva,10,https://sva.breezy.hr/,"https://sva.breezy.hr/json"
breezy,telos-media,10,https://telos-media.breezy.hr/,"https://telos-media.breezy.hr/json"
breezy,telus-health-care-centers,10,https://telus-health-care-centers.breezy.hr/,"https://telus-health-care-centers.breezy.hr/json"
breezy,the-care-bureau,10,https://the-care-bureau.breezy.hr/,"https://the-care-bureau.breezy.hr/json"
breezy,thecrossing,10,https://thecrossing.breezy.hr/,"https://thecrossing.breezy.hr/json"
breezy,under-armour,10,https://under-armour.breezy.hr/,"https://under-armour.breezy.hr/json"
breezy,wega-informatik-ag,10,https://wega-informatik-ag.breezy.hr/,"https://wega-informatik-ag.breezy.hr/json"
breezy,accelone,9,https://accelone.breezy.hr/,"https://accelone.breezy.hr/json"
breezy,actims,9,https://actims.breezy.hr/,"https://actims.breezy.hr/json"
breezy,advancing-beyond-the-spectrum,9,https://advancing-beyond-the-spectrum.breezy.hr/,"https://advancing-beyond-the-spectrum.breezy.hr/json"
breezy,agriterra-equipment,9,https://agriterra-equipment.breezy.hr/,"https://agriterra-equipment.breezy.hr/json"
breezy,alma-del-mar-charter-school,9,https://alma-del-mar-charter-school.breezy.hr/,"https://alma-del-mar-charter-school.breezy.hr/json"
breezy,anthos-home,9,https://anthos-home.breezy.hr/,"https://anthos-home.breezy.hr/json"
breezy,bounce-therapy,9,https://bounce-therapy.breezy.hr/,"https://bounce-therapy.breezy.hr/json"
breezy,brella,9,https://brella.breezy.hr/,"https://brella.breezy.hr/json"
breezy,capitolhill-consortium-for-consulting-consultation-llc-cccc-llc,9,https://capitolhill-consortium-for-consulting-consultation-llc-cccc-llc.breezy.hr/,"https://capitolhill-consortium-for-consulting-consultation-llc-cccc-llc.breezy.hr/json"
breezy,cardinal-technology-systems-corp,9,https://cardinal-technology-systems-corp.breezy.hr/,"https://cardinal-technology-systems-corp.breezy.hr/json"
breezy,codebase,9,https://codebase.breezy.hr/,"https://codebase.breezy.hr/json"
breezy,customfoods,9,https://customfoods.breezy.hr/,"https://customfoods.breezy.hr/json"
breezy,dead-dog-saloon,9,https://dead-dog-saloon.breezy.hr/,"https://dead-dog-saloon.breezy.hr/json"
breezy,delicious-monster,9,https://delicious-monster.breezy.hr/,"https://delicious-monster.breezy.hr/json"
breezy,dtcp,9,https://dtcp.breezy.hr/,"https://dtcp.breezy.hr/json"
breezy,etoile-academy-charter-school,9,https://etoile-academy-charter-school.breezy.hr/,"https://etoile-academy-charter-school.breezy.hr/json"
breezy,go-hr,9,https://go-hr.breezy.hr/,"https://go-hr.breezy.hr/json"
breezy,heo,9,https://heo.breezy.hr/,"https://heo.breezy.hr/json"
breezy,hungerrush,9,https://hungerrush.breezy.hr/,"https://hungerrush.breezy.hr/json"
breezy,ilo-group,9,https://ilo-group.breezy.hr/,"https://ilo-group.breezy.hr/json"
breezy,inorg-global,9,https://inorg-global.breezy.hr/,"https://inorg-global.breezy.hr/json"
breezy,inspired-testing,9,https://inspired-testing.breezy.hr/,"https://inspired-testing.breezy.hr/json"
breezy,ladder-health,9,https://ladder-health.breezy.hr/,"https://ladder-health.breezy.hr/json"
breezy,ltg,9,https://ltg.breezy.hr/,"https://ltg.breezy.hr/json"
breezy,magnolia-care-services-inc,9,https://magnolia-care-services-inc.breezy.hr/,"https://magnolia-care-services-inc.breezy.hr/json"
breezy,mobilizejobs,9,https://mobilizejobs.breezy.hr/,"https://mobilizejobs.breezy.hr/json"
breezy,modern-pediatrics,9,https://modern-pediatrics.breezy.hr/,"https://modern-pediatrics.breezy.hr/json"
breezy,new-york-holdings,9,https://new-york-holdings.breezy.hr/,"https://new-york-holdings.breezy.hr/json"
breezy,nimble-group,9,https://nimble-group.breezy.hr/,"https://nimble-group.breezy.hr/json"
breezy,plan-left-llc,9,https://plan-left-llc.breezy.hr/,"https://plan-left-llc.breezy.hr/json"
breezy,quality-enterprises-usa-inc,9,https://quality-enterprises-usa-inc.breezy.hr/,"https://quality-enterprises-usa-inc.breezy.hr/json"
breezy,quantios,9,https://quantios.breezy.hr/,"https://quantios.breezy.hr/json"
breezy,rubicon-group,9,https://rubicon-group.breezy.hr/,"https://rubicon-group.breezy.hr/json"
breezy,scb-techx-co-ltd,9,https://scb-techx-co-ltd.breezy.hr/,"https://scb-techx-co-ltd.breezy.hr/json"
breezy,serato-limited,9,https://serato-limited.breezy.hr/,"https://serato-limited.breezy.hr/json"
breezy,smileland-dental,9,https://smileland-dental.breezy.hr/,"https://smileland-dental.breezy.hr/json"
breezy,tawk-to,9,https://tawk-to.breezy.hr/,"https://tawk-to.breezy.hr/json"
breezy,the-bureau,9,https://the-bureau.breezy.hr/,"https://the-bureau.breezy.hr/json"
breezy,the-sugrue-group-llc,9,https://the-sugrue-group-llc.breezy.hr/,"https://the-sugrue-group-llc.breezy.hr/json"
breezy,thronelabs,9,https://thronelabs.breezy.hr/,"https://thronelabs.breezy.hr/json"
breezy,truplace,9,https://truplace.breezy.hr/,"https://truplace.breezy.hr/json"
breezy,vagaro,9,https://vagaro.breezy.hr/,"https://vagaro.breezy.hr/json"
breezy,voters-of-tomorrow,9,https://voters-of-tomorrow.breezy.hr/,"https://voters-of-tomorrow.breezy.hr/json"
breezy,warrior-coal-llc,9,https://warrior-coal-llc.breezy.hr/,"https://warrior-coal-llc.breezy.hr/json"
breezy,yrefy-llc,9,https://yrefy-llc.breezy.hr/,"https://yrefy-llc.breezy.hr/json"
breezy,zeus-fire-and-security,9,https://zeus-fire-and-security.breezy.hr/,"https://zeus-fire-and-security.breezy.hr/json"
breezy,25madison-llc,8,https://25madison-llc.breezy.hr/,"https://25madison-llc.breezy.hr/json"
breezy,aeroseal,8,https://aeroseal.breezy.hr/,"https://aeroseal.breezy.hr/json"
breezy,altanova,8,https://altanova.breezy.hr/,"https://altanova.breezy.hr/json"
breezy,asantegold,8,https://asantegold.breezy.hr/,"https://asantegold.breezy.hr/json"
breezy,asian-pacific-islander-legal-outreach,8,https://asian-pacific-islander-legal-outreach.breezy.hr/,"https://asian-pacific-islander-legal-outreach.breezy.hr/json"
breezy,asian-pacific-islander-political-alliance,8,https://asian-pacific-islander-political-alliance.breezy.hr/,"https://asian-pacific-islander-political-alliance.breezy.hr/json"
breezy,atlasprimary,8,https://atlasprimary.breezy.hr/,"https://atlasprimary.breezy.hr/json"
breezy,avidyne,8,https://avidyne.breezy.hr/,"https://avidyne.breezy.hr/json"
breezy,behavioral-health-field-inc,8,https://behavioral-health-field-inc.breezy.hr/,"https://behavioral-health-field-inc.breezy.hr/json"
breezy,bridger-aerospace,8,https://bridger-aerospace.breezy.hr/,"https://bridger-aerospace.breezy.hr/json"
breezy,bristow-and-sutor-group,8,https://bristow-and-sutor-group.breezy.hr/,"https://bristow-and-sutor-group.breezy.hr/json"
breezy,census,8,https://census.breezy.hr/,"https://census.breezy.hr/json"
breezy,chinook-systems,8,https://chinook-systems.breezy.hr/,"https://chinook-systems.breezy.hr/json"
breezy,clever-real-estate,8,https://clever-real-estate.breezy.hr/,"https://clever-real-estate.breezy.hr/json"
breezy,climate-defiance,8,https://climate-defiance.breezy.hr/,"https://climate-defiance.breezy.hr/json"
breezy,cluster-1-sa,8,https://cluster-1-sa.breezy.hr/,"https://cluster-1-sa.breezy.hr/json"
breezy,critical-software,8,https://critical-software.breezy.hr/,"https://critical-software.breezy.hr/json"
breezy,cytracom,8,https://cytracom.breezy.hr/,"https://cytracom.breezy.hr/json"
breezy,dalcom-llc,8,https://dalcom-llc.breezy.hr/,"https://dalcom-llc.breezy.hr/json"
breezy,deep-end-talent-strategies,8,https://deep-end-talent-strategies.breezy.hr/,"https://deep-end-talent-strategies.breezy.hr/json"
breezy,ds2,8,https://ds2.breezy.hr/,"https://ds2.breezy.hr/json"
breezy,dyflex,8,https://dyflex.breezy.hr/,"https://dyflex.breezy.hr/json"
breezy,eduevolve,8,https://eduevolve.breezy.hr/,"https://eduevolve.breezy.hr/json"
breezy,exo-arnvind,8,https://exo-arnvind.breezy.hr/,"https://exo-arnvind.breezy.hr/json"
breezy,fei,8,https://fei.breezy.hr/,"https://fei.breezy.hr/json"
breezy,grid-united,8,https://grid-united.breezy.hr/,"https://grid-united.breezy.hr/json"
breezy,hall-ambulance,8,https://hall-ambulance.breezy.hr/,"https://hall-ambulance.breezy.hr/json"
breezy,highkey,8,https://highkey.breezy.hr/,"https://highkey.breezy.hr/json"
breezy,home-spritz,8,https://home-spritz.breezy.hr/,"https://home-spritz.breezy.hr/json"
breezy,how-to-manage-a-small-law-firm,8,https://how-to-manage-a-small-law-firm.breezy.hr/,"https://how-to-manage-a-small-law-firm.breezy.hr/json"
breezy,img,8,https://img.breezy.hr/,"https://img.breezy.hr/json"
breezy,jlm-hr-consulting,8,https://jlm-hr-consulting.breezy.hr/,"https://jlm-hr-consulting.breezy.hr/json"
breezy,jonathan-s-landing-golf-club,8,https://jonathan-s-landing-golf-club.breezy.hr/,"https://jonathan-s-landing-golf-club.breezy.hr/json"
breezy,k2-electric,8,https://k2-electric.breezy.hr/,"https://k2-electric.breezy.hr/json"
breezy,love-corn,8,https://love-corn.breezy.hr/,"https://love-corn.breezy.hr/json"
breezy,manabie,8,https://manabie.breezy.hr/,"https://manabie.breezy.hr/json"
breezy,methode,8,https://methode.breezy.hr/,"https://methode.breezy.hr/json"
breezy,nexus-group,8,https://nexus-group.breezy.hr/,"https://nexus-group.breezy.hr/json"
breezy,nortedigital,8,https://nortedigital.breezy.hr/,"https://nortedigital.breezy.hr/json"
breezy,o-keefe-media-group,8,https://o-keefe-media-group.breezy.hr/,"https://o-keefe-media-group.breezy.hr/json"
breezy,pharma-medica-research-inc,8,https://pharma-medica-research-inc.breezy.hr/,"https://pharma-medica-research-inc.breezy.hr/json"
breezy,renewance-inc,8,https://renewance-inc.breezy.hr/,"https://renewance-inc.breezy.hr/json"
breezy,rs-breakers-and-controls-inc-cb1b471cbe8e,8,https://rs-breakers-and-controls-inc-cb1b471cbe8e.breezy.hr/,"https://rs-breakers-and-controls-inc-cb1b471cbe8e.breezy.hr/json"
breezy,sabanto,8,https://sabanto.breezy.hr/,"https://sabanto.breezy.hr/json"
breezy,sdv-construction-inc,8,https://sdv-construction-inc.breezy.hr/,"https://sdv-construction-inc.breezy.hr/json"
breezy,sparkle-freshness,8,https://sparkle-freshness.breezy.hr/,"https://sparkle-freshness.breezy.hr/json"
breezy,starbucks-south-africa,8,https://starbucks-south-africa.breezy.hr/,"https://starbucks-south-africa.breezy.hr/json"
breezy,swipejobs,8,https://swipejobs.breezy.hr/,"https://swipejobs.breezy.hr/json"
breezy,talk-recruitment-limited,8,https://talk-recruitment-limited.breezy.hr/,"https://talk-recruitment-limited.breezy.hr/json"
breezy,the-san-francisco-standard,8,https://the-san-francisco-standard.breezy.hr/,"https://the-san-francisco-standard.breezy.hr/json"
breezy,uniconcepts,8,https://uniconcepts.breezy.hr/,"https://uniconcepts.breezy.hr/json"
breezy,veev,8,https://veev.breezy.hr/,"https://veev.breezy.hr/json"
breezy,voyagu,8,https://voyagu.breezy.hr/,"https://voyagu.breezy.hr/json"
breezy,water-works-engineers,8,https://water-works-engineers.breezy.hr/,"https://water-works-engineers.breezy.hr/json"
breezy,welby-health-inc,8,https://welby-health-inc.breezy.hr/,"https://welby-health-inc.breezy.hr/json"
breezy,wersirius,8,https://wersirius.breezy.hr/,"https://wersirius.breezy.hr/json"
breezy,winter-environmental,8,https://winter-environmental.breezy.hr/,"https://winter-environmental.breezy.hr/json"
breezy,yokly,8,https://yokly.breezy.hr/,"https://yokly.breezy.hr/json"
breezy,a-merante-contracting-inc,7,https://a-merante-contracting-inc.breezy.hr/,"https://a-merante-contracting-inc.breezy.hr/json"
breezy,active-dental-management,7,https://active-dental-management.breezy.hr/,"https://active-dental-management.breezy.hr/json"
breezy,adah-international-llc,7,https://adah-international-llc.breezy.hr/,"https://adah-international-llc.breezy.hr/json"
breezy,amfg,7,https://amfg.breezy.hr/,"https://amfg.breezy.hr/json"
breezy,amity-solutions,7,https://amity-solutions.breezy.hr/,"https://amity-solutions.breezy.hr/json"
breezy,anchour,7,https://anchour.breezy.hr/,"https://anchour.breezy.hr/json"
breezy,andworx,7,https://andworx.breezy.hr/,"https://andworx.breezy.hr/json"
breezy,anthem-engineering,7,https://anthem-engineering.breezy.hr/,"https://anthem-engineering.breezy.hr/json"
breezy,asian-law-caucus,7,https://asian-law-caucus.breezy.hr/,"https://asian-law-caucus.breezy.hr/json"
breezy,atlanticoceansidehotel,7,https://atlanticoceansidehotel.breezy.hr/,"https://atlanticoceansidehotel.breezy.hr/json"
breezy,bad-marketing,7,https://bad-marketing.breezy.hr/,"https://bad-marketing.breezy.hr/json"
breezy,barharborinn,7,https://barharborinn.breezy.hr/,"https://barharborinn.breezy.hr/json"
breezy,blaze-media,7,https://blaze-media.breezy.hr/,"https://blaze-media.breezy.hr/json"
breezy,bluetree-group,7,https://bluetree-group.breezy.hr/,"https://bluetree-group.breezy.hr/json"
breezy,church-of-the-city,7,https://church-of-the-city.breezy.hr/,"https://church-of-the-city.breezy.hr/json"
breezy,cleantech-service-group-ltd,7,https://cleantech-service-group-ltd.breezy.hr/,"https://cleantech-service-group-ltd.breezy.hr/json"
breezy,compass-datacenters,7,https://compass-datacenters.breezy.hr/,"https://compass-datacenters.breezy.hr/json"
breezy,diamond-assets,7,https://diamond-assets.breezy.hr/,"https://diamond-assets.breezy.hr/json"
breezy,digisay,7,https://digisay.breezy.hr/,"https://digisay.breezy.hr/json"
breezy,digital-air-strike,7,https://digital-air-strike.breezy.hr/,"https://digital-air-strike.breezy.hr/json"
breezy,engage-squared,7,https://engage-squared.breezy.hr/,"https://engage-squared.breezy.hr/json"
breezy,fors-marsh-group,7,https://fors-marsh-group.breezy.hr/,"https://fors-marsh-group.breezy.hr/json"
breezy,galimberti,7,https://galimberti.breezy.hr/,"https://galimberti.breezy.hr/json"
breezy,global-infotek-inc,7,https://global-infotek-inc.breezy.hr/,"https://global-infotek-inc.breezy.hr/json"
breezy,growthub-agency,7,https://growthub-agency.breezy.hr/,"https://growthub-agency.breezy.hr/json"
breezy,i5invest,7,https://i5invest.breezy.hr/,"https://i5invest.breezy.hr/json"
breezy,ino-ca,7,https://ino-ca.breezy.hr/,"https://ino-ca.breezy.hr/json"
breezy,jabu,7,https://jabu.breezy.hr/,"https://jabu.breezy.hr/json"
breezy,jamaica-ssg,7,https://jamaica-ssg.breezy.hr/,"https://jamaica-ssg.breezy.hr/json"
breezy,karen-clark-company,7,https://karen-clark-company.breezy.hr/,"https://karen-clark-company.breezy.hr/json"
breezy,kastech-canada-inc,7,https://kastech-canada-inc.breezy.hr/,"https://kastech-canada-inc.breezy.hr/json"
breezy,kenect,7,https://kenect.breezy.hr/,"https://kenect.breezy.hr/json"
breezy,madison-medical-affiliates,7,https://madison-medical-affiliates.breezy.hr/,"https://madison-medical-affiliates.breezy.hr/json"
breezy,mainstream-home-services,7,https://mainstream-home-services.breezy.hr/,"https://mainstream-home-services.breezy.hr/json"
breezy,mainstreaming-spa,7,https://mainstreaming-spa.breezy.hr/,"https://mainstreaming-spa.breezy.hr/json"
breezy,martin-horn-inc,7,https://martin-horn-inc.breezy.hr/,"https://martin-horn-inc.breezy.hr/json"
breezy,mohawk-ambulance-service,7,https://mohawk-ambulance-service.breezy.hr/,"https://mohawk-ambulance-service.breezy.hr/json"
breezy,newground,7,https://newground.breezy.hr/,"https://newground.breezy.hr/json"
breezy,nexxis-solutions,7,https://nexxis-solutions.breezy.hr/,"https://nexxis-solutions.breezy.hr/json"
breezy,ngc-transmission-equipment-america-inc,7,https://ngc-transmission-equipment-america-inc.breezy.hr/,"https://ngc-transmission-equipment-america-inc.breezy.hr/json"
breezy,north-river-home-care,7,https://north-river-home-care.breezy.hr/,"https://north-river-home-care.breezy.hr/json"
breezy,northland-area-fcu,7,https://northland-area-fcu.breezy.hr/,"https://northland-area-fcu.breezy.hr/json"
breezy,park-avenue-center,7,https://park-avenue-center.breezy.hr/,"https://park-avenue-center.breezy.hr/json"
breezy,prodeo-academy,7,https://prodeo-academy.breezy.hr/,"https://prodeo-academy.breezy.hr/json"
breezy,rmc-events-inc,7,https://rmc-events-inc.breezy.hr/,"https://rmc-events-inc.breezy.hr/json"
breezy,s-b-technical-products,7,https://s-b-technical-products.breezy.hr/,"https://s-b-technical-products.breezy.hr/json"
breezy,serious-development,7,https://serious-development.breezy.hr/,"https://serious-development.breezy.hr/json"
breezy,solomons-europe,7,https://solomons-europe.breezy.hr/,"https://solomons-europe.breezy.hr/json"
breezy,streamhub,7,https://streamhub.breezy.hr/,"https://streamhub.breezy.hr/json"
breezy,totara-learning-solutions,7,https://totara-learning-solutions.breezy.hr/,"https://totara-learning-solutions.breezy.hr/json"
breezy,transak-inc,7,https://transak-inc.breezy.hr/,"https://transak-inc.breezy.hr/json"
breezy,turaco,7,https://turaco.breezy.hr/,"https://turaco.breezy.hr/json"
breezy,tuva,7,https://tuva.breezy.hr/,"https://tuva.breezy.hr/json"
breezy,uclawsf,7,https://uclawsf.breezy.hr/,"https://uclawsf.breezy.hr/json"
breezy,victory,7,https://victory.breezy.hr/,"https://victory.breezy.hr/json"
breezy,vm-drilling-pty-ltd,7,https://vm-drilling-pty-ltd.breezy.hr/,"https://vm-drilling-pty-ltd.breezy.hr/json"
breezy,wearlinq,7,https://wearlinq.breezy.hr/,"https://wearlinq.breezy.hr/json"
breezy,westairgroupofcompanies,7,https://westairgroupofcompanies.breezy.hr/,"https://westairgroupofcompanies.breezy.hr/json"
breezy,abstractgroup,6,https://abstractgroup.breezy.hr/,"https://abstractgroup.breezy.hr/json"
breezy,arpio,6,https://arpio.breezy.hr/,"https://arpio.breezy.hr/json"
breezy,auric,6,https://auric.breezy.hr/,"https://auric.breezy.hr/json"
breezy,awarri,6,https://awarri.breezy.hr/,"https://awarri.breezy.hr/json"
breezy,behavior-intervention-group,6,https://behavior-intervention-group.breezy.hr/,"https://behavior-intervention-group.breezy.hr/json"
breezy,beli,6,https://beli.breezy.hr/,"https://beli.breezy.hr/json"
breezy,blueprint-smiles,6,https://blueprint-smiles.breezy.hr/,"https://blueprint-smiles.breezy.hr/json"
breezy,cdh,6,https://cdh.breezy.hr/,"https://cdh.breezy.hr/json"
breezy,cefaly-technology,6,https://cefaly-technology.breezy.hr/,"https://cefaly-technology.breezy.hr/json"
breezy,center-for-responsive-schools,6,https://center-for-responsive-schools.breezy.hr/,"https://center-for-responsive-schools.breezy.hr/json"
breezy,children-s-choice-learning-center,6,https://children-s-choice-learning-center.breezy.hr/,"https://children-s-choice-learning-center.breezy.hr/json"
breezy,clean-air-task-force,6,https://clean-air-task-force.breezy.hr/,"https://clean-air-task-force.breezy.hr/json"
breezy,consolidated-bus-transit,6,https://consolidated-bus-transit.breezy.hr/,"https://consolidated-bus-transit.breezy.hr/json"
breezy,creative-capsule,6,https://creative-capsule.breezy.hr/,"https://creative-capsule.breezy.hr/json"
breezy,cse-global,6,https://cse-global.breezy.hr/,"https://cse-global.breezy.hr/json"
breezy,cyberlogic,6,https://cyberlogic.breezy.hr/,"https://cyberlogic.breezy.hr/json"
breezy,darkhorse-tech,6,https://darkhorse-tech.breezy.hr/,"https://darkhorse-tech.breezy.hr/json"
breezy,dev-partners-philippines,6,https://dev-partners-philippines.breezy.hr/,"https://dev-partners-philippines.breezy.hr/json"
breezy,djamo,6,https://djamo.breezy.hr/,"https://djamo.breezy.hr/json"
breezy,dubizzlelabs,6,https://dubizzlelabs.breezy.hr/,"https://dubizzlelabs.breezy.hr/json"
breezy,everspring-inc,6,https://everspring-inc.breezy.hr/,"https://everspring-inc.breezy.hr/json"
breezy,freyer-laureta-inc,6,https://freyer-laureta-inc.breezy.hr/,"https://freyer-laureta-inc.breezy.hr/json"
breezy,genestack-ltd,6,https://genestack-ltd.breezy.hr/,"https://genestack-ltd.breezy.hr/json"
breezy,headx,6,https://headx.breezy.hr/,"https://headx.breezy.hr/json"
breezy,heartwood-community-school,6,https://heartwood-community-school.breezy.hr/,"https://heartwood-community-school.breezy.hr/json"
breezy,hedgehog-technologies-inc,6,https://hedgehog-technologies-inc.breezy.hr/,"https://hedgehog-technologies-inc.breezy.hr/json"
breezy,hendriks-greenhouses,6,https://hendriks-greenhouses.breezy.hr/,"https://hendriks-greenhouses.breezy.hr/json"
breezy,hidden-talent,6,https://hidden-talent.breezy.hr/,"https://hidden-talent.breezy.hr/json"
breezy,impact-chw,6,https://impact-chw.breezy.hr/,"https://impact-chw.breezy.hr/json"
breezy,insentra,6,https://insentra.breezy.hr/,"https://insentra.breezy.hr/json"
breezy,intecon-llc,6,https://intecon-llc.breezy.hr/,"https://intecon-llc.breezy.hr/json"
breezy,kaipod-learning,6,https://kaipod-learning.breezy.hr/,"https://kaipod-learning.breezy.hr/json"
breezy,kelsus-inc,6,https://kelsus-inc.breezy.hr/,"https://kelsus-inc.breezy.hr/json"
breezy,kindgeeks,6,https://kindgeeks.breezy.hr/,"https://kindgeeks.breezy.hr/json"
breezy,masters-insurance,6,https://masters-insurance.breezy.hr/,"https://masters-insurance.breezy.hr/json"
breezy,matter-family-office,6,https://matter-family-office.breezy.hr/,"https://matter-family-office.breezy.hr/json"
breezy,meals-on-wheels-central-texas-in-home-care,6,https://meals-on-wheels-central-texas-in-home-care.breezy.hr/,"https://meals-on-wheels-central-texas-in-home-care.breezy.hr/json"
breezy,medschoolcoach,6,https://medschoolcoach.breezy.hr/,"https://medschoolcoach.breezy.hr/json"
breezy,montage-marketing,6,https://montage-marketing.breezy.hr/,"https://montage-marketing.breezy.hr/json"
breezy,moser-consulting,6,https://moser-consulting.breezy.hr/,"https://moser-consulting.breezy.hr/json"
breezy,nexplay-consulting-inc,6,https://nexplay-consulting-inc.breezy.hr/,"https://nexplay-consulting-inc.breezy.hr/json"
breezy,ninjaholdings,6,https://ninjaholdings.breezy.hr/,"https://ninjaholdings.breezy.hr/json"
breezy,nordcloud-career,6,https://nordcloud-career.breezy.hr/,"https://nordcloud-career.breezy.hr/json"
breezy,one-step,6,https://one-step.breezy.hr/,"https://one-step.breezy.hr/json"
breezy,open-door-legal,6,https://open-door-legal.breezy.hr/,"https://open-door-legal.breezy.hr/json"
breezy,outform-consulting,6,https://outform-consulting.breezy.hr/,"https://outform-consulting.breezy.hr/json"
breezy,pals-home-health,6,https://pals-home-health.breezy.hr/,"https://pals-home-health.breezy.hr/json"
breezy,precision-well-servicing,6,https://precision-well-servicing.breezy.hr/,"https://precision-well-servicing.breezy.hr/json"
breezy,primeforge,6,https://primeforge.breezy.hr/,"https://primeforge.breezy.hr/json"
breezy,raftelis,6,https://raftelis.breezy.hr/,"https://raftelis.breezy.hr/json"
breezy,reconstruct-inc,6,https://reconstruct-inc.breezy.hr/,"https://reconstruct-inc.breezy.hr/json"
breezy,regionalfp,6,https://regionalfp.breezy.hr/,"https://regionalfp.breezy.hr/json"
breezy,rivet-work,6,https://rivet-work.breezy.hr/,"https://rivet-work.breezy.hr/json"
breezy,robertplumbmanagement,6,https://robertplumbmanagement.breezy.hr/,"https://robertplumbmanagement.breezy.hr/json"
breezy,ruvixx,6,https://ruvixx.breezy.hr/,"https://ruvixx.breezy.hr/json"
breezy,smallpartsinc,6,https://smallpartsinc.breezy.hr/,"https://smallpartsinc.breezy.hr/json"
breezy,smartmessage,6,https://smartmessage.breezy.hr/,"https://smartmessage.breezy.hr/json"
breezy,source-1-solutions,6,https://source-1-solutions.breezy.hr/,"https://source-1-solutions.breezy.hr/json"
breezy,sparkd,6,https://sparkd.breezy.hr/,"https://sparkd.breezy.hr/json"
breezy,speedwell-construction,6,https://speedwell-construction.breezy.hr/,"https://speedwell-construction.breezy.hr/json"
breezy,sponsorunited,6,https://sponsorunited.breezy.hr/,"https://sponsorunited.breezy.hr/json"
breezy,sportradar,6,https://sportradar.breezy.hr/,"https://sportradar.breezy.hr/json"
breezy,st-julian,6,https://st-julian.breezy.hr/,"https://st-julian.breezy.hr/json"
breezy,subscribe,6,https://subscribe.breezy.hr/,"https://subscribe.breezy.hr/json"
breezy,suny-clinton-clinton-community-college,6,https://suny-clinton-clinton-community-college.breezy.hr/,"https://suny-clinton-clinton-community-college.breezy.hr/json"
breezy,the-berkeley,6,https://the-berkeley.breezy.hr/,"https://the-berkeley.breezy.hr/json"
breezy,the-croghan-colonial-bank,6,https://the-croghan-colonial-bank.breezy.hr/,"https://the-croghan-colonial-bank.breezy.hr/json"
breezy,travellab,6,https://travellab.breezy.hr/,"https://travellab.breezy.hr/json"
breezy,treeline,6,https://treeline.breezy.hr/,"https://treeline.breezy.hr/json"
breezy,tri-county-mennonite-homes,6,https://tri-county-mennonite-homes.breezy.hr/,"https://tri-county-mennonite-homes.breezy.hr/json"
breezy,truleo,6,https://truleo.breezy.hr/,"https://truleo.breezy.hr/json"
breezy,united-home-experts-inc,6,https://united-home-experts-inc.breezy.hr/,"https://united-home-experts-inc.breezy.hr/json"
breezy,v-thru,6,https://v-thru.breezy.hr/,"https://v-thru.breezy.hr/json"
breezy,value-virtual-assistants,6,https://value-virtual-assistants.breezy.hr/,"https://value-virtual-assistants.breezy.hr/json"
breezy,vetro-fibermap-inc,6,https://vetro-fibermap-inc.breezy.hr/,"https://vetro-fibermap-inc.breezy.hr/json"
breezy,wash-associates,6,https://wash-associates.breezy.hr/,"https://wash-associates.breezy.hr/json"
breezy,xperteks,6,https://xperteks.breezy.hr/,"https://xperteks.breezy.hr/json"
breezy,zendar,6,https://zendar.breezy.hr/,"https://zendar.breezy.hr/json"
breezy,1st-edge-llc,5,https://1st-edge-llc.breezy.hr/,"https://1st-edge-llc.breezy.hr/json"
breezy,2ulaundry,5,https://2ulaundry.breezy.hr/,"https://2ulaundry.breezy.hr/json"
breezy,ablefy,5,https://ablefy.breezy.hr/,"https://ablefy.breezy.hr/json"
breezy,absolute-security,5,https://absolute-security.breezy.hr/,"https://absolute-security.breezy.hr/json"
breezy,acrow-limited,5,https://acrow-limited.breezy.hr/,"https://acrow-limited.breezy.hr/json"
breezy,advanced-crypto-services-inc,5,https://advanced-crypto-services-inc.breezy.hr/,"https://advanced-crypto-services-inc.breezy.hr/json"
breezy,align-custom-fit-footwear-footcare,5,https://align-custom-fit-footwear-footcare.breezy.hr/,"https://align-custom-fit-footwear-footcare.breezy.hr/json"
breezy,allies4outcomes,5,https://allies4outcomes.breezy.hr/,"https://allies4outcomes.breezy.hr/json"
breezy,almentor,5,https://almentor.breezy.hr/,"https://almentor.breezy.hr/json"
breezy,american-air-conditioning-heating,5,https://american-air-conditioning-heating.breezy.hr/,"https://american-air-conditioning-heating.breezy.hr/json"
breezy,american-coatings-association,5,https://american-coatings-association.breezy.hr/,"https://american-coatings-association.breezy.hr/json"
breezy,arrcc,5,https://arrcc.breezy.hr/,"https://arrcc.breezy.hr/json"
breezy,baisch-engineering,5,https://baisch-engineering.breezy.hr/,"https://baisch-engineering.breezy.hr/json"
breezy,balani-custom-clothiers,5,https://balani-custom-clothiers.breezy.hr/,"https://balani-custom-clothiers.breezy.hr/json"
breezy,bedford-commons-obgyn,5,https://bedford-commons-obgyn.breezy.hr/,"https://bedford-commons-obgyn.breezy.hr/json"
breezy,bellesa,5,https://bellesa.breezy.hr/,"https://bellesa.breezy.hr/json"
breezy,benchmark-space-systems-inc,5,https://benchmark-space-systems-inc.breezy.hr/,"https://benchmark-space-systems-inc.breezy.hr/json"
breezy,benzinga,5,https://benzinga.breezy.hr/,"https://benzinga.breezy.hr/json"
breezy,bgco,5,https://bgco.breezy.hr/,"https://bgco.breezy.hr/json"
breezy,brisbane-powerhouse,5,https://brisbane-powerhouse.breezy.hr/,"https://brisbane-powerhouse.breezy.hr/json"
breezy,centerbrite,5,https://centerbrite.breezy.hr/,"https://centerbrite.breezy.hr/json"
breezy,century-21-judge-fite,5,https://century-21-judge-fite.breezy.hr/,"https://century-21-judge-fite.breezy.hr/json"
breezy,ciyis-llc,5,https://ciyis-llc.breezy.hr/,"https://ciyis-llc.breezy.hr/json"
breezy,clarity-rcm,5,https://clarity-rcm.breezy.hr/,"https://clarity-rcm.breezy.hr/json"
breezy,commutatus,5,https://commutatus.breezy.hr/,"https://commutatus.breezy.hr/json"
breezy,converge-medical-technology,5,https://converge-medical-technology.breezy.hr/,"https://converge-medical-technology.breezy.hr/json"
breezy,cyos-solutions,5,https://cyos-solutions.breezy.hr/,"https://cyos-solutions.breezy.hr/json"
breezy,damas-jewellery,5,https://damas-jewellery.breezy.hr/,"https://damas-jewellery.breezy.hr/json"
breezy,davidson-logistics-inc,5,https://davidson-logistics-inc.breezy.hr/,"https://davidson-logistics-inc.breezy.hr/json"
breezy,firesafetyfirst,5,https://firesafetyfirst.breezy.hr/,"https://firesafetyfirst.breezy.hr/json"
breezy,gamurs,5,https://gamurs.breezy.hr/,"https://gamurs.breezy.hr/json"
breezy,gateway-market,5,https://gateway-market.breezy.hr/,"https://gateway-market.breezy.hr/json"
breezy,goodplanet-vzw,5,https://goodplanet-vzw.breezy.hr/,"https://goodplanet-vzw.breezy.hr/json"
breezy,green-bay-converting,5,https://green-bay-converting.breezy.hr/,"https://green-bay-converting.breezy.hr/json"
breezy,groundswell-contact-llc,5,https://groundswell-contact-llc.breezy.hr/,"https://groundswell-contact-llc.breezy.hr/json"
breezy,gsmgroup-africa,5,https://gsmgroup-africa.breezy.hr/,"https://gsmgroup-africa.breezy.hr/json"
breezy,hudhud,5,https://hudhud.breezy.hr/,"https://hudhud.breezy.hr/json"
breezy,ifixit,5,https://ifixit.breezy.hr/,"https://ifixit.breezy.hr/json"
breezy,insightful,5,https://insightful.breezy.hr/,"https://insightful.breezy.hr/json"
breezy,ittude,5,https://ittude.breezy.hr/,"https://ittude.breezy.hr/json"
breezy,kinetic-events,5,https://kinetic-events.breezy.hr/,"https://kinetic-events.breezy.hr/json"
breezy,kwik-lok,5,https://kwik-lok.breezy.hr/,"https://kwik-lok.breezy.hr/json"
breezy,latica-ai,5,https://latica-ai.breezy.hr/,"https://latica-ai.breezy.hr/json"
breezy,legna-software,5,https://legna-software.breezy.hr/,"https://legna-software.breezy.hr/json"
breezy,leobit,5,https://leobit.breezy.hr/,"https://leobit.breezy.hr/json"
breezy,linear-agency,5,https://linear-agency.breezy.hr/,"https://linear-agency.breezy.hr/json"
breezy,lionsville,5,https://lionsville.breezy.hr/,"https://lionsville.breezy.hr/json"
breezy,lorain-county-commissioners,5,https://lorain-county-commissioners.breezy.hr/,"https://lorain-county-commissioners.breezy.hr/json"
breezy,magellan-ai,5,https://magellan-ai.breezy.hr/,"https://magellan-ai.breezy.hr/json"
breezy,magenta-consulting,5,https://magenta-consulting.breezy.hr/,"https://magenta-consulting.breezy.hr/json"
breezy,manara,5,https://manara.breezy.hr/,"https://manara.breezy.hr/json"
breezy,manyone,5,https://manyone.breezy.hr/,"https://manyone.breezy.hr/json"
breezy,masterworks,5,https://masterworks.breezy.hr/,"https://masterworks.breezy.hr/json"
breezy,md-exam-inc,5,https://md-exam-inc.breezy.hr/,"https://md-exam-inc.breezy.hr/json"
breezy,melodyarc,5,https://melodyarc.breezy.hr/,"https://melodyarc.breezy.hr/json"
breezy,midstate-spring-inc,5,https://midstate-spring-inc.breezy.hr/,"https://midstate-spring-inc.breezy.hr/json"
breezy,mind-computing,5,https://mind-computing.breezy.hr/,"https://mind-computing.breezy.hr/json"
breezy,motivosity,5,https://motivosity.breezy.hr/,"https://motivosity.breezy.hr/json"
breezy,movnhealth,5,https://movnhealth.breezy.hr/,"https://movnhealth.breezy.hr/json"
breezy,newhouse-project-consulting,5,https://newhouse-project-consulting.breezy.hr/,"https://newhouse-project-consulting.breezy.hr/json"
breezy,norred-fire,5,https://norred-fire.breezy.hr/,"https://norred-fire.breezy.hr/json"
breezy,npb-companies,5,https://npb-companies.breezy.hr/,"https://npb-companies.breezy.hr/json"
breezy,oak-tenn,5,https://oak-tenn.breezy.hr/,"https://oak-tenn.breezy.hr/json"
breezy,observador,5,https://observador.breezy.hr/,"https://observador.breezy.hr/json"
breezy,partner-retail-services,5,https://partner-retail-services.breezy.hr/,"https://partner-retail-services.breezy.hr/json"
breezy,pearl-abyss-america,5,https://pearl-abyss-america.breezy.hr/,"https://pearl-abyss-america.breezy.hr/json"
breezy,peoplefluent,5,https://peoplefluent.breezy.hr/,"https://peoplefluent.breezy.hr/json"
breezy,petite-plume,5,https://petite-plume.breezy.hr/,"https://petite-plume.breezy.hr/json"
breezy,prodev,5,https://prodev.breezy.hr/,"https://prodev.breezy.hr/json"
breezy,pulse-id,5,https://pulse-id.breezy.hr/,"https://pulse-id.breezy.hr/json"
breezy,quinn-co-of-ny-ltd,5,https://quinn-co-of-ny-ltd.breezy.hr/,"https://quinn-co-of-ny-ltd.breezy.hr/json"
breezy,rcm-fire,5,https://rcm-fire.breezy.hr/,"https://rcm-fire.breezy.hr/json"
breezy,reamcare,5,https://reamcare.breezy.hr/,"https://reamcare.breezy.hr/json"
breezy,renewable-properties,5,https://renewable-properties.breezy.hr/,"https://renewable-properties.breezy.hr/json"
breezy,revendo-new,5,https://revendo-new.breezy.hr/,"https://revendo-new.breezy.hr/json"
breezy,revenued-albania,5,https://revenued-albania.breezy.hr/,"https://revenued-albania.breezy.hr/json"
breezy,rightmove-health,5,https://rightmove-health.breezy.hr/,"https://rightmove-health.breezy.hr/json"
breezy,rk-brands-ltd,5,https://rk-brands-ltd.breezy.hr/,"https://rk-brands-ltd.breezy.hr/json"
breezy,s-a-group,5,https://s-a-group.breezy.hr/,"https://s-a-group.breezy.hr/json"
breezy,scarpel-telecom,5,https://scarpel-telecom.breezy.hr/,"https://scarpel-telecom.breezy.hr/json"
breezy,school-of-the-nations,5,https://school-of-the-nations.breezy.hr/,"https://school-of-the-nations.breezy.hr/json"
breezy,scimitar-inc,5,https://scimitar-inc.breezy.hr/,"https://scimitar-inc.breezy.hr/json"
breezy,seidor,5,https://seidor.breezy.hr/,"https://seidor.breezy.hr/json"
breezy,share-local-media,5,https://share-local-media.breezy.hr/,"https://share-local-media.breezy.hr/json"
breezy,sikhri,5,https://sikhri.breezy.hr/,"https://sikhri.breezy.hr/json"
breezy,simera-sense,5,https://simera-sense.breezy.hr/,"https://simera-sense.breezy.hr/json"
breezy,snake-oil-cocktail-company,5,https://snake-oil-cocktail-company.breezy.hr/,"https://snake-oil-cocktail-company.breezy.hr/json"
breezy,sourcefin,5,https://sourcefin.breezy.hr/,"https://sourcefin.breezy.hr/json"
breezy,sparx-hockey,5,https://sparx-hockey.breezy.hr/,"https://sparx-hockey.breezy.hr/json"
breezy,startupblink,5,https://startupblink.breezy.hr/,"https://startupblink.breezy.hr/json"
breezy,stoss-inc,5,https://stoss-inc.breezy.hr/,"https://stoss-inc.breezy.hr/json"
breezy,sugarshot,5,https://sugarshot.breezy.hr/,"https://sugarshot.breezy.hr/json"
breezy,suricats-consulting,5,https://suricats-consulting.breezy.hr/,"https://suricats-consulting.breezy.hr/json"
breezy,team-uis,5,https://team-uis.breezy.hr/,"https://team-uis.breezy.hr/json"
breezy,texada-software,5,https://texada-software.breezy.hr/,"https://texada-software.breezy.hr/json"
breezy,the-assistant,5,https://the-assistant.breezy.hr/,"https://the-assistant.breezy.hr/json"
breezy,the-dyrt,5,https://the-dyrt.breezy.hr/,"https://the-dyrt.breezy.hr/json"
breezy,the-kidney-experts-pllc,5,https://the-kidney-experts-pllc.breezy.hr/,"https://the-kidney-experts-pllc.breezy.hr/json"
breezy,the-tutorverse,5,https://the-tutorverse.breezy.hr/,"https://the-tutorverse.breezy.hr/json"
breezy,thp,5,https://thp.breezy.hr/,"https://thp.breezy.hr/json"
breezy,totalstay,5,https://totalstay.breezy.hr/,"https://totalstay.breezy.hr/json"
breezy,triple-cities-network-solutions,5,https://triple-cities-network-solutions.breezy.hr/,"https://triple-cities-network-solutions.breezy.hr/json"
breezy,umai,5,https://umai.breezy.hr/,"https://umai.breezy.hr/json"
breezy,unlimit-ventures,5,https://unlimit-ventures.breezy.hr/,"https://unlimit-ventures.breezy.hr/json"
breezy,upsourced-accounting,5,https://upsourced-accounting.breezy.hr/,"https://upsourced-accounting.breezy.hr/json"
breezy,vontive,5,https://vontive.breezy.hr/,"https://vontive.breezy.hr/json"
breezy,vyntra,5,https://vyntra.breezy.hr/,"https://vyntra.breezy.hr/json"
breezy,waiter-com,5,https://waiter-com.breezy.hr/,"https://waiter-com.breezy.hr/json"
breezy,we-are-futures,5,https://we-are-futures.breezy.hr/,"https://we-are-futures.breezy.hr/json"
breezy,william-thomas-digital-inc,5,https://william-thomas-digital-inc.breezy.hr/,"https://william-thomas-digital-inc.breezy.hr/json"
breezy,winedirect,5,https://winedirect.breezy.hr/,"https://winedirect.breezy.hr/json"
breezy,wmc,5,https://wmc.breezy.hr/,"https://wmc.breezy.hr/json"
breezy,xl-batteries,5,https://xl-batteries.breezy.hr/,"https://xl-batteries.breezy.hr/json"
breezy,xpansehr,5,https://xpansehr.breezy.hr/,"https://xpansehr.breezy.hr/json"
breezy,yallaplay,5,https://yallaplay.breezy.hr/,"https://yallaplay.breezy.hr/json"
breezy,zact-inc,5,https://zact-inc.breezy.hr/,"https://zact-inc.breezy.hr/json"
breezy,021-strategic,4,https://021-strategic.breezy.hr/,"https://021-strategic.breezy.hr/json"
breezy,aceandcompany,4,https://aceandcompany.breezy.hr/,"https://aceandcompany.breezy.hr/json"
breezy,advantage-design-group,4,https://advantage-design-group.breezy.hr/,"https://advantage-design-group.breezy.hr/json"
breezy,af,4,https://af.breezy.hr/,"https://af.breezy.hr/json"
breezy,akt,4,https://akt.breezy.hr/,"https://akt.breezy.hr/json"
breezy,alltrade-industrial-contractors,4,https://alltrade-industrial-contractors.breezy.hr/,"https://alltrade-industrial-contractors.breezy.hr/json"
breezy,alt-legal,4,https://alt-legal.breezy.hr/,"https://alt-legal.breezy.hr/json"
breezy,angiosafe,4,https://angiosafe.breezy.hr/,"https://angiosafe.breezy.hr/json"
breezy,archangelautonomy,4,https://archangelautonomy.breezy.hr/,"https://archangelautonomy.breezy.hr/json"
breezy,ash-wellness-inc,4,https://ash-wellness-inc.breezy.hr/,"https://ash-wellness-inc.breezy.hr/json"
breezy,authentic,4,https://authentic.breezy.hr/,"https://authentic.breezy.hr/json"
breezy,basicblock-inc,4,https://basicblock-inc.breezy.hr/,"https://basicblock-inc.breezy.hr/json"
breezy,bettersource,4,https://bettersource.breezy.hr/,"https://bettersource.breezy.hr/json"
breezy,big-brothers-big-sisters-of-america,4,https://big-brothers-big-sisters-of-america.breezy.hr/,"https://big-brothers-big-sisters-of-america.breezy.hr/json"
breezy,brilliant,4,https://brilliant.breezy.hr/,"https://brilliant.breezy.hr/json"
breezy,brookhill,4,https://brookhill.breezy.hr/,"https://brookhill.breezy.hr/json"
breezy,busha,4,https://busha.breezy.hr/,"https://busha.breezy.hr/json"
breezy,business-system-solutions,4,https://business-system-solutions.breezy.hr/,"https://business-system-solutions.breezy.hr/json"
breezy,bvn,4,https://bvn.breezy.hr/,"https://bvn.breezy.hr/json"
breezy,centerstateceo,4,https://centerstateceo.breezy.hr/,"https://centerstateceo.breezy.hr/json"
breezy,century-consulting-services,4,https://century-consulting-services.breezy.hr/,"https://century-consulting-services.breezy.hr/json"
breezy,chromepms,4,https://chromepms.breezy.hr/,"https://chromepms.breezy.hr/json"
breezy,claros-technologies,4,https://claros-technologies.breezy.hr/,"https://claros-technologies.breezy.hr/json"
breezy,collectiv,4,https://collectiv.breezy.hr/,"https://collectiv.breezy.hr/json"
breezy,colnago-ernesto-e-c-srl,4,https://colnago-ernesto-e-c-srl.breezy.hr/,"https://colnago-ernesto-e-c-srl.breezy.hr/json"
breezy,cornbread-hemp,4,https://cornbread-hemp.breezy.hr/,"https://cornbread-hemp.breezy.hr/json"
breezy,cornerstone-christian-counseling,4,https://cornerstone-christian-counseling.breezy.hr/,"https://cornerstone-christian-counseling.breezy.hr/json"
breezy,corporate-traffic-logistics,4,https://corporate-traffic-logistics.breezy.hr/,"https://corporate-traffic-logistics.breezy.hr/json"
breezy,cq-fluency,4,https://cq-fluency.breezy.hr/,"https://cq-fluency.breezy.hr/json"
breezy,crowd-cow,4,https://crowd-cow.breezy.hr/,"https://crowd-cow.breezy.hr/json"
breezy,cyber-advisors,4,https://cyber-advisors.breezy.hr/,"https://cyber-advisors.breezy.hr/json"
breezy,dalal-mehta-law-llc,4,https://dalal-mehta-law-llc.breezy.hr/,"https://dalal-mehta-law-llc.breezy.hr/json"
breezy,dalespharmacy,4,https://dalespharmacy.breezy.hr/,"https://dalespharmacy.breezy.hr/json"
breezy,dance-to-evolve,4,https://dance-to-evolve.breezy.hr/,"https://dance-to-evolve.breezy.hr/json"
breezy,deepar,4,https://deepar.breezy.hr/,"https://deepar.breezy.hr/json"
breezy,dewpoint,4,https://dewpoint.breezy.hr/,"https://dewpoint.breezy.hr/json"
breezy,dimercurio-advisors-llc,4,https://dimercurio-advisors-llc.breezy.hr/,"https://dimercurio-advisors-llc.breezy.hr/json"
breezy,drumanilra,4,https://drumanilra.breezy.hr/,"https://drumanilra.breezy.hr/json"
breezy,duncan-family-farms-inc,4,https://duncan-family-farms-inc.breezy.hr/,"https://duncan-family-farms-inc.breezy.hr/json"
breezy,duolingo,4,https://duolingo.breezy.hr/,"https://duolingo.breezy.hr/json"
breezy,easypayfinance,4,https://easypayfinance.breezy.hr/,"https://easypayfinance.breezy.hr/json"
breezy,empowerrd,4,https://empowerrd.breezy.hr/,"https://empowerrd.breezy.hr/json"
breezy,encon-equipment,4,https://encon-equipment.breezy.hr/,"https://encon-equipment.breezy.hr/json"
breezy,enterprise-ventures-corporation,4,https://enterprise-ventures-corporation.breezy.hr/,"https://enterprise-ventures-corporation.breezy.hr/json"
breezy,ertms-solutions-srl,4,https://ertms-solutions-srl.breezy.hr/,"https://ertms-solutions-srl.breezy.hr/json"
breezy,fairsquare,4,https://fairsquare.breezy.hr/,"https://fairsquare.breezy.hr/json"
breezy,flower-company,4,https://flower-company.breezy.hr/,"https://flower-company.breezy.hr/json"
breezy,fort-worth-steam-academy,4,https://fort-worth-steam-academy.breezy.hr/,"https://fort-worth-steam-academy.breezy.hr/json"
breezy,four-eyes-financial,4,https://four-eyes-financial.breezy.hr/,"https://four-eyes-financial.breezy.hr/json"
breezy,gamut-behavioral-services,4,https://gamut-behavioral-services.breezy.hr/,"https://gamut-behavioral-services.breezy.hr/json"
breezy,gci-security-inc,4,https://gci-security-inc.breezy.hr/,"https://gci-security-inc.breezy.hr/json"
breezy,gno-partners,4,https://gno-partners.breezy.hr/,"https://gno-partners.breezy.hr/json"
breezy,gophermods,4,https://gophermods.breezy.hr/,"https://gophermods.breezy.hr/json"
breezy,gray-capital-llc,4,https://gray-capital-llc.breezy.hr/,"https://gray-capital-llc.breezy.hr/json"
breezy,greenline-apartment-management,4,https://greenline-apartment-management.breezy.hr/,"https://greenline-apartment-management.breezy.hr/json"
breezy,hatch-innovations-canada,4,https://hatch-innovations-canada.breezy.hr/,"https://hatch-innovations-canada.breezy.hr/json"
breezy,healthy-gamer,4,https://healthy-gamer.breezy.hr/,"https://healthy-gamer.breezy.hr/json"
breezy,hes-so-rectorat,4,https://hes-so-rectorat.breezy.hr/,"https://hes-so-rectorat.breezy.hr/json"
breezy,highgrowth-io,4,https://highgrowth-io.breezy.hr/,"https://highgrowth-io.breezy.hr/json"
breezy,hip,4,https://hip.breezy.hr/,"https://hip.breezy.hr/json"
breezy,hotman-group-llc,4,https://hotman-group-llc.breezy.hr/,"https://hotman-group-llc.breezy.hr/json"
breezy,http-bienvillelumber-com,4,https://http-bienvillelumber-com.breezy.hr/,"https://http-bienvillelumber-com.breezy.hr/json"
breezy,i-tech,4,https://i-tech.breezy.hr/,"https://i-tech.breezy.hr/json"
breezy,infinite,4,https://infinite.breezy.hr/,"https://infinite.breezy.hr/json"
breezy,insultech,4,https://insultech.breezy.hr/,"https://insultech.breezy.hr/json"
breezy,international-consulting-associates-inc,4,https://international-consulting-associates-inc.breezy.hr/,"https://international-consulting-associates-inc.breezy.hr/json"
breezy,iou-financial,4,https://iou-financial.breezy.hr/,"https://iou-financial.breezy.hr/json"
breezy,isaac-health,4,https://isaac-health.breezy.hr/,"https://isaac-health.breezy.hr/json"
breezy,its-inc,4,https://its-inc.breezy.hr/,"https://its-inc.breezy.hr/json"
breezy,jaba,4,https://jaba.breezy.hr/,"https://jaba.breezy.hr/json"
breezy,jibble-group,4,https://jibble-group.breezy.hr/,"https://jibble-group.breezy.hr/json"
breezy,kickstart-accounting-inc,4,https://kickstart-accounting-inc.breezy.hr/,"https://kickstart-accounting-inc.breezy.hr/json"
breezy,kitsap-community-resources,4,https://kitsap-community-resources.breezy.hr/,"https://kitsap-community-resources.breezy.hr/json"
breezy,kowalski-companies-inc,4,https://kowalski-companies-inc.breezy.hr/,"https://kowalski-companies-inc.breezy.hr/json"
breezy,lab37,4,https://lab37.breezy.hr/,"https://lab37.breezy.hr/json"
breezy,lifebalancechiropractic,4,https://lifebalancechiropractic.breezy.hr/,"https://lifebalancechiropractic.breezy.hr/json"
breezy,lovevery,4,https://lovevery.breezy.hr/,"https://lovevery.breezy.hr/json"
breezy,maleda-tech,4,https://maleda-tech.breezy.hr/,"https://maleda-tech.breezy.hr/json"
breezy,mano-en-mano,4,https://mano-en-mano.breezy.hr/,"https://mano-en-mano.breezy.hr/json"
breezy,massfire-media-llc,4,https://massfire-media-llc.breezy.hr/,"https://massfire-media-llc.breezy.hr/json"
breezy,media-cause,4,https://media-cause.breezy.hr/,"https://media-cause.breezy.hr/json"
breezy,mercy-street-inc,4,https://mercy-street-inc.breezy.hr/,"https://mercy-street-inc.breezy.hr/json"
breezy,national-math-stars,4,https://national-math-stars.breezy.hr/,"https://national-math-stars.breezy.hr/json"
breezy,new-york-life,4,https://new-york-life.breezy.hr/,"https://new-york-life.breezy.hr/json"
breezy,north-east-transportation-company,4,https://north-east-transportation-company.breezy.hr/,"https://north-east-transportation-company.breezy.hr/json"
breezy,nuview,4,https://nuview.breezy.hr/,"https://nuview.breezy.hr/json"
breezy,officetotal-food-brands-lda,4,https://officetotal-food-brands-lda.breezy.hr/,"https://officetotal-food-brands-lda.breezy.hr/json"
breezy,opterus,4,https://opterus.breezy.hr/,"https://opterus.breezy.hr/json"
breezy,otter-pr,4,https://otter-pr.breezy.hr/,"https://otter-pr.breezy.hr/json"
breezy,park-west-gallery,4,https://park-west-gallery.breezy.hr/,"https://park-west-gallery.breezy.hr/json"
breezy,pdmi,4,https://pdmi.breezy.hr/,"https://pdmi.breezy.hr/json"
breezy,pillar-properties,4,https://pillar-properties.breezy.hr/,"https://pillar-properties.breezy.hr/json"
breezy,pixieset,4,https://pixieset.breezy.hr/,"https://pixieset.breezy.hr/json"
breezy,playme-studio,4,https://playme-studio.breezy.hr/,"https://playme-studio.breezy.hr/json"
breezy,playstudios-asia,4,https://playstudios-asia.breezy.hr/,"https://playstudios-asia.breezy.hr/json"
breezy,plexxis-software,4,https://plexxis-software.breezy.hr/,"https://plexxis-software.breezy.hr/json"
breezy,prelude-prep,4,https://prelude-prep.breezy.hr/,"https://prelude-prep.breezy.hr/json"
breezy,proems,4,https://proems.breezy.hr/,"https://proems.breezy.hr/json"
breezy,purple-unicorn,4,https://purple-unicorn.breezy.hr/,"https://purple-unicorn.breezy.hr/json"
breezy,quatrain-creative,4,https://quatrain-creative.breezy.hr/,"https://quatrain-creative.breezy.hr/json"
breezy,queens-carbon,4,https://queens-carbon.breezy.hr/,"https://queens-carbon.breezy.hr/json"
breezy,quintessa-marketing,4,https://quintessa-marketing.breezy.hr/,"https://quintessa-marketing.breezy.hr/json"
breezy,renoairport,4,https://renoairport.breezy.hr/,"https://renoairport.breezy.hr/json"
breezy,rhythmscience,4,https://rhythmscience.breezy.hr/,"https://rhythmscience.breezy.hr/json"
breezy,rootstock-software,4,https://rootstock-software.breezy.hr/,"https://rootstock-software.breezy.hr/json"
breezy,savvital,4,https://savvital.breezy.hr/,"https://savvital.breezy.hr/json"
breezy,socradar,4,https://socradar.breezy.hr/,"https://socradar.breezy.hr/json"
breezy,spinrite,4,https://spinrite.breezy.hr/,"https://spinrite.breezy.hr/json"
breezy,ssg-cr,4,https://ssg-cr.breezy.hr/,"https://ssg-cr.breezy.hr/json"
breezy,sterling-fleet-outfitters,4,https://sterling-fleet-outfitters.breezy.hr/,"https://sterling-fleet-outfitters.breezy.hr/json"
breezy,stinson,4,https://stinson.breezy.hr/,"https://stinson.breezy.hr/json"
breezy,talent-first,4,https://talent-first.breezy.hr/,"https://talent-first.breezy.hr/json"
breezy,the-moran-group,4,https://the-moran-group.breezy.hr/,"https://the-moran-group.breezy.hr/json"
breezy,turboden,4,https://turboden.breezy.hr/,"https://turboden.breezy.hr/json"
breezy,tuyo,4,https://tuyo.breezy.hr/,"https://tuyo.breezy.hr/json"
breezy,tyton-partners,4,https://tyton-partners.breezy.hr/,"https://tyton-partners.breezy.hr/json"
breezy,veridian,4,https://veridian.breezy.hr/,"https://veridian.breezy.hr/json"
breezy,verity-ag,4,https://verity-ag.breezy.hr/,"https://verity-ag.breezy.hr/json"
breezy,vianai-systems,4,https://vianai-systems.breezy.hr/,"https://vianai-systems.breezy.hr/json"
breezy,voxdata,4,https://voxdata.breezy.hr/,"https://voxdata.breezy.hr/json"
breezy,warhorsestudios,4,https://warhorsestudios.breezy.hr/,"https://warhorsestudios.breezy.hr/json"
breezy,warren-wilson,4,https://warren-wilson.breezy.hr/,"https://warren-wilson.breezy.hr/json"
breezy,weldaloy-specialty-forgings,4,https://weldaloy-specialty-forgings.breezy.hr/,"https://weldaloy-specialty-forgings.breezy.hr/json"
breezy,westrocon,4,https://westrocon.breezy.hr/,"https://westrocon.breezy.hr/json"
breezy,xplor-education,4,https://xplor-education.breezy.hr/,"https://xplor-education.breezy.hr/json"
breezy,6037,3,https://6037.breezy.hr/,"https://6037.breezy.hr/json"
breezy,abel-cole,3,https://abel-cole.breezy.hr/,"https://abel-cole.breezy.hr/json"
breezy,accordus,3,https://accordus.breezy.hr/,"https://accordus.breezy.hr/json"
breezy,adapt,3,https://adapt.breezy.hr/,"https://adapt.breezy.hr/json"
breezy,adquick,3,https://adquick.breezy.hr/,"https://adquick.breezy.hr/json"
breezy,agileone,3,https://agileone.breezy.hr/,"https://agileone.breezy.hr/json"
breezy,aligned-geriatrics,3,https://aligned-geriatrics.breezy.hr/,"https://aligned-geriatrics.breezy.hr/json"
breezy,allure-aesthetics,3,https://allure-aesthetics.breezy.hr/,"https://allure-aesthetics.breezy.hr/json"
breezy,altus-pediatric-billing,3,https://altus-pediatric-billing.breezy.hr/,"https://altus-pediatric-billing.breezy.hr/json"
breezy,arapahoe-fire,3,https://arapahoe-fire.breezy.hr/,"https://arapahoe-fire.breezy.hr/json"
breezy,arthrex-indianapolis,3,https://arthrex-indianapolis.breezy.hr/,"https://arthrex-indianapolis.breezy.hr/json"
breezy,ascent-robotics,3,https://ascent-robotics.breezy.hr/,"https://ascent-robotics.breezy.hr/json"
breezy,atbs,3,https://atbs.breezy.hr/,"https://atbs.breezy.hr/json"
breezy,autotiv,3,https://autotiv.breezy.hr/,"https://autotiv.breezy.hr/json"
breezy,avalon-salons-and-spa,3,https://avalon-salons-and-spa.breezy.hr/,"https://avalon-salons-and-spa.breezy.hr/json"
breezy,bayside-fire-and-security,3,https://bayside-fire-and-security.breezy.hr/,"https://bayside-fire-and-security.breezy.hr/json"
breezy,bitbean,3,https://bitbean.breezy.hr/,"https://bitbean.breezy.hr/json"
breezy,bitwave,3,https://bitwave.breezy.hr/,"https://bitwave.breezy.hr/json"
breezy,blanton-peale-institute,3,https://blanton-peale-institute.breezy.hr/,"https://blanton-peale-institute.breezy.hr/json"
breezy,blessings-in-a-backpack,3,https://blessings-in-a-backpack.breezy.hr/,"https://blessings-in-a-backpack.breezy.hr/json"
breezy,blue-sky-pest-control,3,https://blue-sky-pest-control.breezy.hr/,"https://blue-sky-pest-control.breezy.hr/json"
breezy,bluegrass-technologies-pty-ltd,3,https://bluegrass-technologies-pty-ltd.breezy.hr/,"https://bluegrass-technologies-pty-ltd.breezy.hr/json"
breezy,building-tomorrow,3,https://building-tomorrow.breezy.hr/,"https://building-tomorrow.breezy.hr/json"
breezy,business-staffing-of-america-inc,3,https://business-staffing-of-america-inc.breezy.hr/,"https://business-staffing-of-america-inc.breezy.hr/json"
breezy,ca9-employment,3,https://ca9-employment.breezy.hr/,"https://ca9-employment.breezy.hr/json"
breezy,calybre,3,https://calybre.breezy.hr/,"https://calybre.breezy.hr/json"
breezy,care-of-chan,3,https://care-of-chan.breezy.hr/,"https://care-of-chan.breezy.hr/json"
breezy,caribou,3,https://caribou.breezy.hr/,"https://caribou.breezy.hr/json"
breezy,cariina,3,https://cariina.breezy.hr/,"https://cariina.breezy.hr/json"
breezy,centrl,3,https://centrl.breezy.hr/,"https://centrl.breezy.hr/json"
breezy,chirohd,3,https://chirohd.breezy.hr/,"https://chirohd.breezy.hr/json"
breezy,clearly,3,https://clearly.breezy.hr/,"https://clearly.breezy.hr/json"
breezy,clicklearning,3,https://clicklearning.breezy.hr/,"https://clicklearning.breezy.hr/json"
breezy,cloudcure,3,https://cloudcure.breezy.hr/,"https://cloudcure.breezy.hr/json"
breezy,cloverleaf-bio,3,https://cloverleaf-bio.breezy.hr/,"https://cloverleaf-bio.breezy.hr/json"
breezy,confidence-health-resources,3,https://confidence-health-resources.breezy.hr/,"https://confidence-health-resources.breezy.hr/json"
breezy,converge-cybersecurity-insurance,3,https://converge-cybersecurity-insurance.breezy.hr/,"https://converge-cybersecurity-insurance.breezy.hr/json"
breezy,converge-strategies,3,https://converge-strategies.breezy.hr/,"https://converge-strategies.breezy.hr/json"
breezy,cosmic-delivery,3,https://cosmic-delivery.breezy.hr/,"https://cosmic-delivery.breezy.hr/json"
breezy,countablelabs,3,https://countablelabs.breezy.hr/,"https://countablelabs.breezy.hr/json"
breezy,cross-screen-media,3,https://cross-screen-media.breezy.hr/,"https://cross-screen-media.breezy.hr/json"
breezy,crossroads-talent-solutions-llc,3,https://crossroads-talent-solutions-llc.breezy.hr/,"https://crossroads-talent-solutions-llc.breezy.hr/json"
breezy,cyberpuerta,3,https://cyberpuerta.breezy.hr/,"https://cyberpuerta.breezy.hr/json"
breezy,dealmachine-llc,3,https://dealmachine-llc.breezy.hr/,"https://dealmachine-llc.breezy.hr/json"
breezy,dess,3,https://dess.breezy.hr/,"https://dess.breezy.hr/json"
breezy,disperse,3,https://disperse.breezy.hr/,"https://disperse.breezy.hr/json"
breezy,dogma-alares,3,https://dogma-alares.breezy.hr/,"https://dogma-alares.breezy.hr/json"
breezy,douglass-runger-pllc,3,https://douglass-runger-pllc.breezy.hr/,"https://douglass-runger-pllc.breezy.hr/json"
breezy,dr-berg-nutritionals,3,https://dr-berg-nutritionals.breezy.hr/,"https://dr-berg-nutritionals.breezy.hr/json"
breezy,e2e,3,https://e2e.breezy.hr/,"https://e2e.breezy.hr/json"
breezy,edops,3,https://edops.breezy.hr/,"https://edops.breezy.hr/json"
breezy,edrolo,3,https://edrolo.breezy.hr/,"https://edrolo.breezy.hr/json"
breezy,elevate-counseling-wellness,3,https://elevate-counseling-wellness.breezy.hr/,"https://elevate-counseling-wellness.breezy.hr/json"
breezy,entermotion,3,https://entermotion.breezy.hr/,"https://entermotion.breezy.hr/json"
breezy,eyesoneyecare,3,https://eyesoneyecare.breezy.hr/,"https://eyesoneyecare.breezy.hr/json"
breezy,fair-harbor,3,https://fair-harbor.breezy.hr/,"https://fair-harbor.breezy.hr/json"
breezy,firstier-banks,3,https://firstier-banks.breezy.hr/,"https://firstier-banks.breezy.hr/json"
breezy,founder-s-cpa,3,https://founder-s-cpa.breezy.hr/,"https://founder-s-cpa.breezy.hr/json"
breezy,fx-digital,3,https://fx-digital.breezy.hr/,"https://fx-digital.breezy.hr/json"
breezy,gallahersafe,3,https://gallahersafe.breezy.hr/,"https://gallahersafe.breezy.hr/json"
breezy,getbridge,3,https://getbridge.breezy.hr/,"https://getbridge.breezy.hr/json"
breezy,gibson-county-coal-llc,3,https://gibson-county-coal-llc.breezy.hr/,"https://gibson-county-coal-llc.breezy.hr/json"
breezy,greensdrugmart,3,https://greensdrugmart.breezy.hr/,"https://greensdrugmart.breezy.hr/json"
breezy,guardian-fire-services,3,https://guardian-fire-services.breezy.hr/,"https://guardian-fire-services.breezy.hr/json"
breezy,helpt,3,https://helpt.breezy.hr/,"https://helpt.breezy.hr/json"
breezy,hfi-llc-active,3,https://hfi-llc-active.breezy.hr/,"https://hfi-llc-active.breezy.hr/json"
breezy,hubble,3,https://hubble.breezy.hr/,"https://hubble.breezy.hr/json"
breezy,human-capital-enterprises,3,https://human-capital-enterprises.breezy.hr/,"https://human-capital-enterprises.breezy.hr/json"
breezy,icstars,3,https://icstars.breezy.hr/,"https://icstars.breezy.hr/json"
breezy,insure-connect-services,3,https://insure-connect-services.breezy.hr/,"https://insure-connect-services.breezy.hr/json"
breezy,kegmil,3,https://kegmil.breezy.hr/,"https://kegmil.breezy.hr/json"
breezy,kennebecasis-drugs,3,https://kennebecasis-drugs.breezy.hr/,"https://kennebecasis-drugs.breezy.hr/json"
breezy,lava,3,https://lava.breezy.hr/,"https://lava.breezy.hr/json"
breezy,lib-consulting-thailand-co-ltd,3,https://lib-consulting-thailand-co-ltd.breezy.hr/,"https://lib-consulting-thailand-co-ltd.breezy.hr/json"
breezy,linqd,3,https://linqd.breezy.hr/,"https://linqd.breezy.hr/json"
breezy,mare-island-brewing-co,3,https://mare-island-brewing-co.breezy.hr/,"https://mare-island-brewing-co.breezy.hr/json"
breezy,mawari-technologies-inc,3,https://mawari-technologies-inc.breezy.hr/,"https://mawari-technologies-inc.breezy.hr/json"
breezy,meridian-university,3,https://meridian-university.breezy.hr/,"https://meridian-university.breezy.hr/json"
breezy,miller-musmar,3,https://miller-musmar.breezy.hr/,"https://miller-musmar.breezy.hr/json"
breezy,mood,3,https://mood.breezy.hr/,"https://mood.breezy.hr/json"
breezy,mti-efc42e758443,3,https://mti-efc42e758443.breezy.hr/,"https://mti-efc42e758443.breezy.hr/json"
breezy,naturecan-careers,3,https://naturecan-careers.breezy.hr/,"https://naturecan-careers.breezy.hr/json"
breezy,net2phone,3,https://net2phone.breezy.hr/,"https://net2phone.breezy.hr/json"
breezy,new-riff-distillery,3,https://new-riff-distillery.breezy.hr/,"https://new-riff-distillery.breezy.hr/json"
breezy,nine-feet-tall,3,https://nine-feet-tall.breezy.hr/,"https://nine-feet-tall.breezy.hr/json"
breezy,novo-properties,3,https://novo-properties.breezy.hr/,"https://novo-properties.breezy.hr/json"
breezy,nursedash,3,https://nursedash.breezy.hr/,"https://nursedash.breezy.hr/json"
breezy,nurturecare,3,https://nurturecare.breezy.hr/,"https://nurturecare.breezy.hr/json"
breezy,nuserve,3,https://nuserve.breezy.hr/,"https://nuserve.breezy.hr/json"
breezy,odd-bunch,3,https://odd-bunch.breezy.hr/,"https://odd-bunch.breezy.hr/json"
breezy,ohnstad-twichell,3,https://ohnstad-twichell.breezy.hr/,"https://ohnstad-twichell.breezy.hr/json"
breezy,omce,3,https://omce.breezy.hr/,"https://omce.breezy.hr/json"
breezy,ondas-networks,3,https://ondas-networks.breezy.hr/,"https://ondas-networks.breezy.hr/json"
breezy,onehope,3,https://onehope.breezy.hr/,"https://onehope.breezy.hr/json"
breezy,opentent,3,https://opentent.breezy.hr/,"https://opentent.breezy.hr/json"
breezy,organization-for-research-and-learning,3,https://organization-for-research-and-learning.breezy.hr/,"https://organization-for-research-and-learning.breezy.hr/json"
breezy,paynovate,3,https://paynovate.breezy.hr/,"https://paynovate.breezy.hr/json"
breezy,percival-engineering,3,https://percival-engineering.breezy.hr/,"https://percival-engineering.breezy.hr/json"
breezy,pillrhealth,3,https://pillrhealth.breezy.hr/,"https://pillrhealth.breezy.hr/json"
breezy,platinum-fundraising,3,https://platinum-fundraising.breezy.hr/,"https://platinum-fundraising.breezy.hr/json"
breezy,precursive,3,https://precursive.breezy.hr/,"https://precursive.breezy.hr/json"
breezy,premier-dialysis,3,https://premier-dialysis.breezy.hr/,"https://premier-dialysis.breezy.hr/json"
breezy,project-26-pennsylvania,3,https://project-26-pennsylvania.breezy.hr/,"https://project-26-pennsylvania.breezy.hr/json"
breezy,proquest-consulting,3,https://proquest-consulting.breezy.hr/,"https://proquest-consulting.breezy.hr/json"
breezy,punch-cyber-analytics-group,3,https://punch-cyber-analytics-group.breezy.hr/,"https://punch-cyber-analytics-group.breezy.hr/json"
breezy,qwqer-eu,3,https://qwqer-eu.breezy.hr/,"https://qwqer-eu.breezy.hr/json"
breezy,raco-manufacturing-engineering-co,3,https://raco-manufacturing-engineering-co.breezy.hr/,"https://raco-manufacturing-engineering-co.breezy.hr/json"
breezy,rebel-staffing-llc,3,https://rebel-staffing-llc.breezy.hr/,"https://rebel-staffing-llc.breezy.hr/json"
breezy,reliant-mission,3,https://reliant-mission.breezy.hr/,"https://reliant-mission.breezy.hr/json"
breezy,resupply,3,https://resupply.breezy.hr/,"https://resupply.breezy.hr/json"
breezy,revgen,3,https://revgen.breezy.hr/,"https://revgen.breezy.hr/json"
breezy,ritholtz-wealth-management,3,https://ritholtz-wealth-management.breezy.hr/,"https://ritholtz-wealth-management.breezy.hr/json"
breezy,robbins-children-s-programs,3,https://robbins-children-s-programs.breezy.hr/,"https://robbins-children-s-programs.breezy.hr/json"
breezy,savas-labs,3,https://savas-labs.breezy.hr/,"https://savas-labs.breezy.hr/json"
breezy,shoals-club,3,https://shoals-club.breezy.hr/,"https://shoals-club.breezy.hr/json"
breezy,shyftoff,3,https://shyftoff.breezy.hr/,"https://shyftoff.breezy.hr/json"
breezy,signal-group,3,https://signal-group.breezy.hr/,"https://signal-group.breezy.hr/json"
breezy,signatureaviation,3,https://signatureaviation.breezy.hr/,"https://signatureaviation.breezy.hr/json"
breezy,sine-education,3,https://sine-education.breezy.hr/,"https://sine-education.breezy.hr/json"
breezy,skywirenetworks,3,https://skywirenetworks.breezy.hr/,"https://skywirenetworks.breezy.hr/json"
breezy,software-secured,3,https://software-secured.breezy.hr/,"https://software-secured.breezy.hr/json"
breezy,soles4souls,3,https://soles4souls.breezy.hr/,"https://soles4souls.breezy.hr/json"
breezy,solugen,3,https://solugen.breezy.hr/,"https://solugen.breezy.hr/json"
breezy,sourceworx,3,https://sourceworx.breezy.hr/,"https://sourceworx.breezy.hr/json"
breezy,ssg-dr,3,https://ssg-dr.breezy.hr/,"https://ssg-dr.breezy.hr/json"
breezy,ssg-nova-scotia,3,https://ssg-nova-scotia.breezy.hr/,"https://ssg-nova-scotia.breezy.hr/json"
breezy,surj,3,https://surj.breezy.hr/,"https://surj.breezy.hr/json"
breezy,survivor-healthcare,3,https://survivor-healthcare.breezy.hr/,"https://survivor-healthcare.breezy.hr/json"
breezy,swyft-filings,3,https://swyft-filings.breezy.hr/,"https://swyft-filings.breezy.hr/json"
breezy,t-capital,3,https://t-capital.breezy.hr/,"https://t-capital.breezy.hr/json"
breezy,tagsforhope,3,https://tagsforhope.breezy.hr/,"https://tagsforhope.breezy.hr/json"
breezy,tau-six,3,https://tau-six.breezy.hr/,"https://tau-six.breezy.hr/json"
breezy,teach-llc,3,https://teach-llc.breezy.hr/,"https://teach-llc.breezy.hr/json"
breezy,the-international-data-organization-for-transport,3,https://the-international-data-organization-for-transport.breezy.hr/,"https://the-international-data-organization-for-transport.breezy.hr/json"
breezy,tmtg,3,https://tmtg.breezy.hr/,"https://tmtg.breezy.hr/json"
breezy,togetherhood,3,https://togetherhood.breezy.hr/,"https://togetherhood.breezy.hr/json"
breezy,topmark-funding,3,https://topmark-funding.breezy.hr/,"https://topmark-funding.breezy.hr/json"
breezy,triad-electronic-technologies,3,https://triad-electronic-technologies.breezy.hr/,"https://triad-electronic-technologies.breezy.hr/json"
breezy,vector-trading,3,https://vector-trading.breezy.hr/,"https://vector-trading.breezy.hr/json"
breezy,vigilante-coffee,3,https://vigilante-coffee.breezy.hr/,"https://vigilante-coffee.breezy.hr/json"
breezy,visits,3,https://visits.breezy.hr/,"https://visits.breezy.hr/json"
breezy,walters-gilbreath-pllc,3,https://walters-gilbreath-pllc.breezy.hr/,"https://walters-gilbreath-pllc.breezy.hr/json"
breezy,welink,3,https://welink.breezy.hr/,"https://welink.breezy.hr/json"
breezy,wolf-games,3,https://wolf-games.breezy.hr/,"https://wolf-games.breezy.hr/json"
breezy,wsna,3,https://wsna.breezy.hr/,"https://wsna.breezy.hr/json"
breezy,your-money-line,3,https://your-money-line.breezy.hr/,"https://your-money-line.breezy.hr/json"
breezy,ywca-cass-clay,3,https://ywca-cass-clay.breezy.hr/,"https://ywca-cass-clay.breezy.hr/json"
breezy,1aes,2,https://1aes.breezy.hr/,"https://1aes.breezy.hr/json"
breezy,alem-sistem,2,https://alem-sistem.breezy.hr/,"https://alem-sistem.breezy.hr/json"
breezy,alliance-resource-partners-lp,2,https://alliance-resource-partners-lp.breezy.hr/,"https://alliance-resource-partners-lp.breezy.hr/json"
breezy,alpin-gmbh,2,https://alpin-gmbh.breezy.hr/,"https://alpin-gmbh.breezy.hr/json"
breezy,amuse,2,https://amuse.breezy.hr/,"https://amuse.breezy.hr/json"
breezy,animate-behavior-llc,2,https://animate-behavior-llc.breezy.hr/,"https://animate-behavior-llc.breezy.hr/json"
breezy,appointedd,2,https://appointedd.breezy.hr/,"https://appointedd.breezy.hr/json"
breezy,arch-systems,2,https://arch-systems.breezy.hr/,"https://arch-systems.breezy.hr/json"
breezy,ascento-ag,2,https://ascento-ag.breezy.hr/,"https://ascento-ag.breezy.hr/json"
breezy,assc-hes-apprentissage-hfr,2,https://assc-hes-apprentissage-hfr.breezy.hr/,"https://assc-hes-apprentissage-hfr.breezy.hr/json"
breezy,assignar,2,https://assignar.breezy.hr/,"https://assignar.breezy.hr/json"
breezy,astanza-laser,2,https://astanza-laser.breezy.hr/,"https://astanza-laser.breezy.hr/json"
breezy,atlas-rfid-solutions-store-llc,2,https://atlas-rfid-solutions-store-llc.breezy.hr/,"https://atlas-rfid-solutions-store-llc.breezy.hr/json"
breezy,aventus-llc,2,https://aventus-llc.breezy.hr/,"https://aventus-llc.breezy.hr/json"
breezy,axcend-chromatography,2,https://axcend-chromatography.breezy.hr/,"https://axcend-chromatography.breezy.hr/json"
breezy,barn2door-inc,2,https://barn2door-inc.breezy.hr/,"https://barn2door-inc.breezy.hr/json"
breezy,battle-house-laser-tag,2,https://battle-house-laser-tag.breezy.hr/,"https://battle-house-laser-tag.breezy.hr/json"
breezy,bexorg,2,https://bexorg.breezy.hr/,"https://bexorg.breezy.hr/json"
breezy,beyondfs,2,https://beyondfs.breezy.hr/,"https://beyondfs.breezy.hr/json"
breezy,black-ink-business-services,2,https://black-ink-business-services.breezy.hr/,"https://black-ink-business-services.breezy.hr/json"
breezy,black-mcdonald-francais,2,https://black-mcdonald-francais.breezy.hr/,"https://black-mcdonald-francais.breezy.hr/json"
breezy,blackbirds,2,https://blackbirds.breezy.hr/,"https://blackbirds.breezy.hr/json"
breezy,blueconduit,2,https://blueconduit.breezy.hr/,"https://blueconduit.breezy.hr/json"
breezy,bond,2,https://bond.breezy.hr/,"https://bond.breezy.hr/json"
breezy,bota-systems-ag,2,https://bota-systems-ag.breezy.hr/,"https://bota-systems-ag.breezy.hr/json"
breezy,by-appointment-africa,2,https://by-appointment-africa.breezy.hr/,"https://by-appointment-africa.breezy.hr/json"
breezy,carmen-schools-of-science-technology,2,https://carmen-schools-of-science-technology.breezy.hr/,"https://carmen-schools-of-science-technology.breezy.hr/json"
breezy,cascade-biocatalysts,2,https://cascade-biocatalysts.breezy.hr/,"https://cascade-biocatalysts.breezy.hr/json"
breezy,caxy-interactive,2,https://caxy-interactive.breezy.hr/,"https://caxy-interactive.breezy.hr/json"
breezy,cdpsupportcenter,2,https://cdpsupportcenter.breezy.hr/,"https://cdpsupportcenter.breezy.hr/json"
breezy,chief-detective,2,https://chief-detective.breezy.hr/,"https://chief-detective.breezy.hr/json"
breezy,cleverclicks,2,https://cleverclicks.breezy.hr/,"https://cleverclicks.breezy.hr/json"
breezy,cloverleaf-care,2,https://cloverleaf-care.breezy.hr/,"https://cloverleaf-care.breezy.hr/json"
breezy,clovyr,2,https://clovyr.breezy.hr/,"https://clovyr.breezy.hr/json"
breezy,clubrunner,2,https://clubrunner.breezy.hr/,"https://clubrunner.breezy.hr/json"
breezy,codeminders,2,https://codeminders.breezy.hr/,"https://codeminders.breezy.hr/json"
breezy,committee-for-children,2,https://committee-for-children.breezy.hr/,"https://committee-for-children.breezy.hr/json"
breezy,continued,2,https://continued.breezy.hr/,"https://continued.breezy.hr/json"
breezy,cool-transports,2,https://cool-transports.breezy.hr/,"https://cool-transports.breezy.hr/json"
breezy,cybervance,2,https://cybervance.breezy.hr/,"https://cybervance.breezy.hr/json"
breezy,deanhouston,2,https://deanhouston.breezy.hr/,"https://deanhouston.breezy.hr/json"
breezy,defendify,2,https://defendify.breezy.hr/,"https://defendify.breezy.hr/json"
breezy,degate,2,https://degate.breezy.hr/,"https://degate.breezy.hr/json"
breezy,delivery-solutions,2,https://delivery-solutions.breezy.hr/,"https://delivery-solutions.breezy.hr/json"
breezy,desert-of-maine,2,https://desert-of-maine.breezy.hr/,"https://desert-of-maine.breezy.hr/json"
breezy,developex,2,https://developex.breezy.hr/,"https://developex.breezy.hr/json"
breezy,developmentnow,2,https://developmentnow.breezy.hr/,"https://developmentnow.breezy.hr/json"
breezy,disruptive-advertising,2,https://disruptive-advertising.breezy.hr/,"https://disruptive-advertising.breezy.hr/json"
breezy,doylestown-dental-cosmetic-center,2,https://doylestown-dental-cosmetic-center.breezy.hr/,"https://doylestown-dental-cosmetic-center.breezy.hr/json"
breezy,dozuki,2,https://dozuki.breezy.hr/,"https://dozuki.breezy.hr/json"
breezy,dp-logistics,2,https://dp-logistics.breezy.hr/,"https://dp-logistics.breezy.hr/json"
breezy,ecic,2,https://ecic.breezy.hr/,"https://ecic.breezy.hr/json"
breezy,ecore-services,2,https://ecore-services.breezy.hr/,"https://ecore-services.breezy.hr/json"
breezy,eldercare-resource-planning,2,https://eldercare-resource-planning.breezy.hr/,"https://eldercare-resource-planning.breezy.hr/json"
breezy,elevate-staffing,2,https://elevate-staffing.breezy.hr/,"https://elevate-staffing.breezy.hr/json"
breezy,elevation-worship,2,https://elevation-worship.breezy.hr/,"https://elevation-worship.breezy.hr/json"
breezy,envention,2,https://envention.breezy.hr/,"https://envention.breezy.hr/json"
breezy,envisio,2,https://envisio.breezy.hr/,"https://envisio.breezy.hr/json"
breezy,erbis,2,https://erbis.breezy.hr/,"https://erbis.breezy.hr/json"
breezy,european-pubs,2,https://european-pubs.breezy.hr/,"https://european-pubs.breezy.hr/json"
breezy,euvori-aquatics,2,https://euvori-aquatics.breezy.hr/,"https://euvori-aquatics.breezy.hr/json"
breezy,evolvestudios,2,https://evolvestudios.breezy.hr/,"https://evolvestudios.breezy.hr/json"
breezy,executive-insight,2,https://executive-insight.breezy.hr/,"https://executive-insight.breezy.hr/json"
breezy,first-priority-manufacturing,2,https://first-priority-manufacturing.breezy.hr/,"https://first-priority-manufacturing.breezy.hr/json"
breezy,fleetster,2,https://fleetster.breezy.hr/,"https://fleetster.breezy.hr/json"
breezy,forrest-technical-coatings,2,https://forrest-technical-coatings.breezy.hr/,"https://forrest-technical-coatings.breezy.hr/json"
breezy,fortyau,2,https://fortyau.breezy.hr/,"https://fortyau.breezy.hr/json"
breezy,foundation-for-advanced-education-in-the-sciences-inc,2,https://foundation-for-advanced-education-in-the-sciences-inc.breezy.hr/,"https://foundation-for-advanced-education-in-the-sciences-inc.breezy.hr/json"
breezy,founders-workshop,2,https://founders-workshop.breezy.hr/,"https://founders-workshop.breezy.hr/json"
breezy,freeman-herbs,2,https://freeman-herbs.breezy.hr/,"https://freeman-herbs.breezy.hr/json"
breezy,gamebreaking-studios-inc,2,https://gamebreaking-studios-inc.breezy.hr/,"https://gamebreaking-studios-inc.breezy.hr/json"
breezy,gaycenter,2,https://gaycenter.breezy.hr/,"https://gaycenter.breezy.hr/json"
breezy,getmyboat,2,https://getmyboat.breezy.hr/,"https://getmyboat.breezy.hr/json"
breezy,ghc,2,https://ghc.breezy.hr/,"https://ghc.breezy.hr/json"
breezy,global-fund-for-children,2,https://global-fund-for-children.breezy.hr/,"https://global-fund-for-children.breezy.hr/json"
breezy,gp-enterprise-solutions,2,https://gp-enterprise-solutions.breezy.hr/,"https://gp-enterprise-solutions.breezy.hr/json"
breezy,graphaware,2,https://graphaware.breezy.hr/,"https://graphaware.breezy.hr/json"
breezy,greenbox-storage,2,https://greenbox-storage.breezy.hr/,"https://greenbox-storage.breezy.hr/json"
breezy,groupe-unigesco,2,https://groupe-unigesco.breezy.hr/,"https://groupe-unigesco.breezy.hr/json"
breezy,harlem-lacrosse,2,https://harlem-lacrosse.breezy.hr/,"https://harlem-lacrosse.breezy.hr/json"
breezy,haven-health-group-inc,2,https://haven-health-group-inc.breezy.hr/,"https://haven-health-group-inc.breezy.hr/json"
breezy,herocoders,2,https://herocoders.breezy.hr/,"https://herocoders.breezy.hr/json"
breezy,hotelrunner,2,https://hotelrunner.breezy.hr/,"https://hotelrunner.breezy.hr/json"
breezy,http-lasallelumber-com,2,https://http-lasallelumber-com.breezy.hr/,"https://http-lasallelumber-com.breezy.hr/json"
breezy,https-tec-carolinas-com,2,https://https-tec-carolinas-com.breezy.hr/,"https://https-tec-carolinas-com.breezy.hr/json"
breezy,instudent-group,2,https://instudent-group.breezy.hr/,"https://instudent-group.breezy.hr/json"
breezy,intiveo,2,https://intiveo.breezy.hr/,"https://intiveo.breezy.hr/json"
breezy,jha-companies,2,https://jha-companies.breezy.hr/,"https://jha-companies.breezy.hr/json"
breezy,juniper-design-build,2,https://juniper-design-build.breezy.hr/,"https://juniper-design-build.breezy.hr/json"
breezy,justfix,2,https://justfix.breezy.hr/,"https://justfix.breezy.hr/json"
breezy,kanter-auto,2,https://kanter-auto.breezy.hr/,"https://kanter-auto.breezy.hr/json"
breezy,keshet-inc,2,https://keshet-inc.breezy.hr/,"https://keshet-inc.breezy.hr/json"
breezy,kiki-club,2,https://kiki-club.breezy.hr/,"https://kiki-club.breezy.hr/json"
breezy,kindred-bravely,2,https://kindred-bravely.breezy.hr/,"https://kindred-bravely.breezy.hr/json"
breezy,location3-media,2,https://location3-media.breezy.hr/,"https://location3-media.breezy.hr/json"
breezy,lunajets-sa,2,https://lunajets-sa.breezy.hr/,"https://lunajets-sa.breezy.hr/json"
breezy,machinio,2,https://machinio.breezy.hr/,"https://machinio.breezy.hr/json"
breezy,makerkids,2,https://makerkids.breezy.hr/,"https://makerkids.breezy.hr/json"
breezy,manypixels,2,https://manypixels.breezy.hr/,"https://manypixels.breezy.hr/json"
breezy,map-international,2,https://map-international.breezy.hr/,"https://map-international.breezy.hr/json"
breezy,marketview-education-technology,2,https://marketview-education-technology.breezy.hr/,"https://marketview-education-technology.breezy.hr/json"
breezy,maventri,2,https://maventri.breezy.hr/,"https://maventri.breezy.hr/json"
breezy,mccarthy-uniforms,2,https://mccarthy-uniforms.breezy.hr/,"https://mccarthy-uniforms.breezy.hr/json"
breezy,mercury-radio-arts,2,https://mercury-radio-arts.breezy.hr/,"https://mercury-radio-arts.breezy.hr/json"
breezy,metrum-research-group,2,https://metrum-research-group.breezy.hr/,"https://metrum-research-group.breezy.hr/json"
breezy,mezzanine-ware,2,https://mezzanine-ware.breezy.hr/,"https://mezzanine-ware.breezy.hr/json"
breezy,mile-high-labs,2,https://mile-high-labs.breezy.hr/,"https://mile-high-labs.breezy.hr/json"
breezy,moi-global,2,https://moi-global.breezy.hr/,"https://moi-global.breezy.hr/json"
breezy,movista-inc,2,https://movista-inc.breezy.hr/,"https://movista-inc.breezy.hr/json"
breezy,needle,2,https://needle.breezy.hr/,"https://needle.breezy.hr/json"
breezy,new-england-science-sailing-foundation,2,https://new-england-science-sailing-foundation.breezy.hr/,"https://new-england-science-sailing-foundation.breezy.hr/json"
breezy,new-horizon-services-inc,2,https://new-horizon-services-inc.breezy.hr/,"https://new-horizon-services-inc.breezy.hr/json"
breezy,noaca,2,https://noaca.breezy.hr/,"https://noaca.breezy.hr/json"
breezy,numrah,2,https://numrah.breezy.hr/,"https://numrah.breezy.hr/json"
breezy,oneport-365,2,https://oneport-365.breezy.hr/,"https://oneport-365.breezy.hr/json"
breezy,openmindhealth,2,https://openmindhealth.breezy.hr/,"https://openmindhealth.breezy.hr/json"
breezy,openresearch-gmbh,2,https://openresearch-gmbh.breezy.hr/,"https://openresearch-gmbh.breezy.hr/json"
breezy,pasa-sustainable-agriculture,2,https://pasa-sustainable-agriculture.breezy.hr/,"https://pasa-sustainable-agriculture.breezy.hr/json"
breezy,passtimegps,2,https://passtimegps.breezy.hr/,"https://passtimegps.breezy.hr/json"
breezy,pompa-program,2,https://pompa-program.breezy.hr/,"https://pompa-program.breezy.hr/json"
breezy,positrigo-ag,2,https://positrigo-ag.breezy.hr/,"https://positrigo-ag.breezy.hr/json"
breezy,premier-health-group,2,https://premier-health-group.breezy.hr/,"https://premier-health-group.breezy.hr/json"
breezy,proper-expression,2,https://proper-expression.breezy.hr/,"https://proper-expression.breezy.hr/json"
breezy,psm,2,https://psm.breezy.hr/,"https://psm.breezy.hr/json"
breezy,quantum-sports-entertainment,2,https://quantum-sports-entertainment.breezy.hr/,"https://quantum-sports-entertainment.breezy.hr/json"
breezy,real-estate-webmasters,2,https://real-estate-webmasters.breezy.hr/,"https://real-estate-webmasters.breezy.hr/json"
breezy,reliant-intl,2,https://reliant-intl.breezy.hr/,"https://reliant-intl.breezy.hr/json"
breezy,remerge,2,https://remerge.breezy.hr/,"https://remerge.breezy.hr/json"
breezy,repair-the-world,2,https://repair-the-world.breezy.hr/,"https://repair-the-world.breezy.hr/json"
breezy,review-wave,2,https://review-wave.breezy.hr/,"https://review-wave.breezy.hr/json"
breezy,ridepanda,2,https://ridepanda.breezy.hr/,"https://ridepanda.breezy.hr/json"
breezy,rotating-equipment-specialists,2,https://rotating-equipment-specialists.breezy.hr/,"https://rotating-equipment-specialists.breezy.hr/json"
breezy,rph,2,https://rph.breezy.hr/,"https://rph.breezy.hr/json"
breezy,scandinavian-building-services,2,https://scandinavian-building-services.breezy.hr/,"https://scandinavian-building-services.breezy.hr/json"
breezy,sentinel-blue,2,https://sentinel-blue.breezy.hr/,"https://sentinel-blue.breezy.hr/json"
breezy,seventy,2,https://seventy.breezy.hr/,"https://seventy.breezy.hr/json"
breezy,sigital-llc,2,https://sigital-llc.breezy.hr/,"https://sigital-llc.breezy.hr/json"
breezy,smaa,2,https://smaa.breezy.hr/,"https://smaa.breezy.hr/json"
breezy,solvative,2,https://solvative.breezy.hr/,"https://solvative.breezy.hr/json"
breezy,south-mountain-company,2,https://south-mountain-company.breezy.hr/,"https://south-mountain-company.breezy.hr/json"
breezy,st-martin-parish-sheriff-office,2,https://st-martin-parish-sheriff-office.breezy.hr/,"https://st-martin-parish-sheriff-office.breezy.hr/json"
breezy,stego-industries,2,https://stego-industries.breezy.hr/,"https://stego-industries.breezy.hr/json"
breezy,stjohnsdsg,2,https://stjohnsdsg.breezy.hr/,"https://stjohnsdsg.breezy.hr/json"
breezy,stratis-group-llc,2,https://stratis-group-llc.breezy.hr/,"https://stratis-group-llc.breezy.hr/json"
breezy,sumeru-equity-partners,2,https://sumeru-equity-partners.breezy.hr/,"https://sumeru-equity-partners.breezy.hr/json"
breezy,swing-left,2,https://swing-left.breezy.hr/,"https://swing-left.breezy.hr/json"
breezy,syteca,2,https://syteca.breezy.hr/,"https://syteca.breezy.hr/json"
breezy,talksure,2,https://talksure.breezy.hr/,"https://talksure.breezy.hr/json"
breezy,the-c2-group,2,https://the-c2-group.breezy.hr/,"https://the-c2-group.breezy.hr/json"
breezy,the-hoth,2,https://the-hoth.breezy.hr/,"https://the-hoth.breezy.hr/json"
breezy,the-refinery,2,https://the-refinery.breezy.hr/,"https://the-refinery.breezy.hr/json"
breezy,theegg,2,https://theegg.breezy.hr/,"https://theegg.breezy.hr/json"
breezy,threatscape,2,https://threatscape.breezy.hr/,"https://threatscape.breezy.hr/json"
breezy,tiktak,2,https://tiktak.breezy.hr/,"https://tiktak.breezy.hr/json"
breezy,totalsecurityltd,2,https://totalsecurityltd.breezy.hr/,"https://totalsecurityltd.breezy.hr/json"
breezy,trialfacts,2,https://trialfacts.breezy.hr/,"https://trialfacts.breezy.hr/json"
breezy,tribegaming,2,https://tribegaming.breezy.hr/,"https://tribegaming.breezy.hr/json"
breezy,upwell-revenue-software-inc,2,https://upwell-revenue-software-inc.breezy.hr/,"https://upwell-revenue-software-inc.breezy.hr/json"
breezy,vaporus-inc,2,https://vaporus-inc.breezy.hr/,"https://vaporus-inc.breezy.hr/json"
breezy,vawaa,2,https://vawaa.breezy.hr/,"https://vawaa.breezy.hr/json"
breezy,world-renew,2,https://world-renew.breezy.hr/,"https://world-renew.breezy.hr/json"
breezy,xrex,2,https://xrex.breezy.hr/,"https://xrex.breezy.hr/json"
breezy,zeal,2,https://zeal.breezy.hr/,"https://zeal.breezy.hr/json"
breezy,zeeks-pizza,2,https://zeeks-pizza.breezy.hr/,"https://zeeks-pizza.breezy.hr/json"
breezy,1-grid,1,https://1-grid.breezy.hr/,"https://1-grid.breezy.hr/json"
breezy,3ex,1,https://3ex.breezy.hr/,"https://3ex.breezy.hr/json"
breezy,75f,1,https://75f.breezy.hr/,"https://75f.breezy.hr/json"
breezy,7am-enfant-inc,1,https://7am-enfant-inc.breezy.hr/,"https://7am-enfant-inc.breezy.hr/json"
breezy,aberdeen-home-care,1,https://aberdeen-home-care.breezy.hr/,"https://aberdeen-home-care.breezy.hr/json"
breezy,access-inc,1,https://access-inc.breezy.hr/,"https://access-inc.breezy.hr/json"
breezy,accessed-space,1,https://accessed-space.breezy.hr/,"https://accessed-space.breezy.hr/json"
breezy,actimage,1,https://actimage.breezy.hr/,"https://actimage.breezy.hr/json"
breezy,advance-financial,1,https://advance-financial.breezy.hr/,"https://advance-financial.breezy.hr/json"
breezy,advanced-computer-solutions,1,https://advanced-computer-solutions.breezy.hr/,"https://advanced-computer-solutions.breezy.hr/json"
breezy,advekit,1,https://advekit.breezy.hr/,"https://advekit.breezy.hr/json"
breezy,africaworks,1,https://africaworks.breezy.hr/,"https://africaworks.breezy.hr/json"
breezy,agricapture,1,https://agricapture.breezy.hr/,"https://agricapture.breezy.hr/json"
breezy,aion,1,https://aion.breezy.hr/,"https://aion.breezy.hr/json"
breezy,air-hr,1,https://air-hr.breezy.hr/,"https://air-hr.breezy.hr/json"
breezy,aira,1,https://aira.breezy.hr/,"https://aira.breezy.hr/json"
breezy,airont-labs,1,https://airont-labs.breezy.hr/,"https://airont-labs.breezy.hr/json"
breezy,airplus-refrigeration-inc,1,https://airplus-refrigeration-inc.breezy.hr/,"https://airplus-refrigeration-inc.breezy.hr/json"
breezy,akkarbakkar,1,https://akkarbakkar.breezy.hr/,"https://akkarbakkar.breezy.hr/json"
breezy,al-j-mueller-construction-co,1,https://al-j-mueller-construction-co.breezy.hr/,"https://al-j-mueller-construction-co.breezy.hr/json"
breezy,alaya,1,https://alaya.breezy.hr/,"https://alaya.breezy.hr/json"
breezy,alchemy-software,1,https://alchemy-software.breezy.hr/,"https://alchemy-software.breezy.hr/json"
breezy,alconost-inc,1,https://alconost-inc.breezy.hr/,"https://alconost-inc.breezy.hr/json"
breezy,alemhealth,1,https://alemhealth.breezy.hr/,"https://alemhealth.breezy.hr/json"
breezy,all-about-kids,1,https://all-about-kids.breezy.hr/,"https://all-about-kids.breezy.hr/json"
breezy,alliance-coal-and-affiliates-internship-program,1,https://alliance-coal-and-affiliates-internship-program.breezy.hr/,"https://alliance-coal-and-affiliates-internship-program.breezy.hr/json"
breezy,alpaca-racing,1,https://alpaca-racing.breezy.hr/,"https://alpaca-racing.breezy.hr/json"
breezy,alphasys,1,https://alphasys.breezy.hr/,"https://alphasys.breezy.hr/json"
breezy,altierra,1,https://altierra.breezy.hr/,"https://altierra.breezy.hr/json"
breezy,altitude-media-group,1,https://altitude-media-group.breezy.hr/,"https://altitude-media-group.breezy.hr/json"
breezy,altitude-roofing-ltd,1,https://altitude-roofing-ltd.breezy.hr/,"https://altitude-roofing-ltd.breezy.hr/json"
breezy,american-academy,1,https://american-academy.breezy.hr/,"https://american-academy.breezy.hr/json"
breezy,american-antiquarian-society,1,https://american-antiquarian-society.breezy.hr/,"https://american-antiquarian-society.breezy.hr/json"
breezy,american-civil-liberties-union-wisconsin,1,https://american-civil-liberties-union-wisconsin.breezy.hr/,"https://american-civil-liberties-union-wisconsin.breezy.hr/json"
breezy,american-council-of-engineering-companies,1,https://american-council-of-engineering-companies.breezy.hr/,"https://american-council-of-engineering-companies.breezy.hr/json"
breezy,american-income-life-zuzick-associates,1,https://american-income-life-zuzick-associates.breezy.hr/,"https://american-income-life-zuzick-associates.breezy.hr/json"
breezy,analyse2-oy,1,https://analyse2-oy.breezy.hr/,"https://analyse2-oy.breezy.hr/json"
breezy,anchor-conzult,1,https://anchor-conzult.breezy.hr/,"https://anchor-conzult.breezy.hr/json"
breezy,andonovo,1,https://andonovo.breezy.hr/,"https://andonovo.breezy.hr/json"
breezy,answeraide,1,https://answeraide.breezy.hr/,"https://answeraide.breezy.hr/json"
breezy,anthemic-inc,1,https://anthemic-inc.breezy.hr/,"https://anthemic-inc.breezy.hr/json"
breezy,antidote,1,https://antidote.breezy.hr/,"https://antidote.breezy.hr/json"
breezy,ao-national-globe-life,1,https://ao-national-globe-life.breezy.hr/,"https://ao-national-globe-life.breezy.hr/json"
breezy,apm-music,1,https://apm-music.breezy.hr/,"https://apm-music.breezy.hr/json"
breezy,appleseed,1,https://appleseed.breezy.hr/,"https://appleseed.breezy.hr/json"
breezy,apption,1,https://apption.breezy.hr/,"https://apption.breezy.hr/json"
breezy,april-health,1,https://april-health.breezy.hr/,"https://april-health.breezy.hr/json"
breezy,apriorit,1,https://apriorit.breezy.hr/,"https://apriorit.breezy.hr/json"
breezy,aquino-capital-group-llc-empowered-by-nexa-mortgage-llc,1,https://aquino-capital-group-llc-empowered-by-nexa-mortgage-llc.breezy.hr/,"https://aquino-capital-group-llc-empowered-by-nexa-mortgage-llc.breezy.hr/json"
breezy,arclight-painting-llc,1,https://arclight-painting-llc.breezy.hr/,"https://arclight-painting-llc.breezy.hr/json"
breezy,arizona-zipline-adventures,1,https://arizona-zipline-adventures.breezy.hr/,"https://arizona-zipline-adventures.breezy.hr/json"
breezy,arrived,1,https://arrived.breezy.hr/,"https://arrived.breezy.hr/json"
breezy,artis-llc,1,https://artis-llc.breezy.hr/,"https://artis-llc.breezy.hr/json"
breezy,askable,1,https://askable.breezy.hr/,"https://askable.breezy.hr/json"
breezy,augment-life,1,https://augment-life.breezy.hr/,"https://augment-life.breezy.hr/json"
breezy,aurora-consulting,1,https://aurora-consulting.breezy.hr/,"https://aurora-consulting.breezy.hr/json"
breezy,aurumverse,1,https://aurumverse.breezy.hr/,"https://aurumverse.breezy.hr/json"
breezy,authority-brands-woofies,1,https://authority-brands-woofies.breezy.hr/,"https://authority-brands-woofies.breezy.hr/json"
breezy,aviron,1,https://aviron.breezy.hr/,"https://aviron.breezy.hr/json"
breezy,baked-bros,1,https://baked-bros.breezy.hr/,"https://baked-bros.breezy.hr/json"
breezy,bassgordon,1,https://bassgordon.breezy.hr/,"https://bassgordon.breezy.hr/json"
breezy,baymeadows-movers,1,https://baymeadows-movers.breezy.hr/,"https://baymeadows-movers.breezy.hr/json"
breezy,beagle-services,1,https://beagle-services.breezy.hr/,"https://beagle-services.breezy.hr/json"
breezy,beam,1,https://beam.breezy.hr/,"https://beam.breezy.hr/json"
breezy,bear-group,1,https://bear-group.breezy.hr/,"https://bear-group.breezy.hr/json"
breezy,bederr,1,https://bederr.breezy.hr/,"https://bederr.breezy.hr/json"
breezy,beefree,1,https://beefree.breezy.hr/,"https://beefree.breezy.hr/json"
breezy,bellhop,1,https://bellhop.breezy.hr/,"https://bellhop.breezy.hr/json"
breezy,benetnaschllc,1,https://benetnaschllc.breezy.hr/,"https://benetnaschllc.breezy.hr/json"
breezy,bettermynd,1,https://bettermynd.breezy.hr/,"https://bettermynd.breezy.hr/json"
breezy,bicom-systems,1,https://bicom-systems.breezy.hr/,"https://bicom-systems.breezy.hr/json"
breezy,big-picture,1,https://big-picture.breezy.hr/,"https://big-picture.breezy.hr/json"
breezy,birthday-capsule,1,https://birthday-capsule.breezy.hr/,"https://birthday-capsule.breezy.hr/json"
breezy,bitfire-games,1,https://bitfire-games.breezy.hr/,"https://bitfire-games.breezy.hr/json"
breezy,bizintek-innova,1,https://bizintek-innova.breezy.hr/,"https://bizintek-innova.breezy.hr/json"
breezy,black-airplane,1,https://black-airplane.breezy.hr/,"https://black-airplane.breezy.hr/json"
breezy,black-diamond-agency,1,https://black-diamond-agency.breezy.hr/,"https://black-diamond-agency.breezy.hr/json"
breezy,blended,1,https://blended.breezy.hr/,"https://blended.breezy.hr/json"
breezy,blockchainspace,1,https://blockchainspace.breezy.hr/,"https://blockchainspace.breezy.hr/json"
breezy,blue-ocean-ideas,1,https://blue-ocean-ideas.breezy.hr/,"https://blue-ocean-ideas.breezy.hr/json"
breezy,bluetread,1,https://bluetread.breezy.hr/,"https://bluetread.breezy.hr/json"
breezy,bmoc-group,1,https://bmoc-group.breezy.hr/,"https://bmoc-group.breezy.hr/json"
breezy,bold-metrics,1,https://bold-metrics.breezy.hr/,"https://bold-metrics.breezy.hr/json"
breezy,boldceo,1,https://boldceo.breezy.hr/,"https://boldceo.breezy.hr/json"
breezy,bond-pro-inc,1,https://bond-pro-inc.breezy.hr/,"https://bond-pro-inc.breezy.hr/json"
breezy,boot-civil-llc,1,https://boot-civil-llc.breezy.hr/,"https://boot-civil-llc.breezy.hr/json"
breezy,boston-scally,1,https://boston-scally.breezy.hr/,"https://boston-scally.breezy.hr/json"
breezy,bothar-inc,1,https://bothar-inc.breezy.hr/,"https://bothar-inc.breezy.hr/json"
breezy,boxknight,1,https://boxknight.breezy.hr/,"https://boxknight.breezy.hr/json"
breezy,brainscape,1,https://brainscape.breezy.hr/,"https://brainscape.breezy.hr/json"
breezy,brandcrops,1,https://brandcrops.breezy.hr/,"https://brandcrops.breezy.hr/json"
breezy,brandista,1,https://brandista.breezy.hr/,"https://brandista.breezy.hr/json"
breezy,brandlovrs,1,https://brandlovrs.breezy.hr/,"https://brandlovrs.breezy.hr/json"
breezy,brauntransitionteam,1,https://brauntransitionteam.breezy.hr/,"https://brauntransitionteam.breezy.hr/json"
breezy,breakthrough,1,https://breakthrough.breezy.hr/,"https://breakthrough.breezy.hr/json"
breezy,breakthrough-inventions,1,https://breakthrough-inventions.breezy.hr/,"https://breakthrough-inventions.breezy.hr/json"
breezy,bridgecomm,1,https://bridgecomm.breezy.hr/,"https://bridgecomm.breezy.hr/json"
breezy,brookside-church,1,https://brookside-church.breezy.hr/,"https://brookside-church.breezy.hr/json"
breezy,budget-right-handyman,1,https://budget-right-handyman.breezy.hr/,"https://budget-right-handyman.breezy.hr/json"
breezy,building-impact-partners,1,https://building-impact-partners.breezy.hr/,"https://building-impact-partners.breezy.hr/json"
breezy,buypower,1,https://buypower.breezy.hr/,"https://buypower.breezy.hr/json"
breezy,cal-com,1,https://cal-com.breezy.hr/,"https://cal-com.breezy.hr/json"
breezy,caliber-fitness,1,https://caliber-fitness.breezy.hr/,"https://caliber-fitness.breezy.hr/json"
breezy,camber-creative,1,https://camber-creative.breezy.hr/,"https://camber-creative.breezy.hr/json"
breezy,captainbook,1,https://captainbook.breezy.hr/,"https://captainbook.breezy.hr/json"
breezy,carbonhound-inc,1,https://carbonhound-inc.breezy.hr/,"https://carbonhound-inc.breezy.hr/json"
breezy,cardax-b-v,1,https://cardax-b-v.breezy.hr/,"https://cardax-b-v.breezy.hr/json"
breezy,cardiology-associates-of-altoona-l-l-p,1,https://cardiology-associates-of-altoona-l-l-p.breezy.hr/,"https://cardiology-associates-of-altoona-l-l-p.breezy.hr/json"
breezy,cardioquip,1,https://cardioquip.breezy.hr/,"https://cardioquip.breezy.hr/json"
breezy,catallaxy,1,https://catallaxy.breezy.hr/,"https://catallaxy.breezy.hr/json"
breezy,catsci-ltd,1,https://catsci-ltd.breezy.hr/,"https://catsci-ltd.breezy.hr/json"
breezy,cause-concierge,1,https://cause-concierge.breezy.hr/,"https://cause-concierge.breezy.hr/json"
breezy,center-for-a-new-american-security,1,https://center-for-a-new-american-security.breezy.hr/,"https://center-for-a-new-american-security.breezy.hr/json"
breezy,center-for-care-innovations,1,https://center-for-care-innovations.breezy.hr/,"https://center-for-care-innovations.breezy.hr/json"
breezy,central-illinois-pride,1,https://central-illinois-pride.breezy.hr/,"https://central-illinois-pride.breezy.hr/json"
breezy,central-snowsports,1,https://central-snowsports.breezy.hr/,"https://central-snowsports.breezy.hr/json"
breezy,centurion-information-security,1,https://centurion-information-security.breezy.hr/,"https://centurion-information-security.breezy.hr/json"
breezy,chareth-consulting,1,https://chareth-consulting.breezy.hr/,"https://chareth-consulting.breezy.hr/json"
breezy,chargespot,1,https://chargespot.breezy.hr/,"https://chargespot.breezy.hr/json"
breezy,chat-assassins,1,https://chat-assassins.breezy.hr/,"https://chat-assassins.breezy.hr/json"
breezy,chayn-cio,1,https://chayn-cio.breezy.hr/,"https://chayn-cio.breezy.hr/json"
breezy,chazin-company,1,https://chazin-company.breezy.hr/,"https://chazin-company.breezy.hr/json"
breezy,chessmood-inc,1,https://chessmood-inc.breezy.hr/,"https://chessmood-inc.breezy.hr/json"
breezy,christopher-o-keeffe-cpa-llc,1,https://christopher-o-keeffe-cpa-llc.breezy.hr/,"https://christopher-o-keeffe-cpa-llc.breezy.hr/json"
breezy,cims,1,https://cims.breezy.hr/,"https://cims.breezy.hr/json"
breezy,circle-s-studio,1,https://circle-s-studio.breezy.hr/,"https://circle-s-studio.breezy.hr/json"
breezy,city-of-moab,1,https://city-of-moab.breezy.hr/,"https://city-of-moab.breezy.hr/json"
breezy,city-report-inc,1,https://city-report-inc.breezy.hr/,"https://city-report-inc.breezy.hr/json"
breezy,clarke-consulting,1,https://clarke-consulting.breezy.hr/,"https://clarke-consulting.breezy.hr/json"
breezy,clearview-landscaping-design-construction,1,https://clearview-landscaping-design-construction.breezy.hr/,"https://clearview-landscaping-design-construction.breezy.hr/json"
breezy,click-tie,1,https://click-tie.breezy.hr/,"https://click-tie.breezy.hr/json"
breezy,climavision,1,https://climavision.breezy.hr/,"https://climavision.breezy.hr/json"
breezy,club-scikidz-md,1,https://club-scikidz-md.breezy.hr/,"https://club-scikidz-md.breezy.hr/json"
breezy,coc-consulting,1,https://coc-consulting.breezy.hr/,"https://coc-consulting.breezy.hr/json"
breezy,cocktail-holidays,1,https://cocktail-holidays.breezy.hr/,"https://cocktail-holidays.breezy.hr/json"
breezy,codelearn,1,https://codelearn.breezy.hr/,"https://codelearn.breezy.hr/json"
breezy,cognizo,1,https://cognizo.breezy.hr/,"https://cognizo.breezy.hr/json"
breezy,college-contact,1,https://college-contact.breezy.hr/,"https://college-contact.breezy.hr/json"
breezy,colossus,1,https://colossus.breezy.hr/,"https://colossus.breezy.hr/json"
breezy,combient,1,https://combient.breezy.hr/,"https://combient.breezy.hr/json"
breezy,commercialtribe-inc,1,https://commercialtribe-inc.breezy.hr/,"https://commercialtribe-inc.breezy.hr/json"
breezy,commonhouse,1,https://commonhouse.breezy.hr/,"https://commonhouse.breezy.hr/json"
breezy,commonwealth-institute,1,https://commonwealth-institute.breezy.hr/,"https://commonwealth-institute.breezy.hr/json"
breezy,community-influencer-r,1,https://community-influencer-r.breezy.hr/,"https://community-influencer-r.breezy.hr/json"
breezy,conducive-consulting-inc,1,https://conducive-consulting-inc.breezy.hr/,"https://conducive-consulting-inc.breezy.hr/json"
breezy,connect2bpo-sas,1,https://connect2bpo-sas.breezy.hr/,"https://connect2bpo-sas.breezy.hr/json"
breezy,connectu-staffing-solutions,1,https://connectu-staffing-solutions.breezy.hr/,"https://connectu-staffing-solutions.breezy.hr/json"
breezy,connexio-health-llc,1,https://connexio-health-llc.breezy.hr/,"https://connexio-health-llc.breezy.hr/json"
breezy,contender-labs,1,https://contender-labs.breezy.hr/,"https://contender-labs.breezy.hr/json"
breezy,contro,1,https://contro.breezy.hr/,"https://contro.breezy.hr/json"
breezy,controller-chaos,1,https://controller-chaos.breezy.hr/,"https://controller-chaos.breezy.hr/json"
breezy,conversal,1,https://conversal.breezy.hr/,"https://conversal.breezy.hr/json"
breezy,corafone-inc,1,https://corafone-inc.breezy.hr/,"https://corafone-inc.breezy.hr/json"
breezy,core-mkt,1,https://core-mkt.breezy.hr/,"https://core-mkt.breezy.hr/json"
breezy,core-ohio-inc,1,https://core-ohio-inc.breezy.hr/,"https://core-ohio-inc.breezy.hr/json"
breezy,cornerstone-information-systems,1,https://cornerstone-information-systems.breezy.hr/,"https://cornerstone-information-systems.breezy.hr/json"
breezy,council-for-professional-recognition,1,https://council-for-professional-recognition.breezy.hr/,"https://council-for-professional-recognition.breezy.hr/json"
breezy,cq-floors-llc,1,https://cq-floors-llc.breezy.hr/,"https://cq-floors-llc.breezy.hr/json"
breezy,cr-services-llc-of-ky,1,https://cr-services-llc-of-ky.breezy.hr/,"https://cr-services-llc-of-ky.breezy.hr/json"
breezy,crank,1,https://crank.breezy.hr/,"https://crank.breezy.hr/json"
breezy,creaholic-sa,1,https://creaholic-sa.breezy.hr/,"https://creaholic-sa.breezy.hr/json"
breezy,creative-cube,1,https://creative-cube.breezy.hr/,"https://creative-cube.breezy.hr/json"
breezy,creative-living,1,https://creative-living.breezy.hr/,"https://creative-living.breezy.hr/json"
breezy,creative-real-estate-pros,1,https://creative-real-estate-pros.breezy.hr/,"https://creative-real-estate-pros.breezy.hr/json"
breezy,creative-spirit,1,https://creative-spirit.breezy.hr/,"https://creative-spirit.breezy.hr/json"
breezy,ctcp,1,https://ctcp.breezy.hr/,"https://ctcp.breezy.hr/json"
breezy,culhane-premier-properties,1,https://culhane-premier-properties.breezy.hr/,"https://culhane-premier-properties.breezy.hr/json"
breezy,cumplo,1,https://cumplo.breezy.hr/,"https://cumplo.breezy.hr/json"
breezy,cumula3,1,https://cumula3.breezy.hr/,"https://cumula3.breezy.hr/json"
breezy,curbee,1,https://curbee.breezy.hr/,"https://curbee.breezy.hr/json"
breezy,custommade,1,https://custommade.breezy.hr/,"https://custommade.breezy.hr/json"
breezy,customs-clear,1,https://customs-clear.breezy.hr/,"https://customs-clear.breezy.hr/json"
breezy,cyborgmobile,1,https://cyborgmobile.breezy.hr/,"https://cyborgmobile.breezy.hr/json"
breezy,cz-logistics,1,https://cz-logistics.breezy.hr/,"https://cz-logistics.breezy.hr/json"
breezy,dalet,1,https://dalet.breezy.hr/,"https://dalet.breezy.hr/json"
breezy,dapi,1,https://dapi.breezy.hr/,"https://dapi.breezy.hr/json"
breezy,daring-bit-assembly,1,https://daring-bit-assembly.breezy.hr/,"https://daring-bit-assembly.breezy.hr/json"
breezy,dark-horse-technologies-llc,1,https://dark-horse-technologies-llc.breezy.hr/,"https://dark-horse-technologies-llc.breezy.hr/json"
breezy,data-sentinel-inc,1,https://data-sentinel-inc.breezy.hr/,"https://data-sentinel-inc.breezy.hr/json"
breezy,datadocs,1,https://datadocs.breezy.hr/,"https://datadocs.breezy.hr/json"
breezy,datalere,1,https://datalere.breezy.hr/,"https://datalere.breezy.hr/json"
breezy,ddrb,1,https://ddrb.breezy.hr/,"https://ddrb.breezy.hr/json"
breezy,de-young-properties,1,https://de-young-properties.breezy.hr/,"https://de-young-properties.breezy.hr/json"
breezy,dealercity,1,https://dealercity.breezy.hr/,"https://dealercity.breezy.hr/json"
breezy,deepx,1,https://deepx.breezy.hr/,"https://deepx.breezy.hr/json"
breezy,democracy-summer,1,https://democracy-summer.breezy.hr/,"https://democracy-summer.breezy.hr/json"
breezy,dental-depot,1,https://dental-depot.breezy.hr/,"https://dental-depot.breezy.hr/json"
breezy,development-gateway,1,https://development-gateway.breezy.hr/,"https://development-gateway.breezy.hr/json"
breezy,device-insight,1,https://device-insight.breezy.hr/,"https://device-insight.breezy.hr/json"
breezy,dex-labs,1,https://dex-labs.breezy.hr/,"https://dex-labs.breezy.hr/json"
breezy,digidoc-inc-dba-public-sector-solutions-group,1,https://digidoc-inc-dba-public-sector-solutions-group.breezy.hr/,"https://digidoc-inc-dba-public-sector-solutions-group.breezy.hr/json"
breezy,digikai-marketing,1,https://digikai-marketing.breezy.hr/,"https://digikai-marketing.breezy.hr/json"
breezy,digital-fast-forward,1,https://digital-fast-forward.breezy.hr/,"https://digital-fast-forward.breezy.hr/json"
breezy,digitus,1,https://digitus.breezy.hr/,"https://digitus.breezy.hr/json"
breezy,dogdaycare,1,https://dogdaycare.breezy.hr/,"https://dogdaycare.breezy.hr/json"
breezy,doneverse,1,https://doneverse.breezy.hr/,"https://doneverse.breezy.hr/json"
breezy,dose-health,1,https://dose-health.breezy.hr/,"https://dose-health.breezy.hr/json"
breezy,dreamforge-games-corporation,1,https://dreamforge-games-corporation.breezy.hr/,"https://dreamforge-games-corporation.breezy.hr/json"
breezy,dressamed,1,https://dressamed.breezy.hr/,"https://dressamed.breezy.hr/json"
breezy,driver-ai-inc,1,https://driver-ai-inc.breezy.hr/,"https://driver-ai-inc.breezy.hr/json"
breezy,drodex,1,https://drodex.breezy.hr/,"https://drodex.breezy.hr/json"
breezy,drop-genie,1,https://drop-genie.breezy.hr/,"https://drop-genie.breezy.hr/json"
breezy,dropit,1,https://dropit.breezy.hr/,"https://dropit.breezy.hr/json"
breezy,east-boy-west-inc,1,https://east-boy-west-inc.breezy.hr/,"https://east-boy-west-inc.breezy.hr/json"
breezy,easton--associates,1,https://easton--associates.breezy.hr/,"https://easton--associates.breezy.hr/json"
breezy,easyhealth,1,https://easyhealth.breezy.hr/,"https://easyhealth.breezy.hr/json"
breezy,ecare-vault-inc,1,https://ecare-vault-inc.breezy.hr/,"https://ecare-vault-inc.breezy.hr/json"
breezy,echelon-solar-power,1,https://echelon-solar-power.breezy.hr/,"https://echelon-solar-power.breezy.hr/json"
breezy,ecostage,1,https://ecostage.breezy.hr/,"https://ecostage.breezy.hr/json"
breezy,edfpowersolutions,1,https://edfpowersolutions.breezy.hr/,"https://edfpowersolutions.breezy.hr/json"
breezy,edwardsnell,1,https://edwardsnell.breezy.hr/,"https://edwardsnell.breezy.hr/json"
breezy,elevate-commercial,1,https://elevate-commercial.breezy.hr/,"https://elevate-commercial.breezy.hr/json"
breezy,ellsworthhamtptoninn,1,https://ellsworthhamtptoninn.breezy.hr/,"https://ellsworthhamtptoninn.breezy.hr/json"
breezy,emplicit-inc,1,https://emplicit-inc.breezy.hr/,"https://emplicit-inc.breezy.hr/json"
breezy,enapter-gmbh,1,https://enapter-gmbh.breezy.hr/,"https://enapter-gmbh.breezy.hr/json"
breezy,endossed,1,https://endossed.breezy.hr/,"https://endossed.breezy.hr/json"
breezy,endpass,1,https://endpass.breezy.hr/,"https://endpass.breezy.hr/json"
breezy,english-musicals-korea,1,https://english-musicals-korea.breezy.hr/,"https://english-musicals-korea.breezy.hr/json"
breezy,essaymaster,1,https://essaymaster.breezy.hr/,"https://essaymaster.breezy.hr/json"
breezy,etel-transformers,1,https://etel-transformers.breezy.hr/,"https://etel-transformers.breezy.hr/json"
breezy,european-digital-finance-association,1,https://european-digital-finance-association.breezy.hr/,"https://european-digital-finance-association.breezy.hr/json"
breezy,everywhere-capital,1,https://everywhere-capital.breezy.hr/,"https://everywhere-capital.breezy.hr/json"
breezy,evidencecare,1,https://evidencecare.breezy.hr/,"https://evidencecare.breezy.hr/json"
breezy,experience-columbus,1,https://experience-columbus.breezy.hr/,"https://experience-columbus.breezy.hr/json"
breezy,farmshelf,1,https://farmshelf.breezy.hr/,"https://farmshelf.breezy.hr/json"
breezy,fastship-co,1,https://fastship-co.breezy.hr/,"https://fastship-co.breezy.hr/json"
breezy,fawkes,1,https://fawkes.breezy.hr/,"https://fawkes.breezy.hr/json"
breezy,fc-renew-llc,1,https://fc-renew-llc.breezy.hr/,"https://fc-renew-llc.breezy.hr/json"
breezy,fellowsprogram,1,https://fellowsprogram.breezy.hr/,"https://fellowsprogram.breezy.hr/json"
breezy,first-first-consulting,1,https://first-first-consulting.breezy.hr/,"https://first-first-consulting.breezy.hr/json"
breezy,first-leap,1,https://first-leap.breezy.hr/,"https://first-leap.breezy.hr/json"
breezy,fix-com,1,https://fix-com.breezy.hr/,"https://fix-com.breezy.hr/json"
breezy,fixmestick-technologies,1,https://fixmestick-technologies.breezy.hr/,"https://fixmestick-technologies.breezy.hr/json"
breezy,florida-energy-advisors,1,https://florida-energy-advisors.breezy.hr/,"https://florida-energy-advisors.breezy.hr/json"
breezy,focusnet-gmbh,1,https://focusnet-gmbh.breezy.hr/,"https://focusnet-gmbh.breezy.hr/json"
breezy,forestown,1,https://forestown.breezy.hr/,"https://forestown.breezy.hr/json"
breezy,foster-made,1,https://foster-made.breezy.hr/,"https://foster-made.breezy.hr/json"
breezy,fractal-river,1,https://fractal-river.breezy.hr/,"https://fractal-river.breezy.hr/json"
breezy,frasal,1,https://frasal.breezy.hr/,"https://frasal.breezy.hr/json"
breezy,freedom2o,1,https://freedom2o.breezy.hr/,"https://freedom2o.breezy.hr/json"
breezy,fresh-ventures-studio,1,https://fresh-ventures-studio.breezy.hr/,"https://fresh-ventures-studio.breezy.hr/json"
breezy,fsma,1,https://fsma.breezy.hr/,"https://fsma.breezy.hr/json"
breezy,fundview,1,https://fundview.breezy.hr/,"https://fundview.breezy.hr/json"
breezy,gamegrid,1,https://gamegrid.breezy.hr/,"https://gamegrid.breezy.hr/json"
breezy,gatewayshelter,1,https://gatewayshelter.breezy.hr/,"https://gatewayshelter.breezy.hr/json"
breezy,gen-nine-inc,1,https://gen-nine-inc.breezy.hr/,"https://gen-nine-inc.breezy.hr/json"
breezy,george-s-tradition,1,https://george-s-tradition.breezy.hr/,"https://george-s-tradition.breezy.hr/json"
breezy,giftify,1,https://giftify.breezy.hr/,"https://giftify.breezy.hr/json"
breezy,gigalayer,1,https://gigalayer.breezy.hr/,"https://gigalayer.breezy.hr/json"
breezy,gigsmart,1,https://gigsmart.breezy.hr/,"https://gigsmart.breezy.hr/json"
breezy,girlsincgreaterpgh,1,https://girlsincgreaterpgh.breezy.hr/,"https://girlsincgreaterpgh.breezy.hr/json"
breezy,glance,1,https://glance.breezy.hr/,"https://glance.breezy.hr/json"
breezy,glassman-wealth-services,1,https://glassman-wealth-services.breezy.hr/,"https://glassman-wealth-services.breezy.hr/json"
breezy,global-charter-services-inc,1,https://global-charter-services-inc.breezy.hr/,"https://global-charter-services-inc.breezy.hr/json"
breezy,global-financial-impact-ca,1,https://global-financial-impact-ca.breezy.hr/,"https://global-financial-impact-ca.breezy.hr/json"
breezy,global-health-investment-corporation,1,https://global-health-investment-corporation.breezy.hr/,"https://global-health-investment-corporation.breezy.hr/json"
breezy,gno-solutions-ltd,1,https://gno-solutions-ltd.breezy.hr/,"https://gno-solutions-ltd.breezy.hr/json"
breezy,goal-3,1,https://goal-3.breezy.hr/,"https://goal-3.breezy.hr/json"
breezy,gokada,1,https://gokada.breezy.hr/,"https://gokada.breezy.hr/json"
breezy,good-life-sorted,1,https://good-life-sorted.breezy.hr/,"https://good-life-sorted.breezy.hr/json"
breezy,goodwipes,1,https://goodwipes.breezy.hr/,"https://goodwipes.breezy.hr/json"
breezy,gowrench,1,https://gowrench.breezy.hr/,"https://gowrench.breezy.hr/json"
breezy,gozio,1,https://gozio.breezy.hr/,"https://gozio.breezy.hr/json"
breezy,gps-group-peer-support-llc,1,https://gps-group-peer-support-llc.breezy.hr/,"https://gps-group-peer-support-llc.breezy.hr/json"
breezy,great-keppel-island-hideaway,1,https://great-keppel-island-hideaway.breezy.hr/,"https://great-keppel-island-hideaway.breezy.hr/json"
breezy,greater-columbus-sports-commission,1,https://greater-columbus-sports-commission.breezy.hr/,"https://greater-columbus-sports-commission.breezy.hr/json"
breezy,grofin,1,https://grofin.breezy.hr/,"https://grofin.breezy.hr/json"
breezy,ground-media,1,https://ground-media.breezy.hr/,"https://ground-media.breezy.hr/json"
breezy,groupsolver,1,https://groupsolver.breezy.hr/,"https://groupsolver.breezy.hr/json"
breezy,growmore-marketing,1,https://growmore-marketing.breezy.hr/,"https://growmore-marketing.breezy.hr/json"
breezy,growth-marketing-pro-llc,1,https://growth-marketing-pro-llc.breezy.hr/,"https://growth-marketing-pro-llc.breezy.hr/json"
breezy,guild-care-group-llc,1,https://guild-care-group-llc.breezy.hr/,"https://guild-care-group-llc.breezy.hr/json"
breezy,guitar-shed,1,https://guitar-shed.breezy.hr/,"https://guitar-shed.breezy.hr/json"
breezy,haha-app,1,https://haha-app.breezy.hr/,"https://haha-app.breezy.hr/json"
breezy,hall-and-hall,1,https://hall-and-hall.breezy.hr/,"https://hall-and-hall.breezy.hr/json"
breezy,hall-financial,1,https://hall-financial.breezy.hr/,"https://hall-financial.breezy.hr/json"
breezy,hanlon-acoustical-ceilings,1,https://hanlon-acoustical-ceilings.breezy.hr/,"https://hanlon-acoustical-ceilings.breezy.hr/json"
breezy,happy-dad,1,https://happy-dad.breezy.hr/,"https://happy-dad.breezy.hr/json"
breezy,happymed,1,https://happymed.breezy.hr/,"https://happymed.breezy.hr/json"
breezy,hathor-network,1,https://hathor-network.breezy.hr/,"https://hathor-network.breezy.hr/json"
breezy,haussmann-group-africa,1,https://haussmann-group-africa.breezy.hr/,"https://haussmann-group-africa.breezy.hr/json"
breezy,heath-media,1,https://heath-media.breezy.hr/,"https://heath-media.breezy.hr/json"
breezy,high-output-ventures,1,https://high-output-ventures.breezy.hr/,"https://high-output-ventures.breezy.hr/json"
breezy,highfashionhome,1,https://highfashionhome.breezy.hr/,"https://highfashionhome.breezy.hr/json"
breezy,hilton-garden-inn-milwaukee-airport,1,https://hilton-garden-inn-milwaukee-airport.breezy.hr/,"https://hilton-garden-inn-milwaukee-airport.breezy.hr/json"
breezy,hioperator,1,https://hioperator.breezy.hr/,"https://hioperator.breezy.hr/json"
breezy,home-maid-better,1,https://home-maid-better.breezy.hr/,"https://home-maid-better.breezy.hr/json"
breezy,hope-church,1,https://hope-church.breezy.hr/,"https://hope-church.breezy.hr/json"
breezy,hope-city,1,https://hope-city.breezy.hr/,"https://hope-city.breezy.hr/json"
breezy,hstk,1,https://hstk.breezy.hr/,"https://hstk.breezy.hr/json"
breezy,https-jarrettfire-com,1,https://https-jarrettfire-com.breezy.hr/,"https://https-jarrettfire-com.breezy.hr/json"
breezy,hubbard-street-dance,1,https://hubbard-street-dance.breezy.hr/,"https://hubbard-street-dance.breezy.hr/json"
breezy,huddex,1,https://huddex.breezy.hr/,"https://huddex.breezy.hr/json"
breezy,hungerfreecolorado,1,https://hungerfreecolorado.breezy.hr/,"https://hungerfreecolorado.breezy.hr/json"
breezy,hutwork,1,https://hutwork.breezy.hr/,"https://hutwork.breezy.hr/json"
breezy,icmec,1,https://icmec.breezy.hr/,"https://icmec.breezy.hr/json"
breezy,ideascape,1,https://ideascape.breezy.hr/,"https://ideascape.breezy.hr/json"
breezy,immerse-vr,1,https://immerse-vr.breezy.hr/,"https://immerse-vr.breezy.hr/json"
breezy,incentify,1,https://incentify.breezy.hr/,"https://incentify.breezy.hr/json"
breezy,indinterns,1,https://indinterns.breezy.hr/,"https://indinterns.breezy.hr/json"
breezy,infinit-us,1,https://infinit-us.breezy.hr/,"https://infinit-us.breezy.hr/json"
breezy,infinity-generation-services-inc,1,https://infinity-generation-services-inc.breezy.hr/,"https://infinity-generation-services-inc.breezy.hr/json"
breezy,inflection-point-learning,1,https://inflection-point-learning.breezy.hr/,"https://inflection-point-learning.breezy.hr/json"
breezy,inkr,1,https://inkr.breezy.hr/,"https://inkr.breezy.hr/json"
breezy,inovues,1,https://inovues.breezy.hr/,"https://inovues.breezy.hr/json"
breezy,insight-church,1,https://insight-church.breezy.hr/,"https://insight-church.breezy.hr/json"
breezy,international-association-of-islamic-psychology,1,https://international-association-of-islamic-psychology.breezy.hr/,"https://international-association-of-islamic-psychology.breezy.hr/json"
breezy,invizio,1,https://invizio.breezy.hr/,"https://invizio.breezy.hr/json"
breezy,ips-inc,1,https://ips-inc.breezy.hr/,"https://ips-inc.breezy.hr/json"
breezy,islide,1,https://islide.breezy.hr/,"https://islide.breezy.hr/json"
breezy,iterate,1,https://iterate.breezy.hr/,"https://iterate.breezy.hr/json"
breezy,j-higgins-counseling-lcsw-p-c,1,https://j-higgins-counseling-lcsw-p-c.breezy.hr/,"https://j-higgins-counseling-lcsw-p-c.breezy.hr/json"
breezy,jatheon-technologies-inc,1,https://jatheon-technologies-inc.breezy.hr/,"https://jatheon-technologies-inc.breezy.hr/json"
breezy,jetthoughts-llc,1,https://jetthoughts-llc.breezy.hr/,"https://jetthoughts-llc.breezy.hr/json"
breezy,joe-jr-landscapes,1,https://joe-jr-landscapes.breezy.hr/,"https://joe-jr-landscapes.breezy.hr/json"
breezy,joy-101,1,https://joy-101.breezy.hr/,"https://joy-101.breezy.hr/json"
breezy,jumpseat,1,https://jumpseat.breezy.hr/,"https://jumpseat.breezy.hr/json"
breezy,jungsoft-io,1,https://jungsoft-io.breezy.hr/,"https://jungsoft-io.breezy.hr/json"
breezy,kaleidocode,1,https://kaleidocode.breezy.hr/,"https://kaleidocode.breezy.hr/json"
breezy,kea,1,https://kea.breezy.hr/,"https://kea.breezy.hr/json"
breezy,keeper-solutions,1,https://keeper-solutions.breezy.hr/,"https://keeper-solutions.breezy.hr/json"
breezy,keiki,1,https://keiki.breezy.hr/,"https://keiki.breezy.hr/json"
breezy,kellymossinc,1,https://kellymossinc.breezy.hr/,"https://kellymossinc.breezy.hr/json"
breezy,kett-tool-company,1,https://kett-tool-company.breezy.hr/,"https://kett-tool-company.breezy.hr/json"
breezy,kiira-health,1,https://kiira-health.breezy.hr/,"https://kiira-health.breezy.hr/json"
breezy,kinco-csr-home-solutions,1,https://kinco-csr-home-solutions.breezy.hr/,"https://kinco-csr-home-solutions.breezy.hr/json"
breezy,kineticstrategies-us-l,1,https://kineticstrategies-us-l.breezy.hr/,"https://kineticstrategies-us-l.breezy.hr/json"
breezy,kitbash3d,1,https://kitbash3d.breezy.hr/,"https://kitbash3d.breezy.hr/json"
breezy,kitchenmate,1,https://kitchenmate.breezy.hr/,"https://kitchenmate.breezy.hr/json"
breezy,kivo-inc,1,https://kivo-inc.breezy.hr/,"https://kivo-inc.breezy.hr/json"
breezy,kompasbank,1,https://kompasbank.breezy.hr/,"https://kompasbank.breezy.hr/json"
breezy,kreative-technologies-llc,1,https://kreative-technologies-llc.breezy.hr/,"https://kreative-technologies-llc.breezy.hr/json"
breezy,ktc,1,https://ktc.breezy.hr/,"https://ktc.breezy.hr/json"
breezy,kwil,1,https://kwil.breezy.hr/,"https://kwil.breezy.hr/json"
breezy,ladder,1,https://ladder.breezy.hr/,"https://ladder.breezy.hr/json"
breezy,landfriend,1,https://landfriend.breezy.hr/,"https://landfriend.breezy.hr/json"
breezy,latoken,1,https://latoken.breezy.hr/,"https://latoken.breezy.hr/json"
breezy,leaddesk,1,https://leaddesk.breezy.hr/,"https://leaddesk.breezy.hr/json"
breezy,leadfuze,1,https://leadfuze.breezy.hr/,"https://leadfuze.breezy.hr/json"
breezy,learning-people,1,https://learning-people.breezy.hr/,"https://learning-people.breezy.hr/json"
breezy,ledgergurus,1,https://ledgergurus.breezy.hr/,"https://ledgergurus.breezy.hr/json"
breezy,levy-electric-inc,1,https://levy-electric-inc.breezy.hr/,"https://levy-electric-inc.breezy.hr/json"
breezy,lifespicecareers,1,https://lifespicecareers.breezy.hr/,"https://lifespicecareers.breezy.hr/json"
breezy,lighting-new-york,1,https://lighting-new-york.breezy.hr/,"https://lighting-new-york.breezy.hr/json"
breezy,liki-brand,1,https://liki-brand.breezy.hr/,"https://liki-brand.breezy.hr/json"
breezy,lineleader,1,https://lineleader.breezy.hr/,"https://lineleader.breezy.hr/json"
breezy,loopring,1,https://loopring.breezy.hr/,"https://loopring.breezy.hr/json"
breezy,lubet-engineering,1,https://lubet-engineering.breezy.hr/,"https://lubet-engineering.breezy.hr/json"
breezy,lucky-logic,1,https://lucky-logic.breezy.hr/,"https://lucky-logic.breezy.hr/json"
breezy,lumina-corps,1,https://lumina-corps.breezy.hr/,"https://lumina-corps.breezy.hr/json"
breezy,lurecruiter,1,https://lurecruiter.breezy.hr/,"https://lurecruiter.breezy.hr/json"
breezy,luxury-living,1,https://luxury-living.breezy.hr/,"https://luxury-living.breezy.hr/json"
breezy,lyra-technology-group,1,https://lyra-technology-group.breezy.hr/,"https://lyra-technology-group.breezy.hr/json"
breezy,lyxbil-technologies,1,https://lyxbil-technologies.breezy.hr/,"https://lyxbil-technologies.breezy.hr/json"
breezy,ma-services,1,https://ma-services.breezy.hr/,"https://ma-services.breezy.hr/json"
breezy,magmod,1,https://magmod.breezy.hr/,"https://magmod.breezy.hr/json"
breezy,mantic,1,https://mantic.breezy.hr/,"https://mantic.breezy.hr/json"
breezy,marketdial,1,https://marketdial.breezy.hr/,"https://marketdial.breezy.hr/json"
breezy,marta-nores,1,https://marta-nores.breezy.hr/,"https://marta-nores.breezy.hr/json"
breezy,mcsteen-land-surveyors,1,https://mcsteen-land-surveyors.breezy.hr/,"https://mcsteen-land-surveyors.breezy.hr/json"
breezy,mello,1,https://mello.breezy.hr/,"https://mello.breezy.hr/json"
breezy,mendota-insurance-company,1,https://mendota-insurance-company.breezy.hr/,"https://mendota-insurance-company.breezy.hr/json"
breezy,mettiki-coal-llc,1,https://mettiki-coal-llc.breezy.hr/,"https://mettiki-coal-llc.breezy.hr/json"
breezy,midwest-catv,1,https://midwest-catv.breezy.hr/,"https://midwest-catv.breezy.hr/json"
breezy,mirkin-solutions-llc,1,https://mirkin-solutions-llc.breezy.hr/,"https://mirkin-solutions-llc.breezy.hr/json"
breezy,miscrianti,1,https://miscrianti.breezy.hr/,"https://miscrianti.breezy.hr/json"
breezy,mission-viejo-consulting-group,1,https://mission-viejo-consulting-group.breezy.hr/,"https://mission-viejo-consulting-group.breezy.hr/json"
breezy,mob-society,1,https://mob-society.breezy.hr/,"https://mob-society.breezy.hr/json"
breezy,mobilion-systems-inc,1,https://mobilion-systems-inc.breezy.hr/,"https://mobilion-systems-inc.breezy.hr/json"
breezy,modak-live,1,https://modak-live.breezy.hr/,"https://modak-live.breezy.hr/json"
breezy,mooncolony,1,https://mooncolony.breezy.hr/,"https://mooncolony.breezy.hr/json"
breezy,morgan-s-wonderland-camp,1,https://morgan-s-wonderland-camp.breezy.hr/,"https://morgan-s-wonderland-camp.breezy.hr/json"
breezy,mott-haven-academy-charter-school,1,https://mott-haven-academy-charter-school.breezy.hr/,"https://mott-haven-academy-charter-school.breezy.hr/json"
breezy,mozaic,1,https://mozaic.breezy.hr/,"https://mozaic.breezy.hr/json"
breezy,msi-credit-solutions,1,https://msi-credit-solutions.breezy.hr/,"https://msi-credit-solutions.breezy.hr/json"
breezy,mt-cuba-center,1,https://mt-cuba-center.breezy.hr/,"https://mt-cuba-center.breezy.hr/json"
breezy,my-naturi,1,https://my-naturi.breezy.hr/,"https://my-naturi.breezy.hr/json"
breezy,national-energy-foundation,1,https://national-energy-foundation.breezy.hr/,"https://national-energy-foundation.breezy.hr/json"
breezy,nc-100,1,https://nc-100.breezy.hr/,"https://nc-100.breezy.hr/json"
breezy,nebraska-crossing,1,https://nebraska-crossing.breezy.hr/,"https://nebraska-crossing.breezy.hr/json"
breezy,nest,1,https://nest.breezy.hr/,"https://nest.breezy.hr/json"
breezy,neurelo,1,https://neurelo.breezy.hr/,"https://neurelo.breezy.hr/json"
breezy,new-era-adr,1,https://new-era-adr.breezy.hr/,"https://new-era-adr.breezy.hr/json"
breezy,newfangled-studios,1,https://newfangled-studios.breezy.hr/,"https://newfangled-studios.breezy.hr/json"
breezy,nextec-group,1,https://nextec-group.breezy.hr/,"https://nextec-group.breezy.hr/json"
breezy,niceplay-games,1,https://niceplay-games.breezy.hr/,"https://niceplay-games.breezy.hr/json"
breezy,nomics,1,https://nomics.breezy.hr/,"https://nomics.breezy.hr/json"
breezy,northpoint-development,1,https://northpoint-development.breezy.hr/,"https://northpoint-development.breezy.hr/json"
breezy,northwest-connecticut-transit-district,1,https://northwest-connecticut-transit-district.breezy.hr/,"https://northwest-connecticut-transit-district.breezy.hr/json"
breezy,notably,1,https://notably.breezy.hr/,"https://notably.breezy.hr/json"
breezy,nova-plastic-surgery,1,https://nova-plastic-surgery.breezy.hr/,"https://nova-plastic-surgery.breezy.hr/json"
breezy,noventech-inc,1,https://noventech-inc.breezy.hr/,"https://noventech-inc.breezy.hr/json"
breezy,noze,1,https://noze.breezy.hr/,"https://noze.breezy.hr/json"
breezy,ns-staff-agency-ltd,1,https://ns-staff-agency-ltd.breezy.hr/,"https://ns-staff-agency-ltd.breezy.hr/json"
breezy,nubinary,1,https://nubinary.breezy.hr/,"https://nubinary.breezy.hr/json"
breezy,o-m-plumbing-services-inc,1,https://o-m-plumbing-services-inc.breezy.hr/,"https://o-m-plumbing-services-inc.breezy.hr/json"
breezy,o8,1,https://o8.breezy.hr/,"https://o8.breezy.hr/json"
breezy,oando,1,https://oando.breezy.hr/,"https://oando.breezy.hr/json"
breezy,oasis-golf-center,1,https://oasis-golf-center.breezy.hr/,"https://oasis-golf-center.breezy.hr/json"
breezy,ocean-visions,1,https://ocean-visions.breezy.hr/,"https://ocean-visions.breezy.hr/json"
breezy,octav,1,https://octav.breezy.hr/,"https://octav.breezy.hr/json"
breezy,office-puzzle,1,https://office-puzzle.breezy.hr/,"https://office-puzzle.breezy.hr/json"
breezy,offwego,1,https://offwego.breezy.hr/,"https://offwego.breezy.hr/json"
breezy,one-dynamic,1,https://one-dynamic.breezy.hr/,"https://one-dynamic.breezy.hr/json"
breezy,opendrives-llc,1,https://opendrives-llc.breezy.hr/,"https://opendrives-llc.breezy.hr/json"
breezy,opexpert-consulting,1,https://opexpert-consulting.breezy.hr/,"https://opexpert-consulting.breezy.hr/json"
breezy,optieum,1,https://optieum.breezy.hr/,"https://optieum.breezy.hr/json"
breezy,orthodontist,1,https://orthodontist.breezy.hr/,"https://orthodontist.breezy.hr/json"
breezy,paintjet,1,https://paintjet.breezy.hr/,"https://paintjet.breezy.hr/json"
breezy,pallisercareers,1,https://pallisercareers.breezy.hr/,"https://pallisercareers.breezy.hr/json"
breezy,palo-verde-painting-llc,1,https://palo-verde-painting-llc.breezy.hr/,"https://palo-verde-painting-llc.breezy.hr/json"
breezy,parentpossible,1,https://parentpossible.breezy.hr/,"https://parentpossible.breezy.hr/json"
breezy,pastel,1,https://pastel.breezy.hr/,"https://pastel.breezy.hr/json"
breezy,pathspot,1,https://pathspot.breezy.hr/,"https://pathspot.breezy.hr/json"
breezy,pbc,1,https://pbc.breezy.hr/,"https://pbc.breezy.hr/json"
breezy,pcn-entertainment-group-inc,1,https://pcn-entertainment-group-inc.breezy.hr/,"https://pcn-entertainment-group-inc.breezy.hr/json"
breezy,pediatric-dentist,1,https://pediatric-dentist.breezy.hr/,"https://pediatric-dentist.breezy.hr/json"
breezy,pensa-labs,1,https://pensa-labs.breezy.hr/,"https://pensa-labs.breezy.hr/json"
breezy,personified-tech,1,https://personified-tech.breezy.hr/,"https://personified-tech.breezy.hr/json"
breezy,pickering-creek-audubon-center,1,https://pickering-creek-audubon-center.breezy.hr/,"https://pickering-creek-audubon-center.breezy.hr/json"
breezy,pickles,1,https://pickles.breezy.hr/,"https://pickles.breezy.hr/json"
breezy,pinnacle-cares,1,https://pinnacle-cares.breezy.hr/,"https://pinnacle-cares.breezy.hr/json"
breezy,pipo-saude,1,https://pipo-saude.breezy.hr/,"https://pipo-saude.breezy.hr/json"
breezy,pixel,1,https://pixel.breezy.hr/,"https://pixel.breezy.hr/json"
breezy,pixery,1,https://pixery.breezy.hr/,"https://pixery.breezy.hr/json"
breezy,plan-consultoria-e-pesquisa-em-ci-ncias-sociais-ltda,1,https://plan-consultoria-e-pesquisa-em-ci-ncias-sociais-ltda.breezy.hr/,"https://plan-consultoria-e-pesquisa-em-ci-ncias-sociais-ltda.breezy.hr/json"
breezy,playbookux,1,https://playbookux.breezy.hr/,"https://playbookux.breezy.hr/json"
breezy,playvalve-s-l,1,https://playvalve-s-l.breezy.hr/,"https://playvalve-s-l.breezy.hr/json"
breezy,point-out,1,https://point-out.breezy.hr/,"https://point-out.breezy.hr/json"
breezy,port-side-logistics-llc,1,https://port-side-logistics-llc.breezy.hr/,"https://port-side-logistics-llc.breezy.hr/json"
breezy,pr-volt,1,https://pr-volt.breezy.hr/,"https://pr-volt.breezy.hr/json"
breezy,predictiva,1,https://predictiva.breezy.hr/,"https://predictiva.breezy.hr/json"
breezy,preloaded,1,https://preloaded.breezy.hr/,"https://preloaded.breezy.hr/json"
breezy,premier-fitness-service,1,https://premier-fitness-service.breezy.hr/,"https://premier-fitness-service.breezy.hr/json"
breezy,pretty-little-adventures,1,https://pretty-little-adventures.breezy.hr/,"https://pretty-little-adventures.breezy.hr/json"
breezy,preventia-group-llc,1,https://preventia-group-llc.breezy.hr/,"https://preventia-group-llc.breezy.hr/json"
breezy,privacyworks-consulting-inc,1,https://privacyworks-consulting-inc.breezy.hr/,"https://privacyworks-consulting-inc.breezy.hr/json"
breezy,production-club,1,https://production-club.breezy.hr/,"https://production-club.breezy.hr/json"
breezy,proofpilot-inc,1,https://proofpilot-inc.breezy.hr/,"https://proofpilot-inc.breezy.hr/json"
breezy,property-leads,1,https://property-leads.breezy.hr/,"https://property-leads.breezy.hr/json"
breezy,prospa,1,https://prospa.breezy.hr/,"https://prospa.breezy.hr/json"
breezy,protection-by-defta,1,https://protection-by-defta.breezy.hr/,"https://protection-by-defta.breezy.hr/json"
breezy,psc,1,https://psc.breezy.hr/,"https://psc.breezy.hr/json"
breezy,pse-healthy-energy,1,https://pse-healthy-energy.breezy.hr/,"https://pse-healthy-energy.breezy.hr/json"
breezy,pt-git-gow-ayo,1,https://pt-git-gow-ayo.breezy.hr/,"https://pt-git-gow-ayo.breezy.hr/json"
breezy,puma-telecom,1,https://puma-telecom.breezy.hr/,"https://puma-telecom.breezy.hr/json"
breezy,puzzle-cats,1,https://puzzle-cats.breezy.hr/,"https://puzzle-cats.breezy.hr/json"
breezy,qps-works,1,https://qps-works.breezy.hr/,"https://qps-works.breezy.hr/json"
breezy,quantori,1,https://quantori.breezy.hr/,"https://quantori.breezy.hr/json"
breezy,quintessential-health,1,https://quintessential-health.breezy.hr/,"https://quintessential-health.breezy.hr/json"
breezy,radiant-church,1,https://radiant-church.breezy.hr/,"https://radiant-church.breezy.hr/json"
breezy,radically,1,https://radically.breezy.hr/,"https://radically.breezy.hr/json"
breezy,rainforest-action-network,1,https://rainforest-action-network.breezy.hr/,"https://rainforest-action-network.breezy.hr/json"
breezy,ramptalentjobs,1,https://ramptalentjobs.breezy.hr/,"https://ramptalentjobs.breezy.hr/json"
breezy,rapid-delivery-solutions,1,https://rapid-delivery-solutions.breezy.hr/,"https://rapid-delivery-solutions.breezy.hr/json"
breezy,raysaco,1,https://raysaco.breezy.hr/,"https://raysaco.breezy.hr/json"
breezy,re-fab,1,https://re-fab.breezy.hr/,"https://re-fab.breezy.hr/json"
breezy,recess,1,https://recess.breezy.hr/,"https://recess.breezy.hr/json"
breezy,rechat-inc,1,https://rechat-inc.breezy.hr/,"https://rechat-inc.breezy.hr/json"
breezy,red-rocks-church,1,https://red-rocks-church.breezy.hr/,"https://red-rocks-church.breezy.hr/json"
breezy,redwood-day-school,1,https://redwood-day-school.breezy.hr/,"https://redwood-day-school.breezy.hr/json"
breezy,reface,1,https://reface.breezy.hr/,"https://reface.breezy.hr/json"
breezy,refibuy-inc,1,https://refibuy-inc.breezy.hr/,"https://refibuy-inc.breezy.hr/json"
breezy,reguwise-llc,1,https://reguwise-llc.breezy.hr/,"https://reguwise-llc.breezy.hr/json"
breezy,reliant-central,1,https://reliant-central.breezy.hr/,"https://reliant-central.breezy.hr/json"
breezy,reliant-credit-repair,1,https://reliant-credit-repair.breezy.hr/,"https://reliant-credit-repair.breezy.hr/json"
breezy,remedy-plumbing,1,https://remedy-plumbing.breezy.hr/,"https://remedy-plumbing.breezy.hr/json"
breezy,rentengine,1,https://rentengine.breezy.hr/,"https://rentengine.breezy.hr/json"
breezy,replayed,1,https://replayed.breezy.hr/,"https://replayed.breezy.hr/json"
breezy,resilient-minds-on-the-front-lines,1,https://resilient-minds-on-the-front-lines.breezy.hr/,"https://resilient-minds-on-the-front-lines.breezy.hr/json"
breezy,resultslab,1,https://resultslab.breezy.hr/,"https://resultslab.breezy.hr/json"
breezy,reveille-group,1,https://reveille-group.breezy.hr/,"https://reveille-group.breezy.hr/json"
breezy,revenued,1,https://revenued.breezy.hr/,"https://revenued.breezy.hr/json"
breezy,revops-inc,1,https://revops-inc.breezy.hr/,"https://revops-inc.breezy.hr/json"
breezy,right-hires-global-recruitment,1,https://right-hires-global-recruitment.breezy.hr/,"https://right-hires-global-recruitment.breezy.hr/json"
breezy,rlay,1,https://rlay.breezy.hr/,"https://rlay.breezy.hr/json"
breezy,robbins-research-international,1,https://robbins-research-international.breezy.hr/,"https://robbins-research-international.breezy.hr/json"
breezy,rombo-ai,1,https://rombo-ai.breezy.hr/,"https://rombo-ai.breezy.hr/json"
breezy,routeware-inc,1,https://routeware-inc.breezy.hr/,"https://routeware-inc.breezy.hr/json"
breezy,rubris-inc,1,https://rubris-inc.breezy.hr/,"https://rubris-inc.breezy.hr/json"
breezy,rule4,1,https://rule4.breezy.hr/,"https://rule4.breezy.hr/json"
breezy,saatchi-art,1,https://saatchi-art.breezy.hr/,"https://saatchi-art.breezy.hr/json"
breezy,safe-passage-project-corporation,1,https://safe-passage-project-corporation.breezy.hr/,"https://safe-passage-project-corporation.breezy.hr/json"
breezy,sales-excellence-institute,1,https://sales-excellence-institute.breezy.hr/,"https://sales-excellence-institute.breezy.hr/json"
breezy,salesberry-group,1,https://salesberry-group.breezy.hr/,"https://salesberry-group.breezy.hr/json"
breezy,sankofa-school-of-success,1,https://sankofa-school-of-success.breezy.hr/,"https://sankofa-school-of-success.breezy.hr/json"
breezy,santa-barbara-sparky,1,https://santa-barbara-sparky.breezy.hr/,"https://santa-barbara-sparky.breezy.hr/json"
breezy,sayway-gmbh,1,https://sayway-gmbh.breezy.hr/,"https://sayway-gmbh.breezy.hr/json"
breezy,school-portraits,1,https://school-portraits.breezy.hr/,"https://school-portraits.breezy.hr/json"
breezy,sciencebuzz,1,https://sciencebuzz.breezy.hr/,"https://sciencebuzz.breezy.hr/json"
breezy,security-dm-ltd,1,https://security-dm-ltd.breezy.hr/,"https://security-dm-ltd.breezy.hr/json"
breezy,selectstar-solutions,1,https://selectstar-solutions.breezy.hr/,"https://selectstar-solutions.breezy.hr/json"
breezy,sentinel-devices,1,https://sentinel-devices.breezy.hr/,"https://sentinel-devices.breezy.hr/json"
breezy,serent-capital,1,https://serent-capital.breezy.hr/,"https://serent-capital.breezy.hr/json"
breezy,serve-club,1,https://serve-club.breezy.hr/,"https://serve-club.breezy.hr/json"
breezy,serverless-guru-llc,1,https://serverless-guru-llc.breezy.hr/,"https://serverless-guru-llc.breezy.hr/json"
breezy,servers-com,1,https://servers-com.breezy.hr/,"https://servers-com.breezy.hr/json"
breezy,seven-arrows-recovery,1,https://seven-arrows-recovery.breezy.hr/,"https://seven-arrows-recovery.breezy.hr/json"
breezy,seven-hills,1,https://seven-hills.breezy.hr/,"https://seven-hills.breezy.hr/json"
breezy,sfermion,1,https://sfermion.breezy.hr/,"https://sfermion.breezy.hr/json"
breezy,shamil-translation,1,https://shamil-translation.breezy.hr/,"https://shamil-translation.breezy.hr/json"
breezy,sharesource,1,https://sharesource.breezy.hr/,"https://sharesource.breezy.hr/json"
breezy,shpdc,1,https://shpdc.breezy.hr/,"https://shpdc.breezy.hr/json"
breezy,siebert-williams-shank-co,1,https://siebert-williams-shank-co.breezy.hr/,"https://siebert-williams-shank-co.breezy.hr/json"
breezy,sigao-studios,1,https://sigao-studios.breezy.hr/,"https://sigao-studios.breezy.hr/json"
breezy,silana,1,https://silana.breezy.hr/,"https://silana.breezy.hr/json"
breezy,sinai,1,https://sinai.breezy.hr/,"https://sinai.breezy.hr/json"
breezy,sistemica-gmbh,1,https://sistemica-gmbh.breezy.hr/,"https://sistemica-gmbh.breezy.hr/json"
breezy,skilldlabs,1,https://skilldlabs.breezy.hr/,"https://skilldlabs.breezy.hr/json"
breezy,skynano,1,https://skynano.breezy.hr/,"https://skynano.breezy.hr/json"
breezy,sleeping-duck,1,https://sleeping-duck.breezy.hr/,"https://sleeping-duck.breezy.hr/json"
breezy,smart-role,1,https://smart-role.breezy.hr/,"https://smart-role.breezy.hr/json"
breezy,smarthires,1,https://smarthires.breezy.hr/,"https://smarthires.breezy.hr/json"
breezy,smbhd,1,https://smbhd.breezy.hr/,"https://smbhd.breezy.hr/json"
breezy,smyrna-police-department,1,https://smyrna-police-department.breezy.hr/,"https://smyrna-police-department.breezy.hr/json"
breezy,social-currant,1,https://social-currant.breezy.hr/,"https://social-currant.breezy.hr/json"
breezy,social-nature,1,https://social-nature.breezy.hr/,"https://social-nature.breezy.hr/json"
breezy,softab,1,https://softab.breezy.hr/,"https://softab.breezy.hr/json"
breezy,soliant-consulting,1,https://soliant-consulting.breezy.hr/,"https://soliant-consulting.breezy.hr/json"
breezy,soligo,1,https://soligo.breezy.hr/,"https://soligo.breezy.hr/json"
breezy,sonno-malaysia,1,https://sonno-malaysia.breezy.hr/,"https://sonno-malaysia.breezy.hr/json"
breezy,sotatek,1,https://sotatek.breezy.hr/,"https://sotatek.breezy.hr/json"
breezy,sourcemap-inc,1,https://sourcemap-inc.breezy.hr/,"https://sourcemap-inc.breezy.hr/json"
breezy,south-african-graduate-employers-association,1,https://south-african-graduate-employers-association.breezy.hr/,"https://south-african-graduate-employers-association.breezy.hr/json"
breezy,sown-to-grow,1,https://sown-to-grow.breezy.hr/,"https://sown-to-grow.breezy.hr/json"
breezy,special-x,1,https://special-x.breezy.hr/,"https://special-x.breezy.hr/json"
breezy,spin-global,1,https://spin-global.breezy.hr/,"https://spin-global.breezy.hr/json"
breezy,spoke-phone,1,https://spoke-phone.breezy.hr/,"https://spoke-phone.breezy.hr/json"
breezy,sports-reference-llc,1,https://sports-reference-llc.breezy.hr/,"https://sports-reference-llc.breezy.hr/json"
breezy,spotterrf,1,https://spotterrf.breezy.hr/,"https://spotterrf.breezy.hr/json"
breezy,squam-supply,1,https://squam-supply.breezy.hr/,"https://squam-supply.breezy.hr/json"
breezy,ssg-texas,1,https://ssg-texas.breezy.hr/,"https://ssg-texas.breezy.hr/json"
breezy,st-mark-s-school,1,https://st-mark-s-school.breezy.hr/,"https://st-mark-s-school.breezy.hr/json"
breezy,stacklet,1,https://stacklet.breezy.hr/,"https://stacklet.breezy.hr/json"
breezy,stake-capital-group,1,https://stake-capital-group.breezy.hr/,"https://stake-capital-group.breezy.hr/json"
breezy,startup-wonders,1,https://startup-wonders.breezy.hr/,"https://startup-wonders.breezy.hr/json"
breezy,statusphere,1,https://statusphere.breezy.hr/,"https://statusphere.breezy.hr/json"
breezy,step-up-team,1,https://step-up-team.breezy.hr/,"https://step-up-team.breezy.hr/json"
breezy,strive,1,https://strive.breezy.hr/,"https://strive.breezy.hr/json"
breezy,study-association-star,1,https://study-association-star.breezy.hr/,"https://study-association-star.breezy.hr/json"
breezy,subtext,1,https://subtext.breezy.hr/,"https://subtext.breezy.hr/json"
breezy,sultans,1,https://sultans.breezy.hr/,"https://sultans.breezy.hr/json"
breezy,summit-medical-consultants-llc,1,https://summit-medical-consultants-llc.breezy.hr/,"https://summit-medical-consultants-llc.breezy.hr/json"
breezy,sunday-health,1,https://sunday-health.breezy.hr/,"https://sunday-health.breezy.hr/json"
breezy,sunway-landscape-services,1,https://sunway-landscape-services.breezy.hr/,"https://sunway-landscape-services.breezy.hr/json"
breezy,super-heat-fitness,1,https://super-heat-fitness.breezy.hr/,"https://super-heat-fitness.breezy.hr/json"
breezy,surge-institute,1,https://surge-institute.breezy.hr/,"https://surge-institute.breezy.hr/json"
breezy,sway,1,https://sway.breezy.hr/,"https://sway.breezy.hr/json"
breezy,sweetfishmedia,1,https://sweetfishmedia.breezy.hr/,"https://sweetfishmedia.breezy.hr/json"
breezy,swivl,1,https://swivl.breezy.hr/,"https://swivl.breezy.hr/json"
breezy,synergetics,1,https://synergetics.breezy.hr/,"https://synergetics.breezy.hr/json"
breezy,synergy-inc,1,https://synergy-inc.breezy.hr/,"https://synergy-inc.breezy.hr/json"
breezy,synnefa,1,https://synnefa.breezy.hr/,"https://synnefa.breezy.hr/json"
breezy,talent-venture-group,1,https://talent-venture-group.breezy.hr/,"https://talent-venture-group.breezy.hr/json"
breezy,talleco,1,https://talleco.breezy.hr/,"https://talleco.breezy.hr/json"
breezy,teach-your-monster,1,https://teach-your-monster.breezy.hr/,"https://teach-your-monster.breezy.hr/json"
breezy,teacher-s-pension-services-inc,1,https://teacher-s-pension-services-inc.breezy.hr/,"https://teacher-s-pension-services-inc.breezy.hr/json"
breezy,team-201,1,https://team-201.breezy.hr/,"https://team-201.breezy.hr/json"
breezy,techiia,1,https://techiia.breezy.hr/,"https://techiia.breezy.hr/json"
breezy,technologix,1,https://technologix.breezy.hr/,"https://technologix.breezy.hr/json"
breezy,techsmart,1,https://techsmart.breezy.hr/,"https://techsmart.breezy.hr/json"
breezy,ten-fifteen,1,https://ten-fifteen.breezy.hr/,"https://ten-fifteen.breezy.hr/json"
breezy,testbox,1,https://testbox.breezy.hr/,"https://testbox.breezy.hr/json"
breezy,testcode-inc,1,https://testcode-inc.breezy.hr/,"https://testcode-inc.breezy.hr/json"
breezy,texas-campaign-for-the-environment,1,https://texas-campaign-for-the-environment.breezy.hr/,"https://texas-campaign-for-the-environment.breezy.hr/json"
breezy,tezzro,1,https://tezzro.breezy.hr/,"https://tezzro.breezy.hr/json"
breezy,the-borgen-project,1,https://the-borgen-project.breezy.hr/,"https://the-borgen-project.breezy.hr/json"
breezy,the-campbell-foundation,1,https://the-campbell-foundation.breezy.hr/,"https://the-campbell-foundation.breezy.hr/json"
breezy,the-commonwealth-fund,1,https://the-commonwealth-fund.breezy.hr/,"https://the-commonwealth-fund.breezy.hr/json"
breezy,the-court-reporting-academy,1,https://the-court-reporting-academy.breezy.hr/,"https://the-court-reporting-academy.breezy.hr/json"
breezy,the-educator-s-room,1,https://the-educator-s-room.breezy.hr/,"https://the-educator-s-room.breezy.hr/json"
breezy,the-garden-foundation,1,https://the-garden-foundation.breezy.hr/,"https://the-garden-foundation.breezy.hr/json"
breezy,the-gateway-group,1,https://the-gateway-group.breezy.hr/,"https://the-gateway-group.breezy.hr/json"
breezy,the-luminos-fund,1,https://the-luminos-fund.breezy.hr/,"https://the-luminos-fund.breezy.hr/json"
breezy,the-musicianship,1,https://the-musicianship.breezy.hr/,"https://the-musicianship.breezy.hr/json"
breezy,the-story-church,1,https://the-story-church.breezy.hr/,"https://the-story-church.breezy.hr/json"
breezy,the-swim-squad,1,https://the-swim-squad.breezy.hr/,"https://the-swim-squad.breezy.hr/json"
breezy,themesphere,1,https://themesphere.breezy.hr/,"https://themesphere.breezy.hr/json"
breezy,thermosoft,1,https://thermosoft.breezy.hr/,"https://thermosoft.breezy.hr/json"
breezy,thesummitinstitute,1,https://thesummitinstitute.breezy.hr/,"https://thesummitinstitute.breezy.hr/json"
breezy,thirdwave,1,https://thirdwave.breezy.hr/,"https://thirdwave.breezy.hr/json"
breezy,three-point-capital-llc,1,https://three-point-capital-llc.breezy.hr/,"https://three-point-capital-llc.breezy.hr/json"
breezy,tiamat-sciences-corp,1,https://tiamat-sciences-corp.breezy.hr/,"https://tiamat-sciences-corp.breezy.hr/json"
breezy,tie-bar,1,https://tie-bar.breezy.hr/,"https://tie-bar.breezy.hr/json"
breezy,tier-9-game-studios-ltd,1,https://tier-9-game-studios-ltd.breezy.hr/,"https://tier-9-game-studios-ltd.breezy.hr/json"
breezy,time-4-change-global,1,https://time-4-change-global.breezy.hr/,"https://time-4-change-global.breezy.hr/json"
breezy,toker-s-guide,1,https://toker-s-guide.breezy.hr/,"https://toker-s-guide.breezy.hr/json"
breezy,tooth-and-coin,1,https://tooth-and-coin.breezy.hr/,"https://tooth-and-coin.breezy.hr/json"
breezy,trailmix,1,https://trailmix.breezy.hr/,"https://trailmix.breezy.hr/json"
breezy,transequality,1,https://transequality.breezy.hr/,"https://transequality.breezy.hr/json"
breezy,transita,1,https://transita.breezy.hr/,"https://transita.breezy.hr/json"
breezy,triocompany,1,https://triocompany.breezy.hr/,"https://triocompany.breezy.hr/json"
breezy,true-tape-sports-gmbh,1,https://true-tape-sports-gmbh.breezy.hr/,"https://true-tape-sports-gmbh.breezy.hr/json"
breezy,tunnel-ridge-llc,1,https://tunnel-ridge-llc.breezy.hr/,"https://tunnel-ridge-llc.breezy.hr/json"
breezy,turbulent,1,https://turbulent.breezy.hr/,"https://turbulent.breezy.hr/json"
breezy,turnerstaffing,1,https://turnerstaffing.breezy.hr/,"https://turnerstaffing.breezy.hr/json"
breezy,tushy,1,https://tushy.breezy.hr/,"https://tushy.breezy.hr/json"
breezy,twacareer,1,https://twacareer.breezy.hr/,"https://twacareer.breezy.hr/json"
breezy,twinstate-technologies,1,https://twinstate-technologies.breezy.hr/,"https://twinstate-technologies.breezy.hr/json"
breezy,udext,1,https://udext.breezy.hr/,"https://udext.breezy.hr/json"
breezy,unlayer,1,https://unlayer.breezy.hr/,"https://unlayer.breezy.hr/json"
breezy,upgrow,1,https://upgrow.breezy.hr/,"https://upgrow.breezy.hr/json"
breezy,upskillable,1,https://upskillable.breezy.hr/,"https://upskillable.breezy.hr/json"
breezy,upskiller,1,https://upskiller.breezy.hr/,"https://upskiller.breezy.hr/json"
breezy,upstairs,1,https://upstairs.breezy.hr/,"https://upstairs.breezy.hr/json"
breezy,upwardsdotcom,1,https://upwardsdotcom.breezy.hr/,"https://upwardsdotcom.breezy.hr/json"
breezy,urbantz,1,https://urbantz.breezy.hr/,"https://urbantz.breezy.hr/json"
breezy,us-digital-response,1,https://us-digital-response.breezy.hr/,"https://us-digital-response.breezy.hr/json"
breezy,uuabc,1,https://uuabc.breezy.hr/,"https://uuabc.breezy.hr/json"
breezy,vahura,1,https://vahura.breezy.hr/,"https://vahura.breezy.hr/json"
breezy,valital-technologies,1,https://valital-technologies.breezy.hr/,"https://valital-technologies.breezy.hr/json"
breezy,van-clemens-co-inc,1,https://van-clemens-co-inc.breezy.hr/,"https://van-clemens-co-inc.breezy.hr/json"
breezy,vancouver-foundation,1,https://vancouver-foundation.breezy.hr/,"https://vancouver-foundation.breezy.hr/json"
breezy,vectorvms,1,https://vectorvms.breezy.hr/,"https://vectorvms.breezy.hr/json"
breezy,venturx,1,https://venturx.breezy.hr/,"https://venturx.breezy.hr/json"
breezy,verity-it,1,https://verity-it.breezy.hr/,"https://verity-it.breezy.hr/json"
breezy,versus-socks-pty-ltd,1,https://versus-socks-pty-ltd.breezy.hr/,"https://versus-socks-pty-ltd.breezy.hr/json"
breezy,viamo-inc,1,https://viamo-inc.breezy.hr/,"https://viamo-inc.breezy.hr/json"
breezy,visolis,1,https://visolis.breezy.hr/,"https://visolis.breezy.hr/json"
breezy,vivo-missouri,1,https://vivo-missouri.breezy.hr/,"https://vivo-missouri.breezy.hr/json"
breezy,vodworks,1,https://vodworks.breezy.hr/,"https://vodworks.breezy.hr/json"
breezy,volca,1,https://volca.breezy.hr/,"https://volca.breezy.hr/json"
breezy,volley-llc,1,https://volley-llc.breezy.hr/,"https://volley-llc.breezy.hr/json"
breezy,voltpost,1,https://voltpost.breezy.hr/,"https://voltpost.breezy.hr/json"
breezy,voteamerica,1,https://voteamerica.breezy.hr/,"https://voteamerica.breezy.hr/json"
breezy,votingworks,1,https://votingworks.breezy.hr/,"https://votingworks.breezy.hr/json"
breezy,voxeet,1,https://voxeet.breezy.hr/,"https://voxeet.breezy.hr/json"
breezy,vyde,1,https://vyde.breezy.hr/,"https://vyde.breezy.hr/json"
breezy,wabo-roofing-systems,1,https://wabo-roofing-systems.breezy.hr/,"https://wabo-roofing-systems.breezy.hr/json"
breezy,wagomu,1,https://wagomu.breezy.hr/,"https://wagomu.breezy.hr/json"
breezy,wagpco,1,https://wagpco.breezy.hr/,"https://wagpco.breezy.hr/json"
breezy,wavelength-strategy,1,https://wavelength-strategy.breezy.hr/,"https://wavelength-strategy.breezy.hr/json"
breezy,wawoo-staffing,1,https://wawoo-staffing.breezy.hr/,"https://wawoo-staffing.breezy.hr/json"
breezy,waystocap,1,https://waystocap.breezy.hr/,"https://waystocap.breezy.hr/json"
breezy,wayy-llc,1,https://wayy-llc.breezy.hr/,"https://wayy-llc.breezy.hr/json"
breezy,we-solve-problems,1,https://we-solve-problems.breezy.hr/,"https://we-solve-problems.breezy.hr/json"
breezy,web3-talent-collective,1,https://web3-talent-collective.breezy.hr/,"https://web3-talent-collective.breezy.hr/json"
breezy,weco-hospitality,1,https://weco-hospitality.breezy.hr/,"https://weco-hospitality.breezy.hr/json"
breezy,welld-sagl,1,https://welld-sagl.breezy.hr/,"https://welld-sagl.breezy.hr/json"
breezy,west-side-campaign-against-hunger,1,https://west-side-campaign-against-hunger.breezy.hr/,"https://west-side-campaign-against-hunger.breezy.hr/json"
breezy,west-tech-shipping,1,https://west-tech-shipping.breezy.hr/,"https://west-tech-shipping.breezy.hr/json"
breezy,wevideo,1,https://wevideo.breezy.hr/,"https://wevideo.breezy.hr/json"
breezy,wevo,1,https://wevo.breezy.hr/,"https://wevo.breezy.hr/json"
breezy,whirl-i-gig,1,https://whirl-i-gig.breezy.hr/,"https://whirl-i-gig.breezy.hr/json"
breezy,whitlock-company-p-c,1,https://whitlock-company-p-c.breezy.hr/,"https://whitlock-company-p-c.breezy.hr/json"
breezy,whym,1,https://whym.breezy.hr/,"https://whym.breezy.hr/json"
breezy,wilhelm,1,https://wilhelm.breezy.hr/,"https://wilhelm.breezy.hr/json"
breezy,wimzee,1,https://wimzee.breezy.hr/,"https://wimzee.breezy.hr/json"
breezy,wingman,1,https://wingman.breezy.hr/,"https://wingman.breezy.hr/json"
breezy,wise-choice,1,https://wise-choice.breezy.hr/,"https://wise-choice.breezy.hr/json"
breezy,wknd-digital,1,https://wknd-digital.breezy.hr/,"https://wknd-digital.breezy.hr/json"
breezy,wnnlaf,1,https://wnnlaf.breezy.hr/,"https://wnnlaf.breezy.hr/json"
breezy,wonder-works-studio-inc,1,https://wonder-works-studio-inc.breezy.hr/,"https://wonder-works-studio-inc.breezy.hr/json"
breezy,wootware-computers,1,https://wootware-computers.breezy.hr/,"https://wootware-computers.breezy.hr/json"
breezy,wurk,1,https://wurk.breezy.hr/,"https://wurk.breezy.hr/json"
breezy,www-timezest-com,1,https://www-timezest-com.breezy.hr/,"https://www-timezest-com.breezy.hr/json"
breezy,wyze-labs,1,https://wyze-labs.breezy.hr/,"https://wyze-labs.breezy.hr/json"
breezy,xclusive-lifestyle-group,1,https://xclusive-lifestyle-group.breezy.hr/,"https://xclusive-lifestyle-group.breezy.hr/json"
breezy,xtream-adminz,1,https://xtream-adminz.breezy.hr/,"https://xtream-adminz.breezy.hr/json"
breezy,yellow-labs-software-inc,1,https://yellow-labs-software-inc.breezy.hr/,"https://yellow-labs-software-inc.breezy.hr/json"
breezy,yonkers-industries-inc,1,https://yonkers-industries-inc.breezy.hr/,"https://yonkers-industries-inc.breezy.hr/json"
breezy,young-basile,1,https://young-basile.breezy.hr/,"https://young-basile.breezy.hr/json"
breezy,young-storytellers,1,https://young-storytellers.breezy.hr/,"https://young-storytellers.breezy.hr/json"
breezy,yourstake,1,https://yourstake.breezy.hr/,"https://yourstake.breezy.hr/json"
breezy,youset,1,https://youset.breezy.hr/,"https://youset.breezy.hr/json"
breezy,youthfully,1,https://youthfully.breezy.hr/,"https://youthfully.breezy.hr/json"
breezy,zedge,1,https://zedge.breezy.hr/,"https://zedge.breezy.hr/json"
breezy,zuul,1,https://zuul.breezy.hr/,"https://zuul.breezy.hr/json"
