provider,token,open_postings,board_url,api_url
lever,jobgether,4318,https://jobs.lever.co/jobgether,"https://api.lever.co/v0/postings/jobgether?mode=json"
lever,tsmg,4167,https://jobs.lever.co/tsmg,"https://api.lever.co/v0/postings/tsmg?mode=json"
lever,boxlunch,3654,https://jobs.lever.co/boxlunch,"https://api.lever.co/v0/postings/boxlunch?mode=json"
lever,aogarciaagency,2089,https://jobs.lever.co/aogarciaagency,"https://api.lever.co/v0/postings/aogarciaagency?mode=json"
lever,globalelitecareers,1752,https://jobs.lever.co/globalelitecareers,"https://api.lever.co/v0/postings/globalelitecareers?mode=json"
lever,usasurveyjob,1673,https://jobs.lever.co/usasurveyjob,"https://api.lever.co/v0/postings/usasurveyjob?mode=json"
lever,cgsfederal,1427,https://jobs.lever.co/cgsfederal,"https://api.lever.co/v0/postings/cgsfederal?mode=json"
lever,vohra,1409,https://jobs.lever.co/vohra,"https://api.lever.co/v0/postings/vohra?mode=json"
lever,lifestance,1388,https://jobs.lever.co/lifestance,"https://api.lever.co/v0/postings/lifestance?mode=json"
lever,insomniacookies,1178,https://jobs.lever.co/insomniacookies,"https://api.lever.co/v0/postings/insomniacookies?mode=json"
lever,veeva,895,https://jobs.lever.co/veeva,"https://api.lever.co/v0/postings/veeva?mode=json"
lever,paytmpayments,846,https://jobs.lever.co/paytmpayments,"https://api.lever.co/v0/postings/paytmpayments?mode=json"
lever,gopuff,763,https://jobs.lever.co/gopuff,"https://api.lever.co/v0/postings/gopuff?mode=json"
lever,weloglobal,559,https://jobs.lever.co/weloglobal,"https://api.lever.co/v0/postings/weloglobal?mode=json"
lever,lyrahealth,551,https://jobs.lever.co/lyrahealth,"https://api.lever.co/v0/postings/lyrahealth?mode=json"
lever,bluelightconsulting,513,https://jobs.lever.co/bluelightconsulting,"https://api.lever.co/v0/postings/bluelightconsulting?mode=json"
lever,cscgeneration-2,465,https://jobs.lever.co/cscgeneration-2,"https://api.lever.co/v0/postings/cscgeneration-2?mode=json"
lever,getwingapp,465,https://jobs.lever.co/getwingapp,"https://api.lever.co/v0/postings/getwingapp?mode=json"
lever,shieldai,433,https://jobs.lever.co/shieldai,"https://api.lever.co/v0/postings/shieldai?mode=json"
lever,leverdemo-8,429,https://jobs.lever.co/leverdemo-8,"https://api.lever.co/v0/postings/leverdemo-8?mode=json"
lever,destinationknot,421,https://jobs.lever.co/destinationknot,"https://api.lever.co/v0/postings/destinationknot?mode=json"
lever,jetsetpilates,379,https://jobs.lever.co/jetsetpilates,"https://api.lever.co/v0/postings/jetsetpilates?mode=json"
lever,21hhs,323,https://jobs.lever.co/21hhs,"https://api.lever.co/v0/postings/21hhs?mode=json"
lever,aisle_and_abroad,316,https://jobs.lever.co/aisle_and_abroad,"https://api.lever.co/v0/postings/aisle_and_abroad?mode=json"
lever,latitudeinc,314,https://jobs.lever.co/latitudeinc,"https://api.lever.co/v0/postings/latitudeinc?mode=json"
lever,gorh,312,https://jobs.lever.co/gorh,"https://api.lever.co/v0/postings/gorh?mode=json"
lever,palantir,307,https://jobs.lever.co/palantir,"https://api.lever.co/v0/postings/palantir?mode=json"
lever,arcteryx.com,304,https://jobs.lever.co/arcteryx.com,"https://api.lever.co/v0/postings/arcteryx.com?mode=json"
lever,solidcore,287,https://jobs.lever.co/solidcore,"https://api.lever.co/v0/postings/solidcore?mode=json"
lever,binance,282,https://jobs.lever.co/binance,"https://api.lever.co/v0/postings/binance?mode=json"
lever,sunsrce,264,https://jobs.lever.co/sunsrce,"https://api.lever.co/v0/postings/sunsrce?mode=json"
lever,wyetechllc,253,https://jobs.lever.co/wyetechllc,"https://api.lever.co/v0/postings/wyetechllc?mode=json"
lever,buckmason,246,https://jobs.lever.co/buckmason,"https://api.lever.co/v0/postings/buckmason?mode=json"
lever,abtaba,243,https://jobs.lever.co/abtaba,"https://api.lever.co/v0/postings/abtaba?mode=json"
lever,simonmed,241,https://jobs.lever.co/simonmed,"https://api.lever.co/v0/postings/simonmed?mode=json"
lever,zoox,236,https://jobs.lever.co/zoox,"https://api.lever.co/v0/postings/zoox?mode=json"
lever,lsaweb,225,https://jobs.lever.co/lsaweb,"https://api.lever.co/v0/postings/lsaweb?mode=json"
lever,sila,210,https://jobs.lever.co/sila,"https://api.lever.co/v0/postings/sila?mode=json"
lever,daniels-sharpsmart,209,https://jobs.lever.co/daniels-sharpsmart,"https://api.lever.co/v0/postings/daniels-sharpsmart?mode=json"
lever,distro,203,https://jobs.lever.co/distro,"https://api.lever.co/v0/postings/distro?mode=json"
lever,ciandt,202,https://jobs.lever.co/ciandt,"https://api.lever.co/v0/postings/ciandt?mode=json"
lever,paytm,202,https://jobs.lever.co/paytm,"https://api.lever.co/v0/postings/paytm?mode=json"
lever,ajax,197,https://jobs.lever.co/ajax,"https://api.lever.co/v0/postings/ajax?mode=json"
lever,menta,187,https://jobs.lever.co/menta,"https://api.lever.co/v0/postings/menta?mode=json"
lever,beautybarrage,184,https://jobs.lever.co/beautybarrage,"https://api.lever.co/v0/postings/beautybarrage?mode=json"
lever,xsolla,180,https://jobs.lever.co/xsolla,"https://api.lever.co/v0/postings/xsolla?mode=json"
lever,cogentanalytics,177,https://jobs.lever.co/cogentanalytics,"https://api.lever.co/v0/postings/cogentanalytics?mode=json"
lever,flynncompanies,168,https://jobs.lever.co/flynncompanies,"https://api.lever.co/v0/postings/flynncompanies?mode=json"
lever,ninjavan,157,https://jobs.lever.co/ninjavan,"https://api.lever.co/v0/postings/ninjavan?mode=json"
lever,getfivestar,156,https://jobs.lever.co/getfivestar,"https://api.lever.co/v0/postings/getfivestar?mode=json"
lever,givinghhc,155,https://jobs.lever.co/givinghhc,"https://api.lever.co/v0/postings/givinghhc?mode=json"
lever,fresha,153,https://jobs.lever.co/fresha,"https://api.lever.co/v0/postings/fresha?mode=json"
lever,woven-by-toyota,150,https://jobs.lever.co/woven-by-toyota,"https://api.lever.co/v0/postings/woven-by-toyota?mode=json"
lever,brillio-2,149,https://jobs.lever.co/brillio-2,"https://api.lever.co/v0/postings/brillio-2?mode=json"
lever,includedhealth,147,https://jobs.lever.co/includedhealth,"https://api.lever.co/v0/postings/includedhealth?mode=json"
lever,lalamove,147,https://jobs.lever.co/lalamove,"https://api.lever.co/v0/postings/lalamove?mode=json"
lever,espace,144,https://jobs.lever.co/espace,"https://api.lever.co/v0/postings/espace?mode=json"
lever,theodo,142,https://jobs.lever.co/theodo,"https://api.lever.co/v0/postings/theodo?mode=json"
lever,wachter,140,https://jobs.lever.co/wachter,"https://api.lever.co/v0/postings/wachter?mode=json"
lever,octoenergy,138,https://jobs.lever.co/octoenergy,"https://api.lever.co/v0/postings/octoenergy?mode=json"
lever,thinkahead,137,https://jobs.lever.co/thinkahead,"https://api.lever.co/v0/postings/thinkahead?mode=json"
lever,extremenetworks,136,https://jobs.lever.co/extremenetworks,"https://api.lever.co/v0/postings/extremenetworks?mode=json"
lever,filevine,135,https://jobs.lever.co/filevine,"https://api.lever.co/v0/postings/filevine?mode=json"
lever,bfsaulhotels,134,https://jobs.lever.co/bfsaulhotels,"https://api.lever.co/v0/postings/bfsaulhotels?mode=json"
lever,dnb,128,https://jobs.lever.co/dnb,"https://api.lever.co/v0/postings/dnb?mode=json"
lever,sonarsource,127,https://jobs.lever.co/sonarsource,"https://api.lever.co/v0/postings/sonarsource?mode=json"
lever,despegar,126,https://jobs.lever.co/despegar,"https://api.lever.co/v0/postings/despegar?mode=json"
lever,spear,126,https://jobs.lever.co/spear,"https://api.lever.co/v0/postings/spear?mode=json"
lever,field-ai,123,https://jobs.lever.co/field-ai,"https://api.lever.co/v0/postings/field-ai?mode=json"
lever,murgadoautomotive,123,https://jobs.lever.co/murgadoautomotive,"https://api.lever.co/v0/postings/murgadoautomotive?mode=json"
lever,momentshospice-2,121,https://jobs.lever.co/momentshospice-2,"https://api.lever.co/v0/postings/momentshospice-2?mode=json"
lever,waremalcomb,121,https://jobs.lever.co/waremalcomb,"https://api.lever.co/v0/postings/waremalcomb?mode=json"
lever,coins,120,https://jobs.lever.co/coins,"https://api.lever.co/v0/postings/coins?mode=json"
lever,kyivstar,120,https://jobs.lever.co/kyivstar,"https://api.lever.co/v0/postings/kyivstar?mode=json"
lever,assist-world,117,https://jobs.lever.co/assist-world,"https://api.lever.co/v0/postings/assist-world?mode=json"
lever,insiderone,117,https://jobs.lever.co/insiderone,"https://api.lever.co/v0/postings/insiderone?mode=json"
lever,linkrehabwellness,117,https://jobs.lever.co/linkrehabwellness,"https://api.lever.co/v0/postings/linkrehabwellness?mode=json"
lever,amityfdn,114,https://jobs.lever.co/amityfdn,"https://api.lever.co/v0/postings/amityfdn?mode=json"
lever,lansingschools,113,https://jobs.lever.co/lansingschools,"https://api.lever.co/v0/postings/lansingschools?mode=json"
lever,lb-capital,113,https://jobs.lever.co/lb-capital,"https://api.lever.co/v0/postings/lb-capital?mode=json"
lever,premiertruck,113,https://jobs.lever.co/premiertruck,"https://api.lever.co/v0/postings/premiertruck?mode=json"
lever,andersencorp,112,https://jobs.lever.co/andersencorp,"https://api.lever.co/v0/postings/andersencorp?mode=json"
lever,crestoperations,112,https://jobs.lever.co/crestoperations,"https://api.lever.co/v0/postings/crestoperations?mode=json"
lever,pigment,111,https://jobs.lever.co/pigment,"https://api.lever.co/v0/postings/pigment?mode=json"
lever,sophos,111,https://jobs.lever.co/sophos,"https://api.lever.co/v0/postings/sophos?mode=json"
lever,print-recruiting,109,https://jobs.lever.co/print-recruiting,"https://api.lever.co/v0/postings/print-recruiting?mode=json"
lever,akicita-cyber,107,https://jobs.lever.co/akicita-cyber,"https://api.lever.co/v0/postings/akicita-cyber?mode=json"
lever,tomjames,103,https://jobs.lever.co/tomjames,"https://api.lever.co/v0/postings/tomjames?mode=json"
lever,crosscountry-consulting,102,https://jobs.lever.co/crosscountry-consulting,"https://api.lever.co/v0/postings/crosscountry-consulting?mode=json"
lever,idt,101,https://jobs.lever.co/idt,"https://api.lever.co/v0/postings/idt?mode=json"
lever,tandh,101,https://jobs.lever.co/tandh,"https://api.lever.co/v0/postings/tandh?mode=json"
lever,ghj,99,https://jobs.lever.co/ghj,"https://api.lever.co/v0/postings/ghj?mode=json"
lever,zeeco,98,https://jobs.lever.co/zeeco,"https://api.lever.co/v0/postings/zeeco?mode=json"
lever,agile-defense,97,https://jobs.lever.co/agile-defense,"https://api.lever.co/v0/postings/agile-defense?mode=json"
lever,dnllc,97,https://jobs.lever.co/dnllc,"https://api.lever.co/v0/postings/dnllc?mode=json"
lever,hightechhigh,95,https://jobs.lever.co/hightechhigh,"https://api.lever.co/v0/postings/hightechhigh?mode=json"
lever,roshalimaging,95,https://jobs.lever.co/roshalimaging,"https://api.lever.co/v0/postings/roshalimaging?mode=json"
lever,jushico,94,https://jobs.lever.co/jushico,"https://api.lever.co/v0/postings/jushico?mode=json"
lever,lunaphysicaltherapy,94,https://jobs.lever.co/lunaphysicaltherapy,"https://api.lever.co/v0/postings/lunaphysicaltherapy?mode=json"
lever,cagents,93,https://jobs.lever.co/cagents,"https://api.lever.co/v0/postings/cagents?mode=json"
lever,mujininc,93,https://jobs.lever.co/mujininc,"https://api.lever.co/v0/postings/mujininc?mode=json"
lever,aleph,91,https://jobs.lever.co/aleph,"https://api.lever.co/v0/postings/aleph?mode=json"
lever,whymonster,91,https://jobs.lever.co/whymonster,"https://api.lever.co/v0/postings/whymonster?mode=json"
lever,feldinc,90,https://jobs.lever.co/feldinc,"https://api.lever.co/v0/postings/feldinc?mode=json"
lever,penumbrainc,90,https://jobs.lever.co/penumbrainc,"https://api.lever.co/v0/postings/penumbrainc?mode=json"
lever,qualysoft,89,https://jobs.lever.co/qualysoft,"https://api.lever.co/v0/postings/qualysoft?mode=json"
lever,gohighlevel,88,https://jobs.lever.co/gohighlevel,"https://api.lever.co/v0/postings/gohighlevel?mode=json"
lever,pointclickcare,88,https://jobs.lever.co/pointclickcare,"https://api.lever.co/v0/postings/pointclickcare?mode=json"
lever,amtengineering,87,https://jobs.lever.co/amtengineering,"https://api.lever.co/v0/postings/amtengineering?mode=json"
lever,cfsenergy,87,https://jobs.lever.co/cfsenergy,"https://api.lever.co/v0/postings/cfsenergy?mode=json"
lever,heyrowan,87,https://jobs.lever.co/heyrowan,"https://api.lever.co/v0/postings/heyrowan?mode=json"
lever,protolabs,87,https://jobs.lever.co/protolabs,"https://api.lever.co/v0/postings/protolabs?mode=json"
lever,cargo-partner,86,https://jobs.lever.co/cargo-partner,"https://api.lever.co/v0/postings/cargo-partner?mode=json"
lever,saviynt,86,https://jobs.lever.co/saviynt,"https://api.lever.co/v0/postings/saviynt?mode=json"
lever,bonedry,85,https://jobs.lever.co/bonedry,"https://api.lever.co/v0/postings/bonedry?mode=json"
lever,hermeus,85,https://jobs.lever.co/hermeus,"https://api.lever.co/v0/postings/hermeus?mode=json"
lever,pattern,85,https://jobs.lever.co/pattern,"https://api.lever.co/v0/postings/pattern?mode=json"
lever,lingarogroup,84,https://jobs.lever.co/lingarogroup,"https://api.lever.co/v0/postings/lingarogroup?mode=json"
lever,mainspringenergy,83,https://jobs.lever.co/mainspringenergy,"https://api.lever.co/v0/postings/mainspringenergy?mode=json"
lever,springoakliving,83,https://jobs.lever.co/springoakliving,"https://api.lever.co/v0/postings/springoakliving?mode=json"
lever,wadetrim,83,https://jobs.lever.co/wadetrim,"https://api.lever.co/v0/postings/wadetrim?mode=json"
lever,waabi,82,https://jobs.lever.co/waabi,"https://api.lever.co/v0/postings/waabi?mode=json"
lever,bluebottlecoffee,80,https://jobs.lever.co/bluebottlecoffee,"https://api.lever.co/v0/postings/bluebottlecoffee?mode=json"
lever,redhorsecorp,80,https://jobs.lever.co/redhorsecorp,"https://api.lever.co/v0/postings/redhorsecorp?mode=json"
lever,payjoy,79,https://jobs.lever.co/payjoy,"https://api.lever.co/v0/postings/payjoy?mode=json"
lever,rocketship,79,https://jobs.lever.co/rocketship,"https://api.lever.co/v0/postings/rocketship?mode=json"
lever,spotify,79,https://jobs.lever.co/spotify,"https://api.lever.co/v0/postings/spotify?mode=json"
lever,t5datacenters,79,https://jobs.lever.co/t5datacenters,"https://api.lever.co/v0/postings/t5datacenters?mode=json"
lever,highbarhealth,78,https://jobs.lever.co/highbarhealth,"https://api.lever.co/v0/postings/highbarhealth?mode=json"
lever,aircall,77,https://jobs.lever.co/aircall,"https://api.lever.co/v0/postings/aircall?mode=json"
lever,coupa,77,https://jobs.lever.co/coupa,"https://api.lever.co/v0/postings/coupa?mode=json"
lever,ltjgroup,77,https://jobs.lever.co/ltjgroup,"https://api.lever.co/v0/postings/ltjgroup?mode=json"
lever,purplelandmgmt,77,https://jobs.lever.co/purplelandmgmt,"https://api.lever.co/v0/postings/purplelandmgmt?mode=json"
lever,shopback-2,77,https://jobs.lever.co/shopback-2,"https://api.lever.co/v0/postings/shopback-2?mode=json"
lever,arrivelogistics,76,https://jobs.lever.co/arrivelogistics,"https://api.lever.co/v0/postings/arrivelogistics?mode=json"
lever,cfgi,76,https://jobs.lever.co/cfgi,"https://api.lever.co/v0/postings/cfgi?mode=json"
lever,hive,76,https://jobs.lever.co/hive,"https://api.lever.co/v0/postings/hive?mode=json"
lever,stanleygroup,74,https://jobs.lever.co/stanleygroup,"https://api.lever.co/v0/postings/stanleygroup?mode=json"
lever,bpmcpa,73,https://jobs.lever.co/bpmcpa,"https://api.lever.co/v0/postings/bpmcpa?mode=json"
lever,cirquedusoleil,73,https://jobs.lever.co/cirquedusoleil,"https://api.lever.co/v0/postings/cirquedusoleil?mode=json"
lever,quenchwater,73,https://jobs.lever.co/quenchwater,"https://api.lever.co/v0/postings/quenchwater?mode=json"
lever,veepee,73,https://jobs.lever.co/veepee,"https://api.lever.co/v0/postings/veepee?mode=json"
lever,arsiem,72,https://jobs.lever.co/arsiem,"https://api.lever.co/v0/postings/arsiem?mode=json"
lever,csit,72,https://jobs.lever.co/csit,"https://api.lever.co/v0/postings/csit?mode=json"
lever,margo-group,72,https://jobs.lever.co/margo-group,"https://api.lever.co/v0/postings/margo-group?mode=json"
lever,skillerszone,72,https://jobs.lever.co/skillerszone,"https://api.lever.co/v0/postings/skillerszone?mode=json"
lever,beghouconsulting,71,https://jobs.lever.co/beghouconsulting,"https://api.lever.co/v0/postings/beghouconsulting?mode=json"
lever,elfbeauty,71,https://jobs.lever.co/elfbeauty,"https://api.lever.co/v0/postings/elfbeauty?mode=json"
lever,matchgroup,71,https://jobs.lever.co/matchgroup,"https://api.lever.co/v0/postings/matchgroup?mode=json"
lever,medcarepediatric,71,https://jobs.lever.co/medcarepediatric,"https://api.lever.co/v0/postings/medcarepediatric?mode=json"
lever,parnalllaw,70,https://jobs.lever.co/parnalllaw,"https://api.lever.co/v0/postings/parnalllaw?mode=json"
lever,immiland-canada-inc,69,https://jobs.lever.co/immiland-canada-inc,"https://api.lever.co/v0/postings/immiland-canada-inc?mode=json"
lever,ion,69,https://jobs.lever.co/ion,"https://api.lever.co/v0/postings/ion?mode=json"
lever,pingwind,69,https://jobs.lever.co/pingwind,"https://api.lever.co/v0/postings/pingwind?mode=json"
lever,disher,68,https://jobs.lever.co/disher,"https://api.lever.co/v0/postings/disher?mode=json"
lever,larian,68,https://jobs.lever.co/larian,"https://api.lever.co/v0/postings/larian?mode=json"
lever,richards-supply,67,https://jobs.lever.co/richards-supply,"https://api.lever.co/v0/postings/richards-supply?mode=json"
lever,standtogether,67,https://jobs.lever.co/standtogether,"https://api.lever.co/v0/postings/standtogether?mode=json"
lever,tryjeeves,67,https://jobs.lever.co/tryjeeves,"https://api.lever.co/v0/postings/tryjeeves?mode=json"
lever,emma-sleep,66,https://jobs.lever.co/emma-sleep,"https://api.lever.co/v0/postings/emma-sleep?mode=json"
lever,zoyi,66,https://jobs.lever.co/zoyi,"https://api.lever.co/v0/postings/zoyi?mode=json"
lever,ableserve,65,https://jobs.lever.co/ableserve,"https://api.lever.co/v0/postings/ableserve?mode=json"
lever,cwsc,65,https://jobs.lever.co/cwsc,"https://api.lever.co/v0/postings/cwsc?mode=json"
lever,keyloop,65,https://jobs.lever.co/keyloop,"https://api.lever.co/v0/postings/keyloop?mode=json"
lever,eqbank,64,https://jobs.lever.co/eqbank,"https://api.lever.co/v0/postings/eqbank?mode=json"
lever,hcvt,64,https://jobs.lever.co/hcvt,"https://api.lever.co/v0/postings/hcvt?mode=json"
lever,kpler,64,https://jobs.lever.co/kpler,"https://api.lever.co/v0/postings/kpler?mode=json"
lever,ippon,63,https://jobs.lever.co/ippon,"https://api.lever.co/v0/postings/ippon?mode=json"
lever,ttecdigital,63,https://jobs.lever.co/ttecdigital,"https://api.lever.co/v0/postings/ttecdigital?mode=json"
lever,gojob,62,https://jobs.lever.co/gojob,"https://api.lever.co/v0/postings/gojob?mode=json"
lever,lendbuzz,62,https://jobs.lever.co/lendbuzz,"https://api.lever.co/v0/postings/lendbuzz?mode=json"
lever,nitra,61,https://jobs.lever.co/nitra,"https://api.lever.co/v0/postings/nitra?mode=json"
lever,tkda,61,https://jobs.lever.co/tkda,"https://api.lever.co/v0/postings/tkda?mode=json"
lever,caseware,60,https://jobs.lever.co/caseware,"https://api.lever.co/v0/postings/caseware?mode=json"
lever,deltasands,60,https://jobs.lever.co/deltasands,"https://api.lever.co/v0/postings/deltasands?mode=json"
lever,farfetch,60,https://jobs.lever.co/farfetch,"https://api.lever.co/v0/postings/farfetch?mode=json"
lever,bannerbank,59,https://jobs.lever.co/bannerbank,"https://api.lever.co/v0/postings/bannerbank?mode=json"
lever,happyhiller,59,https://jobs.lever.co/happyhiller,"https://api.lever.co/v0/postings/happyhiller?mode=json"
lever,p3vetpartners,59,https://jobs.lever.co/p3vetpartners,"https://api.lever.co/v0/postings/p3vetpartners?mode=json"
lever,brooksrunning,58,https://jobs.lever.co/brooksrunning,"https://api.lever.co/v0/postings/brooksrunning?mode=json"
lever,ircagroup,58,https://jobs.lever.co/ircagroup,"https://api.lever.co/v0/postings/ircagroup?mode=json"
lever,loftorbital,58,https://jobs.lever.co/loftorbital,"https://api.lever.co/v0/postings/loftorbital?mode=json"
lever,oxylabs,58,https://jobs.lever.co/oxylabs,"https://api.lever.co/v0/postings/oxylabs?mode=json"
lever,littlesprouts,57,https://jobs.lever.co/littlesprouts,"https://api.lever.co/v0/postings/littlesprouts?mode=json"
lever,sambatv,57,https://jobs.lever.co/sambatv,"https://api.lever.co/v0/postings/sambatv?mode=json"
lever,true-environmental,57,https://jobs.lever.co/true-environmental,"https://api.lever.co/v0/postings/true-environmental?mode=json"
lever,weekdayworks,57,https://jobs.lever.co/weekdayworks,"https://api.lever.co/v0/postings/weekdayworks?mode=json"
lever,amarbank,56,https://jobs.lever.co/amarbank,"https://api.lever.co/v0/postings/amarbank?mode=json"
lever,getlabs,56,https://jobs.lever.co/getlabs,"https://api.lever.co/v0/postings/getlabs?mode=json"
lever,life,56,https://jobs.lever.co/life,"https://api.lever.co/v0/postings/life?mode=json"
lever,magicalbeginningslc,56,https://jobs.lever.co/magicalbeginningslc,"https://api.lever.co/v0/postings/magicalbeginningslc?mode=json"
lever,omnidesigntech,56,https://jobs.lever.co/omnidesigntech,"https://api.lever.co/v0/postings/omnidesigntech?mode=json"
lever,qualdoc,56,https://jobs.lever.co/qualdoc,"https://api.lever.co/v0/postings/qualdoc?mode=json"
lever,3pillarglobal,55,https://jobs.lever.co/3pillarglobal,"https://api.lever.co/v0/postings/3pillarglobal?mode=json"
lever,anavationllc,55,https://jobs.lever.co/anavationllc,"https://api.lever.co/v0/postings/anavationllc?mode=json"
lever,circadiahealth,55,https://jobs.lever.co/circadiahealth,"https://api.lever.co/v0/postings/circadiahealth?mode=json"
lever,dlocal,54,https://jobs.lever.co/dlocal,"https://api.lever.co/v0/postings/dlocal?mode=json"
lever,ispace-inc,54,https://jobs.lever.co/ispace-inc,"https://api.lever.co/v0/postings/ispace-inc?mode=json"
lever,orcabiosystems,54,https://jobs.lever.co/orcabiosystems,"https://api.lever.co/v0/postings/orcabiosystems?mode=json"
lever,rws,54,https://jobs.lever.co/rws,"https://api.lever.co/v0/postings/rws?mode=json"
lever,telesat,54,https://jobs.lever.co/telesat,"https://api.lever.co/v0/postings/telesat?mode=json"
lever,woodardcurran,54,https://jobs.lever.co/woodardcurran,"https://api.lever.co/v0/postings/woodardcurran?mode=json"
lever,allegiantair,53,https://jobs.lever.co/allegiantair,"https://api.lever.co/v0/postings/allegiantair?mode=json"
lever,clovirtualfashion,53,https://jobs.lever.co/clovirtualfashion,"https://api.lever.co/v0/postings/clovirtualfashion?mode=json"
lever,crypto,53,https://jobs.lever.co/crypto,"https://api.lever.co/v0/postings/crypto?mode=json"
lever,guidestareldercare,53,https://jobs.lever.co/guidestareldercare,"https://api.lever.co/v0/postings/guidestareldercare?mode=json"
lever,infraservices,53,https://jobs.lever.co/infraservices,"https://api.lever.co/v0/postings/infraservices?mode=json"
lever,mantisinnovation,53,https://jobs.lever.co/mantisinnovation,"https://api.lever.co/v0/postings/mantisinnovation?mode=json"
lever,sfeir,52,https://jobs.lever.co/sfeir,"https://api.lever.co/v0/postings/sfeir?mode=json"
lever,windownation,52,https://jobs.lever.co/windownation,"https://api.lever.co/v0/postings/windownation?mode=json"
lever,bcipkg,51,https://jobs.lever.co/bcipkg,"https://api.lever.co/v0/postings/bcipkg?mode=json"
lever,verkor,51,https://jobs.lever.co/verkor,"https://api.lever.co/v0/postings/verkor?mode=json"
lever,appletreedental,50,https://jobs.lever.co/appletreedental,"https://api.lever.co/v0/postings/appletreedental?mode=json"
lever,ceso,50,https://jobs.lever.co/ceso,"https://api.lever.co/v0/postings/ceso?mode=json"
lever,glsllc,50,https://jobs.lever.co/glsllc,"https://api.lever.co/v0/postings/glsllc?mode=json"
lever,ifm-us,50,https://jobs.lever.co/ifm-us,"https://api.lever.co/v0/postings/ifm-us?mode=json"
lever,lessen,50,https://jobs.lever.co/lessen,"https://api.lever.co/v0/postings/lessen?mode=json"
lever,megaport,50,https://jobs.lever.co/megaport,"https://api.lever.co/v0/postings/megaport?mode=json"
lever,myodetox,50,https://jobs.lever.co/myodetox,"https://api.lever.co/v0/postings/myodetox?mode=json"
lever,wwprosolutions,50,https://jobs.lever.co/wwprosolutions,"https://api.lever.co/v0/postings/wwprosolutions?mode=json"
lever,acceldata,49,https://jobs.lever.co/acceldata,"https://api.lever.co/v0/postings/acceldata?mode=json"
lever,carolinacenterforaba,49,https://jobs.lever.co/carolinacenterforaba,"https://api.lever.co/v0/postings/carolinacenterforaba?mode=json"
lever,evr,49,https://jobs.lever.co/evr,"https://api.lever.co/v0/postings/evr?mode=json"
lever,ro,49,https://jobs.lever.co/ro,"https://api.lever.co/v0/postings/ro?mode=json"
lever,sigma-squared,49,https://jobs.lever.co/sigma-squared,"https://api.lever.co/v0/postings/sigma-squared?mode=json"
lever,aldar,48,https://jobs.lever.co/aldar,"https://api.lever.co/v0/postings/aldar?mode=json"
lever,masterycharter,48,https://jobs.lever.co/masterycharter,"https://api.lever.co/v0/postings/masterycharter?mode=json"
lever,portagepointpartners,48,https://jobs.lever.co/portagepointpartners,"https://api.lever.co/v0/postings/portagepointpartners?mode=json"
lever,qonto,48,https://jobs.lever.co/qonto,"https://api.lever.co/v0/postings/qonto?mode=json"
lever,reply,48,https://jobs.lever.co/reply,"https://api.lever.co/v0/postings/reply?mode=json"
lever,skillcloudhcm,48,https://jobs.lever.co/skillcloudhcm,"https://api.lever.co/v0/postings/skillcloudhcm?mode=json"
lever,bloomwellcare,47,https://jobs.lever.co/bloomwellcare,"https://api.lever.co/v0/postings/bloomwellcare?mode=json"
lever,diamondfoundry,47,https://jobs.lever.co/diamondfoundry,"https://api.lever.co/v0/postings/diamondfoundry?mode=json"
lever,dreamgolf,47,https://jobs.lever.co/dreamgolf,"https://api.lever.co/v0/postings/dreamgolf?mode=json"
lever,unlimit,47,https://jobs.lever.co/unlimit,"https://api.lever.co/v0/postings/unlimit?mode=json"
lever,aeva,46,https://jobs.lever.co/aeva,"https://api.lever.co/v0/postings/aeva?mode=json"
lever,amanotes,46,https://jobs.lever.co/amanotes,"https://api.lever.co/v0/postings/amanotes?mode=json"
lever,foth,46,https://jobs.lever.co/foth,"https://api.lever.co/v0/postings/foth?mode=json"
lever,meesho,46,https://jobs.lever.co/meesho,"https://api.lever.co/v0/postings/meesho?mode=json"
lever,parallelwireless,46,https://jobs.lever.co/parallelwireless,"https://api.lever.co/v0/postings/parallelwireless?mode=json"
lever,synergyecp,46,https://jobs.lever.co/synergyecp,"https://api.lever.co/v0/postings/synergyecp?mode=json"
lever,actionlife,45,https://jobs.lever.co/actionlife,"https://api.lever.co/v0/postings/actionlife?mode=json"
lever,flowlife,45,https://jobs.lever.co/flowlife,"https://api.lever.co/v0/postings/flowlife?mode=json"
lever,serverfarm,45,https://jobs.lever.co/serverfarm,"https://api.lever.co/v0/postings/serverfarm?mode=json"
lever,singerlewak,45,https://jobs.lever.co/singerlewak,"https://api.lever.co/v0/postings/singerlewak?mode=json"
lever,thea.energy,45,https://jobs.lever.co/thea.energy,"https://api.lever.co/v0/postings/thea.energy?mode=json"
lever,avalerehealth,44,https://jobs.lever.co/avalerehealth,"https://api.lever.co/v0/postings/avalerehealth?mode=json"
lever,hevodata,44,https://jobs.lever.co/hevodata,"https://api.lever.co/v0/postings/hevodata?mode=json"
lever,momsmeals,44,https://jobs.lever.co/momsmeals,"https://api.lever.co/v0/postings/momsmeals?mode=json"
lever,primee,44,https://jobs.lever.co/primee,"https://api.lever.co/v0/postings/primee?mode=json"
lever,wpromote,44,https://jobs.lever.co/wpromote,"https://api.lever.co/v0/postings/wpromote?mode=json"
lever,behaviorcaretherapy,43,https://jobs.lever.co/behaviorcaretherapy,"https://api.lever.co/v0/postings/behaviorcaretherapy?mode=json"
lever,carelinks-aba,43,https://jobs.lever.co/carelinks-aba,"https://api.lever.co/v0/postings/carelinks-aba?mode=json"
lever,silhouette,43,https://jobs.lever.co/silhouette,"https://api.lever.co/v0/postings/silhouette?mode=json"
lever,togetherhood,43,https://jobs.lever.co/togetherhood,"https://api.lever.co/v0/postings/togetherhood?mode=json"
lever,valdeseng,43,https://jobs.lever.co/valdeseng,"https://api.lever.co/v0/postings/valdeseng?mode=json"
lever,wearedream,43,https://jobs.lever.co/wearedream,"https://api.lever.co/v0/postings/wearedream?mode=json"
lever,arootah,42,https://jobs.lever.co/arootah,"https://api.lever.co/v0/postings/arootah?mode=json"
lever,cimgroup,42,https://jobs.lever.co/cimgroup,"https://api.lever.co/v0/postings/cimgroup?mode=json"
lever,level99,42,https://jobs.lever.co/level99,"https://api.lever.co/v0/postings/level99?mode=json"
lever,nium,42,https://jobs.lever.co/nium,"https://api.lever.co/v0/postings/nium?mode=json"
lever,truezerotech,42,https://jobs.lever.co/truezerotech,"https://api.lever.co/v0/postings/truezerotech?mode=json"
lever,bhhc,41,https://jobs.lever.co/bhhc,"https://api.lever.co/v0/postings/bhhc?mode=json"
lever,horizon-blue-aba,41,https://jobs.lever.co/horizon-blue-aba,"https://api.lever.co/v0/postings/horizon-blue-aba?mode=json"
lever,magnetforensics,41,https://jobs.lever.co/magnetforensics,"https://api.lever.co/v0/postings/magnetforensics?mode=json"
lever,hypersonica-prod,40,https://jobs.lever.co/hypersonica-prod,"https://api.lever.co/v0/postings/hypersonica-prod?mode=json"
lever,zeneducate,40,https://jobs.lever.co/zeneducate,"https://api.lever.co/v0/postings/zeneducate?mode=json"
lever,brightonjones,39,https://jobs.lever.co/brightonjones,"https://api.lever.co/v0/postings/brightonjones?mode=json"
lever,cti-md,39,https://jobs.lever.co/cti-md,"https://api.lever.co/v0/postings/cti-md?mode=json"
lever,lindblad-expeditions,39,https://jobs.lever.co/lindblad-expeditions,"https://api.lever.co/v0/postings/lindblad-expeditions?mode=json"
lever,mendix,39,https://jobs.lever.co/mendix,"https://api.lever.co/v0/postings/mendix?mode=json"
lever,metlife,39,https://jobs.lever.co/metlife,"https://api.lever.co/v0/postings/metlife?mode=json"
lever,scaleway,39,https://jobs.lever.co/scaleway,"https://api.lever.co/v0/postings/scaleway?mode=json"
lever,serv-u-success,39,https://jobs.lever.co/serv-u-success,"https://api.lever.co/v0/postings/serv-u-success?mode=json"
lever,threattec,39,https://jobs.lever.co/threattec,"https://api.lever.co/v0/postings/threattec?mode=json"
lever,burga,38,https://jobs.lever.co/burga,"https://api.lever.co/v0/postings/burga?mode=json"
lever,capital,38,https://jobs.lever.co/capital,"https://api.lever.co/v0/postings/capital?mode=json"
lever,clearedge,38,https://jobs.lever.co/clearedge,"https://api.lever.co/v0/postings/clearedge?mode=json"
lever,dadavidson,38,https://jobs.lever.co/dadavidson,"https://api.lever.co/v0/postings/dadavidson?mode=json"
lever,emburse,38,https://jobs.lever.co/emburse,"https://api.lever.co/v0/postings/emburse?mode=json"
lever,nexuse-group,38,https://jobs.lever.co/nexuse-group,"https://api.lever.co/v0/postings/nexuse-group?mode=json"
lever,plus-2,38,https://jobs.lever.co/plus-2,"https://api.lever.co/v0/postings/plus-2?mode=json"
lever,solarlandscape,38,https://jobs.lever.co/solarlandscape,"https://api.lever.co/v0/postings/solarlandscape?mode=json"
lever,tx-inc.com,38,https://jobs.lever.co/tx-inc.com,"https://api.lever.co/v0/postings/tx-inc.com?mode=json"
lever,vo2-group,38,https://jobs.lever.co/vo2-group,"https://api.lever.co/v0/postings/vo2-group?mode=json"
lever,ahschc,37,https://jobs.lever.co/ahschc,"https://api.lever.co/v0/postings/ahschc?mode=json"
lever,allstarservicesnow,37,https://jobs.lever.co/allstarservicesnow,"https://api.lever.co/v0/postings/allstarservicesnow?mode=json"
lever,bhvr,37,https://jobs.lever.co/bhvr,"https://api.lever.co/v0/postings/bhvr?mode=json"
lever,bounteous,37,https://jobs.lever.co/bounteous,"https://api.lever.co/v0/postings/bounteous?mode=json"
lever,candlinspection,37,https://jobs.lever.co/candlinspection,"https://api.lever.co/v0/postings/candlinspection?mode=json"
lever,circlecareservices,37,https://jobs.lever.co/circlecareservices,"https://api.lever.co/v0/postings/circlecareservices?mode=json"
lever,fixinssoulkitchen,37,https://jobs.lever.co/fixinssoulkitchen,"https://api.lever.co/v0/postings/fixinssoulkitchen?mode=json"
lever,global-cxm,37,https://jobs.lever.co/global-cxm,"https://api.lever.co/v0/postings/global-cxm?mode=json"
lever,sunrisefarms,37,https://jobs.lever.co/sunrisefarms,"https://api.lever.co/v0/postings/sunrisefarms?mode=json"
lever,wr,37,https://jobs.lever.co/wr,"https://api.lever.co/v0/postings/wr?mode=json"
lever,alimentiv-2,36,https://jobs.lever.co/alimentiv-2,"https://api.lever.co/v0/postings/alimentiv-2?mode=json"
lever,bigblue,36,https://jobs.lever.co/bigblue,"https://api.lever.co/v0/postings/bigblue?mode=json"
lever,eleks,36,https://jobs.lever.co/eleks,"https://api.lever.co/v0/postings/eleks?mode=json"
lever,hhaexchange,36,https://jobs.lever.co/hhaexchange,"https://api.lever.co/v0/postings/hhaexchange?mode=json"
lever,hopeservices,36,https://jobs.lever.co/hopeservices,"https://api.lever.co/v0/postings/hopeservices?mode=json"
lever,innophos,36,https://jobs.lever.co/innophos,"https://api.lever.co/v0/postings/innophos?mode=json"
lever,outreach,36,https://jobs.lever.co/outreach,"https://api.lever.co/v0/postings/outreach?mode=json"
lever,spreetail,36,https://jobs.lever.co/spreetail,"https://api.lever.co/v0/postings/spreetail?mode=json"
lever,teecom,36,https://jobs.lever.co/teecom,"https://api.lever.co/v0/postings/teecom?mode=json"
lever,tutorintelligence,36,https://jobs.lever.co/tutorintelligence,"https://api.lever.co/v0/postings/tutorintelligence?mode=json"
lever,velo3d,36,https://jobs.lever.co/velo3d,"https://api.lever.co/v0/postings/velo3d?mode=json"
lever,xcimer,36,https://jobs.lever.co/xcimer,"https://api.lever.co/v0/postings/xcimer?mode=json"
lever,dabsinc,35,https://jobs.lever.co/dabsinc,"https://api.lever.co/v0/postings/dabsinc?mode=json"
lever,felix-construction,35,https://jobs.lever.co/felix-construction,"https://api.lever.co/v0/postings/felix-construction?mode=json"
lever,fwgsolutions,35,https://jobs.lever.co/fwgsolutions,"https://api.lever.co/v0/postings/fwgsolutions?mode=json"
lever,last-energy,35,https://jobs.lever.co/last-energy,"https://api.lever.co/v0/postings/last-energy?mode=json"
lever,mactores,35,https://jobs.lever.co/mactores,"https://api.lever.co/v0/postings/mactores?mode=json"
lever,nahc,35,https://jobs.lever.co/nahc,"https://api.lever.co/v0/postings/nahc?mode=json"
lever,sprymethods,35,https://jobs.lever.co/sprymethods,"https://api.lever.co/v0/postings/sprymethods?mode=json"
lever,vacancies,35,https://jobs.lever.co/vacancies,"https://api.lever.co/v0/postings/vacancies?mode=json"
lever,aledade,34,https://jobs.lever.co/aledade,"https://api.lever.co/v0/postings/aledade?mode=json"
lever,drivetrain,34,https://jobs.lever.co/drivetrain,"https://api.lever.co/v0/postings/drivetrain?mode=json"
lever,flashapp,34,https://jobs.lever.co/flashapp,"https://api.lever.co/v0/postings/flashapp?mode=json"
lever,glacierfish,34,https://jobs.lever.co/glacierfish,"https://api.lever.co/v0/postings/glacierfish?mode=json"
lever,incompasshealth,34,https://jobs.lever.co/incompasshealth,"https://api.lever.co/v0/postings/incompasshealth?mode=json"
lever,istaridigital.ai,34,https://jobs.lever.co/istaridigital.ai,"https://api.lever.co/v0/postings/istaridigital.ai?mode=json"
lever,lvs1,34,https://jobs.lever.co/lvs1,"https://api.lever.co/v0/postings/lvs1?mode=json"
lever,provectus,34,https://jobs.lever.co/provectus,"https://api.lever.co/v0/postings/provectus?mode=json"
lever,rivr,34,https://jobs.lever.co/rivr,"https://api.lever.co/v0/postings/rivr?mode=json"
lever,webfx,34,https://jobs.lever.co/webfx,"https://api.lever.co/v0/postings/webfx?mode=json"
lever,yuno,34,https://jobs.lever.co/yuno,"https://api.lever.co/v0/postings/yuno?mode=json"
lever,carewest,33,https://jobs.lever.co/carewest,"https://api.lever.co/v0/postings/carewest?mode=json"
lever,dnwest,33,https://jobs.lever.co/dnwest,"https://api.lever.co/v0/postings/dnwest?mode=json"
lever,kpmgnz,33,https://jobs.lever.co/kpmgnz,"https://api.lever.co/v0/postings/kpmgnz?mode=json"
lever,mulberry,33,https://jobs.lever.co/mulberry,"https://api.lever.co/v0/postings/mulberry?mode=json"
lever,netlight,33,https://jobs.lever.co/netlight,"https://api.lever.co/v0/postings/netlight?mode=json"
lever,nextgenfed,33,https://jobs.lever.co/nextgenfed,"https://api.lever.co/v0/postings/nextgenfed?mode=json"
lever,ridezum,33,https://jobs.lever.co/ridezum,"https://api.lever.co/v0/postings/ridezum?mode=json"
lever,spawglass,33,https://jobs.lever.co/spawglass,"https://api.lever.co/v0/postings/spawglass?mode=json"
lever,steerbridge,33,https://jobs.lever.co/steerbridge,"https://api.lever.co/v0/postings/steerbridge?mode=json"
lever,terrascend,33,https://jobs.lever.co/terrascend,"https://api.lever.co/v0/postings/terrascend?mode=json"
lever,bisnow,32,https://jobs.lever.co/bisnow,"https://api.lever.co/v0/postings/bisnow?mode=json"
lever,malt,32,https://jobs.lever.co/malt,"https://api.lever.co/v0/postings/malt?mode=json"
lever,restore-dispensaries,32,https://jobs.lever.co/restore-dispensaries,"https://api.lever.co/v0/postings/restore-dispensaries?mode=json"
lever,sandboxvr,32,https://jobs.lever.co/sandboxvr,"https://api.lever.co/v0/postings/sandboxvr?mode=json"
lever,sonatype,32,https://jobs.lever.co/sonatype,"https://api.lever.co/v0/postings/sonatype?mode=json"
lever,appen,31,https://jobs.lever.co/appen,"https://api.lever.co/v0/postings/appen?mode=json"
lever,arraylabs.io,31,https://jobs.lever.co/arraylabs.io,"https://api.lever.co/v0/postings/arraylabs.io?mode=json"
lever,cabonorte,31,https://jobs.lever.co/cabonorte,"https://api.lever.co/v0/postings/cabonorte?mode=json"
lever,dexterity,31,https://jobs.lever.co/dexterity,"https://api.lever.co/v0/postings/dexterity?mode=json"
lever,ekimetrics,31,https://jobs.lever.co/ekimetrics,"https://api.lever.co/v0/postings/ekimetrics?mode=json"
lever,iru,31,https://jobs.lever.co/iru,"https://api.lever.co/v0/postings/iru?mode=json"
lever,isee,31,https://jobs.lever.co/isee,"https://api.lever.co/v0/postings/isee?mode=json"
lever,kickmaker,31,https://jobs.lever.co/kickmaker,"https://api.lever.co/v0/postings/kickmaker?mode=json"
lever,knix,31,https://jobs.lever.co/knix,"https://api.lever.co/v0/postings/knix?mode=json"
lever,laminarprojects,31,https://jobs.lever.co/laminarprojects,"https://api.lever.co/v0/postings/laminarprojects?mode=json"
lever,myob-2,31,https://jobs.lever.co/myob-2,"https://api.lever.co/v0/postings/myob-2?mode=json"
lever,protective,31,https://jobs.lever.co/protective,"https://api.lever.co/v0/postings/protective?mode=json"
lever,restaurant365,31,https://jobs.lever.co/restaurant365,"https://api.lever.co/v0/postings/restaurant365?mode=json"
lever,agicap,30,https://jobs.lever.co/agicap,"https://api.lever.co/v0/postings/agicap?mode=json"
lever,contentsquare,30,https://jobs.lever.co/contentsquare,"https://api.lever.co/v0/postings/contentsquare?mode=json"
lever,grailbio,30,https://jobs.lever.co/grailbio,"https://api.lever.co/v0/postings/grailbio?mode=json"
lever,heartbeathealth,30,https://jobs.lever.co/heartbeathealth,"https://api.lever.co/v0/postings/heartbeathealth?mode=json"
lever,intersect,30,https://jobs.lever.co/intersect,"https://api.lever.co/v0/postings/intersect?mode=json"
lever,luxurypresence,30,https://jobs.lever.co/luxurypresence,"https://api.lever.co/v0/postings/luxurypresence?mode=json"
lever,mythic-ai.com,30,https://jobs.lever.co/mythic-ai.com,"https://api.lever.co/v0/postings/mythic-ai.com?mode=json"
lever,ppro,30,https://jobs.lever.co/ppro,"https://api.lever.co/v0/postings/ppro?mode=json"
lever,scottlogic,30,https://jobs.lever.co/scottlogic,"https://api.lever.co/v0/postings/scottlogic?mode=json"
lever,stable-money1,30,https://jobs.lever.co/stable-money1,"https://api.lever.co/v0/postings/stable-money1?mode=json"
lever,valgenesis,30,https://jobs.lever.co/valgenesis,"https://api.lever.co/v0/postings/valgenesis?mode=json"
lever,walkme,30,https://jobs.lever.co/walkme,"https://api.lever.co/v0/postings/walkme?mode=json"
lever,360learning,29,https://jobs.lever.co/360learning,"https://api.lever.co/v0/postings/360learning?mode=json"
lever,anchorage,29,https://jobs.lever.co/anchorage,"https://api.lever.co/v0/postings/anchorage?mode=json"
lever,ans,29,https://jobs.lever.co/ans,"https://api.lever.co/v0/postings/ans?mode=json"
lever,canarytechnologies,29,https://jobs.lever.co/canarytechnologies,"https://api.lever.co/v0/postings/canarytechnologies?mode=json"
lever,cologix,29,https://jobs.lever.co/cologix,"https://api.lever.co/v0/postings/cologix?mode=json"
lever,d-fendsolutions,29,https://jobs.lever.co/d-fendsolutions,"https://api.lever.co/v0/postings/d-fendsolutions?mode=json"
lever,deliverect,29,https://jobs.lever.co/deliverect,"https://api.lever.co/v0/postings/deliverect?mode=json"
lever,erg,29,https://jobs.lever.co/erg,"https://api.lever.co/v0/postings/erg?mode=json"
lever,hatchit,29,https://jobs.lever.co/hatchit,"https://api.lever.co/v0/postings/hatchit?mode=json"
lever,headlight.health,29,https://jobs.lever.co/headlight.health,"https://api.lever.co/v0/postings/headlight.health?mode=json"
lever,hophr,29,https://jobs.lever.co/hophr,"https://api.lever.co/v0/postings/hophr?mode=json"
lever,newwestern,29,https://jobs.lever.co/newwestern,"https://api.lever.co/v0/postings/newwestern?mode=json"
lever,pmaconsultants,29,https://jobs.lever.co/pmaconsultants,"https://api.lever.co/v0/postings/pmaconsultants?mode=json"
lever,safran-ai,29,https://jobs.lever.co/safran-ai,"https://api.lever.co/v0/postings/safran-ai?mode=json"
lever,skydance,29,https://jobs.lever.co/skydance,"https://api.lever.co/v0/postings/skydance?mode=json"
lever,websummit,29,https://jobs.lever.co/websummit,"https://api.lever.co/v0/postings/websummit?mode=json"
lever,wmg,29,https://jobs.lever.co/wmg,"https://api.lever.co/v0/postings/wmg?mode=json"
lever,applydigital,28,https://jobs.lever.co/applydigital,"https://api.lever.co/v0/postings/applydigital?mode=json"
lever,capitalsolutionsgroup,28,https://jobs.lever.co/capitalsolutionsgroup,"https://api.lever.co/v0/postings/capitalsolutionsgroup?mode=json"
lever,captivateiq,28,https://jobs.lever.co/captivateiq,"https://api.lever.co/v0/postings/captivateiq?mode=json"
lever,celerion,28,https://jobs.lever.co/celerion,"https://api.lever.co/v0/postings/celerion?mode=json"
lever,certik,28,https://jobs.lever.co/certik,"https://api.lever.co/v0/postings/certik?mode=json"
lever,componentrepairtechnologies,28,https://jobs.lever.co/componentrepairtechnologies,"https://api.lever.co/v0/postings/componentrepairtechnologies?mode=json"
lever,floqast,28,https://jobs.lever.co/floqast,"https://api.lever.co/v0/postings/floqast?mode=json"
lever,freedompay,28,https://jobs.lever.co/freedompay,"https://api.lever.co/v0/postings/freedompay?mode=json"
lever,gonetspeed,28,https://jobs.lever.co/gonetspeed,"https://api.lever.co/v0/postings/gonetspeed?mode=json"
lever,porter,28,https://jobs.lever.co/porter,"https://api.lever.co/v0/postings/porter?mode=json"
lever,rover,28,https://jobs.lever.co/rover,"https://api.lever.co/v0/postings/rover?mode=json"
lever,significanceinc,28,https://jobs.lever.co/significanceinc,"https://api.lever.co/v0/postings/significanceinc?mode=json"
lever,ttxinc,28,https://jobs.lever.co/ttxinc,"https://api.lever.co/v0/postings/ttxinc?mode=json"
lever,vana,28,https://jobs.lever.co/vana,"https://api.lever.co/v0/postings/vana?mode=json"
lever,zopa,28,https://jobs.lever.co/zopa,"https://api.lever.co/v0/postings/zopa?mode=json"
lever,dialogdesign,27,https://jobs.lever.co/dialogdesign,"https://api.lever.co/v0/postings/dialogdesign?mode=json"
lever,dijital-team-pty-ltd,27,https://jobs.lever.co/dijital-team-pty-ltd,"https://api.lever.co/v0/postings/dijital-team-pty-ltd?mode=json"
lever,doctrine,27,https://jobs.lever.co/doctrine,"https://api.lever.co/v0/postings/doctrine?mode=json"
lever,economicmodeling,27,https://jobs.lever.co/economicmodeling,"https://api.lever.co/v0/postings/economicmodeling?mode=json"
lever,er-meds,27,https://jobs.lever.co/er-meds,"https://api.lever.co/v0/postings/er-meds?mode=json"
lever,finn,27,https://jobs.lever.co/finn,"https://api.lever.co/v0/postings/finn?mode=json"
lever,kepler,27,https://jobs.lever.co/kepler,"https://api.lever.co/v0/postings/kepler?mode=json"
lever,kippsocal,27,https://jobs.lever.co/kippsocal,"https://api.lever.co/v0/postings/kippsocal?mode=json"
lever,lochgroup,27,https://jobs.lever.co/lochgroup,"https://api.lever.co/v0/postings/lochgroup?mode=json"
lever,neowiz,27,https://jobs.lever.co/neowiz,"https://api.lever.co/v0/postings/neowiz?mode=json"
lever,novaspace,27,https://jobs.lever.co/novaspace,"https://api.lever.co/v0/postings/novaspace?mode=json"
lever,pp-la,27,https://jobs.lever.co/pp-la,"https://api.lever.co/v0/postings/pp-la?mode=json"
lever,qvest.us,27,https://jobs.lever.co/qvest.us,"https://api.lever.co/v0/postings/qvest.us?mode=json"
lever,redwoodcu,27,https://jobs.lever.co/redwoodcu,"https://api.lever.co/v0/postings/redwoodcu?mode=json"
lever,rightsideup,27,https://jobs.lever.co/rightsideup,"https://api.lever.co/v0/postings/rightsideup?mode=json"
lever,seranbio,27,https://jobs.lever.co/seranbio,"https://api.lever.co/v0/postings/seranbio?mode=json"
lever,syntronic,27,https://jobs.lever.co/syntronic,"https://api.lever.co/v0/postings/syntronic?mode=json"
lever,vesync,27,https://jobs.lever.co/vesync,"https://api.lever.co/v0/postings/vesync?mode=json"
lever,vivenu,27,https://jobs.lever.co/vivenu,"https://api.lever.co/v0/postings/vivenu?mode=json"
lever,watchguard,27,https://jobs.lever.co/watchguard,"https://api.lever.co/v0/postings/watchguard?mode=json"
lever,adlook,26,https://jobs.lever.co/adlook,"https://api.lever.co/v0/postings/adlook?mode=json"
lever,aethoshotels,26,https://jobs.lever.co/aethoshotels,"https://api.lever.co/v0/postings/aethoshotels?mode=json"
lever,alice-bob,26,https://jobs.lever.co/alice-bob,"https://api.lever.co/v0/postings/alice-bob?mode=json"
lever,brindleyengineering,26,https://jobs.lever.co/brindleyengineering,"https://api.lever.co/v0/postings/brindleyengineering?mode=json"
lever,challengecharterschools,26,https://jobs.lever.co/challengecharterschools,"https://api.lever.co/v0/postings/challengecharterschools?mode=json"
lever,magnals,26,https://jobs.lever.co/magnals,"https://api.lever.co/v0/postings/magnals?mode=json"
lever,merlinlabs,26,https://jobs.lever.co/merlinlabs,"https://api.lever.co/v0/postings/merlinlabs?mode=json"
lever,oddin,26,https://jobs.lever.co/oddin,"https://api.lever.co/v0/postings/oddin?mode=json"
lever,prophethomes,26,https://jobs.lever.co/prophethomes,"https://api.lever.co/v0/postings/prophethomes?mode=json"
lever,ravl_io,26,https://jobs.lever.co/ravl_io,"https://api.lever.co/v0/postings/ravl_io?mode=json"
lever,smarsh,26,https://jobs.lever.co/smarsh,"https://api.lever.co/v0/postings/smarsh?mode=json"
lever,smart-working-solutions,26,https://jobs.lever.co/smart-working-solutions,"https://api.lever.co/v0/postings/smart-working-solutions?mode=json"
lever,trendyol,26,https://jobs.lever.co/trendyol,"https://api.lever.co/v0/postings/trendyol?mode=json"
lever,viseven,26,https://jobs.lever.co/viseven,"https://api.lever.co/v0/postings/viseven?mode=json"
lever,ae-2,25,https://jobs.lever.co/ae-2,"https://api.lever.co/v0/postings/ae-2?mode=json"
lever,angellist,25,https://jobs.lever.co/angellist,"https://api.lever.co/v0/postings/angellist?mode=json"
lever,brightedge,25,https://jobs.lever.co/brightedge,"https://api.lever.co/v0/postings/brightedge?mode=json"
lever,edgeofs,25,https://jobs.lever.co/edgeofs,"https://api.lever.co/v0/postings/edgeofs?mode=json"
lever,freebalance.com,25,https://jobs.lever.co/freebalance.com,"https://api.lever.co/v0/postings/freebalance.com?mode=json"
lever,kabam,25,https://jobs.lever.co/kabam,"https://api.lever.co/v0/postings/kabam?mode=json"
lever,merklescience,25,https://jobs.lever.co/merklescience,"https://api.lever.co/v0/postings/merklescience?mode=json"
lever,ppsne,25,https://jobs.lever.co/ppsne,"https://api.lever.co/v0/postings/ppsne?mode=json"
lever,rise,25,https://jobs.lever.co/rise,"https://api.lever.co/v0/postings/rise?mode=json"
lever,solutuslegal,25,https://jobs.lever.co/solutuslegal,"https://api.lever.co/v0/postings/solutuslegal?mode=json"
lever,swordhealth,25,https://jobs.lever.co/swordhealth,"https://api.lever.co/v0/postings/swordhealth?mode=json"
lever,uvcyber,25,https://jobs.lever.co/uvcyber,"https://api.lever.co/v0/postings/uvcyber?mode=json"
lever,venusaero,25,https://jobs.lever.co/venusaero,"https://api.lever.co/v0/postings/venusaero?mode=json"
lever,walkerconsultants,25,https://jobs.lever.co/walkerconsultants,"https://api.lever.co/v0/postings/walkerconsultants?mode=json"
lever,apcoholdings,24,https://jobs.lever.co/apcoholdings,"https://api.lever.co/v0/postings/apcoholdings?mode=json"
lever,bee-talents,24,https://jobs.lever.co/bee-talents,"https://api.lever.co/v0/postings/bee-talents?mode=json"
lever,bricknetworks,24,https://jobs.lever.co/bricknetworks,"https://api.lever.co/v0/postings/bricknetworks?mode=json"
lever,centuria,24,https://jobs.lever.co/centuria,"https://api.lever.co/v0/postings/centuria?mode=json"
lever,coderio,24,https://jobs.lever.co/coderio,"https://api.lever.co/v0/postings/coderio?mode=json"
lever,glide,24,https://jobs.lever.co/glide,"https://api.lever.co/v0/postings/glide?mode=json"
lever,goodleap,24,https://jobs.lever.co/goodleap,"https://api.lever.co/v0/postings/goodleap?mode=json"
lever,kobie,24,https://jobs.lever.co/kobie,"https://api.lever.co/v0/postings/kobie?mode=json"
lever,layup,24,https://jobs.lever.co/layup,"https://api.lever.co/v0/postings/layup?mode=json"
lever,osedea,24,https://jobs.lever.co/osedea,"https://api.lever.co/v0/postings/osedea?mode=json"
lever,sqaservices,24,https://jobs.lever.co/sqaservices,"https://api.lever.co/v0/postings/sqaservices?mode=json"
lever,superiorexecutiveandlegalrecruiting,24,https://jobs.lever.co/superiorexecutiveandlegalrecruiting,"https://api.lever.co/v0/postings/superiorexecutiveandlegalrecruiting?mode=json"
lever,teamshares,24,https://jobs.lever.co/teamshares,"https://api.lever.co/v0/postings/teamshares?mode=json"
lever,titanelectric-ga,24,https://jobs.lever.co/titanelectric-ga,"https://api.lever.co/v0/postings/titanelectric-ga?mode=json"
lever,wattpad,24,https://jobs.lever.co/wattpad,"https://api.lever.co/v0/postings/wattpad?mode=json"
lever,adventus,23,https://jobs.lever.co/adventus,"https://api.lever.co/v0/postings/adventus?mode=json"
lever,bazaarvoice,23,https://jobs.lever.co/bazaarvoice,"https://api.lever.co/v0/postings/bazaarvoice?mode=json"
lever,bellwetheram-2,23,https://jobs.lever.co/bellwetheram-2,"https://api.lever.co/v0/postings/bellwetheram-2?mode=json"
lever,brafton,23,https://jobs.lever.co/brafton,"https://api.lever.co/v0/postings/brafton?mode=json"
lever,bv,23,https://jobs.lever.co/bv,"https://api.lever.co/v0/postings/bv?mode=json"
lever,dilitrust,23,https://jobs.lever.co/dilitrust,"https://api.lever.co/v0/postings/dilitrust?mode=json"
lever,dmautoleasing,23,https://jobs.lever.co/dmautoleasing,"https://api.lever.co/v0/postings/dmautoleasing?mode=json"
lever,dozee,23,https://jobs.lever.co/dozee,"https://api.lever.co/v0/postings/dozee?mode=json"
lever,dynamiccatholic,23,https://jobs.lever.co/dynamiccatholic,"https://api.lever.co/v0/postings/dynamiccatholic?mode=json"
lever,eliyan,23,https://jobs.lever.co/eliyan,"https://api.lever.co/v0/postings/eliyan?mode=json"
lever,fetchpackage,23,https://jobs.lever.co/fetchpackage,"https://api.lever.co/v0/postings/fetchpackage?mode=json"
lever,fitzmark,23,https://jobs.lever.co/fitzmark,"https://api.lever.co/v0/postings/fitzmark?mode=json"
lever,havenparkcommunities,23,https://jobs.lever.co/havenparkcommunities,"https://api.lever.co/v0/postings/havenparkcommunities?mode=json"
lever,hawthorne-health,23,https://jobs.lever.co/hawthorne-health,"https://api.lever.co/v0/postings/hawthorne-health?mode=json"
lever,humble-robotics,23,https://jobs.lever.co/humble-robotics,"https://api.lever.co/v0/postings/humble-robotics?mode=json"
lever,kogan,23,https://jobs.lever.co/kogan,"https://api.lever.co/v0/postings/kogan?mode=json"
lever,lcbcchurch,23,https://jobs.lever.co/lcbcchurch,"https://api.lever.co/v0/postings/lcbcchurch?mode=json"
lever,linkedin,23,https://jobs.lever.co/linkedin,"https://api.lever.co/v0/postings/linkedin?mode=json"
lever,mable,23,https://jobs.lever.co/mable,"https://api.lever.co/v0/postings/mable?mode=json"
lever,milhouseinc,23,https://jobs.lever.co/milhouseinc,"https://api.lever.co/v0/postings/milhouseinc?mode=json"
lever,ppgny,23,https://jobs.lever.co/ppgny,"https://api.lever.co/v0/postings/ppgny?mode=json"
lever,resilientco,23,https://jobs.lever.co/resilientco,"https://api.lever.co/v0/postings/resilientco?mode=json"
lever,roofstacks,23,https://jobs.lever.co/roofstacks,"https://api.lever.co/v0/postings/roofstacks?mode=json"
lever,sar,23,https://jobs.lever.co/sar,"https://api.lever.co/v0/postings/sar?mode=json"
lever,sdatasystems.com,23,https://jobs.lever.co/sdatasystems.com,"https://api.lever.co/v0/postings/sdatasystems.com?mode=json"
lever,shyftlabs,23,https://jobs.lever.co/shyftlabs,"https://api.lever.co/v0/postings/shyftlabs?mode=json"
lever,springrecruits,23,https://jobs.lever.co/springrecruits,"https://api.lever.co/v0/postings/springrecruits?mode=json"
lever,swile,23,https://jobs.lever.co/swile,"https://api.lever.co/v0/postings/swile?mode=json"
lever,tryriot,23,https://jobs.lever.co/tryriot,"https://api.lever.co/v0/postings/tryriot?mode=json"
lever,wealthfront,23,https://jobs.lever.co/wealthfront,"https://api.lever.co/v0/postings/wealthfront?mode=json"
lever,zocks,23,https://jobs.lever.co/zocks,"https://api.lever.co/v0/postings/zocks?mode=json"
lever,analyticpartners,22,https://jobs.lever.co/analyticpartners,"https://api.lever.co/v0/postings/analyticpartners?mode=json"
lever,anotherco,22,https://jobs.lever.co/anotherco,"https://api.lever.co/v0/postings/anotherco?mode=json"
lever,athenapsych,22,https://jobs.lever.co/athenapsych,"https://api.lever.co/v0/postings/athenapsych?mode=json"
lever,atomcomputing,22,https://jobs.lever.co/atomcomputing,"https://api.lever.co/v0/postings/atomcomputing?mode=json"
lever,equativ,22,https://jobs.lever.co/equativ,"https://api.lever.co/v0/postings/equativ?mode=json"
lever,fieldnation,22,https://jobs.lever.co/fieldnation,"https://api.lever.co/v0/postings/fieldnation?mode=json"
lever,gridware,22,https://jobs.lever.co/gridware,"https://api.lever.co/v0/postings/gridware?mode=json"
lever,jobandtalent,22,https://jobs.lever.co/jobandtalent,"https://api.lever.co/v0/postings/jobandtalent?mode=json"
lever,make-rain,22,https://jobs.lever.co/make-rain,"https://api.lever.co/v0/postings/make-rain?mode=json"
lever,servicewire,22,https://jobs.lever.co/servicewire,"https://api.lever.co/v0/postings/servicewire?mode=json"
lever,sharpsmart,22,https://jobs.lever.co/sharpsmart,"https://api.lever.co/v0/postings/sharpsmart?mode=json"
lever,snappr,22,https://jobs.lever.co/snappr,"https://api.lever.co/v0/postings/snappr?mode=json"
lever,thuma,22,https://jobs.lever.co/thuma,"https://api.lever.co/v0/postings/thuma?mode=json"
lever,airalo,21,https://jobs.lever.co/airalo,"https://api.lever.co/v0/postings/airalo?mode=json"
lever,ana-corp,21,https://jobs.lever.co/ana-corp,"https://api.lever.co/v0/postings/ana-corp?mode=json"
lever,atibusinessgroup,21,https://jobs.lever.co/atibusinessgroup,"https://api.lever.co/v0/postings/atibusinessgroup?mode=json"
lever,bekk,21,https://jobs.lever.co/bekk,"https://api.lever.co/v0/postings/bekk?mode=json"
lever,campusworksinc,21,https://jobs.lever.co/campusworksinc,"https://api.lever.co/v0/postings/campusworksinc?mode=json"
lever,cloudinary,21,https://jobs.lever.co/cloudinary,"https://api.lever.co/v0/postings/cloudinary?mode=json"
lever,coatesgroup,21,https://jobs.lever.co/coatesgroup,"https://api.lever.co/v0/postings/coatesgroup?mode=json"
lever,everbridge,21,https://jobs.lever.co/everbridge,"https://api.lever.co/v0/postings/everbridge?mode=json"
lever,foodstuffs,21,https://jobs.lever.co/foodstuffs,"https://api.lever.co/v0/postings/foodstuffs?mode=json"
lever,hypebeast,21,https://jobs.lever.co/hypebeast,"https://api.lever.co/v0/postings/hypebeast?mode=json"
lever,longwall,21,https://jobs.lever.co/longwall,"https://api.lever.co/v0/postings/longwall?mode=json"
lever,ogury,21,https://jobs.lever.co/ogury,"https://api.lever.co/v0/postings/ogury?mode=json"
lever,salesdemo-jr,21,https://jobs.lever.co/salesdemo-jr,"https://api.lever.co/v0/postings/salesdemo-jr?mode=json"
lever,scholarrock,21,https://jobs.lever.co/scholarrock,"https://api.lever.co/v0/postings/scholarrock?mode=json"
lever,skylineconstruction,21,https://jobs.lever.co/skylineconstruction,"https://api.lever.co/v0/postings/skylineconstruction?mode=json"
lever,smartenergy,21,https://jobs.lever.co/smartenergy,"https://api.lever.co/v0/postings/smartenergy?mode=json"
lever,sunshinesachs,21,https://jobs.lever.co/sunshinesachs,"https://api.lever.co/v0/postings/sunshinesachs?mode=json"
lever,wahed.com,21,https://jobs.lever.co/wahed.com,"https://api.lever.co/v0/postings/wahed.com?mode=json"
lever,westair,21,https://jobs.lever.co/westair,"https://api.lever.co/v0/postings/westair?mode=json"
lever,zeta,21,https://jobs.lever.co/zeta,"https://api.lever.co/v0/postings/zeta?mode=json"
lever,ajccanada,20,https://jobs.lever.co/ajccanada,"https://api.lever.co/v0/postings/ajccanada?mode=json"
lever,alertus,20,https://jobs.lever.co/alertus,"https://api.lever.co/v0/postings/alertus?mode=json"
lever,bluecatnetworks,20,https://jobs.lever.co/bluecatnetworks,"https://api.lever.co/v0/postings/bluecatnetworks?mode=json"
lever,canvasww,20,https://jobs.lever.co/canvasww,"https://api.lever.co/v0/postings/canvasww?mode=json"
lever,colibrigroup,20,https://jobs.lever.co/colibrigroup,"https://api.lever.co/v0/postings/colibrigroup?mode=json"
lever,egen,20,https://jobs.lever.co/egen,"https://api.lever.co/v0/postings/egen?mode=json"
lever,endpointclinical,20,https://jobs.lever.co/endpointclinical,"https://api.lever.co/v0/postings/endpointclinical?mode=json"
lever,fullscript,20,https://jobs.lever.co/fullscript,"https://api.lever.co/v0/postings/fullscript?mode=json"
lever,kgroupcompanies,20,https://jobs.lever.co/kgroupcompanies,"https://api.lever.co/v0/postings/kgroupcompanies?mode=json"
lever,nacsworld,20,https://jobs.lever.co/nacsworld,"https://api.lever.co/v0/postings/nacsworld?mode=json"
lever,neuron7,20,https://jobs.lever.co/neuron7,"https://api.lever.co/v0/postings/neuron7?mode=json"
lever,pivotal,20,https://jobs.lever.co/pivotal,"https://api.lever.co/v0/postings/pivotal?mode=json"
lever,placemakr,20,https://jobs.lever.co/placemakr,"https://api.lever.co/v0/postings/placemakr?mode=json"
lever,pphp,20,https://jobs.lever.co/pphp,"https://api.lever.co/v0/postings/pphp?mode=json"
lever,ppil,20,https://jobs.lever.co/ppil,"https://api.lever.co/v0/postings/ppil?mode=json"
lever,scismic,20,https://jobs.lever.co/scismic,"https://api.lever.co/v0/postings/scismic?mode=json"
lever,syw.com,20,https://jobs.lever.co/syw.com,"https://api.lever.co/v0/postings/syw.com?mode=json"
lever,toptal,20,https://jobs.lever.co/toptal,"https://api.lever.co/v0/postings/toptal?mode=json"
lever,uft,20,https://jobs.lever.co/uft,"https://api.lever.co/v0/postings/uft?mode=json"
lever,valpeo.com,20,https://jobs.lever.co/valpeo.com,"https://api.lever.co/v0/postings/valpeo.com?mode=json"
lever,wintermute-trading,20,https://jobs.lever.co/wintermute-trading,"https://api.lever.co/v0/postings/wintermute-trading?mode=json"
lever,zencore,20,https://jobs.lever.co/zencore,"https://api.lever.co/v0/postings/zencore?mode=json"
lever,apexaba,19,https://jobs.lever.co/apexaba,"https://api.lever.co/v0/postings/apexaba?mode=json"
lever,appzen,19,https://jobs.lever.co/appzen,"https://api.lever.co/v0/postings/appzen?mode=json"
lever,collate,19,https://jobs.lever.co/collate,"https://api.lever.co/v0/postings/collate?mode=json"
lever,everlywell,19,https://jobs.lever.co/everlywell,"https://api.lever.co/v0/postings/everlywell?mode=json"
lever,fireworkhq,19,https://jobs.lever.co/fireworkhq,"https://api.lever.co/v0/postings/fireworkhq?mode=json"
lever,gate,19,https://jobs.lever.co/gate,"https://api.lever.co/v0/postings/gate?mode=json"
lever,gess,19,https://jobs.lever.co/gess,"https://api.lever.co/v0/postings/gess?mode=json"
lever,inflowfed,19,https://jobs.lever.co/inflowfed,"https://api.lever.co/v0/postings/inflowfed?mode=json"
lever,jetsupport,19,https://jobs.lever.co/jetsupport,"https://api.lever.co/v0/postings/jetsupport?mode=json"
lever,levelai,19,https://jobs.lever.co/levelai,"https://api.lever.co/v0/postings/levelai?mode=json"
lever,milltownpartners,19,https://jobs.lever.co/milltownpartners,"https://api.lever.co/v0/postings/milltownpartners?mode=json"
lever,mindtickle,19,https://jobs.lever.co/mindtickle,"https://api.lever.co/v0/postings/mindtickle?mode=json"
lever,netomi,19,https://jobs.lever.co/netomi,"https://api.lever.co/v0/postings/netomi?mode=json"
lever,peakgames,19,https://jobs.lever.co/peakgames,"https://api.lever.co/v0/postings/peakgames?mode=json"
lever,safe,19,https://jobs.lever.co/safe,"https://api.lever.co/v0/postings/safe?mode=json"
lever,texas-original,19,https://jobs.lever.co/texas-original,"https://api.lever.co/v0/postings/texas-original?mode=json"
lever,voltus,19,https://jobs.lever.co/voltus,"https://api.lever.co/v0/postings/voltus?mode=json"
lever,xepelin,19,https://jobs.lever.co/xepelin,"https://api.lever.co/v0/postings/xepelin?mode=json"
lever,zerohomes,19,https://jobs.lever.co/zerohomes,"https://api.lever.co/v0/postings/zerohomes?mode=json"
lever,alliedreit,18,https://jobs.lever.co/alliedreit,"https://api.lever.co/v0/postings/alliedreit?mode=json"
lever,anybotics,18,https://jobs.lever.co/anybotics,"https://api.lever.co/v0/postings/anybotics?mode=json"
lever,arcadia,18,https://jobs.lever.co/arcadia,"https://api.lever.co/v0/postings/arcadia?mode=json"
lever,arundellodge,18,https://jobs.lever.co/arundellodge,"https://api.lever.co/v0/postings/arundellodge?mode=json"
lever,brevo,18,https://jobs.lever.co/brevo,"https://api.lever.co/v0/postings/brevo?mode=json"
lever,crescent-biopharma,18,https://jobs.lever.co/crescent-biopharma,"https://api.lever.co/v0/postings/crescent-biopharma?mode=json"
lever,dreamgames,18,https://jobs.lever.co/dreamgames,"https://api.lever.co/v0/postings/dreamgames?mode=json"
lever,econstruct,18,https://jobs.lever.co/econstruct,"https://api.lever.co/v0/postings/econstruct?mode=json"
lever,foodsmart,18,https://jobs.lever.co/foodsmart,"https://api.lever.co/v0/postings/foodsmart?mode=json"
lever,freedomsolarpower,18,https://jobs.lever.co/freedomsolarpower,"https://api.lever.co/v0/postings/freedomsolarpower?mode=json"
lever,h1,18,https://jobs.lever.co/h1,"https://api.lever.co/v0/postings/h1?mode=json"
lever,heetch,18,https://jobs.lever.co/heetch,"https://api.lever.co/v0/postings/heetch?mode=json"
lever,integrators.cz,18,https://jobs.lever.co/integrators.cz,"https://api.lever.co/v0/postings/integrators.cz?mode=json"
lever,lightedge,18,https://jobs.lever.co/lightedge,"https://api.lever.co/v0/postings/lightedge?mode=json"
lever,lodgify,18,https://jobs.lever.co/lodgify,"https://api.lever.co/v0/postings/lodgify?mode=json"
lever,lwolf,18,https://jobs.lever.co/lwolf,"https://api.lever.co/v0/postings/lwolf?mode=json"
lever,macquarietechnologygroup,18,https://jobs.lever.co/macquarietechnologygroup,"https://api.lever.co/v0/postings/macquarietechnologygroup?mode=json"
lever,mayer-llp,18,https://jobs.lever.co/mayer-llp,"https://api.lever.co/v0/postings/mayer-llp?mode=json"
lever,metabase,18,https://jobs.lever.co/metabase,"https://api.lever.co/v0/postings/metabase?mode=json"
lever,metergysolutions,18,https://jobs.lever.co/metergysolutions,"https://api.lever.co/v0/postings/metergysolutions?mode=json"
lever,moonpay,18,https://jobs.lever.co/moonpay,"https://api.lever.co/v0/postings/moonpay?mode=json"
lever,muttdata,18,https://jobs.lever.co/muttdata,"https://api.lever.co/v0/postings/muttdata?mode=json"
lever,neye-systems-inc.,18,https://jobs.lever.co/neye-systems-inc.,"https://api.lever.co/v0/postings/neye-systems-inc.?mode=json"
lever,paradigm-health,18,https://jobs.lever.co/paradigm-health,"https://api.lever.co/v0/postings/paradigm-health?mode=json"
lever,ppwi,18,https://jobs.lever.co/ppwi,"https://api.lever.co/v0/postings/ppwi?mode=json"
lever,pyka,18,https://jobs.lever.co/pyka,"https://api.lever.co/v0/postings/pyka?mode=json"
lever,roadrunner-studios,18,https://jobs.lever.co/roadrunner-studios,"https://api.lever.co/v0/postings/roadrunner-studios?mode=json"
lever,skyways,18,https://jobs.lever.co/skyways,"https://api.lever.co/v0/postings/skyways?mode=json"
lever,tangraminteriors,18,https://jobs.lever.co/tangraminteriors,"https://api.lever.co/v0/postings/tangraminteriors?mode=json"
lever,titanwh,18,https://jobs.lever.co/titanwh,"https://api.lever.co/v0/postings/titanwh?mode=json"
lever,virtualitics,18,https://jobs.lever.co/virtualitics,"https://api.lever.co/v0/postings/virtualitics?mode=json"
lever,waterworks,18,https://jobs.lever.co/waterworks,"https://api.lever.co/v0/postings/waterworks?mode=json"
lever,wc-br,18,https://jobs.lever.co/wc-br,"https://api.lever.co/v0/postings/wc-br?mode=json"
lever,weride,18,https://jobs.lever.co/weride,"https://api.lever.co/v0/postings/weride?mode=json"
lever,ataccama,17,https://jobs.lever.co/ataccama,"https://api.lever.co/v0/postings/ataccama?mode=json"
lever,auw,17,https://jobs.lever.co/auw,"https://api.lever.co/v0/postings/auw?mode=json"
lever,avalanchestudios,17,https://jobs.lever.co/avalanchestudios,"https://api.lever.co/v0/postings/avalanchestudios?mode=json"
lever,azul,17,https://jobs.lever.co/azul,"https://api.lever.co/v0/postings/azul?mode=json"
lever,cyara,17,https://jobs.lever.co/cyara,"https://api.lever.co/v0/postings/cyara?mode=json"
lever,dodmg,17,https://jobs.lever.co/dodmg,"https://api.lever.co/v0/postings/dodmg?mode=json"
lever,exowatt,17,https://jobs.lever.co/exowatt,"https://api.lever.co/v0/postings/exowatt?mode=json"
lever,fiscalnote,17,https://jobs.lever.co/fiscalnote,"https://api.lever.co/v0/postings/fiscalnote?mode=json"
lever,hayeslocums,17,https://jobs.lever.co/hayeslocums,"https://api.lever.co/v0/postings/hayeslocums?mode=json"
lever,jamcity,17,https://jobs.lever.co/jamcity,"https://api.lever.co/v0/postings/jamcity?mode=json"
lever,moneyboxapp,17,https://jobs.lever.co/moneyboxapp,"https://api.lever.co/v0/postings/moneyboxapp?mode=json"
lever,nainnorcal,17,https://jobs.lever.co/nainnorcal,"https://api.lever.co/v0/postings/nainnorcal?mode=json"
lever,novir,17,https://jobs.lever.co/novir,"https://api.lever.co/v0/postings/novir?mode=json"
lever,panopto,17,https://jobs.lever.co/panopto,"https://api.lever.co/v0/postings/panopto?mode=json"
lever,quantco-,17,https://jobs.lever.co/quantco-,"https://api.lever.co/v0/postings/quantco-?mode=json"
lever,soum,17,https://jobs.lever.co/soum,"https://api.lever.co/v0/postings/soum?mode=json"
lever,tenna,17,https://jobs.lever.co/tenna,"https://api.lever.co/v0/postings/tenna?mode=json"
lever,uei,17,https://jobs.lever.co/uei,"https://api.lever.co/v0/postings/uei?mode=json"
lever,ux-woman,17,https://jobs.lever.co/ux-woman,"https://api.lever.co/v0/postings/ux-woman?mode=json"
lever,world-view-enterprises-inc.,17,https://jobs.lever.co/world-view-enterprises-inc.,"https://api.lever.co/v0/postings/world-view-enterprises-inc.?mode=json"
lever,ywcaworks,17,https://jobs.lever.co/ywcaworks,"https://api.lever.co/v0/postings/ywcaworks?mode=json"
lever,acds,16,https://jobs.lever.co/acds,"https://api.lever.co/v0/postings/acds?mode=json"
lever,aipconnect,16,https://jobs.lever.co/aipconnect,"https://api.lever.co/v0/postings/aipconnect?mode=json"
lever,bellese,16,https://jobs.lever.co/bellese,"https://api.lever.co/v0/postings/bellese?mode=json"
lever,court-avenue,16,https://jobs.lever.co/court-avenue,"https://api.lever.co/v0/postings/court-avenue?mode=json"
lever,cprime,16,https://jobs.lever.co/cprime,"https://api.lever.co/v0/postings/cprime?mode=json"
lever,cuningham,16,https://jobs.lever.co/cuningham,"https://api.lever.co/v0/postings/cuningham?mode=json"
lever,decilegroup,16,https://jobs.lever.co/decilegroup,"https://api.lever.co/v0/postings/decilegroup?mode=json"
lever,drivemode,16,https://jobs.lever.co/drivemode,"https://api.lever.co/v0/postings/drivemode?mode=json"
lever,great-gray-group,16,https://jobs.lever.co/great-gray-group,"https://api.lever.co/v0/postings/great-gray-group?mode=json"
lever,hawaiianhost,16,https://jobs.lever.co/hawaiianhost,"https://api.lever.co/v0/postings/hawaiianhost?mode=json"
lever,highstreetit,16,https://jobs.lever.co/highstreetit,"https://api.lever.co/v0/postings/highstreetit?mode=json"
lever,hottopic,16,https://jobs.lever.co/hottopic,"https://api.lever.co/v0/postings/hottopic?mode=json"
lever,intropic,16,https://jobs.lever.co/intropic,"https://api.lever.co/v0/postings/intropic?mode=json"
lever,jumpcloud,16,https://jobs.lever.co/jumpcloud,"https://api.lever.co/v0/postings/jumpcloud?mode=json"
lever,kariusdx,16,https://jobs.lever.co/kariusdx,"https://api.lever.co/v0/postings/kariusdx?mode=json"
lever,kcasbio,16,https://jobs.lever.co/kcasbio,"https://api.lever.co/v0/postings/kcasbio?mode=json"
lever,leverdemo193,16,https://jobs.lever.co/leverdemo193,"https://api.lever.co/v0/postings/leverdemo193?mode=json"
lever,lumafield,16,https://jobs.lever.co/lumafield,"https://api.lever.co/v0/postings/lumafield?mode=json"
lever,matillion,16,https://jobs.lever.co/matillion,"https://api.lever.co/v0/postings/matillion?mode=json"
lever,next-health,16,https://jobs.lever.co/next-health,"https://api.lever.co/v0/postings/next-health?mode=json"
lever,pipedrive,16,https://jobs.lever.co/pipedrive,"https://api.lever.co/v0/postings/pipedrive?mode=json"
lever,ppse,16,https://jobs.lever.co/ppse,"https://api.lever.co/v0/postings/ppse?mode=json"
lever,rainfocus,16,https://jobs.lever.co/rainfocus,"https://api.lever.co/v0/postings/rainfocus?mode=json"
lever,redbee,16,https://jobs.lever.co/redbee,"https://api.lever.co/v0/postings/redbee?mode=json"
lever,schmidt-entities,16,https://jobs.lever.co/schmidt-entities,"https://api.lever.co/v0/postings/schmidt-entities?mode=json"
lever,thiga,16,https://jobs.lever.co/thiga,"https://api.lever.co/v0/postings/thiga?mode=json"
lever,tracksuit-limited,16,https://jobs.lever.co/tracksuit-limited,"https://api.lever.co/v0/postings/tracksuit-limited?mode=json"
lever,trailappliances,16,https://jobs.lever.co/trailappliances,"https://api.lever.co/v0/postings/trailappliances?mode=json"
lever,unisoninfra,16,https://jobs.lever.co/unisoninfra,"https://api.lever.co/v0/postings/unisoninfra?mode=json"
lever,until,16,https://jobs.lever.co/until,"https://api.lever.co/v0/postings/until?mode=json"
lever,versapay,16,https://jobs.lever.co/versapay,"https://api.lever.co/v0/postings/versapay?mode=json"
lever,zimperium,16,https://jobs.lever.co/zimperium,"https://api.lever.co/v0/postings/zimperium?mode=json"
lever,achievers,15,https://jobs.lever.co/achievers,"https://api.lever.co/v0/postings/achievers?mode=json"
lever,air-tek,15,https://jobs.lever.co/air-tek,"https://api.lever.co/v0/postings/air-tek?mode=json"
lever,alliedbeverage,15,https://jobs.lever.co/alliedbeverage,"https://api.lever.co/v0/postings/alliedbeverage?mode=json"
lever,apryse,15,https://jobs.lever.co/apryse,"https://api.lever.co/v0/postings/apryse?mode=json"
lever,base-flowa,15,https://jobs.lever.co/base-flowa,"https://api.lever.co/v0/postings/base-flowa?mode=json"
lever,bfsaul,15,https://jobs.lever.co/bfsaul,"https://api.lever.co/v0/postings/bfsaul?mode=json"
lever,convergentresearch,15,https://jobs.lever.co/convergentresearch,"https://api.lever.co/v0/postings/convergentresearch?mode=json"
lever,doxel,15,https://jobs.lever.co/doxel,"https://api.lever.co/v0/postings/doxel?mode=json"
lever,ecosystem,15,https://jobs.lever.co/ecosystem,"https://api.lever.co/v0/postings/ecosystem?mode=json"
lever,finix,15,https://jobs.lever.co/finix,"https://api.lever.co/v0/postings/finix?mode=json"
lever,galepartners,15,https://jobs.lever.co/galepartners,"https://api.lever.co/v0/postings/galepartners?mode=json"
lever,goodamerican,15,https://jobs.lever.co/goodamerican,"https://api.lever.co/v0/postings/goodamerican?mode=json"
lever,harrisonst,15,https://jobs.lever.co/harrisonst,"https://api.lever.co/v0/postings/harrisonst?mode=json"
lever,insify,15,https://jobs.lever.co/insify,"https://api.lever.co/v0/postings/insify?mode=json"
lever,integrabeauty,15,https://jobs.lever.co/integrabeauty,"https://api.lever.co/v0/postings/integrabeauty?mode=json"
lever,manaycpa.com,15,https://jobs.lever.co/manaycpa.com,"https://api.lever.co/v0/postings/manaycpa.com?mode=json"
lever,nolapublicschools,15,https://jobs.lever.co/nolapublicschools,"https://api.lever.co/v0/postings/nolapublicschools?mode=json"
lever,outsourcedstaff,15,https://jobs.lever.co/outsourcedstaff,"https://api.lever.co/v0/postings/outsourcedstaff?mode=json"
lever,padsplit,15,https://jobs.lever.co/padsplit,"https://api.lever.co/v0/postings/padsplit?mode=json"
lever,peoplegrove,15,https://jobs.lever.co/peoplegrove,"https://api.lever.co/v0/postings/peoplegrove?mode=json"
lever,ppfa,15,https://jobs.lever.co/ppfa,"https://api.lever.co/v0/postings/ppfa?mode=json"
lever,researchinnovations.com,15,https://jobs.lever.co/researchinnovations.com,"https://api.lever.co/v0/postings/researchinnovations.com?mode=json"
lever,secureframe,15,https://jobs.lever.co/secureframe,"https://api.lever.co/v0/postings/secureframe?mode=json"
lever,summitmgmt-corp,15,https://jobs.lever.co/summitmgmt-corp,"https://api.lever.co/v0/postings/summitmgmt-corp?mode=json"
lever,thinkingbox,15,https://jobs.lever.co/thinkingbox,"https://api.lever.co/v0/postings/thinkingbox?mode=json"
lever,totalsystech,15,https://jobs.lever.co/totalsystech,"https://api.lever.co/v0/postings/totalsystech?mode=json"
lever,tri,15,https://jobs.lever.co/tri,"https://api.lever.co/v0/postings/tri?mode=json"
lever,tusker,15,https://jobs.lever.co/tusker,"https://api.lever.co/v0/postings/tusker?mode=json"
lever,windfalldata,15,https://jobs.lever.co/windfalldata,"https://api.lever.co/v0/postings/windfalldata?mode=json"
lever,zensurance,15,https://jobs.lever.co/zensurance,"https://api.lever.co/v0/postings/zensurance?mode=json"
lever,apolloresearch,14,https://jobs.lever.co/apolloresearch,"https://api.lever.co/v0/postings/apolloresearch?mode=json"
lever,belvederetrading,14,https://jobs.lever.co/belvederetrading,"https://api.lever.co/v0/postings/belvederetrading?mode=json"
lever,biggie,14,https://jobs.lever.co/biggie,"https://api.lever.co/v0/postings/biggie?mode=json"
lever,cdcfoundation,14,https://jobs.lever.co/cdcfoundation,"https://api.lever.co/v0/postings/cdcfoundation?mode=json"
lever,cic,14,https://jobs.lever.co/cic,"https://api.lever.co/v0/postings/cic?mode=json"
lever,cred,14,https://jobs.lever.co/cred,"https://api.lever.co/v0/postings/cred?mode=json"
lever,deleteme,14,https://jobs.lever.co/deleteme,"https://api.lever.co/v0/postings/deleteme?mode=json"
lever,entefy,14,https://jobs.lever.co/entefy,"https://api.lever.co/v0/postings/entefy?mode=json"
lever,entrata,14,https://jobs.lever.co/entrata,"https://api.lever.co/v0/postings/entrata?mode=json"
lever,esalen,14,https://jobs.lever.co/esalen,"https://api.lever.co/v0/postings/esalen?mode=json"
lever,florence,14,https://jobs.lever.co/florence,"https://api.lever.co/v0/postings/florence?mode=json"
lever,forbrightbank,14,https://jobs.lever.co/forbrightbank,"https://api.lever.co/v0/postings/forbrightbank?mode=json"
lever,gouspack,14,https://jobs.lever.co/gouspack,"https://api.lever.co/v0/postings/gouspack?mode=json"
lever,greenlight,14,https://jobs.lever.co/greenlight,"https://api.lever.co/v0/postings/greenlight?mode=json"
lever,investorflow,14,https://jobs.lever.co/investorflow,"https://api.lever.co/v0/postings/investorflow?mode=json"
lever,ioconnectservices.com,14,https://jobs.lever.co/ioconnectservices.com,"https://api.lever.co/v0/postings/ioconnectservices.com?mode=json"
lever,lamudi,14,https://jobs.lever.co/lamudi,"https://api.lever.co/v0/postings/lamudi?mode=json"
lever,loadsmart,14,https://jobs.lever.co/loadsmart,"https://api.lever.co/v0/postings/loadsmart?mode=json"
lever,madhappy,14,https://jobs.lever.co/madhappy,"https://api.lever.co/v0/postings/madhappy?mode=json"
lever,mashgin,14,https://jobs.lever.co/mashgin,"https://api.lever.co/v0/postings/mashgin?mode=json"
lever,max-ssm,14,https://jobs.lever.co/max-ssm,"https://api.lever.co/v0/postings/max-ssm?mode=json"
lever,minted,14,https://jobs.lever.co/minted,"https://api.lever.co/v0/postings/minted?mode=json"
lever,momenti-inc,14,https://jobs.lever.co/momenti-inc,"https://api.lever.co/v0/postings/momenti-inc?mode=json"
lever,moo,14,https://jobs.lever.co/moo,"https://api.lever.co/v0/postings/moo?mode=json"
lever,moonpig,14,https://jobs.lever.co/moonpig,"https://api.lever.co/v0/postings/moonpig?mode=json"
lever,msconsultants,14,https://jobs.lever.co/msconsultants,"https://api.lever.co/v0/postings/msconsultants?mode=json"
lever,offchainlabs,14,https://jobs.lever.co/offchainlabs,"https://api.lever.co/v0/postings/offchainlabs?mode=json"
lever,oowlish,14,https://jobs.lever.co/oowlish,"https://api.lever.co/v0/postings/oowlish?mode=json"
lever,planettechnologies,14,https://jobs.lever.co/planettechnologies,"https://api.lever.co/v0/postings/planettechnologies?mode=json"
lever,playbook,14,https://jobs.lever.co/playbook,"https://api.lever.co/v0/postings/playbook?mode=json"
lever,profoundresearch,14,https://jobs.lever.co/profoundresearch,"https://api.lever.co/v0/postings/profoundresearch?mode=json"
lever,promesaacademy,14,https://jobs.lever.co/promesaacademy,"https://api.lever.co/v0/postings/promesaacademy?mode=json"
lever,proper,14,https://jobs.lever.co/proper,"https://api.lever.co/v0/postings/proper?mode=json"
lever,royalambulance,14,https://jobs.lever.co/royalambulance,"https://api.lever.co/v0/postings/royalambulance?mode=json"
lever,sait,14,https://jobs.lever.co/sait,"https://api.lever.co/v0/postings/sait?mode=json"
lever,seven-starling,14,https://jobs.lever.co/seven-starling,"https://api.lever.co/v0/postings/seven-starling?mode=json"
lever,smiledigitalhealth,14,https://jobs.lever.co/smiledigitalhealth,"https://api.lever.co/v0/postings/smiledigitalhealth?mode=json"
lever,sugarcrm,14,https://jobs.lever.co/sugarcrm,"https://api.lever.co/v0/postings/sugarcrm?mode=json"
lever,superside,14,https://jobs.lever.co/superside,"https://api.lever.co/v0/postings/superside?mode=json"
lever,thepeoplebrand,14,https://jobs.lever.co/thepeoplebrand,"https://api.lever.co/v0/postings/thepeoplebrand?mode=json"
lever,valdera,14,https://jobs.lever.co/valdera,"https://api.lever.co/v0/postings/valdera?mode=json"
lever,viamericas,14,https://jobs.lever.co/viamericas,"https://api.lever.co/v0/postings/viamericas?mode=json"
lever,winamax,14,https://jobs.lever.co/winamax,"https://api.lever.co/v0/postings/winamax?mode=json"
lever,zilliz,14,https://jobs.lever.co/zilliz,"https://api.lever.co/v0/postings/zilliz?mode=json"
lever,activecampaign,13,https://jobs.lever.co/activecampaign,"https://api.lever.co/v0/postings/activecampaign?mode=json"
lever,biocatch,13,https://jobs.lever.co/biocatch,"https://api.lever.co/v0/postings/biocatch?mode=json"
lever,blablacar,13,https://jobs.lever.co/blablacar,"https://api.lever.co/v0/postings/blablacar?mode=json"
lever,chownow,13,https://jobs.lever.co/chownow,"https://api.lever.co/v0/postings/chownow?mode=json"
lever,controlup,13,https://jobs.lever.co/controlup,"https://api.lever.co/v0/postings/controlup?mode=json"
lever,cyderes,13,https://jobs.lever.co/cyderes,"https://api.lever.co/v0/postings/cyderes?mode=json"
lever,datalabusa,13,https://jobs.lever.co/datalabusa,"https://api.lever.co/v0/postings/datalabusa?mode=json"
lever,eastern-communications,13,https://jobs.lever.co/eastern-communications,"https://api.lever.co/v0/postings/eastern-communications?mode=json"
lever,getmaple,13,https://jobs.lever.co/getmaple,"https://api.lever.co/v0/postings/getmaple?mode=json"
lever,getmidas,13,https://jobs.lever.co/getmidas,"https://api.lever.co/v0/postings/getmidas?mode=json"
lever,kapta-space,13,https://jobs.lever.co/kapta-space,"https://api.lever.co/v0/postings/kapta-space?mode=json"
lever,kitware,13,https://jobs.lever.co/kitware,"https://api.lever.co/v0/postings/kitware?mode=json"
lever,massive-rocket,13,https://jobs.lever.co/massive-rocket,"https://api.lever.co/v0/postings/massive-rocket?mode=json"
lever,meds,13,https://jobs.lever.co/meds,"https://api.lever.co/v0/postings/meds?mode=json"
lever,omnisend,13,https://jobs.lever.co/omnisend,"https://api.lever.co/v0/postings/omnisend?mode=json"
lever,paramedicservices,13,https://jobs.lever.co/paramedicservices,"https://api.lever.co/v0/postings/paramedicservices?mode=json"
lever,perforce,13,https://jobs.lever.co/perforce,"https://api.lever.co/v0/postings/perforce?mode=json"
lever,promiserobotics,13,https://jobs.lever.co/promiserobotics,"https://api.lever.co/v0/postings/promiserobotics?mode=json"
lever,prosper,13,https://jobs.lever.co/prosper,"https://api.lever.co/v0/postings/prosper?mode=json"
lever,rapidai,13,https://jobs.lever.co/rapidai,"https://api.lever.co/v0/postings/rapidai?mode=json"
lever,rgi,13,https://jobs.lever.co/rgi,"https://api.lever.co/v0/postings/rgi?mode=json"
lever,sitetracker,13,https://jobs.lever.co/sitetracker,"https://api.lever.co/v0/postings/sitetracker?mode=json"
lever,suger,13,https://jobs.lever.co/suger,"https://api.lever.co/v0/postings/suger?mode=json"
lever,terrahq,13,https://jobs.lever.co/terrahq,"https://api.lever.co/v0/postings/terrahq?mode=json"
lever,theblacktux,13,https://jobs.lever.co/theblacktux,"https://api.lever.co/v0/postings/theblacktux?mode=json"
lever,tracktik,13,https://jobs.lever.co/tracktik,"https://api.lever.co/v0/postings/tracktik?mode=json"
lever,trevipay,13,https://jobs.lever.co/trevipay,"https://api.lever.co/v0/postings/trevipay?mode=json"
lever,veo,13,https://jobs.lever.co/veo,"https://api.lever.co/v0/postings/veo?mode=json"
lever,visioninvest,13,https://jobs.lever.co/visioninvest,"https://api.lever.co/v0/postings/visioninvest?mode=json"
lever,workingfamilies,13,https://jobs.lever.co/workingfamilies,"https://api.lever.co/v0/postings/workingfamilies?mode=json"
lever,zaimler,13,https://jobs.lever.co/zaimler,"https://api.lever.co/v0/postings/zaimler?mode=json"
lever,zurichinstruments,13,https://jobs.lever.co/zurichinstruments,"https://api.lever.co/v0/postings/zurichinstruments?mode=json"
lever,actian,12,https://jobs.lever.co/actian,"https://api.lever.co/v0/postings/actian?mode=json"
lever,aeratechnology,12,https://jobs.lever.co/aeratechnology,"https://api.lever.co/v0/postings/aeratechnology?mode=json"
lever,airslate,12,https://jobs.lever.co/airslate,"https://api.lever.co/v0/postings/airslate?mode=json"
lever,atmosera,12,https://jobs.lever.co/atmosera,"https://api.lever.co/v0/postings/atmosera?mode=json"
lever,avertium,12,https://jobs.lever.co/avertium,"https://api.lever.co/v0/postings/avertium?mode=json"
lever,beckley-clinical,12,https://jobs.lever.co/beckley-clinical,"https://api.lever.co/v0/postings/beckley-clinical?mode=json"
lever,bellotalabs,12,https://jobs.lever.co/bellotalabs,"https://api.lever.co/v0/postings/bellotalabs?mode=json"
lever,bluesight,12,https://jobs.lever.co/bluesight,"https://api.lever.co/v0/postings/bluesight?mode=json"
lever,boston-materials,12,https://jobs.lever.co/boston-materials,"https://api.lever.co/v0/postings/boston-materials?mode=json"
lever,brightmachines,12,https://jobs.lever.co/brightmachines,"https://api.lever.co/v0/postings/brightmachines?mode=json"
lever,compassx,12,https://jobs.lever.co/compassx,"https://api.lever.co/v0/postings/compassx?mode=json"
lever,dailywire,12,https://jobs.lever.co/dailywire,"https://api.lever.co/v0/postings/dailywire?mode=json"
lever,diversified-automation,12,https://jobs.lever.co/diversified-automation,"https://api.lever.co/v0/postings/diversified-automation?mode=json"
lever,doonails,12,https://jobs.lever.co/doonails,"https://api.lever.co/v0/postings/doonails?mode=json"
lever,dulcedo,12,https://jobs.lever.co/dulcedo,"https://api.lever.co/v0/postings/dulcedo?mode=json"
lever,dutch,12,https://jobs.lever.co/dutch,"https://api.lever.co/v0/postings/dutch?mode=json"
lever,egenesisbio,12,https://jobs.lever.co/egenesisbio,"https://api.lever.co/v0/postings/egenesisbio?mode=json"
lever,electricmind,12,https://jobs.lever.co/electricmind,"https://api.lever.co/v0/postings/electricmind?mode=json"
lever,enablecomp,12,https://jobs.lever.co/enablecomp,"https://api.lever.co/v0/postings/enablecomp?mode=json"
lever,energy-by-5,12,https://jobs.lever.co/energy-by-5,"https://api.lever.co/v0/postings/energy-by-5?mode=json"
lever,fabertechnologies,12,https://jobs.lever.co/fabertechnologies,"https://api.lever.co/v0/postings/fabertechnologies?mode=json"
lever,fampay,12,https://jobs.lever.co/fampay,"https://api.lever.co/v0/postings/fampay?mode=json"
lever,fieldfastener,12,https://jobs.lever.co/fieldfastener,"https://api.lever.co/v0/postings/fieldfastener?mode=json"
lever,freedomprep,12,https://jobs.lever.co/freedomprep,"https://api.lever.co/v0/postings/freedomprep?mode=json"
lever,gettyimages,12,https://jobs.lever.co/gettyimages,"https://api.lever.co/v0/postings/gettyimages?mode=json"
lever,gmo,12,https://jobs.lever.co/gmo,"https://api.lever.co/v0/postings/gmo?mode=json"
lever,goswift,12,https://jobs.lever.co/goswift,"https://api.lever.co/v0/postings/goswift?mode=json"
lever,iyzico,12,https://jobs.lever.co/iyzico,"https://api.lever.co/v0/postings/iyzico?mode=json"
lever,klivvr,12,https://jobs.lever.co/klivvr,"https://api.lever.co/v0/postings/klivvr?mode=json"
lever,leverdemo,12,https://jobs.lever.co/leverdemo,"https://api.lever.co/v0/postings/leverdemo?mode=json"
lever,lrdgonline,12,https://jobs.lever.co/lrdgonline,"https://api.lever.co/v0/postings/lrdgonline?mode=json"
lever,mega,12,https://jobs.lever.co/mega,"https://api.lever.co/v0/postings/mega?mode=json"
lever,metopera,12,https://jobs.lever.co/metopera,"https://api.lever.co/v0/postings/metopera?mode=json"
lever,microvision,12,https://jobs.lever.co/microvision,"https://api.lever.co/v0/postings/microvision?mode=json"
lever,minders,12,https://jobs.lever.co/minders,"https://api.lever.co/v0/postings/minders?mode=json"
lever,neon,12,https://jobs.lever.co/neon,"https://api.lever.co/v0/postings/neon?mode=json"
lever,picklerobot,12,https://jobs.lever.co/picklerobot,"https://api.lever.co/v0/postings/picklerobot?mode=json"
lever,ppmd,12,https://jobs.lever.co/ppmd,"https://api.lever.co/v0/postings/ppmd?mode=json"
lever,ppnne,12,https://jobs.lever.co/ppnne,"https://api.lever.co/v0/postings/ppnne?mode=json"
lever,princeton10,12,https://jobs.lever.co/princeton10,"https://api.lever.co/v0/postings/princeton10?mode=json"
lever,promenade,12,https://jobs.lever.co/promenade,"https://api.lever.co/v0/postings/promenade?mode=json"
lever,pslove-pte,12,https://jobs.lever.co/pslove-pte,"https://api.lever.co/v0/postings/pslove-pte?mode=json"
lever,seerinteractive,12,https://jobs.lever.co/seerinteractive,"https://api.lever.co/v0/postings/seerinteractive?mode=json"
lever,servicerocket,12,https://jobs.lever.co/servicerocket,"https://api.lever.co/v0/postings/servicerocket?mode=json"
lever,shakudo,12,https://jobs.lever.co/shakudo,"https://api.lever.co/v0/postings/shakudo?mode=json"
lever,solopulseco,12,https://jobs.lever.co/solopulseco,"https://api.lever.co/v0/postings/solopulseco?mode=json"
lever,spiria,12,https://jobs.lever.co/spiria,"https://api.lever.co/v0/postings/spiria?mode=json"
lever,splend,12,https://jobs.lever.co/splend,"https://api.lever.co/v0/postings/splend?mode=json"
lever,sysdig,12,https://jobs.lever.co/sysdig,"https://api.lever.co/v0/postings/sysdig?mode=json"
lever,teambuilders,12,https://jobs.lever.co/teambuilders,"https://api.lever.co/v0/postings/teambuilders?mode=json"
lever,thesalesfactory,12,https://jobs.lever.co/thesalesfactory,"https://api.lever.co/v0/postings/thesalesfactory?mode=json"
lever,tiberius,12,https://jobs.lever.co/tiberius,"https://api.lever.co/v0/postings/tiberius?mode=json"
lever,todaytixgroup,12,https://jobs.lever.co/todaytixgroup,"https://api.lever.co/v0/postings/todaytixgroup?mode=json"
lever,trueml,12,https://jobs.lever.co/trueml,"https://api.lever.co/v0/postings/trueml?mode=json"
lever,truv,12,https://jobs.lever.co/truv,"https://api.lever.co/v0/postings/truv?mode=json"
lever,valiantys,12,https://jobs.lever.co/valiantys,"https://api.lever.co/v0/postings/valiantys?mode=json"
lever,verygoodsecurity,12,https://jobs.lever.co/verygoodsecurity,"https://api.lever.co/v0/postings/verygoodsecurity?mode=json"
lever,alifsemi,11,https://jobs.lever.co/alifsemi,"https://api.lever.co/v0/postings/alifsemi?mode=json"
lever,alpinestars,11,https://jobs.lever.co/alpinestars,"https://api.lever.co/v0/postings/alpinestars?mode=json"
lever,ampd-energy,11,https://jobs.lever.co/ampd-energy,"https://api.lever.co/v0/postings/ampd-energy?mode=json"
lever,anomali,11,https://jobs.lever.co/anomali,"https://api.lever.co/v0/postings/anomali?mode=json"
lever,asapp-2,11,https://jobs.lever.co/asapp-2,"https://api.lever.co/v0/postings/asapp-2?mode=json"
lever,balbix,11,https://jobs.lever.co/balbix,"https://api.lever.co/v0/postings/balbix?mode=json"
lever,beedie,11,https://jobs.lever.co/beedie,"https://api.lever.co/v0/postings/beedie?mode=json"
lever,betr,11,https://jobs.lever.co/betr,"https://api.lever.co/v0/postings/betr?mode=json"
lever,bloom,11,https://jobs.lever.co/bloom,"https://api.lever.co/v0/postings/bloom?mode=json"
lever,bloomon,11,https://jobs.lever.co/bloomon,"https://api.lever.co/v0/postings/bloomon?mode=json"
lever,bold-orange,11,https://jobs.lever.co/bold-orange,"https://api.lever.co/v0/postings/bold-orange?mode=json"
lever,cartrawler,11,https://jobs.lever.co/cartrawler,"https://api.lever.co/v0/postings/cartrawler?mode=json"
lever,charcuterie,11,https://jobs.lever.co/charcuterie,"https://api.lever.co/v0/postings/charcuterie?mode=json"
lever,civitech,11,https://jobs.lever.co/civitech,"https://api.lever.co/v0/postings/civitech?mode=json"
lever,cleanspark,11,https://jobs.lever.co/cleanspark,"https://api.lever.co/v0/postings/cleanspark?mode=json"
lever,cmgx,11,https://jobs.lever.co/cmgx,"https://api.lever.co/v0/postings/cmgx?mode=json"
lever,coalfire,11,https://jobs.lever.co/coalfire,"https://api.lever.co/v0/postings/coalfire?mode=json"
lever,confluera,11,https://jobs.lever.co/confluera,"https://api.lever.co/v0/postings/confluera?mode=json"
lever,convelio,11,https://jobs.lever.co/convelio,"https://api.lever.co/v0/postings/convelio?mode=json"
lever,dempseyuniform-2,11,https://jobs.lever.co/dempseyuniform-2,"https://api.lever.co/v0/postings/dempseyuniform-2?mode=json"
lever,deputy,11,https://jobs.lever.co/deputy,"https://api.lever.co/v0/postings/deputy?mode=json"
lever,dollskill,11,https://jobs.lever.co/dollskill,"https://api.lever.co/v0/postings/dollskill?mode=json"
lever,educative,11,https://jobs.lever.co/educative,"https://api.lever.co/v0/postings/educative?mode=json"
lever,epifi,11,https://jobs.lever.co/epifi,"https://api.lever.co/v0/postings/epifi?mode=json"
lever,factor,11,https://jobs.lever.co/factor,"https://api.lever.co/v0/postings/factor?mode=json"
lever,finch,11,https://jobs.lever.co/finch,"https://api.lever.co/v0/postings/finch?mode=json"
lever,firemon,11,https://jobs.lever.co/firemon,"https://api.lever.co/v0/postings/firemon?mode=json"
lever,fp,11,https://jobs.lever.co/fp,"https://api.lever.co/v0/postings/fp?mode=json"
lever,funxyz,11,https://jobs.lever.co/funxyz,"https://api.lever.co/v0/postings/funxyz?mode=json"
lever,gradion,11,https://jobs.lever.co/gradion,"https://api.lever.co/v0/postings/gradion?mode=json"
lever,gushwork,11,https://jobs.lever.co/gushwork,"https://api.lever.co/v0/postings/gushwork?mode=json"
lever,highlandfleets-2,11,https://jobs.lever.co/highlandfleets-2,"https://api.lever.co/v0/postings/highlandfleets-2?mode=json"
lever,hush,11,https://jobs.lever.co/hush,"https://api.lever.co/v0/postings/hush?mode=json"
lever,impossiblecloud,11,https://jobs.lever.co/impossiblecloud,"https://api.lever.co/v0/postings/impossiblecloud?mode=json"
lever,inkitt,11,https://jobs.lever.co/inkitt,"https://api.lever.co/v0/postings/inkitt?mode=json"
lever,kivaconfections,11,https://jobs.lever.co/kivaconfections,"https://api.lever.co/v0/postings/kivaconfections?mode=json"
lever,kwanso,11,https://jobs.lever.co/kwanso,"https://api.lever.co/v0/postings/kwanso?mode=json"
lever,maquettevirtuelle,11,https://jobs.lever.co/maquettevirtuelle,"https://api.lever.co/v0/postings/maquettevirtuelle?mode=json"
lever,mcaconnect,11,https://jobs.lever.co/mcaconnect,"https://api.lever.co/v0/postings/mcaconnect?mode=json"
lever,mindful,11,https://jobs.lever.co/mindful,"https://api.lever.co/v0/postings/mindful?mode=json"
lever,nfq,11,https://jobs.lever.co/nfq,"https://api.lever.co/v0/postings/nfq?mode=json"
lever,objective,11,https://jobs.lever.co/objective,"https://api.lever.co/v0/postings/objective?mode=json"
lever,optimussbr,11,https://jobs.lever.co/optimussbr,"https://api.lever.co/v0/postings/optimussbr?mode=json"
lever,osaro,11,https://jobs.lever.co/osaro,"https://api.lever.co/v0/postings/osaro?mode=json"
lever,outsight,11,https://jobs.lever.co/outsight,"https://api.lever.co/v0/postings/outsight?mode=json"
lever,payugpo,11,https://jobs.lever.co/payugpo,"https://api.lever.co/v0/postings/payugpo?mode=json"
lever,pditechnologies,11,https://jobs.lever.co/pditechnologies,"https://api.lever.co/v0/postings/pditechnologies?mode=json"
lever,plenti,11,https://jobs.lever.co/plenti,"https://api.lever.co/v0/postings/plenti?mode=json"
lever,rbanw,11,https://jobs.lever.co/rbanw,"https://api.lever.co/v0/postings/rbanw?mode=json"
lever,recognisebank,11,https://jobs.lever.co/recognisebank,"https://api.lever.co/v0/postings/recognisebank?mode=json"
lever,rhombus-systems,11,https://jobs.lever.co/rhombus-systems,"https://api.lever.co/v0/postings/rhombus-systems?mode=json"
lever,riverdale,11,https://jobs.lever.co/riverdale,"https://api.lever.co/v0/postings/riverdale?mode=json"
lever,rookcoffee,11,https://jobs.lever.co/rookcoffee,"https://api.lever.co/v0/postings/rookcoffee?mode=json"
lever,sequel-med-tech,11,https://jobs.lever.co/sequel-med-tech,"https://api.lever.co/v0/postings/sequel-med-tech?mode=json"
lever,skyralio,11,https://jobs.lever.co/skyralio,"https://api.lever.co/v0/postings/skyralio?mode=json"
lever,snaplogic,11,https://jobs.lever.co/snaplogic,"https://api.lever.co/v0/postings/snaplogic?mode=json"
lever,solestial,11,https://jobs.lever.co/solestial,"https://api.lever.co/v0/postings/solestial?mode=json"
lever,spear-ai,11,https://jobs.lever.co/spear-ai,"https://api.lever.co/v0/postings/spear-ai?mode=json"
lever,tekton,11,https://jobs.lever.co/tekton,"https://api.lever.co/v0/postings/tekton?mode=json"
lever,teleo,11,https://jobs.lever.co/teleo,"https://api.lever.co/v0/postings/teleo?mode=json"
lever,ultrahealthproviders,11,https://jobs.lever.co/ultrahealthproviders,"https://api.lever.co/v0/postings/ultrahealthproviders?mode=json"
lever,vestiairecollective,11,https://jobs.lever.co/vestiairecollective,"https://api.lever.co/v0/postings/vestiairecollective?mode=json"
lever,wepclinical,11,https://jobs.lever.co/wepclinical,"https://api.lever.co/v0/postings/wepclinical?mode=json"
lever,wgsn,11,https://jobs.lever.co/wgsn,"https://api.lever.co/v0/postings/wgsn?mode=json"
lever,worldscape-technology,11,https://jobs.lever.co/worldscape-technology,"https://api.lever.co/v0/postings/worldscape-technology?mode=json"
lever,z1tech,11,https://jobs.lever.co/z1tech,"https://api.lever.co/v0/postings/z1tech?mode=json"
lever,2brains,10,https://jobs.lever.co/2brains,"https://api.lever.co/v0/postings/2brains?mode=json"
lever,additionwealth,10,https://jobs.lever.co/additionwealth,"https://api.lever.co/v0/postings/additionwealth?mode=json"
lever,aero,10,https://jobs.lever.co/aero,"https://api.lever.co/v0/postings/aero?mode=json"
lever,ampeco-global,10,https://jobs.lever.co/ampeco-global,"https://api.lever.co/v0/postings/ampeco-global?mode=json"
lever,animocabrands,10,https://jobs.lever.co/animocabrands,"https://api.lever.co/v0/postings/animocabrands?mode=json"
lever,askfavor,10,https://jobs.lever.co/askfavor,"https://api.lever.co/v0/postings/askfavor?mode=json"
lever,aviyatech,10,https://jobs.lever.co/aviyatech,"https://api.lever.co/v0/postings/aviyatech?mode=json"
lever,beaverprocess,10,https://jobs.lever.co/beaverprocess,"https://api.lever.co/v0/postings/beaverprocess?mode=json"
lever,blackbirdinteractive,10,https://jobs.lever.co/blackbirdinteractive,"https://api.lever.co/v0/postings/blackbirdinteractive?mode=json"
lever,blue,10,https://jobs.lever.co/blue,"https://api.lever.co/v0/postings/blue?mode=json"
lever,blueengine,10,https://jobs.lever.co/blueengine,"https://api.lever.co/v0/postings/blueengine?mode=json"
lever,cin7,10,https://jobs.lever.co/cin7,"https://api.lever.co/v0/postings/cin7?mode=json"
lever,clearcapital,10,https://jobs.lever.co/clearcapital,"https://api.lever.co/v0/postings/clearcapital?mode=json"
lever,cobaltrobotics,10,https://jobs.lever.co/cobaltrobotics,"https://api.lever.co/v0/postings/cobaltrobotics?mode=json"
lever,companial,10,https://jobs.lever.co/companial,"https://api.lever.co/v0/postings/companial?mode=json"
lever,deuna,10,https://jobs.lever.co/deuna,"https://api.lever.co/v0/postings/deuna?mode=json"
lever,dnagenotek,10,https://jobs.lever.co/dnagenotek,"https://api.lever.co/v0/postings/dnagenotek?mode=json"
lever,duetti,10,https://jobs.lever.co/duetti,"https://api.lever.co/v0/postings/duetti?mode=json"
lever,easybrain,10,https://jobs.lever.co/easybrain,"https://api.lever.co/v0/postings/easybrain?mode=json"
lever,emilabs,10,https://jobs.lever.co/emilabs,"https://api.lever.co/v0/postings/emilabs?mode=json"
lever,fehrandpeers,10,https://jobs.lever.co/fehrandpeers,"https://api.lever.co/v0/postings/fehrandpeers?mode=json"
lever,fi,10,https://jobs.lever.co/fi,"https://api.lever.co/v0/postings/fi?mode=json"
lever,futureof-life,10,https://jobs.lever.co/futureof-life,"https://api.lever.co/v0/postings/futureof-life?mode=json"
lever,grand,10,https://jobs.lever.co/grand,"https://api.lever.co/v0/postings/grand?mode=json"
lever,gravisrobotics,10,https://jobs.lever.co/gravisrobotics,"https://api.lever.co/v0/postings/gravisrobotics?mode=json"
lever,innovativesol-2,10,https://jobs.lever.co/innovativesol-2,"https://api.lever.co/v0/postings/innovativesol-2?mode=json"
lever,intrepidcollegeprep,10,https://jobs.lever.co/intrepidcollegeprep,"https://api.lever.co/v0/postings/intrepidcollegeprep?mode=json"
lever,justwatch,10,https://jobs.lever.co/justwatch,"https://api.lever.co/v0/postings/justwatch?mode=json"
lever,kavak,10,https://jobs.lever.co/kavak,"https://api.lever.co/v0/postings/kavak?mode=json"
lever,lightship,10,https://jobs.lever.co/lightship,"https://api.lever.co/v0/postings/lightship?mode=json"
lever,ltaresearch,10,https://jobs.lever.co/ltaresearch,"https://api.lever.co/v0/postings/ltaresearch?mode=json"
lever,makpar,10,https://jobs.lever.co/makpar,"https://api.lever.co/v0/postings/makpar?mode=json"
lever,mirego,10,https://jobs.lever.co/mirego,"https://api.lever.co/v0/postings/mirego?mode=json"
lever,missiongraduates,10,https://jobs.lever.co/missiongraduates,"https://api.lever.co/v0/postings/missiongraduates?mode=json"
lever,modeln,10,https://jobs.lever.co/modeln,"https://api.lever.co/v0/postings/modeln?mode=json"
lever,mytos,10,https://jobs.lever.co/mytos,"https://api.lever.co/v0/postings/mytos?mode=json"
lever,parcelvision,10,https://jobs.lever.co/parcelvision,"https://api.lever.co/v0/postings/parcelvision?mode=json"
lever,pentagrp,10,https://jobs.lever.co/pentagrp,"https://api.lever.co/v0/postings/pentagrp?mode=json"
lever,piccollage,10,https://jobs.lever.co/piccollage,"https://api.lever.co/v0/postings/piccollage?mode=json"
lever,planner5d,10,https://jobs.lever.co/planner5d,"https://api.lever.co/v0/postings/planner5d?mode=json"
lever,policyme,10,https://jobs.lever.co/policyme,"https://api.lever.co/v0/postings/policyme?mode=json"
lever,ppsat,10,https://jobs.lever.co/ppsat,"https://api.lever.co/v0/postings/ppsat?mode=json"
lever,procreate,10,https://jobs.lever.co/procreate,"https://api.lever.co/v0/postings/procreate?mode=json"
lever,propellerhead,10,https://jobs.lever.co/propellerhead,"https://api.lever.co/v0/postings/propellerhead?mode=json"
lever,quantummetric,10,https://jobs.lever.co/quantummetric,"https://api.lever.co/v0/postings/quantummetric?mode=json"
lever,qwello.eu,10,https://jobs.lever.co/qwello.eu,"https://api.lever.co/v0/postings/qwello.eu?mode=json"
lever,redsox,10,https://jobs.lever.co/redsox,"https://api.lever.co/v0/postings/redsox?mode=json"
lever,rfa-2,10,https://jobs.lever.co/rfa-2,"https://api.lever.co/v0/postings/rfa-2?mode=json"
lever,riocan,10,https://jobs.lever.co/riocan,"https://api.lever.co/v0/postings/riocan?mode=json"
lever,sapiosciences,10,https://jobs.lever.co/sapiosciences,"https://api.lever.co/v0/postings/sapiosciences?mode=json"
lever,seaportglobal,10,https://jobs.lever.co/seaportglobal,"https://api.lever.co/v0/postings/seaportglobal?mode=json"
lever,serigraph,10,https://jobs.lever.co/serigraph,"https://api.lever.co/v0/postings/serigraph?mode=json"
lever,sierraclub,10,https://jobs.lever.co/sierraclub,"https://api.lever.co/v0/postings/sierraclub?mode=json"
lever,sofarsounds,10,https://jobs.lever.co/sofarsounds,"https://api.lever.co/v0/postings/sofarsounds?mode=json"
lever,solfl,10,https://jobs.lever.co/solfl,"https://api.lever.co/v0/postings/solfl?mode=json"
lever,spyke-games,10,https://jobs.lever.co/spyke-games,"https://api.lever.co/v0/postings/spyke-games?mode=json"
lever,swingdev,10,https://jobs.lever.co/swingdev,"https://api.lever.co/v0/postings/swingdev?mode=json"
lever,theathletic,10,https://jobs.lever.co/theathletic,"https://api.lever.co/v0/postings/theathletic?mode=json"
lever,uaustin,10,https://jobs.lever.co/uaustin,"https://api.lever.co/v0/postings/uaustin?mode=json"
lever,unusual,10,https://jobs.lever.co/unusual,"https://api.lever.co/v0/postings/unusual?mode=json"
lever,xage-security,10,https://jobs.lever.co/xage-security,"https://api.lever.co/v0/postings/xage-security?mode=json"
lever,zartis,10,https://jobs.lever.co/zartis,"https://api.lever.co/v0/postings/zartis?mode=json"
lever,100ms,9,https://jobs.lever.co/100ms,"https://api.lever.co/v0/postings/100ms?mode=json"
lever,alluxio,9,https://jobs.lever.co/alluxio,"https://api.lever.co/v0/postings/alluxio?mode=json"
lever,altaml,9,https://jobs.lever.co/altaml,"https://api.lever.co/v0/postings/altaml?mode=json"
lever,arbitalhealth,9,https://jobs.lever.co/arbitalhealth,"https://api.lever.co/v0/postings/arbitalhealth?mode=json"
lever,artera,9,https://jobs.lever.co/artera,"https://api.lever.co/v0/postings/artera?mode=json"
lever,aventon,9,https://jobs.lever.co/aventon,"https://api.lever.co/v0/postings/aventon?mode=json"
lever,c12qe,9,https://jobs.lever.co/c12qe,"https://api.lever.co/v0/postings/c12qe?mode=json"
lever,commerce-undergraduate,9,https://jobs.lever.co/commerce-undergraduate,"https://api.lever.co/v0/postings/commerce-undergraduate?mode=json"
lever,copia,9,https://jobs.lever.co/copia,"https://api.lever.co/v0/postings/copia?mode=json"
lever,crytek,9,https://jobs.lever.co/crytek,"https://api.lever.co/v0/postings/crytek?mode=json"
lever,dronedeploy,9,https://jobs.lever.co/dronedeploy,"https://api.lever.co/v0/postings/dronedeploy?mode=json"
lever,epoch-ai,9,https://jobs.lever.co/epoch-ai,"https://api.lever.co/v0/postings/epoch-ai?mode=json"
lever,esrtreit,9,https://jobs.lever.co/esrtreit,"https://api.lever.co/v0/postings/esrtreit?mode=json"
lever,fanatee,9,https://jobs.lever.co/fanatee,"https://api.lever.co/v0/postings/fanatee?mode=json"
lever,firstup,9,https://jobs.lever.co/firstup,"https://api.lever.co/v0/postings/firstup?mode=json"
lever,fluxergy-2,9,https://jobs.lever.co/fluxergy-2,"https://api.lever.co/v0/postings/fluxergy-2?mode=json"
lever,gocatalant,9,https://jobs.lever.co/gocatalant,"https://api.lever.co/v0/postings/gocatalant?mode=json"
lever,happyco,9,https://jobs.lever.co/happyco,"https://api.lever.co/v0/postings/happyco?mode=json"
lever,harmony,9,https://jobs.lever.co/harmony,"https://api.lever.co/v0/postings/harmony?mode=json"
lever,heyjane,9,https://jobs.lever.co/heyjane,"https://api.lever.co/v0/postings/heyjane?mode=json"
lever,immuta,9,https://jobs.lever.co/immuta,"https://api.lever.co/v0/postings/immuta?mode=json"
lever,influur,9,https://jobs.lever.co/influur,"https://api.lever.co/v0/postings/influur?mode=json"
lever,invinity,9,https://jobs.lever.co/invinity,"https://api.lever.co/v0/postings/invinity?mode=json"
lever,januxrx,9,https://jobs.lever.co/januxrx,"https://api.lever.co/v0/postings/januxrx?mode=json"
lever,joyrideautos,9,https://jobs.lever.co/joyrideautos,"https://api.lever.co/v0/postings/joyrideautos?mode=json"
lever,kpaonline,9,https://jobs.lever.co/kpaonline,"https://api.lever.co/v0/postings/kpaonline?mode=json"
lever,mamamoney,9,https://jobs.lever.co/mamamoney,"https://api.lever.co/v0/postings/mamamoney?mode=json"
lever,metaprise.ai,9,https://jobs.lever.co/metaprise.ai,"https://api.lever.co/v0/postings/metaprise.ai?mode=json"
lever,microventures,9,https://jobs.lever.co/microventures,"https://api.lever.co/v0/postings/microventures?mode=json"
lever,neighbor,9,https://jobs.lever.co/neighbor,"https://api.lever.co/v0/postings/neighbor?mode=json"
lever,nibiru,9,https://jobs.lever.co/nibiru,"https://api.lever.co/v0/postings/nibiru?mode=json"
lever,npowermedicine,9,https://jobs.lever.co/npowermedicine,"https://api.lever.co/v0/postings/npowermedicine?mode=json"
lever,oktopost,9,https://jobs.lever.co/oktopost,"https://api.lever.co/v0/postings/oktopost?mode=json"
lever,orbaerospace,9,https://jobs.lever.co/orbaerospace,"https://api.lever.co/v0/postings/orbaerospace?mode=json"
lever,paralleldomain,9,https://jobs.lever.co/paralleldomain,"https://api.lever.co/v0/postings/paralleldomain?mode=json"
lever,people-ai,9,https://jobs.lever.co/people-ai,"https://api.lever.co/v0/postings/people-ai?mode=json"
lever,planned,9,https://jobs.lever.co/planned,"https://api.lever.co/v0/postings/planned?mode=json"
lever,pointb,9,https://jobs.lever.co/pointb,"https://api.lever.co/v0/postings/pointb?mode=json"
lever,portcast,9,https://jobs.lever.co/portcast,"https://api.lever.co/v0/postings/portcast?mode=json"
lever,ppde,9,https://jobs.lever.co/ppde,"https://api.lever.co/v0/postings/ppde?mode=json"
lever,ppgreatplains,9,https://jobs.lever.co/ppgreatplains,"https://api.lever.co/v0/postings/ppgreatplains?mode=json"
lever,q-ctrl,9,https://jobs.lever.co/q-ctrl,"https://api.lever.co/v0/postings/q-ctrl?mode=json"
lever,repurposeglobal,9,https://jobs.lever.co/repurposeglobal,"https://api.lever.co/v0/postings/repurposeglobal?mode=json"
lever,rigetti,9,https://jobs.lever.co/rigetti,"https://api.lever.co/v0/postings/rigetti?mode=json"
lever,softworld,9,https://jobs.lever.co/softworld,"https://api.lever.co/v0/postings/softworld?mode=json"
lever,strategicgears,9,https://jobs.lever.co/strategicgears,"https://api.lever.co/v0/postings/strategicgears?mode=json"
lever,studypoint,9,https://jobs.lever.co/studypoint,"https://api.lever.co/v0/postings/studypoint?mode=json"
lever,terrific-innovation,9,https://jobs.lever.co/terrific-innovation,"https://api.lever.co/v0/postings/terrific-innovation?mode=json"
lever,thrivingcenterofpsych,9,https://jobs.lever.co/thrivingcenterofpsych,"https://api.lever.co/v0/postings/thrivingcenterofpsych?mode=json"
lever,tovala,9,https://jobs.lever.co/tovala,"https://api.lever.co/v0/postings/tovala?mode=json"
lever,trainsweateat,9,https://jobs.lever.co/trainsweateat,"https://api.lever.co/v0/postings/trainsweateat?mode=json"
lever,tramgroup,9,https://jobs.lever.co/tramgroup,"https://api.lever.co/v0/postings/tramgroup?mode=json"
lever,unify,9,https://jobs.lever.co/unify,"https://api.lever.co/v0/postings/unify?mode=json"
lever,vrchat,9,https://jobs.lever.co/vrchat,"https://api.lever.co/v0/postings/vrchat?mode=json"
lever,wearemeru,9,https://jobs.lever.co/wearemeru,"https://api.lever.co/v0/postings/wearemeru?mode=json"
lever,workwave,9,https://jobs.lever.co/workwave,"https://api.lever.co/v0/postings/workwave?mode=json"
lever,90seconds,8,https://jobs.lever.co/90seconds,"https://api.lever.co/v0/postings/90seconds?mode=json"
lever,appen-2,8,https://jobs.lever.co/appen-2,"https://api.lever.co/v0/postings/appen-2?mode=json"
lever,appnation,8,https://jobs.lever.co/appnation,"https://api.lever.co/v0/postings/appnation?mode=json"
lever,aqemia.com,8,https://jobs.lever.co/aqemia.com,"https://api.lever.co/v0/postings/aqemia.com?mode=json"
lever,bhg-inc,8,https://jobs.lever.co/bhg-inc,"https://api.lever.co/v0/postings/bhg-inc?mode=json"
lever,bis,8,https://jobs.lever.co/bis,"https://api.lever.co/v0/postings/bis?mode=json"
lever,britecore,8,https://jobs.lever.co/britecore,"https://api.lever.co/v0/postings/britecore?mode=json"
lever,cef,8,https://jobs.lever.co/cef,"https://api.lever.co/v0/postings/cef?mode=json"
lever,corebts,8,https://jobs.lever.co/corebts,"https://api.lever.co/v0/postings/corebts?mode=json"
lever,crosslaketech,8,https://jobs.lever.co/crosslaketech,"https://api.lever.co/v0/postings/crosslaketech?mode=json"
lever,curai,8,https://jobs.lever.co/curai,"https://api.lever.co/v0/postings/curai?mode=json"
lever,daos-hub,8,https://jobs.lever.co/daos-hub,"https://api.lever.co/v0/postings/daos-hub?mode=json"
lever,didomi,8,https://jobs.lever.co/didomi,"https://api.lever.co/v0/postings/didomi?mode=json"
lever,digitalmediamanagement,8,https://jobs.lever.co/digitalmediamanagement,"https://api.lever.co/v0/postings/digitalmediamanagement?mode=json"
lever,doola,8,https://jobs.lever.co/doola,"https://api.lever.co/v0/postings/doola?mode=json"
lever,elroyair,8,https://jobs.lever.co/elroyair,"https://api.lever.co/v0/postings/elroyair?mode=json"
lever,fullspectrumsoftware,8,https://jobs.lever.co/fullspectrumsoftware,"https://api.lever.co/v0/postings/fullspectrumsoftware?mode=json"
lever,gausslabs,8,https://jobs.lever.co/gausslabs,"https://api.lever.co/v0/postings/gausslabs?mode=json"
lever,gomaterials,8,https://jobs.lever.co/gomaterials,"https://api.lever.co/v0/postings/gomaterials?mode=json"
lever,handoff,8,https://jobs.lever.co/handoff,"https://api.lever.co/v0/postings/handoff?mode=json"
lever,hannaandersson,8,https://jobs.lever.co/hannaandersson,"https://api.lever.co/v0/postings/hannaandersson?mode=json"
lever,hasi,8,https://jobs.lever.co/hasi,"https://api.lever.co/v0/postings/hasi?mode=json"
lever,idealistconsulting,8,https://jobs.lever.co/idealistconsulting,"https://api.lever.co/v0/postings/idealistconsulting?mode=json"
lever,insomniacdesign,8,https://jobs.lever.co/insomniacdesign,"https://api.lever.co/v0/postings/insomniacdesign?mode=json"
lever,jmawireless,8,https://jobs.lever.co/jmawireless,"https://api.lever.co/v0/postings/jmawireless?mode=json"
lever,kira-learning.com,8,https://jobs.lever.co/kira-learning.com,"https://api.lever.co/v0/postings/kira-learning.com?mode=json"
lever,kitmanlabs,8,https://jobs.lever.co/kitmanlabs,"https://api.lever.co/v0/postings/kitmanlabs?mode=json"
lever,limitbreak,8,https://jobs.lever.co/limitbreak,"https://api.lever.co/v0/postings/limitbreak?mode=json"
lever,lovepop,8,https://jobs.lever.co/lovepop,"https://api.lever.co/v0/postings/lovepop?mode=json"
lever,marshallreddick,8,https://jobs.lever.co/marshallreddick,"https://api.lever.co/v0/postings/marshallreddick?mode=json"
lever,maverickx,8,https://jobs.lever.co/maverickx,"https://api.lever.co/v0/postings/maverickx?mode=json"
lever,medrhythms,8,https://jobs.lever.co/medrhythms,"https://api.lever.co/v0/postings/medrhythms?mode=json"
lever,metr,8,https://jobs.lever.co/metr,"https://api.lever.co/v0/postings/metr?mode=json"
lever,nasafcu,8,https://jobs.lever.co/nasafcu,"https://api.lever.co/v0/postings/nasafcu?mode=json"
lever,nimblerx,8,https://jobs.lever.co/nimblerx,"https://api.lever.co/v0/postings/nimblerx?mode=json"
lever,o-p-e-n,8,https://jobs.lever.co/o-p-e-n,"https://api.lever.co/v0/postings/o-p-e-n?mode=json"
lever,onit,8,https://jobs.lever.co/onit,"https://api.lever.co/v0/postings/onit?mode=json"
lever,perrknight,8,https://jobs.lever.co/perrknight,"https://api.lever.co/v0/postings/perrknight?mode=json"
lever,picus,8,https://jobs.lever.co/picus,"https://api.lever.co/v0/postings/picus?mode=json"
lever,pioneer-services,8,https://jobs.lever.co/pioneer-services,"https://api.lever.co/v0/postings/pioneer-services?mode=json"
lever,ppcentralcoast,8,https://jobs.lever.co/ppcentralcoast,"https://api.lever.co/v0/postings/ppcentralcoast?mode=json"
lever,pplm,8,https://jobs.lever.co/pplm,"https://api.lever.co/v0/postings/pplm?mode=json"
lever,ppmi,8,https://jobs.lever.co/ppmi,"https://api.lever.co/v0/postings/ppmi?mode=json"
lever,protrials,8,https://jobs.lever.co/protrials,"https://api.lever.co/v0/postings/protrials?mode=json"
lever,quandri,8,https://jobs.lever.co/quandri,"https://api.lever.co/v0/postings/quandri?mode=json"
lever,retro,8,https://jobs.lever.co/retro,"https://api.lever.co/v0/postings/retro?mode=json"
lever,rezolutebio,8,https://jobs.lever.co/rezolutebio,"https://api.lever.co/v0/postings/rezolutebio?mode=json"
lever,rightformula,8,https://jobs.lever.co/rightformula,"https://api.lever.co/v0/postings/rightformula?mode=json"
lever,rylo,8,https://jobs.lever.co/rylo,"https://api.lever.co/v0/postings/rylo?mode=json"
lever,sfmoma,8,https://jobs.lever.co/sfmoma,"https://api.lever.co/v0/postings/sfmoma?mode=json"
lever,tala,8,https://jobs.lever.co/tala,"https://api.lever.co/v0/postings/tala?mode=json"
lever,teamsnap,8,https://jobs.lever.co/teamsnap,"https://api.lever.co/v0/postings/teamsnap?mode=json"
lever,thepieexecsearch,8,https://jobs.lever.co/thepieexecsearch,"https://api.lever.co/v0/postings/thepieexecsearch?mode=json"
lever,therealdeal,8,https://jobs.lever.co/therealdeal,"https://api.lever.co/v0/postings/therealdeal?mode=json"
lever,trackvfx,8,https://jobs.lever.co/trackvfx,"https://api.lever.co/v0/postings/trackvfx?mode=json"
lever,tripalink,8,https://jobs.lever.co/tripalink,"https://api.lever.co/v0/postings/tripalink?mode=json"
lever,truetandem,8,https://jobs.lever.co/truetandem,"https://api.lever.co/v0/postings/truetandem?mode=json"
lever,unitedwayla,8,https://jobs.lever.co/unitedwayla,"https://api.lever.co/v0/postings/unitedwayla?mode=json"
lever,wahi,8,https://jobs.lever.co/wahi,"https://api.lever.co/v0/postings/wahi?mode=json"
lever,waveapps,8,https://jobs.lever.co/waveapps,"https://api.lever.co/v0/postings/waveapps?mode=json"
lever,4front,7,https://jobs.lever.co/4front,"https://api.lever.co/v0/postings/4front?mode=json"
lever,adidevelopments,7,https://jobs.lever.co/adidevelopments,"https://api.lever.co/v0/postings/adidevelopments?mode=json"
lever,agiloft,7,https://jobs.lever.co/agiloft,"https://api.lever.co/v0/postings/agiloft?mode=json"
lever,akabrands,7,https://jobs.lever.co/akabrands,"https://api.lever.co/v0/postings/akabrands?mode=json"
lever,alloy,7,https://jobs.lever.co/alloy,"https://api.lever.co/v0/postings/alloy?mode=json"
lever,apex-ai,7,https://jobs.lever.co/apex-ai,"https://api.lever.co/v0/postings/apex-ai?mode=json"
lever,audinate,7,https://jobs.lever.co/audinate,"https://api.lever.co/v0/postings/audinate?mode=json"
lever,bioagilytix,7,https://jobs.lever.co/bioagilytix,"https://api.lever.co/v0/postings/bioagilytix?mode=json"
lever,bluecoding,7,https://jobs.lever.co/bluecoding,"https://api.lever.co/v0/postings/bluecoding?mode=json"
lever,bosonai,7,https://jobs.lever.co/bosonai,"https://api.lever.co/v0/postings/bosonai?mode=json"
lever,bostonimaging,7,https://jobs.lever.co/bostonimaging,"https://api.lever.co/v0/postings/bostonimaging?mode=json"
lever,brainchildbio,7,https://jobs.lever.co/brainchildbio,"https://api.lever.co/v0/postings/brainchildbio?mode=json"
lever,calstart,7,https://jobs.lever.co/calstart,"https://api.lever.co/v0/postings/calstart?mode=json"
lever,caslservice,7,https://jobs.lever.co/caslservice,"https://api.lever.co/v0/postings/caslservice?mode=json"
lever,communityactionhouse,7,https://jobs.lever.co/communityactionhouse,"https://api.lever.co/v0/postings/communityactionhouse?mode=json"
lever,coolbet,7,https://jobs.lever.co/coolbet,"https://api.lever.co/v0/postings/coolbet?mode=json"
lever,delfidiagnostics,7,https://jobs.lever.co/delfidiagnostics,"https://api.lever.co/v0/postings/delfidiagnostics?mode=json"
lever,docsumo,7,https://jobs.lever.co/docsumo,"https://api.lever.co/v0/postings/docsumo?mode=json"
lever,epm,7,https://jobs.lever.co/epm,"https://api.lever.co/v0/postings/epm?mode=json"
lever,finquery,7,https://jobs.lever.co/finquery,"https://api.lever.co/v0/postings/finquery?mode=json"
lever,foxitsoftware,7,https://jobs.lever.co/foxitsoftware,"https://api.lever.co/v0/postings/foxitsoftware?mode=json"
lever,freiheit-2,7,https://jobs.lever.co/freiheit-2,"https://api.lever.co/v0/postings/freiheit-2?mode=json"
lever,gauntlet,7,https://jobs.lever.co/gauntlet,"https://api.lever.co/v0/postings/gauntlet?mode=json"
lever,geocomply-2,7,https://jobs.lever.co/geocomply-2,"https://api.lever.co/v0/postings/geocomply-2?mode=json"
lever,happy-sleep,7,https://jobs.lever.co/happy-sleep,"https://api.lever.co/v0/postings/happy-sleep?mode=json"
lever,idmworks,7,https://jobs.lever.co/idmworks,"https://api.lever.co/v0/postings/idmworks?mode=json"
lever,immutable,7,https://jobs.lever.co/immutable,"https://api.lever.co/v0/postings/immutable?mode=json"
lever,intrafi,7,https://jobs.lever.co/intrafi,"https://api.lever.co/v0/postings/intrafi?mode=json"
lever,jvs-boston,7,https://jobs.lever.co/jvs-boston,"https://api.lever.co/v0/postings/jvs-boston?mode=json"
lever,kingfish-company,7,https://jobs.lever.co/kingfish-company,"https://api.lever.co/v0/postings/kingfish-company?mode=json"
lever,launchhousing,7,https://jobs.lever.co/launchhousing,"https://api.lever.co/v0/postings/launchhousing?mode=json"
lever,launchsquad,7,https://jobs.lever.co/launchsquad,"https://api.lever.co/v0/postings/launchsquad?mode=json"
lever,leverdemo50000,7,https://jobs.lever.co/leverdemo50000,"https://api.lever.co/v0/postings/leverdemo50000?mode=json"
lever,lirvanalabs,7,https://jobs.lever.co/lirvanalabs,"https://api.lever.co/v0/postings/lirvanalabs?mode=json"
lever,loopreturns,7,https://jobs.lever.co/loopreturns,"https://api.lever.co/v0/postings/loopreturns?mode=json"
lever,lucasmuseum,7,https://jobs.lever.co/lucasmuseum,"https://api.lever.co/v0/postings/lucasmuseum?mode=json"
lever,lumiq-learn,7,https://jobs.lever.co/lumiq-learn,"https://api.lever.co/v0/postings/lumiq-learn?mode=json"
lever,lumotive,7,https://jobs.lever.co/lumotive,"https://api.lever.co/v0/postings/lumotive?mode=json"
lever,lyrebirdhealth,7,https://jobs.lever.co/lyrebirdhealth,"https://api.lever.co/v0/postings/lyrebirdhealth?mode=json"
lever,modernlife,7,https://jobs.lever.co/modernlife,"https://api.lever.co/v0/postings/modernlife?mode=json"
lever,morningbrew,7,https://jobs.lever.co/morningbrew,"https://api.lever.co/v0/postings/morningbrew?mode=json"
lever,multiplylabs,7,https://jobs.lever.co/multiplylabs,"https://api.lever.co/v0/postings/multiplylabs?mode=json"
lever,odonnellsnider,7,https://jobs.lever.co/odonnellsnider,"https://api.lever.co/v0/postings/odonnellsnider?mode=json"
lever,olo,7,https://jobs.lever.co/olo,"https://api.lever.co/v0/postings/olo?mode=json"
lever,openx,7,https://jobs.lever.co/openx,"https://api.lever.co/v0/postings/openx?mode=json"
lever,otilumionics,7,https://jobs.lever.co/otilumionics,"https://api.lever.co/v0/postings/otilumionics?mode=json"
lever,patchmypc,7,https://jobs.lever.co/patchmypc,"https://api.lever.co/v0/postings/patchmypc?mode=json"
lever,pendulum,7,https://jobs.lever.co/pendulum,"https://api.lever.co/v0/postings/pendulum?mode=json"
lever,pibenchmark,7,https://jobs.lever.co/pibenchmark,"https://api.lever.co/v0/postings/pibenchmark?mode=json"
lever,prismic,7,https://jobs.lever.co/prismic,"https://api.lever.co/v0/postings/prismic?mode=json"
lever,rangeenergy,7,https://jobs.lever.co/rangeenergy,"https://api.lever.co/v0/postings/rangeenergy?mode=json"
lever,redcanyonsoftware,7,https://jobs.lever.co/redcanyonsoftware,"https://api.lever.co/v0/postings/redcanyonsoftware?mode=json"
lever,redoxengine,7,https://jobs.lever.co/redoxengine,"https://api.lever.co/v0/postings/redoxengine?mode=json"
lever,regenxbio,7,https://jobs.lever.co/regenxbio,"https://api.lever.co/v0/postings/regenxbio?mode=json"
lever,resilinc,7,https://jobs.lever.co/resilinc,"https://api.lever.co/v0/postings/resilinc?mode=json"
lever,salvohealth,7,https://jobs.lever.co/salvohealth,"https://api.lever.co/v0/postings/salvohealth?mode=json"
lever,scale3c,7,https://jobs.lever.co/scale3c,"https://api.lever.co/v0/postings/scale3c?mode=json"
lever,scheduleengine,7,https://jobs.lever.co/scheduleengine,"https://api.lever.co/v0/postings/scheduleengine?mode=json"
lever,simulmedia,7,https://jobs.lever.co/simulmedia,"https://api.lever.co/v0/postings/simulmedia?mode=json"
lever,soniresources,7,https://jobs.lever.co/soniresources,"https://api.lever.co/v0/postings/soniresources?mode=json"
lever,spinai,7,https://jobs.lever.co/spinai,"https://api.lever.co/v0/postings/spinai?mode=json"
lever,spmb,7,https://jobs.lever.co/spmb,"https://api.lever.co/v0/postings/spmb?mode=json"
lever,starkbank,7,https://jobs.lever.co/starkbank,"https://api.lever.co/v0/postings/starkbank?mode=json"
lever,storiogroup,7,https://jobs.lever.co/storiogroup,"https://api.lever.co/v0/postings/storiogroup?mode=json"
lever,sunstudio,7,https://jobs.lever.co/sunstudio,"https://api.lever.co/v0/postings/sunstudio?mode=json"
lever,techquarter,7,https://jobs.lever.co/techquarter,"https://api.lever.co/v0/postings/techquarter?mode=json"
lever,tevora,7,https://jobs.lever.co/tevora,"https://api.lever.co/v0/postings/tevora?mode=json"
lever,thetrevorproject,7,https://jobs.lever.co/thetrevorproject,"https://api.lever.co/v0/postings/thetrevorproject?mode=json"
lever,topazlabs,7,https://jobs.lever.co/topazlabs,"https://api.lever.co/v0/postings/topazlabs?mode=json"
lever,triallibrary,7,https://jobs.lever.co/triallibrary,"https://api.lever.co/v0/postings/triallibrary?mode=json"
lever,trueplatform,7,https://jobs.lever.co/trueplatform,"https://api.lever.co/v0/postings/trueplatform?mode=json"
lever,trustyou,7,https://jobs.lever.co/trustyou,"https://api.lever.co/v0/postings/trustyou?mode=json"
lever,vicicollection,7,https://jobs.lever.co/vicicollection,"https://api.lever.co/v0/postings/vicicollection?mode=json"
lever,vida,7,https://jobs.lever.co/vida,"https://api.lever.co/v0/postings/vida?mode=json"
lever,wingtra-2,7,https://jobs.lever.co/wingtra-2,"https://api.lever.co/v0/postings/wingtra-2?mode=json"
lever,wisecode,7,https://jobs.lever.co/wisecode,"https://api.lever.co/v0/postings/wisecode?mode=json"
lever,abovelending,6,https://jobs.lever.co/abovelending,"https://api.lever.co/v0/postings/abovelending?mode=json"
lever,airdna,6,https://jobs.lever.co/airdna,"https://api.lever.co/v0/postings/airdna?mode=json"
lever,altarum,6,https://jobs.lever.co/altarum,"https://api.lever.co/v0/postings/altarum?mode=json"
lever,ambirobotics,6,https://jobs.lever.co/ambirobotics,"https://api.lever.co/v0/postings/ambirobotics?mode=json"
lever,artera-2,6,https://jobs.lever.co/artera-2,"https://api.lever.co/v0/postings/artera-2?mode=json"
lever,ashoka,6,https://jobs.lever.co/ashoka,"https://api.lever.co/v0/postings/ashoka?mode=json"
lever,avante,6,https://jobs.lever.co/avante,"https://api.lever.co/v0/postings/avante?mode=json"
lever,avenuesrecovery,6,https://jobs.lever.co/avenuesrecovery,"https://api.lever.co/v0/postings/avenuesrecovery?mode=json"
lever,beegreen,6,https://jobs.lever.co/beegreen,"https://api.lever.co/v0/postings/beegreen?mode=json"
lever,belkins,6,https://jobs.lever.co/belkins,"https://api.lever.co/v0/postings/belkins?mode=json"
lever,boxbot,6,https://jobs.lever.co/boxbot,"https://api.lever.co/v0/postings/boxbot?mode=json"
lever,brookings,6,https://jobs.lever.co/brookings,"https://api.lever.co/v0/postings/brookings?mode=json"
lever,canvasmedical,6,https://jobs.lever.co/canvasmedical,"https://api.lever.co/v0/postings/canvasmedical?mode=json"
lever,charitywater,6,https://jobs.lever.co/charitywater,"https://api.lever.co/v0/postings/charitywater?mode=json"
lever,charmindustrial,6,https://jobs.lever.co/charmindustrial,"https://api.lever.co/v0/postings/charmindustrial?mode=json"
lever,chooose,6,https://jobs.lever.co/chooose,"https://api.lever.co/v0/postings/chooose?mode=json"
lever,coderpad,6,https://jobs.lever.co/coderpad,"https://api.lever.co/v0/postings/coderpad?mode=json"
lever,cxnpl,6,https://jobs.lever.co/cxnpl,"https://api.lever.co/v0/postings/cxnpl?mode=json"
lever,dga,6,https://jobs.lever.co/dga,"https://api.lever.co/v0/postings/dga?mode=json"
lever,dng,6,https://jobs.lever.co/dng,"https://api.lever.co/v0/postings/dng?mode=json"
lever,easystreetcap,6,https://jobs.lever.co/easystreetcap,"https://api.lever.co/v0/postings/easystreetcap?mode=json"
lever,ecldc,6,https://jobs.lever.co/ecldc,"https://api.lever.co/v0/postings/ecldc?mode=json"
lever,editorialist,6,https://jobs.lever.co/editorialist,"https://api.lever.co/v0/postings/editorialist?mode=json"
lever,epsilon3,6,https://jobs.lever.co/epsilon3,"https://api.lever.co/v0/postings/epsilon3?mode=json"
lever,ethena,6,https://jobs.lever.co/ethena,"https://api.lever.co/v0/postings/ethena?mode=json"
lever,findigs,6,https://jobs.lever.co/findigs,"https://api.lever.co/v0/postings/findigs?mode=json"
lever,flux-mobility,6,https://jobs.lever.co/flux-mobility,"https://api.lever.co/v0/postings/flux-mobility?mode=json"
lever,get-vocal-pbc,6,https://jobs.lever.co/get-vocal-pbc,"https://api.lever.co/v0/postings/get-vocal-pbc?mode=json"
lever,getcollaborative,6,https://jobs.lever.co/getcollaborative,"https://api.lever.co/v0/postings/getcollaborative?mode=json"
lever,getzuma,6,https://jobs.lever.co/getzuma,"https://api.lever.co/v0/postings/getzuma?mode=json"
lever,ghsmartjobs,6,https://jobs.lever.co/ghsmartjobs,"https://api.lever.co/v0/postings/ghsmartjobs?mode=json"
lever,go-cloudforce,6,https://jobs.lever.co/go-cloudforce,"https://api.lever.co/v0/postings/go-cloudforce?mode=json"
lever,goalbookapp-2,6,https://jobs.lever.co/goalbookapp-2,"https://api.lever.co/v0/postings/goalbookapp-2?mode=json"
lever,hashtagpaid,6,https://jobs.lever.co/hashtagpaid,"https://api.lever.co/v0/postings/hashtagpaid?mode=json"
lever,hgen,6,https://jobs.lever.co/hgen,"https://api.lever.co/v0/postings/hgen?mode=json"
lever,houzz,6,https://jobs.lever.co/houzz,"https://api.lever.co/v0/postings/houzz?mode=json"
lever,imentor,6,https://jobs.lever.co/imentor,"https://api.lever.co/v0/postings/imentor?mode=json"
lever,incorta,6,https://jobs.lever.co/incorta,"https://api.lever.co/v0/postings/incorta?mode=json"
lever,integrate,6,https://jobs.lever.co/integrate,"https://api.lever.co/v0/postings/integrate?mode=json"
lever,intenseye,6,https://jobs.lever.co/intenseye,"https://api.lever.co/v0/postings/intenseye?mode=json"
lever,jobscan-2,6,https://jobs.lever.co/jobscan-2,"https://api.lever.co/v0/postings/jobscan-2?mode=json"
lever,juneshine,6,https://jobs.lever.co/juneshine,"https://api.lever.co/v0/postings/juneshine?mode=json"
lever,klearnow,6,https://jobs.lever.co/klearnow,"https://api.lever.co/v0/postings/klearnow?mode=json"
lever,koalahealth,6,https://jobs.lever.co/koalahealth,"https://api.lever.co/v0/postings/koalahealth?mode=json"
lever,levelup,6,https://jobs.lever.co/levelup,"https://api.lever.co/v0/postings/levelup?mode=json"
lever,logrocket,6,https://jobs.lever.co/logrocket,"https://api.lever.co/v0/postings/logrocket?mode=json"
lever,massschoolbuildings,6,https://jobs.lever.co/massschoolbuildings,"https://api.lever.co/v0/postings/massschoolbuildings?mode=json"
lever,mcgovern,6,https://jobs.lever.co/mcgovern,"https://api.lever.co/v0/postings/mcgovern?mode=json"
lever,metasite,6,https://jobs.lever.co/metasite,"https://api.lever.co/v0/postings/metasite?mode=json"
lever,mindy,6,https://jobs.lever.co/mindy,"https://api.lever.co/v0/postings/mindy?mode=json"
lever,newwesterncorporate,6,https://jobs.lever.co/newwesterncorporate,"https://api.lever.co/v0/postings/newwesterncorporate?mode=json"
lever,newzealandtradeandenterprise,6,https://jobs.lever.co/newzealandtradeandenterprise,"https://api.lever.co/v0/postings/newzealandtradeandenterprise?mode=json"
lever,novara,6,https://jobs.lever.co/novara,"https://api.lever.co/v0/postings/novara?mode=json"
lever,oci,6,https://jobs.lever.co/oci,"https://api.lever.co/v0/postings/oci?mode=json"
lever,odaseva,6,https://jobs.lever.co/odaseva,"https://api.lever.co/v0/postings/odaseva?mode=json"
lever,pelmorex,6,https://jobs.lever.co/pelmorex,"https://api.lever.co/v0/postings/pelmorex?mode=json"
lever,pinegames,6,https://jobs.lever.co/pinegames,"https://api.lever.co/v0/postings/pinegames?mode=json"
lever,prestolabs,6,https://jobs.lever.co/prestolabs,"https://api.lever.co/v0/postings/prestolabs?mode=json"
lever,primeexecutiveoffice,6,https://jobs.lever.co/primeexecutiveoffice,"https://api.lever.co/v0/postings/primeexecutiveoffice?mode=json"
lever,protectenvironmental,6,https://jobs.lever.co/protectenvironmental,"https://api.lever.co/v0/postings/protectenvironmental?mode=json"
lever,qrypt,6,https://jobs.lever.co/qrypt,"https://api.lever.co/v0/postings/qrypt?mode=json"
lever,quadlock,6,https://jobs.lever.co/quadlock,"https://api.lever.co/v0/postings/quadlock?mode=json"
lever,reekon-tools,6,https://jobs.lever.co/reekon-tools,"https://api.lever.co/v0/postings/reekon-tools?mode=json"
lever,remedyproductstudio,6,https://jobs.lever.co/remedyproductstudio,"https://api.lever.co/v0/postings/remedyproductstudio?mode=json"
lever,reviverx,6,https://jobs.lever.co/reviverx,"https://api.lever.co/v0/postings/reviverx?mode=json"
lever,rocketpartners,6,https://jobs.lever.co/rocketpartners,"https://api.lever.co/v0/postings/rocketpartners?mode=json"
lever,rovio-2,6,https://jobs.lever.co/rovio-2,"https://api.lever.co/v0/postings/rovio-2?mode=json"
lever,skipscooters,6,https://jobs.lever.co/skipscooters,"https://api.lever.co/v0/postings/skipscooters?mode=json"
lever,skywarditsolutions,6,https://jobs.lever.co/skywarditsolutions,"https://api.lever.co/v0/postings/skywarditsolutions?mode=json"
lever,spreedly,6,https://jobs.lever.co/spreedly,"https://api.lever.co/v0/postings/spreedly?mode=json"
lever,starcompliance,6,https://jobs.lever.co/starcompliance,"https://api.lever.co/v0/postings/starcompliance?mode=json"
lever,startengine,6,https://jobs.lever.co/startengine,"https://api.lever.co/v0/postings/startengine?mode=json"
lever,stoneridgesoftware,6,https://jobs.lever.co/stoneridgesoftware,"https://api.lever.co/v0/postings/stoneridgesoftware?mode=json"
lever,streck,6,https://jobs.lever.co/streck,"https://api.lever.co/v0/postings/streck?mode=json"
lever,third-city-christian-church,6,https://jobs.lever.co/third-city-christian-church,"https://api.lever.co/v0/postings/third-city-christian-church?mode=json"
lever,thrivecausemetics,6,https://jobs.lever.co/thrivecausemetics,"https://api.lever.co/v0/postings/thrivecausemetics?mode=json"
lever,topdesk,6,https://jobs.lever.co/topdesk,"https://api.lever.co/v0/postings/topdesk?mode=json"
lever,trinityhunt,6,https://jobs.lever.co/trinityhunt,"https://api.lever.co/v0/postings/trinityhunt?mode=json"
lever,unitq,6,https://jobs.lever.co/unitq,"https://api.lever.co/v0/postings/unitq?mode=json"
lever,valarian,6,https://jobs.lever.co/valarian,"https://api.lever.co/v0/postings/valarian?mode=json"
lever,valkyrietrading,6,https://jobs.lever.co/valkyrietrading,"https://api.lever.co/v0/postings/valkyrietrading?mode=json"
lever,vendavo,6,https://jobs.lever.co/vendavo,"https://api.lever.co/v0/postings/vendavo?mode=json"
lever,vevo,6,https://jobs.lever.co/vevo,"https://api.lever.co/v0/postings/vevo?mode=json"
lever,vidsy,6,https://jobs.lever.co/vidsy,"https://api.lever.co/v0/postings/vidsy?mode=json"
lever,waterfall,6,https://jobs.lever.co/waterfall,"https://api.lever.co/v0/postings/waterfall?mode=json"
lever,xby2,6,https://jobs.lever.co/xby2,"https://api.lever.co/v0/postings/xby2?mode=json"
lever,zushealth,6,https://jobs.lever.co/zushealth,"https://api.lever.co/v0/postings/zushealth?mode=json"
lever,1inch,5,https://jobs.lever.co/1inch,"https://api.lever.co/v0/postings/1inch?mode=json"
lever,advancedagrilytics,5,https://jobs.lever.co/advancedagrilytics,"https://api.lever.co/v0/postings/advancedagrilytics?mode=json"
lever,aerispartners.com,5,https://jobs.lever.co/aerispartners.com,"https://api.lever.co/v0/postings/aerispartners.com?mode=json"
lever,alom,5,https://jobs.lever.co/alom,"https://api.lever.co/v0/postings/alom?mode=json"
lever,amberelectric,5,https://jobs.lever.co/amberelectric,"https://api.lever.co/v0/postings/amberelectric?mode=json"
lever,ansatzcapital,5,https://jobs.lever.co/ansatzcapital,"https://api.lever.co/v0/postings/ansatzcapital?mode=json"
lever,arable,5,https://jobs.lever.co/arable,"https://api.lever.co/v0/postings/arable?mode=json"
lever,blinq,5,https://jobs.lever.co/blinq,"https://api.lever.co/v0/postings/blinq?mode=json"
lever,boltjobs,5,https://jobs.lever.co/boltjobs,"https://api.lever.co/v0/postings/boltjobs?mode=json"
lever,braviantholdings,5,https://jobs.lever.co/braviantholdings,"https://api.lever.co/v0/postings/braviantholdings?mode=json"
lever,charter-impact,5,https://jobs.lever.co/charter-impact,"https://api.lever.co/v0/postings/charter-impact?mode=json"
lever,choose,5,https://jobs.lever.co/choose,"https://api.lever.co/v0/postings/choose?mode=json"
lever,clarifyhealth,5,https://jobs.lever.co/clarifyhealth,"https://api.lever.co/v0/postings/clarifyhealth?mode=json"
lever,coinmarketcap,5,https://jobs.lever.co/coinmarketcap,"https://api.lever.co/v0/postings/coinmarketcap?mode=json"
lever,cura,5,https://jobs.lever.co/cura,"https://api.lever.co/v0/postings/cura?mode=json"
lever,deepsky,5,https://jobs.lever.co/deepsky,"https://api.lever.co/v0/postings/deepsky?mode=json"
lever,disqo,5,https://jobs.lever.co/disqo,"https://api.lever.co/v0/postings/disqo?mode=json"
lever,durin,5,https://jobs.lever.co/durin,"https://api.lever.co/v0/postings/durin?mode=json"
lever,easypost-2,5,https://jobs.lever.co/easypost-2,"https://api.lever.co/v0/postings/easypost-2?mode=json"
lever,emilyslist,5,https://jobs.lever.co/emilyslist,"https://api.lever.co/v0/postings/emilyslist?mode=json"
lever,empassion.com,5,https://jobs.lever.co/empassion.com,"https://api.lever.co/v0/postings/empassion.com?mode=json"
lever,enter-rcm-llc,5,https://jobs.lever.co/enter-rcm-llc,"https://api.lever.co/v0/postings/enter-rcm-llc?mode=json"
lever,enveda,5,https://jobs.lever.co/enveda,"https://api.lever.co/v0/postings/enveda?mode=json"
lever,evidentid,5,https://jobs.lever.co/evidentid,"https://api.lever.co/v0/postings/evidentid?mode=json"
lever,firstent,5,https://jobs.lever.co/firstent,"https://api.lever.co/v0/postings/firstent?mode=json"
lever,foundation-llm-technologies,5,https://jobs.lever.co/foundation-llm-technologies,"https://api.lever.co/v0/postings/foundation-llm-technologies?mode=json"
lever,fullyvested,5,https://jobs.lever.co/fullyvested,"https://api.lever.co/v0/postings/fullyvested?mode=json"
lever,galvanick,5,https://jobs.lever.co/galvanick,"https://api.lever.co/v0/postings/galvanick?mode=json"
lever,gatorbio,5,https://jobs.lever.co/gatorbio,"https://api.lever.co/v0/postings/gatorbio?mode=json"
lever,genefab,5,https://jobs.lever.co/genefab,"https://api.lever.co/v0/postings/genefab?mode=json"
lever,genesis,5,https://jobs.lever.co/genesis,"https://api.lever.co/v0/postings/genesis?mode=json"
lever,gr0,5,https://jobs.lever.co/gr0,"https://api.lever.co/v0/postings/gr0?mode=json"
lever,grantstreet,5,https://jobs.lever.co/grantstreet,"https://api.lever.co/v0/postings/grantstreet?mode=json"
lever,havenpoint-health,5,https://jobs.lever.co/havenpoint-health,"https://api.lever.co/v0/postings/havenpoint-health?mode=json"
lever,hso,5,https://jobs.lever.co/hso,"https://api.lever.co/v0/postings/hso?mode=json"
lever,imo-online,5,https://jobs.lever.co/imo-online,"https://api.lever.co/v0/postings/imo-online?mode=json"
lever,infstones,5,https://jobs.lever.co/infstones,"https://api.lever.co/v0/postings/infstones?mode=json"
lever,instrument,5,https://jobs.lever.co/instrument,"https://api.lever.co/v0/postings/instrument?mode=json"
lever,joltcharge,5,https://jobs.lever.co/joltcharge,"https://api.lever.co/v0/postings/joltcharge?mode=json"
lever,joshstoysandgames,5,https://jobs.lever.co/joshstoysandgames,"https://api.lever.co/v0/postings/joshstoysandgames?mode=json"
lever,kogniz,5,https://jobs.lever.co/kogniz,"https://api.lever.co/v0/postings/kogniz?mode=json"
lever,leadershipconnect,5,https://jobs.lever.co/leadershipconnect,"https://api.lever.co/v0/postings/leadershipconnect?mode=json"
lever,lexeotx,5,https://jobs.lever.co/lexeotx,"https://api.lever.co/v0/postings/lexeotx?mode=json"
lever,liatrio,5,https://jobs.lever.co/liatrio,"https://api.lever.co/v0/postings/liatrio?mode=json"
lever,malbongolf,5,https://jobs.lever.co/malbongolf,"https://api.lever.co/v0/postings/malbongolf?mode=json"
lever,maya,5,https://jobs.lever.co/maya,"https://api.lever.co/v0/postings/maya?mode=json"
lever,medical-outsourcing-solutions,5,https://jobs.lever.co/medical-outsourcing-solutions,"https://api.lever.co/v0/postings/medical-outsourcing-solutions?mode=json"
lever,meetingtomorrow,5,https://jobs.lever.co/meetingtomorrow,"https://api.lever.co/v0/postings/meetingtomorrow?mode=json"
lever,mobile-action,5,https://jobs.lever.co/mobile-action,"https://api.lever.co/v0/postings/mobile-action?mode=json"
lever,moka.care,5,https://jobs.lever.co/moka.care,"https://api.lever.co/v0/postings/moka.care?mode=json"
lever,niagenbioscience,5,https://jobs.lever.co/niagenbioscience,"https://api.lever.co/v0/postings/niagenbioscience?mode=json"
lever,nomihealth,5,https://jobs.lever.co/nomihealth,"https://api.lever.co/v0/postings/nomihealth?mode=json"
lever,novosfiber,5,https://jobs.lever.co/novosfiber,"https://api.lever.co/v0/postings/novosfiber?mode=json"
lever,nphub,5,https://jobs.lever.co/nphub,"https://api.lever.co/v0/postings/nphub?mode=json"
lever,okendo,5,https://jobs.lever.co/okendo,"https://api.lever.co/v0/postings/okendo?mode=json"
lever,omnidian,5,https://jobs.lever.co/omnidian,"https://api.lever.co/v0/postings/omnidian?mode=json"
lever,oneimpression,5,https://jobs.lever.co/oneimpression,"https://api.lever.co/v0/postings/oneimpression?mode=json"
lever,optionmetrics,5,https://jobs.lever.co/optionmetrics,"https://api.lever.co/v0/postings/optionmetrics?mode=json"
lever,payactiv,5,https://jobs.lever.co/payactiv,"https://api.lever.co/v0/postings/payactiv?mode=json"
lever,pine-services,5,https://jobs.lever.co/pine-services,"https://api.lever.co/v0/postings/pine-services?mode=json"
lever,portpro,5,https://jobs.lever.co/portpro,"https://api.lever.co/v0/postings/portpro?mode=json"
lever,pppsgv,5,https://jobs.lever.co/pppsgv,"https://api.lever.co/v0/postings/pppsgv?mode=json"
lever,ppwp,5,https://jobs.lever.co/ppwp,"https://api.lever.co/v0/postings/ppwp?mode=json"
lever,project-healthy-minds,5,https://jobs.lever.co/project-healthy-minds,"https://api.lever.co/v0/postings/project-healthy-minds?mode=json"
lever,prolific-machines,5,https://jobs.lever.co/prolific-machines,"https://api.lever.co/v0/postings/prolific-machines?mode=json"
lever,propelsoftware,5,https://jobs.lever.co/propelsoftware,"https://api.lever.co/v0/postings/propelsoftware?mode=json"
lever,pt78,5,https://jobs.lever.co/pt78,"https://api.lever.co/v0/postings/pt78?mode=json"
lever,purple-technology,5,https://jobs.lever.co/purple-technology,"https://api.lever.co/v0/postings/purple-technology?mode=json"
lever,rapidmicrobio,5,https://jobs.lever.co/rapidmicrobio,"https://api.lever.co/v0/postings/rapidmicrobio?mode=json"
lever,raya,5,https://jobs.lever.co/raya,"https://api.lever.co/v0/postings/raya?mode=json"
lever,recordpoint,5,https://jobs.lever.co/recordpoint,"https://api.lever.co/v0/postings/recordpoint?mode=json"
lever,redwoodstrategygroup,5,https://jobs.lever.co/redwoodstrategygroup,"https://api.lever.co/v0/postings/redwoodstrategygroup?mode=json"
lever,seattleartmuseum,5,https://jobs.lever.co/seattleartmuseum,"https://api.lever.co/v0/postings/seattleartmuseum?mode=json"
lever,sep,5,https://jobs.lever.co/sep,"https://api.lever.co/v0/postings/sep?mode=json"
lever,sgff.org,5,https://jobs.lever.co/sgff.org,"https://api.lever.co/v0/postings/sgff.org?mode=json"
lever,showpo-2,5,https://jobs.lever.co/showpo-2,"https://api.lever.co/v0/postings/showpo-2?mode=json"
lever,sideinc,5,https://jobs.lever.co/sideinc,"https://api.lever.co/v0/postings/sideinc?mode=json"
lever,sietefoods-2,5,https://jobs.lever.co/sietefoods-2,"https://api.lever.co/v0/postings/sietefoods-2?mode=json"
lever,signinsolutions,5,https://jobs.lever.co/signinsolutions,"https://api.lever.co/v0/postings/signinsolutions?mode=json"
lever,skio,5,https://jobs.lever.co/skio,"https://api.lever.co/v0/postings/skio?mode=json"
lever,sprypointservices,5,https://jobs.lever.co/sprypointservices,"https://api.lever.co/v0/postings/sprypointservices?mode=json"
lever,subsense,5,https://jobs.lever.co/subsense,"https://api.lever.co/v0/postings/subsense?mode=json"
lever,superannotate,5,https://jobs.lever.co/superannotate,"https://api.lever.co/v0/postings/superannotate?mode=json"
lever,tagup,5,https://jobs.lever.co/tagup,"https://api.lever.co/v0/postings/tagup?mode=json"
lever,teikametrics,5,https://jobs.lever.co/teikametrics,"https://api.lever.co/v0/postings/teikametrics?mode=json"
lever,tektome,5,https://jobs.lever.co/tektome,"https://api.lever.co/v0/postings/tektome?mode=json"
lever,terawattinfrastructure,5,https://jobs.lever.co/terawattinfrastructure,"https://api.lever.co/v0/postings/terawattinfrastructure?mode=json"
lever,thedispatch,5,https://jobs.lever.co/thedispatch,"https://api.lever.co/v0/postings/thedispatch?mode=json"
lever,tribe-payments,5,https://jobs.lever.co/tribe-payments,"https://api.lever.co/v0/postings/tribe-payments?mode=json"
lever,trility,5,https://jobs.lever.co/trility,"https://api.lever.co/v0/postings/trility?mode=json"
lever,txse,5,https://jobs.lever.co/txse,"https://api.lever.co/v0/postings/txse?mode=json"
lever,univeris.com,5,https://jobs.lever.co/univeris.com,"https://api.lever.co/v0/postings/univeris.com?mode=json"
lever,vivo-care,5,https://jobs.lever.co/vivo-care,"https://api.lever.co/v0/postings/vivo-care?mode=json"
lever,wavicledata,5,https://jobs.lever.co/wavicledata,"https://api.lever.co/v0/postings/wavicledata?mode=json"
lever,wisdomtree-2,5,https://jobs.lever.co/wisdomtree-2,"https://api.lever.co/v0/postings/wisdomtree-2?mode=json"
lever,younited,5,https://jobs.lever.co/younited,"https://api.lever.co/v0/postings/younited?mode=json"
lever,5amventures,4,https://jobs.lever.co/5amventures,"https://api.lever.co/v0/postings/5amventures?mode=json"
lever,activetheory,4,https://jobs.lever.co/activetheory,"https://api.lever.co/v0/postings/activetheory?mode=json"
lever,advocate,4,https://jobs.lever.co/advocate,"https://api.lever.co/v0/postings/advocate?mode=json"
lever,agtonomy,4,https://jobs.lever.co/agtonomy,"https://api.lever.co/v0/postings/agtonomy?mode=json"
lever,alector,4,https://jobs.lever.co/alector,"https://api.lever.co/v0/postings/alector?mode=json"
lever,americantall,4,https://jobs.lever.co/americantall,"https://api.lever.co/v0/postings/americantall?mode=json"
lever,aquabyte,4,https://jobs.lever.co/aquabyte,"https://api.lever.co/v0/postings/aquabyte?mode=json"
lever,athletetoathlete,4,https://jobs.lever.co/athletetoathlete,"https://api.lever.co/v0/postings/athletetoathlete?mode=json"
lever,atomi,4,https://jobs.lever.co/atomi,"https://api.lever.co/v0/postings/atomi?mode=json"
lever,attovia-therapeutics,4,https://jobs.lever.co/attovia-therapeutics,"https://api.lever.co/v0/postings/attovia-therapeutics?mode=json"
lever,bespokepost,4,https://jobs.lever.co/bespokepost,"https://api.lever.co/v0/postings/bespokepost?mode=json"
lever,blueland,4,https://jobs.lever.co/blueland,"https://api.lever.co/v0/postings/blueland?mode=json"
lever,bogaardgroup,4,https://jobs.lever.co/bogaardgroup,"https://api.lever.co/v0/postings/bogaardgroup?mode=json"
lever,brilliant,4,https://jobs.lever.co/brilliant,"https://api.lever.co/v0/postings/brilliant?mode=json"
lever,businesswire,4,https://jobs.lever.co/businesswire,"https://api.lever.co/v0/postings/businesswire?mode=json"
lever,carusoaffiliated,4,https://jobs.lever.co/carusoaffiliated,"https://api.lever.co/v0/postings/carusoaffiliated?mode=json"
lever,clearpoint,4,https://jobs.lever.co/clearpoint,"https://api.lever.co/v0/postings/clearpoint?mode=json"
lever,compstak,4,https://jobs.lever.co/compstak,"https://api.lever.co/v0/postings/compstak?mode=json"
lever,computercare,4,https://jobs.lever.co/computercare,"https://api.lever.co/v0/postings/computercare?mode=json"
lever,crgo,4,https://jobs.lever.co/crgo,"https://api.lever.co/v0/postings/crgo?mode=json"
lever,crossing-minds,4,https://jobs.lever.co/crossing-minds,"https://api.lever.co/v0/postings/crossing-minds?mode=json"
lever,crumbl,4,https://jobs.lever.co/crumbl,"https://api.lever.co/v0/postings/crumbl?mode=json"
lever,cruxocm,4,https://jobs.lever.co/cruxocm,"https://api.lever.co/v0/postings/cruxocm?mode=json"
lever,earthspecies,4,https://jobs.lever.co/earthspecies,"https://api.lever.co/v0/postings/earthspecies?mode=json"
lever,ekohealth,4,https://jobs.lever.co/ekohealth,"https://api.lever.co/v0/postings/ekohealth?mode=json"
lever,employ,4,https://jobs.lever.co/employ,"https://api.lever.co/v0/postings/employ?mode=json"
lever,envato-2,4,https://jobs.lever.co/envato-2,"https://api.lever.co/v0/postings/envato-2?mode=json"
lever,envelio,4,https://jobs.lever.co/envelio,"https://api.lever.co/v0/postings/envelio?mode=json"
lever,esper,4,https://jobs.lever.co/esper,"https://api.lever.co/v0/postings/esper?mode=json"
lever,eternal,4,https://jobs.lever.co/eternal,"https://api.lever.co/v0/postings/eternal?mode=json"
lever,fantasy,4,https://jobs.lever.co/fantasy,"https://api.lever.co/v0/postings/fantasy?mode=json"
lever,girlswhocode,4,https://jobs.lever.co/girlswhocode,"https://api.lever.co/v0/postings/girlswhocode?mode=json"
lever,glass-health-inc,4,https://jobs.lever.co/glass-health-inc,"https://api.lever.co/v0/postings/glass-health-inc?mode=json"
lever,gluegroups,4,https://jobs.lever.co/gluegroups,"https://api.lever.co/v0/postings/gluegroups?mode=json"
lever,gridline,4,https://jobs.lever.co/gridline,"https://api.lever.co/v0/postings/gridline?mode=json"
lever,h2eventgroup,4,https://jobs.lever.co/h2eventgroup,"https://api.lever.co/v0/postings/h2eventgroup?mode=json"
lever,headroyce,4,https://jobs.lever.co/headroyce,"https://api.lever.co/v0/postings/headroyce?mode=json"
lever,heaten-germany-gmbh,4,https://jobs.lever.co/heaten-germany-gmbh,"https://api.lever.co/v0/postings/heaten-germany-gmbh?mode=json"
lever,honkforhelp,4,https://jobs.lever.co/honkforhelp,"https://api.lever.co/v0/postings/honkforhelp?mode=json"
lever,hungerfreeamerica,4,https://jobs.lever.co/hungerfreeamerica,"https://api.lever.co/v0/postings/hungerfreeamerica?mode=json"
lever,iheartjane,4,https://jobs.lever.co/iheartjane,"https://api.lever.co/v0/postings/iheartjane?mode=json"
lever,infinit,4,https://jobs.lever.co/infinit,"https://api.lever.co/v0/postings/infinit?mode=json"
lever,innocraft,4,https://jobs.lever.co/innocraft,"https://api.lever.co/v0/postings/innocraft?mode=json"
lever,ironflow,4,https://jobs.lever.co/ironflow,"https://api.lever.co/v0/postings/ironflow?mode=json"
lever,jobvite,4,https://jobs.lever.co/jobvite,"https://api.lever.co/v0/postings/jobvite?mode=json"
lever,kestrel-intelligence,4,https://jobs.lever.co/kestrel-intelligence,"https://api.lever.co/v0/postings/kestrel-intelligence?mode=json"
lever,lifeforce,4,https://jobs.lever.co/lifeforce,"https://api.lever.co/v0/postings/lifeforce?mode=json"
lever,loganpm,4,https://jobs.lever.co/loganpm,"https://api.lever.co/v0/postings/loganpm?mode=json"
lever,luminary-labs,4,https://jobs.lever.co/luminary-labs,"https://api.lever.co/v0/postings/luminary-labs?mode=json"
lever,magnopus,4,https://jobs.lever.co/magnopus,"https://api.lever.co/v0/postings/magnopus?mode=json"
lever,masterborn-2,4,https://jobs.lever.co/masterborn-2,"https://api.lever.co/v0/postings/masterborn-2?mode=json"
lever,mirastarfcu,4,https://jobs.lever.co/mirastarfcu,"https://api.lever.co/v0/postings/mirastarfcu?mode=json"
lever,mistplay,4,https://jobs.lever.co/mistplay,"https://api.lever.co/v0/postings/mistplay?mode=json"
lever,mixlab,4,https://jobs.lever.co/mixlab,"https://api.lever.co/v0/postings/mixlab?mode=json"
lever,nationaljournal,4,https://jobs.lever.co/nationaljournal,"https://api.lever.co/v0/postings/nationaljournal?mode=json"
lever,nextech,4,https://jobs.lever.co/nextech,"https://api.lever.co/v0/postings/nextech?mode=json"
lever,noodle,4,https://jobs.lever.co/noodle,"https://api.lever.co/v0/postings/noodle?mode=json"
lever,packagex,4,https://jobs.lever.co/packagex,"https://api.lever.co/v0/postings/packagex?mode=json"
lever,pexa,4,https://jobs.lever.co/pexa,"https://api.lever.co/v0/postings/pexa?mode=json"
lever,pillartechnology,4,https://jobs.lever.co/pillartechnology,"https://api.lever.co/v0/postings/pillartechnology?mode=json"
lever,ppink,4,https://jobs.lever.co/ppink,"https://api.lever.co/v0/postings/ppink?mode=json"
lever,prometheanworld,4,https://jobs.lever.co/prometheanworld,"https://api.lever.co/v0/postings/prometheanworld?mode=json"
lever,prominentedge,4,https://jobs.lever.co/prominentedge,"https://api.lever.co/v0/postings/prominentedge?mode=json"
lever,pushpress,4,https://jobs.lever.co/pushpress,"https://api.lever.co/v0/postings/pushpress?mode=json"
lever,radformation,4,https://jobs.lever.co/radformation,"https://api.lever.co/v0/postings/radformation?mode=json"
lever,rai,4,https://jobs.lever.co/rai,"https://api.lever.co/v0/postings/rai?mode=json"
lever,raine,4,https://jobs.lever.co/raine,"https://api.lever.co/v0/postings/raine?mode=json"
lever,raptv,4,https://jobs.lever.co/raptv,"https://api.lever.co/v0/postings/raptv?mode=json"
lever,relayrobotics.com,4,https://jobs.lever.co/relayrobotics.com,"https://api.lever.co/v0/postings/relayrobotics.com?mode=json"
lever,renofi,4,https://jobs.lever.co/renofi,"https://api.lever.co/v0/postings/renofi?mode=json"
lever,resiliencelab,4,https://jobs.lever.co/resiliencelab,"https://api.lever.co/v0/postings/resiliencelab?mode=json"
lever,revefi,4,https://jobs.lever.co/revefi,"https://api.lever.co/v0/postings/revefi?mode=json"
lever,robust-ai,4,https://jobs.lever.co/robust-ai,"https://api.lever.co/v0/postings/robust-ai?mode=json"
lever,sanabenefits,4,https://jobs.lever.co/sanabenefits,"https://api.lever.co/v0/postings/sanabenefits?mode=json"
lever,scality,4,https://jobs.lever.co/scality,"https://api.lever.co/v0/postings/scality?mode=json"
lever,silverbackstrategies,4,https://jobs.lever.co/silverbackstrategies,"https://api.lever.co/v0/postings/silverbackstrategies?mode=json"
lever,skygrid,4,https://jobs.lever.co/skygrid,"https://api.lever.co/v0/postings/skygrid?mode=json"
lever,slangai,4,https://jobs.lever.co/slangai,"https://api.lever.co/v0/postings/slangai?mode=json"
lever,sprucestreetcomp,4,https://jobs.lever.co/sprucestreetcomp,"https://api.lever.co/v0/postings/sprucestreetcomp?mode=json"
lever,swissborg,4,https://jobs.lever.co/swissborg,"https://api.lever.co/v0/postings/swissborg?mode=json"
lever,symplicity,4,https://jobs.lever.co/symplicity,"https://api.lever.co/v0/postings/symplicity?mode=json"
lever,system1,4,https://jobs.lever.co/system1,"https://api.lever.co/v0/postings/system1?mode=json"
lever,tahoebio-ai,4,https://jobs.lever.co/tahoebio-ai,"https://api.lever.co/v0/postings/tahoebio-ai?mode=json"
lever,torchdental,4,https://jobs.lever.co/torchdental,"https://api.lever.co/v0/postings/torchdental?mode=json"
lever,totalexpert,4,https://jobs.lever.co/totalexpert,"https://api.lever.co/v0/postings/totalexpert?mode=json"
lever,trellis,4,https://jobs.lever.co/trellis,"https://api.lever.co/v0/postings/trellis?mode=json"
lever,twodots,4,https://jobs.lever.co/twodots,"https://api.lever.co/v0/postings/twodots?mode=json"
lever,txidigital,4,https://jobs.lever.co/txidigital,"https://api.lever.co/v0/postings/txidigital?mode=json"
lever,vailsys,4,https://jobs.lever.co/vailsys,"https://api.lever.co/v0/postings/vailsys?mode=json"
lever,venteur,4,https://jobs.lever.co/venteur,"https://api.lever.co/v0/postings/venteur?mode=json"
lever,viabill,4,https://jobs.lever.co/viabill,"https://api.lever.co/v0/postings/viabill?mode=json"
lever,vogo,4,https://jobs.lever.co/vogo,"https://api.lever.co/v0/postings/vogo?mode=json"
lever,wellfit,4,https://jobs.lever.co/wellfit,"https://api.lever.co/v0/postings/wellfit?mode=json"
lever,willowinc,4,https://jobs.lever.co/willowinc,"https://api.lever.co/v0/postings/willowinc?mode=json"
lever,wishpond,4,https://jobs.lever.co/wishpond,"https://api.lever.co/v0/postings/wishpond?mode=json"
lever,workinprogress,4,https://jobs.lever.co/workinprogress,"https://api.lever.co/v0/postings/workinprogress?mode=json"
lever,zerotier,4,https://jobs.lever.co/zerotier,"https://api.lever.co/v0/postings/zerotier?mode=json"
lever,zippi,4,https://jobs.lever.co/zippi,"https://api.lever.co/v0/postings/zippi?mode=json"
lever,abt,3,https://jobs.lever.co/abt,"https://api.lever.co/v0/postings/abt?mode=json"
lever,adjarabet,3,https://jobs.lever.co/adjarabet,"https://api.lever.co/v0/postings/adjarabet?mode=json"
lever,adora,3,https://jobs.lever.co/adora,"https://api.lever.co/v0/postings/adora?mode=json"
lever,adverum,3,https://jobs.lever.co/adverum,"https://api.lever.co/v0/postings/adverum?mode=json"
lever,aerostrat,3,https://jobs.lever.co/aerostrat,"https://api.lever.co/v0/postings/aerostrat?mode=json"
lever,afero,3,https://jobs.lever.co/afero,"https://api.lever.co/v0/postings/afero?mode=json"
lever,aicrete,3,https://jobs.lever.co/aicrete,"https://api.lever.co/v0/postings/aicrete?mode=json"
lever,aizon,3,https://jobs.lever.co/aizon,"https://api.lever.co/v0/postings/aizon?mode=json"
lever,allears-vet,3,https://jobs.lever.co/allears-vet,"https://api.lever.co/v0/postings/allears-vet?mode=json"
lever,ambergroup,3,https://jobs.lever.co/ambergroup,"https://api.lever.co/v0/postings/ambergroup?mode=json"
lever,amsty,3,https://jobs.lever.co/amsty,"https://api.lever.co/v0/postings/amsty?mode=json"
lever,andersgroup,3,https://jobs.lever.co/andersgroup,"https://api.lever.co/v0/postings/andersgroup?mode=json"
lever,arbitrumfoundation,3,https://jobs.lever.co/arbitrumfoundation,"https://api.lever.co/v0/postings/arbitrumfoundation?mode=json"
lever,artbio,3,https://jobs.lever.co/artbio,"https://api.lever.co/v0/postings/artbio?mode=json"
lever,arvor-insurance,3,https://jobs.lever.co/arvor-insurance,"https://api.lever.co/v0/postings/arvor-insurance?mode=json"
lever,authentic8,3,https://jobs.lever.co/authentic8,"https://api.lever.co/v0/postings/authentic8?mode=json"
lever,automatiq,3,https://jobs.lever.co/automatiq,"https://api.lever.co/v0/postings/automatiq?mode=json"
lever,aviahealth,3,https://jobs.lever.co/aviahealth,"https://api.lever.co/v0/postings/aviahealth?mode=json"
lever,bamko,3,https://jobs.lever.co/bamko,"https://api.lever.co/v0/postings/bamko?mode=json"
lever,baselane,3,https://jobs.lever.co/baselane,"https://api.lever.co/v0/postings/baselane?mode=json"
lever,basis,3,https://jobs.lever.co/basis,"https://api.lever.co/v0/postings/basis?mode=json"
lever,biodigital,3,https://jobs.lever.co/biodigital,"https://api.lever.co/v0/postings/biodigital?mode=json"
lever,biointellisense,3,https://jobs.lever.co/biointellisense,"https://api.lever.co/v0/postings/biointellisense?mode=json"
lever,blbglaw,3,https://jobs.lever.co/blbglaw,"https://api.lever.co/v0/postings/blbglaw?mode=json"
lever,blencorp,3,https://jobs.lever.co/blencorp,"https://api.lever.co/v0/postings/blencorp?mode=json"
lever,blinkux,3,https://jobs.lever.co/blinkux,"https://api.lever.co/v0/postings/blinkux?mode=json"
lever,bolster,3,https://jobs.lever.co/bolster,"https://api.lever.co/v0/postings/bolster?mode=json"
lever,brainstorminc,3,https://jobs.lever.co/brainstorminc,"https://api.lever.co/v0/postings/brainstorminc?mode=json"
lever,catalist,3,https://jobs.lever.co/catalist,"https://api.lever.co/v0/postings/catalist?mode=json"
lever,cents,3,https://jobs.lever.co/cents,"https://api.lever.co/v0/postings/cents?mode=json"
lever,cheerz,3,https://jobs.lever.co/cheerz,"https://api.lever.co/v0/postings/cheerz?mode=json"
lever,cocollective,3,https://jobs.lever.co/cocollective,"https://api.lever.co/v0/postings/cocollective?mode=json"
lever,collabora,3,https://jobs.lever.co/collabora,"https://api.lever.co/v0/postings/collabora?mode=json"
lever,commencis,3,https://jobs.lever.co/commencis,"https://api.lever.co/v0/postings/commencis?mode=json"
lever,commercearchitects,3,https://jobs.lever.co/commercearchitects,"https://api.lever.co/v0/postings/commercearchitects?mode=json"
lever,commoncause,3,https://jobs.lever.co/commoncause,"https://api.lever.co/v0/postings/commoncause?mode=json"
lever,corbalt,3,https://jobs.lever.co/corbalt,"https://api.lever.co/v0/postings/corbalt?mode=json"
lever,cybourn,3,https://jobs.lever.co/cybourn,"https://api.lever.co/v0/postings/cybourn?mode=json"
lever,deepgenomics,3,https://jobs.lever.co/deepgenomics,"https://api.lever.co/v0/postings/deepgenomics?mode=json"
lever,deltaairportconsultants,3,https://jobs.lever.co/deltaairportconsultants,"https://api.lever.co/v0/postings/deltaairportconsultants?mode=json"
lever,designetics,3,https://jobs.lever.co/designetics,"https://api.lever.co/v0/postings/designetics?mode=json"
lever,digital-matter,3,https://jobs.lever.co/digital-matter,"https://api.lever.co/v0/postings/digital-matter?mode=json"
lever,digitalfish,3,https://jobs.lever.co/digitalfish,"https://api.lever.co/v0/postings/digitalfish?mode=json"
lever,dsi,3,https://jobs.lever.co/dsi,"https://api.lever.co/v0/postings/dsi?mode=json"
lever,edpuzzle,3,https://jobs.lever.co/edpuzzle,"https://api.lever.co/v0/postings/edpuzzle?mode=json"
lever,elementsolutions,3,https://jobs.lever.co/elementsolutions,"https://api.lever.co/v0/postings/elementsolutions?mode=json"
lever,ellevationeducation,3,https://jobs.lever.co/ellevationeducation,"https://api.lever.co/v0/postings/ellevationeducation?mode=json"
lever,emersonhc,3,https://jobs.lever.co/emersonhc,"https://api.lever.co/v0/postings/emersonhc?mode=json"
lever,enforceconsulting,3,https://jobs.lever.co/enforceconsulting,"https://api.lever.co/v0/postings/enforceconsulting?mode=json"
lever,explodingkittens,3,https://jobs.lever.co/explodingkittens,"https://api.lever.co/v0/postings/explodingkittens?mode=json"
lever,fatetherapeutics,3,https://jobs.lever.co/fatetherapeutics,"https://api.lever.co/v0/postings/fatetherapeutics?mode=json"
lever,figfinancial,3,https://jobs.lever.co/figfinancial,"https://api.lever.co/v0/postings/figfinancial?mode=json"
lever,findem,3,https://jobs.lever.co/findem,"https://api.lever.co/v0/postings/findem?mode=json"
lever,founderscard,3,https://jobs.lever.co/founderscard,"https://api.lever.co/v0/postings/founderscard?mode=json"
lever,fulcrumpro,3,https://jobs.lever.co/fulcrumpro,"https://api.lever.co/v0/postings/fulcrumpro?mode=json"
lever,fundrise,3,https://jobs.lever.co/fundrise,"https://api.lever.co/v0/postings/fundrise?mode=json"
lever,genbio,3,https://jobs.lever.co/genbio,"https://api.lever.co/v0/postings/genbio?mode=json"
lever,getsquire,3,https://jobs.lever.co/getsquire,"https://api.lever.co/v0/postings/getsquire?mode=json"
lever,gostudion,3,https://jobs.lever.co/gostudion,"https://api.lever.co/v0/postings/gostudion?mode=json"
lever,gpdq,3,https://jobs.lever.co/gpdq,"https://api.lever.co/v0/postings/gpdq?mode=json"
lever,gursey,3,https://jobs.lever.co/gursey,"https://api.lever.co/v0/postings/gursey?mode=json"
lever,hellonanny,3,https://jobs.lever.co/hellonanny,"https://api.lever.co/v0/postings/hellonanny?mode=json"
lever,hiringourheroes,3,https://jobs.lever.co/hiringourheroes,"https://api.lever.co/v0/postings/hiringourheroes?mode=json"
lever,hmbl-tech,3,https://jobs.lever.co/hmbl-tech,"https://api.lever.co/v0/postings/hmbl-tech?mode=json"
lever,hosco,3,https://jobs.lever.co/hosco,"https://api.lever.co/v0/postings/hosco?mode=json"
lever,inductivehealth,3,https://jobs.lever.co/inductivehealth,"https://api.lever.co/v0/postings/inductivehealth?mode=json"
lever,influ2,3,https://jobs.lever.co/influ2,"https://api.lever.co/v0/postings/influ2?mode=json"
lever,innodata,3,https://jobs.lever.co/innodata,"https://api.lever.co/v0/postings/innodata?mode=json"
lever,jam-loop,3,https://jobs.lever.co/jam-loop,"https://api.lever.co/v0/postings/jam-loop?mode=json"
lever,jito,3,https://jobs.lever.co/jito,"https://api.lever.co/v0/postings/jito?mode=json"
lever,jito.wtf,3,https://jobs.lever.co/jito.wtf,"https://api.lever.co/v0/postings/jito.wtf?mode=json"
lever,jobin,3,https://jobs.lever.co/jobin,"https://api.lever.co/v0/postings/jobin?mode=json"
lever,junoniapartners,3,https://jobs.lever.co/junoniapartners,"https://api.lever.co/v0/postings/junoniapartners?mode=json"
lever,keboola,3,https://jobs.lever.co/keboola,"https://api.lever.co/v0/postings/keboola?mode=json"
lever,kixie,3,https://jobs.lever.co/kixie,"https://api.lever.co/v0/postings/kixie?mode=json"
lever,kolibrigames,3,https://jobs.lever.co/kolibrigames,"https://api.lever.co/v0/postings/kolibrigames?mode=json"
lever,kotm,3,https://jobs.lever.co/kotm,"https://api.lever.co/v0/postings/kotm?mode=json"
lever,ladders,3,https://jobs.lever.co/ladders,"https://api.lever.co/v0/postings/ladders?mode=json"
lever,landmarkbio,3,https://jobs.lever.co/landmarkbio,"https://api.lever.co/v0/postings/landmarkbio?mode=json"
lever,leantaas,3,https://jobs.lever.co/leantaas,"https://api.lever.co/v0/postings/leantaas?mode=json"
lever,magnify,3,https://jobs.lever.co/magnify,"https://api.lever.co/v0/postings/magnify?mode=json"
lever,mangolanguage,3,https://jobs.lever.co/mangolanguage,"https://api.lever.co/v0/postings/mangolanguage?mode=json"
lever,markham,3,https://jobs.lever.co/markham,"https://api.lever.co/v0/postings/markham?mode=json"
lever,mcchrystalgroup,3,https://jobs.lever.co/mcchrystalgroup,"https://api.lever.co/v0/postings/mcchrystalgroup?mode=json"
lever,mechanicalorchard,3,https://jobs.lever.co/mechanicalorchard,"https://api.lever.co/v0/postings/mechanicalorchard?mode=json"
lever,mednow,3,https://jobs.lever.co/mednow,"https://api.lever.co/v0/postings/mednow?mode=json"
lever,menlovc,3,https://jobs.lever.co/menlovc,"https://api.lever.co/v0/postings/menlovc?mode=json"
lever,mhnchicago,3,https://jobs.lever.co/mhnchicago,"https://api.lever.co/v0/postings/mhnchicago?mode=json"
lever,miteksystems-2,3,https://jobs.lever.co/miteksystems-2,"https://api.lever.co/v0/postings/miteksystems-2?mode=json"
lever,ml4t,3,https://jobs.lever.co/ml4t,"https://api.lever.co/v0/postings/ml4t?mode=json"
lever,mti-inc,3,https://jobs.lever.co/mti-inc,"https://api.lever.co/v0/postings/mti-inc?mode=json"
lever,mulliganfunding,3,https://jobs.lever.co/mulliganfunding,"https://api.lever.co/v0/postings/mulliganfunding?mode=json"
lever,musixmatch,3,https://jobs.lever.co/musixmatch,"https://api.lever.co/v0/postings/musixmatch?mode=json"
lever,myvessel,3,https://jobs.lever.co/myvessel,"https://api.lever.co/v0/postings/myvessel?mode=json"
lever,newton,3,https://jobs.lever.co/newton,"https://api.lever.co/v0/postings/newton?mode=json"
lever,nobullproject,3,https://jobs.lever.co/nobullproject,"https://api.lever.co/v0/postings/nobullproject?mode=json"
lever,nuwaves,3,https://jobs.lever.co/nuwaves,"https://api.lever.co/v0/postings/nuwaves?mode=json"
lever,oaknorth.ai,3,https://jobs.lever.co/oaknorth.ai,"https://api.lever.co/v0/postings/oaknorth.ai?mode=json"
lever,oomnitza,3,https://jobs.lever.co/oomnitza,"https://api.lever.co/v0/postings/oomnitza?mode=json"
lever,ou-education-services,3,https://jobs.lever.co/ou-education-services,"https://api.lever.co/v0/postings/ou-education-services?mode=json"
lever,outcomesai,3,https://jobs.lever.co/outcomesai,"https://api.lever.co/v0/postings/outcomesai?mode=json"
lever,overmind,3,https://jobs.lever.co/overmind,"https://api.lever.co/v0/postings/overmind?mode=json"
lever,peerspace,3,https://jobs.lever.co/peerspace,"https://api.lever.co/v0/postings/peerspace?mode=json"
lever,pivotenergy,3,https://jobs.lever.co/pivotenergy,"https://api.lever.co/v0/postings/pivotenergy?mode=json"
lever,placeshowroom.com,3,https://jobs.lever.co/placeshowroom.com,"https://api.lever.co/v0/postings/placeshowroom.com?mode=json"
lever,pocketfm,3,https://jobs.lever.co/pocketfm,"https://api.lever.co/v0/postings/pocketfm?mode=json"
lever,powerex,3,https://jobs.lever.co/powerex,"https://api.lever.co/v0/postings/powerex?mode=json"
lever,prilenia,3,https://jobs.lever.co/prilenia,"https://api.lever.co/v0/postings/prilenia?mode=json"
lever,productventures,3,https://jobs.lever.co/productventures,"https://api.lever.co/v0/postings/productventures?mode=json"
lever,pryon,3,https://jobs.lever.co/pryon,"https://api.lever.co/v0/postings/pryon?mode=json"
lever,qsic,3,https://jobs.lever.co/qsic,"https://api.lever.co/v0/postings/qsic?mode=json"
lever,questanalytics,3,https://jobs.lever.co/questanalytics,"https://api.lever.co/v0/postings/questanalytics?mode=json"
lever,ranger,3,https://jobs.lever.co/ranger,"https://api.lever.co/v0/postings/ranger?mode=json"
lever,redi.health,3,https://jobs.lever.co/redi.health,"https://api.lever.co/v0/postings/redi.health?mode=json"
lever,relay,3,https://jobs.lever.co/relay,"https://api.lever.co/v0/postings/relay?mode=json"
lever,relay-commerce,3,https://jobs.lever.co/relay-commerce,"https://api.lever.co/v0/postings/relay-commerce?mode=json"
lever,rendernetworks,3,https://jobs.lever.co/rendernetworks,"https://api.lever.co/v0/postings/rendernetworks?mode=json"
lever,renegade,3,https://jobs.lever.co/renegade,"https://api.lever.co/v0/postings/renegade?mode=json"
lever,revealtech,3,https://jobs.lever.co/revealtech,"https://api.lever.co/v0/postings/revealtech?mode=json"
lever,revinate,3,https://jobs.lever.co/revinate,"https://api.lever.co/v0/postings/revinate?mode=json"
lever,rideonewheel,3,https://jobs.lever.co/rideonewheel,"https://api.lever.co/v0/postings/rideonewheel?mode=json"
lever,robbinsrecruiting,3,https://jobs.lever.co/robbinsrecruiting,"https://api.lever.co/v0/postings/robbinsrecruiting?mode=json"
lever,saga-xyz,3,https://jobs.lever.co/saga-xyz,"https://api.lever.co/v0/postings/saga-xyz?mode=json"
lever,securecodewarrior,3,https://jobs.lever.co/securecodewarrior,"https://api.lever.co/v0/postings/securecodewarrior?mode=json"
lever,serotonin,3,https://jobs.lever.co/serotonin,"https://api.lever.co/v0/postings/serotonin?mode=json"
lever,simpleventures,3,https://jobs.lever.co/simpleventures,"https://api.lever.co/v0/postings/simpleventures?mode=json"
lever,skyboxlabs,3,https://jobs.lever.co/skyboxlabs,"https://api.lever.co/v0/postings/skyboxlabs?mode=json"
lever,slate,3,https://jobs.lever.co/slate,"https://api.lever.co/v0/postings/slate?mode=json"
lever,sogoodsoyou,3,https://jobs.lever.co/sogoodsoyou,"https://api.lever.co/v0/postings/sogoodsoyou?mode=json"
lever,solutiondesign,3,https://jobs.lever.co/solutiondesign,"https://api.lever.co/v0/postings/solutiondesign?mode=json"
lever,sonrai-security,3,https://jobs.lever.co/sonrai-security,"https://api.lever.co/v0/postings/sonrai-security?mode=json"
lever,source,3,https://jobs.lever.co/source,"https://api.lever.co/v0/postings/source?mode=json"
lever,sunwatercapital,3,https://jobs.lever.co/sunwatercapital,"https://api.lever.co/v0/postings/sunwatercapital?mode=json"
lever,superstate,3,https://jobs.lever.co/superstate,"https://api.lever.co/v0/postings/superstate?mode=json"
lever,swapcard,3,https://jobs.lever.co/swapcard,"https://api.lever.co/v0/postings/swapcard?mode=json"
lever,swiftconnect,3,https://jobs.lever.co/swiftconnect,"https://api.lever.co/v0/postings/swiftconnect?mode=json"
lever,synapticure,3,https://jobs.lever.co/synapticure,"https://api.lever.co/v0/postings/synapticure?mode=json"
lever,syntax,3,https://jobs.lever.co/syntax,"https://api.lever.co/v0/postings/syntax?mode=json"
lever,tact,3,https://jobs.lever.co/tact,"https://api.lever.co/v0/postings/tact?mode=json"
lever,teller,3,https://jobs.lever.co/teller,"https://api.lever.co/v0/postings/teller?mode=json"
lever,teramind,3,https://jobs.lever.co/teramind,"https://api.lever.co/v0/postings/teramind?mode=json"
lever,thebouqs.com,3,https://jobs.lever.co/thebouqs.com,"https://api.lever.co/v0/postings/thebouqs.com?mode=json"
lever,thefp,3,https://jobs.lever.co/thefp,"https://api.lever.co/v0/postings/thefp?mode=json"
lever,theinformationlab,3,https://jobs.lever.co/theinformationlab,"https://api.lever.co/v0/postings/theinformationlab?mode=json"
lever,thrive-therapies,3,https://jobs.lever.co/thrive-therapies,"https://api.lever.co/v0/postings/thrive-therapies?mode=json"
lever,trustarc,3,https://jobs.lever.co/trustarc,"https://api.lever.co/v0/postings/trustarc?mode=json"
lever,ullico,3,https://jobs.lever.co/ullico,"https://api.lever.co/v0/postings/ullico?mode=json"
lever,unlikely,3,https://jobs.lever.co/unlikely,"https://api.lever.co/v0/postings/unlikely?mode=json"
lever,uprightproject,3,https://jobs.lever.co/uprightproject,"https://api.lever.co/v0/postings/uprightproject?mode=json"
lever,vedatechlabs,3,https://jobs.lever.co/vedatechlabs,"https://api.lever.co/v0/postings/vedatechlabs?mode=json"
lever,wasatchglobal,3,https://jobs.lever.co/wasatchglobal,"https://api.lever.co/v0/postings/wasatchglobal?mode=json"
lever,whiterivertoyota,3,https://jobs.lever.co/whiterivertoyota,"https://api.lever.co/v0/postings/whiterivertoyota?mode=json"
lever,wisdomtree,3,https://jobs.lever.co/wisdomtree,"https://api.lever.co/v0/postings/wisdomtree?mode=json"
lever,wra-ca,3,https://jobs.lever.co/wra-ca,"https://api.lever.co/v0/postings/wra-ca?mode=json"
lever,zeiss,3,https://jobs.lever.co/zeiss,"https://api.lever.co/v0/postings/zeiss?mode=json"
lever,zingtree,3,https://jobs.lever.co/zingtree,"https://api.lever.co/v0/postings/zingtree?mode=json"
lever,accesssoftek,2,https://jobs.lever.co/accesssoftek,"https://api.lever.co/v0/postings/accesssoftek?mode=json"
lever,acord,2,https://jobs.lever.co/acord,"https://api.lever.co/v0/postings/acord?mode=json"
lever,acselhealth,2,https://jobs.lever.co/acselhealth,"https://api.lever.co/v0/postings/acselhealth?mode=json"
lever,agatesoftware,2,https://jobs.lever.co/agatesoftware,"https://api.lever.co/v0/postings/agatesoftware?mode=json"
lever,aifi,2,https://jobs.lever.co/aifi,"https://api.lever.co/v0/postings/aifi?mode=json"
lever,ammobia,2,https://jobs.lever.co/ammobia,"https://api.lever.co/v0/postings/ammobia?mode=json"
lever,analogfolk,2,https://jobs.lever.co/analogfolk,"https://api.lever.co/v0/postings/analogfolk?mode=json"
lever,apexpi,2,https://jobs.lever.co/apexpi,"https://api.lever.co/v0/postings/apexpi?mode=json"
lever,apolloagriculture,2,https://jobs.lever.co/apolloagriculture,"https://api.lever.co/v0/postings/apolloagriculture?mode=json"
lever,appfollow,2,https://jobs.lever.co/appfollow,"https://api.lever.co/v0/postings/appfollow?mode=json"
lever,appsamurai,2,https://jobs.lever.co/appsamurai,"https://api.lever.co/v0/postings/appsamurai?mode=json"
lever,argonaut,2,https://jobs.lever.co/argonaut,"https://api.lever.co/v0/postings/argonaut?mode=json"
lever,aurora-dev,2,https://jobs.lever.co/aurora-dev,"https://api.lever.co/v0/postings/aurora-dev?mode=json"
lever,autonomous,2,https://jobs.lever.co/autonomous,"https://api.lever.co/v0/postings/autonomous?mode=json"
lever,badge-group,2,https://jobs.lever.co/badge-group,"https://api.lever.co/v0/postings/badge-group?mode=json"
lever,baoinc,2,https://jobs.lever.co/baoinc,"https://api.lever.co/v0/postings/baoinc?mode=json"
lever,beyondmenu,2,https://jobs.lever.co/beyondmenu,"https://api.lever.co/v0/postings/beyondmenu?mode=json"
lever,bkln,2,https://jobs.lever.co/bkln,"https://api.lever.co/v0/postings/bkln?mode=json"
lever,brighte,2,https://jobs.lever.co/brighte,"https://api.lever.co/v0/postings/brighte?mode=json"
lever,brotherhoodcrusade,2,https://jobs.lever.co/brotherhoodcrusade,"https://api.lever.co/v0/postings/brotherhoodcrusade?mode=json"
lever,caliza-financial-technologies,2,https://jobs.lever.co/caliza-financial-technologies,"https://api.lever.co/v0/postings/caliza-financial-technologies?mode=json"
lever,callan,2,https://jobs.lever.co/callan,"https://api.lever.co/v0/postings/callan?mode=json"
lever,careernowbrands,2,https://jobs.lever.co/careernowbrands,"https://api.lever.co/v0/postings/careernowbrands?mode=json"
lever,cbtnuggets,2,https://jobs.lever.co/cbtnuggets,"https://api.lever.co/v0/postings/cbtnuggets?mode=json"
lever,celaralabs,2,https://jobs.lever.co/celaralabs,"https://api.lever.co/v0/postings/celaralabs?mode=json"
lever,chargelab-inc,2,https://jobs.lever.co/chargelab-inc,"https://api.lever.co/v0/postings/chargelab-inc?mode=json"
lever,citcon,2,https://jobs.lever.co/citcon,"https://api.lever.co/v0/postings/citcon?mode=json"
lever,coloradocoalition,2,https://jobs.lever.co/coloradocoalition,"https://api.lever.co/v0/postings/coloradocoalition?mode=json"
lever,concurrency,2,https://jobs.lever.co/concurrency,"https://api.lever.co/v0/postings/concurrency?mode=json"
lever,craftwater,2,https://jobs.lever.co/craftwater,"https://api.lever.co/v0/postings/craftwater?mode=json"
lever,crossfit,2,https://jobs.lever.co/crossfit,"https://api.lever.co/v0/postings/crossfit?mode=json"
lever,culdesac,2,https://jobs.lever.co/culdesac,"https://api.lever.co/v0/postings/culdesac?mode=json"
lever,culturekings,2,https://jobs.lever.co/culturekings,"https://api.lever.co/v0/postings/culturekings?mode=json"
lever,curio.gg,2,https://jobs.lever.co/curio.gg,"https://api.lever.co/v0/postings/curio.gg?mode=json"
lever,cx2,2,https://jobs.lever.co/cx2,"https://api.lever.co/v0/postings/cx2?mode=json"
lever,cyberonesecurity,2,https://jobs.lever.co/cyberonesecurity,"https://api.lever.co/v0/postings/cyberonesecurity?mode=json"
lever,dataroid,2,https://jobs.lever.co/dataroid,"https://api.lever.co/v0/postings/dataroid?mode=json"
lever,dexcarehealth,2,https://jobs.lever.co/dexcarehealth,"https://api.lever.co/v0/postings/dexcarehealth?mode=json"
lever,distru,2,https://jobs.lever.co/distru,"https://api.lever.co/v0/postings/distru?mode=json"
lever,elty,2,https://jobs.lever.co/elty,"https://api.lever.co/v0/postings/elty?mode=json"
lever,enable,2,https://jobs.lever.co/enable,"https://api.lever.co/v0/postings/enable?mode=json"
lever,energyrecovery,2,https://jobs.lever.co/energyrecovery,"https://api.lever.co/v0/postings/energyrecovery?mode=json"
lever,estenda,2,https://jobs.lever.co/estenda,"https://api.lever.co/v0/postings/estenda?mode=json"
lever,ethree,2,https://jobs.lever.co/ethree,"https://api.lever.co/v0/postings/ethree?mode=json"
lever,findhelp,2,https://jobs.lever.co/findhelp,"https://api.lever.co/v0/postings/findhelp?mode=json"
lever,fintual,2,https://jobs.lever.co/fintual,"https://api.lever.co/v0/postings/fintual?mode=json"
lever,galatea,2,https://jobs.lever.co/galatea,"https://api.lever.co/v0/postings/galatea?mode=json"
lever,galatea-associates,2,https://jobs.lever.co/galatea-associates,"https://api.lever.co/v0/postings/galatea-associates?mode=json"
lever,getcircuit,2,https://jobs.lever.co/getcircuit,"https://api.lever.co/v0/postings/getcircuit?mode=json"
lever,getduranta,2,https://jobs.lever.co/getduranta,"https://api.lever.co/v0/postings/getduranta?mode=json"
lever,gofluent,2,https://jobs.lever.co/gofluent,"https://api.lever.co/v0/postings/gofluent?mode=json"
lever,golfscopeinc,2,https://jobs.lever.co/golfscopeinc,"https://api.lever.co/v0/postings/golfscopeinc?mode=json"
lever,groupbyinc,2,https://jobs.lever.co/groupbyinc,"https://api.lever.co/v0/postings/groupbyinc?mode=json"
lever,healthcare,2,https://jobs.lever.co/healthcare,"https://api.lever.co/v0/postings/healthcare?mode=json"
lever,healx,2,https://jobs.lever.co/healx,"https://api.lever.co/v0/postings/healx?mode=json"
lever,heartworksvt,2,https://jobs.lever.co/heartworksvt,"https://api.lever.co/v0/postings/heartworksvt?mode=json"
lever,heritagevt,2,https://jobs.lever.co/heritagevt,"https://api.lever.co/v0/postings/heritagevt?mode=json"
lever,humanityprotocol,2,https://jobs.lever.co/humanityprotocol,"https://api.lever.co/v0/postings/humanityprotocol?mode=json"
lever,ideasunited,2,https://jobs.lever.co/ideasunited,"https://api.lever.co/v0/postings/ideasunited?mode=json"
lever,ilek.fr,2,https://jobs.lever.co/ilek.fr,"https://api.lever.co/v0/postings/ilek.fr?mode=json"
lever,infinitepl,2,https://jobs.lever.co/infinitepl,"https://api.lever.co/v0/postings/infinitepl?mode=json"
lever,infobase,2,https://jobs.lever.co/infobase,"https://api.lever.co/v0/postings/infobase?mode=json"
lever,jitxinc,2,https://jobs.lever.co/jitxinc,"https://api.lever.co/v0/postings/jitxinc?mode=json"
lever,jmi,2,https://jobs.lever.co/jmi,"https://api.lever.co/v0/postings/jmi?mode=json"
lever,joycharter,2,https://jobs.lever.co/joycharter,"https://api.lever.co/v0/postings/joycharter?mode=json"
lever,jupe,2,https://jobs.lever.co/jupe,"https://api.lever.co/v0/postings/jupe?mode=json"
lever,jupiterintel,2,https://jobs.lever.co/jupiterintel,"https://api.lever.co/v0/postings/jupiterintel?mode=json"
lever,k4-trading,2,https://jobs.lever.co/k4-trading,"https://api.lever.co/v0/postings/k4-trading?mode=json"
lever,kasada,2,https://jobs.lever.co/kasada,"https://api.lever.co/v0/postings/kasada?mode=json"
lever,kasheesh,2,https://jobs.lever.co/kasheesh,"https://api.lever.co/v0/postings/kasheesh?mode=json"
lever,kenko,2,https://jobs.lever.co/kenko,"https://api.lever.co/v0/postings/kenko?mode=json"
lever,kochava,2,https://jobs.lever.co/kochava,"https://api.lever.co/v0/postings/kochava?mode=json"
lever,lahaus,2,https://jobs.lever.co/lahaus,"https://api.lever.co/v0/postings/lahaus?mode=json"
lever,lasenza,2,https://jobs.lever.co/lasenza,"https://api.lever.co/v0/postings/lasenza?mode=json"
lever,latch,2,https://jobs.lever.co/latch,"https://api.lever.co/v0/postings/latch?mode=json"
lever,livingcarbon,2,https://jobs.lever.co/livingcarbon,"https://api.lever.co/v0/postings/livingcarbon?mode=json"
lever,logz,2,https://jobs.lever.co/logz,"https://api.lever.co/v0/postings/logz?mode=json"
lever,luumlash,2,https://jobs.lever.co/luumlash,"https://api.lever.co/v0/postings/luumlash?mode=json"
lever,mahmee,2,https://jobs.lever.co/mahmee,"https://api.lever.co/v0/postings/mahmee?mode=json"
lever,marcusgrahamproject,2,https://jobs.lever.co/marcusgrahamproject,"https://api.lever.co/v0/postings/marcusgrahamproject?mode=json"
lever,marigoldhealth,2,https://jobs.lever.co/marigoldhealth,"https://api.lever.co/v0/postings/marigoldhealth?mode=json"
lever,marquetteassociates,2,https://jobs.lever.co/marquetteassociates,"https://api.lever.co/v0/postings/marquetteassociates?mode=json"
lever,max-retail,2,https://jobs.lever.co/max-retail,"https://api.lever.co/v0/postings/max-retail?mode=json"
lever,medi.ci,2,https://jobs.lever.co/medi.ci,"https://api.lever.co/v0/postings/medi.ci?mode=json"
lever,metawealth,2,https://jobs.lever.co/metawealth,"https://api.lever.co/v0/postings/metawealth?mode=json"
lever,milocredit,2,https://jobs.lever.co/milocredit,"https://api.lever.co/v0/postings/milocredit?mode=json"
lever,mylaurelhealth,2,https://jobs.lever.co/mylaurelhealth,"https://api.lever.co/v0/postings/mylaurelhealth?mode=json"
lever,myollie,2,https://jobs.lever.co/myollie,"https://api.lever.co/v0/postings/myollie?mode=json"
lever,nimbletalent,2,https://jobs.lever.co/nimbletalent,"https://api.lever.co/v0/postings/nimbletalent?mode=json"
lever,nimbus,2,https://jobs.lever.co/nimbus,"https://api.lever.co/v0/postings/nimbus?mode=json"
lever,noblereach,2,https://jobs.lever.co/noblereach,"https://api.lever.co/v0/postings/noblereach?mode=json"
lever,nobody,2,https://jobs.lever.co/nobody,"https://api.lever.co/v0/postings/nobody?mode=json"
lever,numeris,2,https://jobs.lever.co/numeris,"https://api.lever.co/v0/postings/numeris?mode=json"
lever,nuuds,2,https://jobs.lever.co/nuuds,"https://api.lever.co/v0/postings/nuuds?mode=json"
lever,oliverwyman,2,https://jobs.lever.co/oliverwyman,"https://api.lever.co/v0/postings/oliverwyman?mode=json"
lever,orbitalsidekick,2,https://jobs.lever.co/orbitalsidekick,"https://api.lever.co/v0/postings/orbitalsidekick?mode=json"
lever,orijin,2,https://jobs.lever.co/orijin,"https://api.lever.co/v0/postings/orijin?mode=json"
lever,our-place,2,https://jobs.lever.co/our-place,"https://api.lever.co/v0/postings/our-place?mode=json"
lever,outlast,2,https://jobs.lever.co/outlast,"https://api.lever.co/v0/postings/outlast?mode=json"
lever,pacific-environment,2,https://jobs.lever.co/pacific-environment,"https://api.lever.co/v0/postings/pacific-environment?mode=json"
lever,pacificoenergy,2,https://jobs.lever.co/pacificoenergy,"https://api.lever.co/v0/postings/pacificoenergy?mode=json"
lever,pathpoint,2,https://jobs.lever.co/pathpoint,"https://api.lever.co/v0/postings/pathpoint?mode=json"
lever,penrodsoftware,2,https://jobs.lever.co/penrodsoftware,"https://api.lever.co/v0/postings/penrodsoftware?mode=json"
lever,picktrace,2,https://jobs.lever.co/picktrace,"https://api.lever.co/v0/postings/picktrace?mode=json"
lever,playplay,2,https://jobs.lever.co/playplay,"https://api.lever.co/v0/postings/playplay?mode=json"
lever,plexus,2,https://jobs.lever.co/plexus,"https://api.lever.co/v0/postings/plexus?mode=json"
lever,plume,2,https://jobs.lever.co/plume,"https://api.lever.co/v0/postings/plume?mode=json"
lever,poki,2,https://jobs.lever.co/poki,"https://api.lever.co/v0/postings/poki?mode=json"
lever,popsockets,2,https://jobs.lever.co/popsockets,"https://api.lever.co/v0/postings/popsockets?mode=json"
lever,ppau,2,https://jobs.lever.co/ppau,"https://api.lever.co/v0/postings/ppau?mode=json"
lever,ppkeystone,2,https://jobs.lever.co/ppkeystone,"https://api.lever.co/v0/postings/ppkeystone?mode=json"
lever,provi,2,https://jobs.lever.co/provi,"https://api.lever.co/v0/postings/provi?mode=json"
lever,quantlane,2,https://jobs.lever.co/quantlane,"https://api.lever.co/v0/postings/quantlane?mode=json"
lever,quincus,2,https://jobs.lever.co/quincus,"https://api.lever.co/v0/postings/quincus?mode=json"
lever,qwoted,2,https://jobs.lever.co/qwoted,"https://api.lever.co/v0/postings/qwoted?mode=json"
lever,railroad19,2,https://jobs.lever.co/railroad19,"https://api.lever.co/v0/postings/railroad19?mode=json"
lever,reachpower,2,https://jobs.lever.co/reachpower,"https://api.lever.co/v0/postings/reachpower?mode=json"
lever,recast-software,2,https://jobs.lever.co/recast-software,"https://api.lever.co/v0/postings/recast-software?mode=json"
lever,reveneer,2,https://jobs.lever.co/reveneer,"https://api.lever.co/v0/postings/reveneer?mode=json"
lever,revenueanalytics,2,https://jobs.lever.co/revenueanalytics,"https://api.lever.co/v0/postings/revenueanalytics?mode=json"
lever,rezotx,2,https://jobs.lever.co/rezotx,"https://api.lever.co/v0/postings/rezotx?mode=json"
lever,seedify-fund,2,https://jobs.lever.co/seedify-fund,"https://api.lever.co/v0/postings/seedify-fund?mode=json"
lever,sfgiants,2,https://jobs.lever.co/sfgiants,"https://api.lever.co/v0/postings/sfgiants?mode=json"
lever,shakacode,2,https://jobs.lever.co/shakacode,"https://api.lever.co/v0/postings/shakacode?mode=json"
lever,shopreli,2,https://jobs.lever.co/shopreli,"https://api.lever.co/v0/postings/shopreli?mode=json"
lever,soraschools,2,https://jobs.lever.co/soraschools,"https://api.lever.co/v0/postings/soraschools?mode=json"
lever,spiceai,2,https://jobs.lever.co/spiceai,"https://api.lever.co/v0/postings/spiceai?mode=json"
lever,spine-media,2,https://jobs.lever.co/spine-media,"https://api.lever.co/v0/postings/spine-media?mode=json"
lever,staffingfitness,2,https://jobs.lever.co/staffingfitness,"https://api.lever.co/v0/postings/staffingfitness?mode=json"
lever,stemprepacademy,2,https://jobs.lever.co/stemprepacademy,"https://api.lever.co/v0/postings/stemprepacademy?mode=json"
lever,stradaeducation,2,https://jobs.lever.co/stradaeducation,"https://api.lever.co/v0/postings/stradaeducation?mode=json"
lever,super,2,https://jobs.lever.co/super,"https://api.lever.co/v0/postings/super?mode=json"
lever,supermove,2,https://jobs.lever.co/supermove,"https://api.lever.co/v0/postings/supermove?mode=json"
lever,supportkind,2,https://jobs.lever.co/supportkind,"https://api.lever.co/v0/postings/supportkind?mode=json"
lever,surglogs,2,https://jobs.lever.co/surglogs,"https://api.lever.co/v0/postings/surglogs?mode=json"
lever,swiftlynx,2,https://jobs.lever.co/swiftlynx,"https://api.lever.co/v0/postings/swiftlynx?mode=json"
lever,swissblock,2,https://jobs.lever.co/swissblock,"https://api.lever.co/v0/postings/swissblock?mode=json"
lever,synolotx,2,https://jobs.lever.co/synolotx,"https://api.lever.co/v0/postings/synolotx?mode=json"
lever,tendo,2,https://jobs.lever.co/tendo,"https://api.lever.co/v0/postings/tendo?mode=json"
lever,thefreeosk,2,https://jobs.lever.co/thefreeosk,"https://api.lever.co/v0/postings/thefreeosk?mode=json"
lever,thunkable,2,https://jobs.lever.co/thunkable,"https://api.lever.co/v0/postings/thunkable?mode=json"
lever,tinybird,2,https://jobs.lever.co/tinybird,"https://api.lever.co/v0/postings/tinybird?mode=json"
lever,toku,2,https://jobs.lever.co/toku,"https://api.lever.co/v0/postings/toku?mode=json"
lever,tonkean,2,https://jobs.lever.co/tonkean,"https://api.lever.co/v0/postings/tonkean?mode=json"
lever,traackr,2,https://jobs.lever.co/traackr,"https://api.lever.co/v0/postings/traackr?mode=json"
lever,treering,2,https://jobs.lever.co/treering,"https://api.lever.co/v0/postings/treering?mode=json"
lever,turvo,2,https://jobs.lever.co/turvo,"https://api.lever.co/v0/postings/turvo?mode=json"
lever,twingate,2,https://jobs.lever.co/twingate,"https://api.lever.co/v0/postings/twingate?mode=json"
lever,verdigris,2,https://jobs.lever.co/verdigris,"https://api.lever.co/v0/postings/verdigris?mode=json"
lever,verifiable,2,https://jobs.lever.co/verifiable,"https://api.lever.co/v0/postings/verifiable?mode=json"
lever,viaseparations,2,https://jobs.lever.co/viaseparations,"https://api.lever.co/v0/postings/viaseparations?mode=json"
lever,viome,2,https://jobs.lever.co/viome,"https://api.lever.co/v0/postings/viome?mode=json"
lever,visby,2,https://jobs.lever.co/visby,"https://api.lever.co/v0/postings/visby?mode=json"
lever,vivrelle,2,https://jobs.lever.co/vivrelle,"https://api.lever.co/v0/postings/vivrelle?mode=json"
lever,voltai,2,https://jobs.lever.co/voltai,"https://api.lever.co/v0/postings/voltai?mode=json"
lever,voltalabs,2,https://jobs.lever.co/voltalabs,"https://api.lever.co/v0/postings/voltalabs?mode=json"
lever,vtg,2,https://jobs.lever.co/vtg,"https://api.lever.co/v0/postings/vtg?mode=json"
lever,yardstick,2,https://jobs.lever.co/yardstick,"https://api.lever.co/v0/postings/yardstick?mode=json"
lever,zambezi,2,https://jobs.lever.co/zambezi,"https://api.lever.co/v0/postings/zambezi?mode=json"
lever,2os,1,https://jobs.lever.co/2os,"https://api.lever.co/v0/postings/2os?mode=json"
lever,actriv,1,https://jobs.lever.co/actriv,"https://api.lever.co/v0/postings/actriv?mode=json"
lever,adhoclabs,1,https://jobs.lever.co/adhoclabs,"https://api.lever.co/v0/postings/adhoclabs?mode=json"
lever,airtm,1,https://jobs.lever.co/airtm,"https://api.lever.co/v0/postings/airtm?mode=json"
lever,alltrails,1,https://jobs.lever.co/alltrails,"https://api.lever.co/v0/postings/alltrails?mode=json"
lever,anagramsecurity,1,https://jobs.lever.co/anagramsecurity,"https://api.lever.co/v0/postings/anagramsecurity?mode=json"
lever,anomaly,1,https://jobs.lever.co/anomaly,"https://api.lever.co/v0/postings/anomaly?mode=json"
lever,anyroad,1,https://jobs.lever.co/anyroad,"https://api.lever.co/v0/postings/anyroad?mode=json"
lever,anyscale,1,https://jobs.lever.co/anyscale,"https://api.lever.co/v0/postings/anyscale?mode=json"
lever,appcues-2,1,https://jobs.lever.co/appcues-2,"https://api.lever.co/v0/postings/appcues-2?mode=json"
lever,arbitrum-opco,1,https://jobs.lever.co/arbitrum-opco,"https://api.lever.co/v0/postings/arbitrum-opco?mode=json"
lever,arsenalbio,1,https://jobs.lever.co/arsenalbio,"https://api.lever.co/v0/postings/arsenalbio?mode=json"
lever,articulate,1,https://jobs.lever.co/articulate,"https://api.lever.co/v0/postings/articulate?mode=json"
lever,artifactuprising.com,1,https://jobs.lever.co/artifactuprising.com,"https://api.lever.co/v0/postings/artifactuprising.com?mode=json"
lever,atavistik-bio,1,https://jobs.lever.co/atavistik-bio,"https://api.lever.co/v0/postings/atavistik-bio?mode=json"
lever,australianethical,1,https://jobs.lever.co/australianethical,"https://api.lever.co/v0/postings/australianethical?mode=json"
lever,autofi,1,https://jobs.lever.co/autofi,"https://api.lever.co/v0/postings/autofi?mode=json"
lever,bananajobs,1,https://jobs.lever.co/bananajobs,"https://api.lever.co/v0/postings/bananajobs?mode=json"
lever,bedrockenergy,1,https://jobs.lever.co/bedrockenergy,"https://api.lever.co/v0/postings/bedrockenergy?mode=json"
lever,benchsci,1,https://jobs.lever.co/benchsci,"https://api.lever.co/v0/postings/benchsci?mode=json"
lever,bentoboxent,1,https://jobs.lever.co/bentoboxent,"https://api.lever.co/v0/postings/bentoboxent?mode=json"
lever,bighealth,1,https://jobs.lever.co/bighealth,"https://api.lever.co/v0/postings/bighealth?mode=json"
lever,biobus.org,1,https://jobs.lever.co/biobus.org,"https://api.lever.co/v0/postings/biobus.org?mode=json"
lever,biorender,1,https://jobs.lever.co/biorender,"https://api.lever.co/v0/postings/biorender?mode=json"
lever,bizaway,1,https://jobs.lever.co/bizaway,"https://api.lever.co/v0/postings/bizaway?mode=json"
lever,bizlibrary,1,https://jobs.lever.co/bizlibrary,"https://api.lever.co/v0/postings/bizlibrary?mode=json"
lever,branch.gg,1,https://jobs.lever.co/branch.gg,"https://api.lever.co/v0/postings/branch.gg?mode=json"
lever,cambiumnetworks,1,https://jobs.lever.co/cambiumnetworks,"https://api.lever.co/v0/postings/cambiumnetworks?mode=json"
lever,candidate,1,https://jobs.lever.co/candidate,"https://api.lever.co/v0/postings/candidate?mode=json"
lever,cardiologs,1,https://jobs.lever.co/cardiologs,"https://api.lever.co/v0/postings/cardiologs?mode=json"
lever,cascade-climate,1,https://jobs.lever.co/cascade-climate,"https://api.lever.co/v0/postings/cascade-climate?mode=json"
lever,catalate,1,https://jobs.lever.co/catalate,"https://api.lever.co/v0/postings/catalate?mode=json"
lever,centerlinebiomedical.com,1,https://jobs.lever.co/centerlinebiomedical.com,"https://api.lever.co/v0/postings/centerlinebiomedical.com?mode=json"
lever,centrifuge,1,https://jobs.lever.co/centrifuge,"https://api.lever.co/v0/postings/centrifuge?mode=json"
lever,channelape,1,https://jobs.lever.co/channelape,"https://api.lever.co/v0/postings/channelape?mode=json"
lever,chargezoom,1,https://jobs.lever.co/chargezoom,"https://api.lever.co/v0/postings/chargezoom?mode=json"
lever,cherre,1,https://jobs.lever.co/cherre,"https://api.lever.co/v0/postings/cherre?mode=json"
lever,chestnutcarbon,1,https://jobs.lever.co/chestnutcarbon,"https://api.lever.co/v0/postings/chestnutcarbon?mode=json"
lever,ciceksepeti,1,https://jobs.lever.co/ciceksepeti,"https://api.lever.co/v0/postings/ciceksepeti?mode=json"
lever,clicktime,1,https://jobs.lever.co/clicktime,"https://api.lever.co/v0/postings/clicktime?mode=json"
lever,coingecko,1,https://jobs.lever.co/coingecko,"https://api.lever.co/v0/postings/coingecko?mode=json"
lever,commonfuture,1,https://jobs.lever.co/commonfuture,"https://api.lever.co/v0/postings/commonfuture?mode=json"
lever,commonlit,1,https://jobs.lever.co/commonlit,"https://api.lever.co/v0/postings/commonlit?mode=json"
lever,connext-network,1,https://jobs.lever.co/connext-network,"https://api.lever.co/v0/postings/connext-network?mode=json"
lever,continuumglobal,1,https://jobs.lever.co/continuumglobal,"https://api.lever.co/v0/postings/continuumglobal?mode=json"
lever,copilotkit,1,https://jobs.lever.co/copilotkit,"https://api.lever.co/v0/postings/copilotkit?mode=json"
lever,creatordeck,1,https://jobs.lever.co/creatordeck,"https://api.lever.co/v0/postings/creatordeck?mode=json"
lever,crowdriff,1,https://jobs.lever.co/crowdriff,"https://api.lever.co/v0/postings/crowdriff?mode=json"
lever,cubegroup,1,https://jobs.lever.co/cubegroup,"https://api.lever.co/v0/postings/cubegroup?mode=json"
lever,cygn,1,https://jobs.lever.co/cygn,"https://api.lever.co/v0/postings/cygn?mode=json"
lever,danti.ai,1,https://jobs.lever.co/danti.ai,"https://api.lever.co/v0/postings/danti.ai?mode=json"
lever,demiurgestudios,1,https://jobs.lever.co/demiurgestudios,"https://api.lever.co/v0/postings/demiurgestudios?mode=json"
lever,developintelligence,1,https://jobs.lever.co/developintelligence,"https://api.lever.co/v0/postings/developintelligence?mode=json"
lever,doranjones,1,https://jobs.lever.co/doranjones,"https://api.lever.co/v0/postings/doranjones?mode=json"
lever,encore-renewable-energy,1,https://jobs.lever.co/encore-renewable-energy,"https://api.lever.co/v0/postings/encore-renewable-energy?mode=json"
lever,energeticcapital,1,https://jobs.lever.co/energeticcapital,"https://api.lever.co/v0/postings/energeticcapital?mode=json"
lever,engine,1,https://jobs.lever.co/engine,"https://api.lever.co/v0/postings/engine?mode=json"
lever,engine-ventures,1,https://jobs.lever.co/engine-ventures,"https://api.lever.co/v0/postings/engine-ventures?mode=json"
lever,enhanced-us,1,https://jobs.lever.co/enhanced-us,"https://api.lever.co/v0/postings/enhanced-us?mode=json"
lever,erpsuccesspartners,1,https://jobs.lever.co/erpsuccesspartners,"https://api.lever.co/v0/postings/erpsuccesspartners?mode=json"
lever,evergreenstrategygroup,1,https://jobs.lever.co/evergreenstrategygroup,"https://api.lever.co/v0/postings/evergreenstrategygroup?mode=json"
lever,evrealty-us,1,https://jobs.lever.co/evrealty-us,"https://api.lever.co/v0/postings/evrealty-us?mode=json"
lever,fireflyon,1,https://jobs.lever.co/fireflyon,"https://api.lever.co/v0/postings/fireflyon?mode=json"
lever,forourfuturefund,1,https://jobs.lever.co/forourfuturefund,"https://api.lever.co/v0/postings/forourfuturefund?mode=json"
lever,fuellabs,1,https://jobs.lever.co/fuellabs,"https://api.lever.co/v0/postings/fuellabs?mode=json"
lever,futurenow,1,https://jobs.lever.co/futurenow,"https://api.lever.co/v0/postings/futurenow?mode=json"
lever,gagezero,1,https://jobs.lever.co/gagezero,"https://api.lever.co/v0/postings/gagezero?mode=json"
lever,getdeardoc,1,https://jobs.lever.co/getdeardoc,"https://api.lever.co/v0/postings/getdeardoc?mode=json"
lever,globalstrategygroup,1,https://jobs.lever.co/globalstrategygroup,"https://api.lever.co/v0/postings/globalstrategygroup?mode=json"
lever,glow.co,1,https://jobs.lever.co/glow.co,"https://api.lever.co/v0/postings/glow.co?mode=json"
lever,gouconnect,1,https://jobs.lever.co/gouconnect,"https://api.lever.co/v0/postings/gouconnect?mode=json"
lever,guardsquare,1,https://jobs.lever.co/guardsquare,"https://api.lever.co/v0/postings/guardsquare?mode=json"
lever,gynger,1,https://jobs.lever.co/gynger,"https://api.lever.co/v0/postings/gynger?mode=json"
lever,harmonicdesign,1,https://jobs.lever.co/harmonicdesign,"https://api.lever.co/v0/postings/harmonicdesign?mode=json"
lever,hartizenhomes,1,https://jobs.lever.co/hartizenhomes,"https://api.lever.co/v0/postings/hartizenhomes?mode=json"
lever,healpros,1,https://jobs.lever.co/healpros,"https://api.lever.co/v0/postings/healpros?mode=json"
lever,healthmark-group,1,https://jobs.lever.co/healthmark-group,"https://api.lever.co/v0/postings/healthmark-group?mode=json"
lever,hellomongoose,1,https://jobs.lever.co/hellomongoose,"https://api.lever.co/v0/postings/hellomongoose?mode=json"
lever,hellotickets,1,https://jobs.lever.co/hellotickets,"https://api.lever.co/v0/postings/hellotickets?mode=json"
lever,hevo,1,https://jobs.lever.co/hevo,"https://api.lever.co/v0/postings/hevo?mode=json"
lever,hivemind-capital,1,https://jobs.lever.co/hivemind-capital,"https://api.lever.co/v0/postings/hivemind-capital?mode=json"
lever,horizon,1,https://jobs.lever.co/horizon,"https://api.lever.co/v0/postings/horizon?mode=json"
lever,hsag,1,https://jobs.lever.co/hsag,"https://api.lever.co/v0/postings/hsag?mode=json"
lever,humata,1,https://jobs.lever.co/humata,"https://api.lever.co/v0/postings/humata?mode=json"
lever,ifeel,1,https://jobs.lever.co/ifeel,"https://api.lever.co/v0/postings/ifeel?mode=json"
lever,illumination,1,https://jobs.lever.co/illumination,"https://api.lever.co/v0/postings/illumination?mode=json"
lever,imagexmedia,1,https://jobs.lever.co/imagexmedia,"https://api.lever.co/v0/postings/imagexmedia?mode=json"
lever,inpay-2,1,https://jobs.lever.co/inpay-2,"https://api.lever.co/v0/postings/inpay-2?mode=json"
lever,invohealthcare,1,https://jobs.lever.co/invohealthcare,"https://api.lever.co/v0/postings/invohealthcare?mode=json"
lever,januaryinc,1,https://jobs.lever.co/januaryinc,"https://api.lever.co/v0/postings/januaryinc?mode=json"
lever,joelefrank,1,https://jobs.lever.co/joelefrank,"https://api.lever.co/v0/postings/joelefrank?mode=json"
lever,kapwing,1,https://jobs.lever.co/kapwing,"https://api.lever.co/v0/postings/kapwing?mode=json"
lever,kinsta,1,https://jobs.lever.co/kinsta,"https://api.lever.co/v0/postings/kinsta?mode=json"
lever,korrobio,1,https://jobs.lever.co/korrobio,"https://api.lever.co/v0/postings/korrobio?mode=json"
lever,kruzeconsulting,1,https://jobs.lever.co/kruzeconsulting,"https://api.lever.co/v0/postings/kruzeconsulting?mode=json"
lever,lacunatechnologies,1,https://jobs.lever.co/lacunatechnologies,"https://api.lever.co/v0/postings/lacunatechnologies?mode=json"
lever,lavictoria,1,https://jobs.lever.co/lavictoria,"https://api.lever.co/v0/postings/lavictoria?mode=json"
lever,ledger,1,https://jobs.lever.co/ledger,"https://api.lever.co/v0/postings/ledger?mode=json"
lever,longtail-ai,1,https://jobs.lever.co/longtail-ai,"https://api.lever.co/v0/postings/longtail-ai?mode=json"
lever,lsa-hr,1,https://jobs.lever.co/lsa-hr,"https://api.lever.co/v0/postings/lsa-hr?mode=json"
lever,mammothbiosci,1,https://jobs.lever.co/mammothbiosci,"https://api.lever.co/v0/postings/mammothbiosci?mode=json"
lever,margueritecaseyfoundation,1,https://jobs.lever.co/margueritecaseyfoundation,"https://api.lever.co/v0/postings/margueritecaseyfoundation?mode=json"
lever,marketer-hire,1,https://jobs.lever.co/marketer-hire,"https://api.lever.co/v0/postings/marketer-hire?mode=json"
lever,marqvision,1,https://jobs.lever.co/marqvision,"https://api.lever.co/v0/postings/marqvision?mode=json"
lever,matrixpartners,1,https://jobs.lever.co/matrixpartners,"https://api.lever.co/v0/postings/matrixpartners?mode=json"
lever,meili,1,https://jobs.lever.co/meili,"https://api.lever.co/v0/postings/meili?mode=json"
lever,mirai-foods,1,https://jobs.lever.co/mirai-foods,"https://api.lever.co/v0/postings/mirai-foods?mode=json"
lever,modulate,1,https://jobs.lever.co/modulate,"https://api.lever.co/v0/postings/modulate?mode=json"
lever,moltenindustries,1,https://jobs.lever.co/moltenindustries,"https://api.lever.co/v0/postings/moltenindustries?mode=json"
lever,moonsong-labs,1,https://jobs.lever.co/moonsong-labs,"https://api.lever.co/v0/postings/moonsong-labs?mode=json"
lever,mothernewyork,1,https://jobs.lever.co/mothernewyork,"https://api.lever.co/v0/postings/mothernewyork?mode=json"
lever,motifsystems,1,https://jobs.lever.co/motifsystems,"https://api.lever.co/v0/postings/motifsystems?mode=json"
lever,mrss,1,https://jobs.lever.co/mrss,"https://api.lever.co/v0/postings/mrss?mode=json"
lever,myubiquity,1,https://jobs.lever.co/myubiquity,"https://api.lever.co/v0/postings/myubiquity?mode=json"
lever,nfx,1,https://jobs.lever.co/nfx,"https://api.lever.co/v0/postings/nfx?mode=json"
lever,nomadmktg,1,https://jobs.lever.co/nomadmktg,"https://api.lever.co/v0/postings/nomadmktg?mode=json"
lever,onceuponafarm,1,https://jobs.lever.co/onceuponafarm,"https://api.lever.co/v0/postings/onceuponafarm?mode=json"
lever,pansns,1,https://jobs.lever.co/pansns,"https://api.lever.co/v0/postings/pansns?mode=json"
lever,paramobility,1,https://jobs.lever.co/paramobility,"https://api.lever.co/v0/postings/paramobility?mode=json"
lever,pillarbiosciences,1,https://jobs.lever.co/pillarbiosciences,"https://api.lever.co/v0/postings/pillarbiosciences?mode=json"
lever,piplabs,1,https://jobs.lever.co/piplabs,"https://api.lever.co/v0/postings/piplabs?mode=json"
lever,pison,1,https://jobs.lever.co/pison,"https://api.lever.co/v0/postings/pison?mode=json"
lever,postera,1,https://jobs.lever.co/postera,"https://api.lever.co/v0/postings/postera?mode=json"
lever,pozy,1,https://jobs.lever.co/pozy,"https://api.lever.co/v0/postings/pozy?mode=json"
lever,ppmontana,1,https://jobs.lever.co/ppmontana,"https://api.lever.co/v0/postings/ppmontana?mode=json"
lever,ppsworegon,1,https://jobs.lever.co/ppsworegon,"https://api.lever.co/v0/postings/ppsworegon?mode=json"
lever,precede,1,https://jobs.lever.co/precede,"https://api.lever.co/v0/postings/precede?mode=json"
lever,primefiber,1,https://jobs.lever.co/primefiber,"https://api.lever.co/v0/postings/primefiber?mode=json"
lever,prizeout,1,https://jobs.lever.co/prizeout,"https://api.lever.co/v0/postings/prizeout?mode=json"
lever,projectkittyhawk,1,https://jobs.lever.co/projectkittyhawk,"https://api.lever.co/v0/postings/projectkittyhawk?mode=json"
lever,proof,1,https://jobs.lever.co/proof,"https://api.lever.co/v0/postings/proof?mode=json"
lever,propsolutionsgroup,1,https://jobs.lever.co/propsolutionsgroup,"https://api.lever.co/v0/postings/propsolutionsgroup?mode=json"
lever,psivant,1,https://jobs.lever.co/psivant,"https://api.lever.co/v0/postings/psivant?mode=json"
lever,qloo,1,https://jobs.lever.co/qloo,"https://api.lever.co/v0/postings/qloo?mode=json"
lever,quantcast,1,https://jobs.lever.co/quantcast,"https://api.lever.co/v0/postings/quantcast?mode=json"
lever,quartzy,1,https://jobs.lever.co/quartzy,"https://api.lever.co/v0/postings/quartzy?mode=json"
lever,quilted-health,1,https://jobs.lever.co/quilted-health,"https://api.lever.co/v0/postings/quilted-health?mode=json"
lever,quixel,1,https://jobs.lever.co/quixel,"https://api.lever.co/v0/postings/quixel?mode=json"
lever,realself,1,https://jobs.lever.co/realself,"https://api.lever.co/v0/postings/realself?mode=json"
lever,remofirst,1,https://jobs.lever.co/remofirst,"https://api.lever.co/v0/postings/remofirst?mode=json"
lever,researchgate,1,https://jobs.lever.co/researchgate,"https://api.lever.co/v0/postings/researchgate?mode=json"
lever,rhinobackroofing,1,https://jobs.lever.co/rhinobackroofing,"https://api.lever.co/v0/postings/rhinobackroofing?mode=json"
lever,richards-services,1,https://jobs.lever.co/richards-services,"https://api.lever.co/v0/postings/richards-services?mode=json"
lever,rocketcommunications,1,https://jobs.lever.co/rocketcommunications,"https://api.lever.co/v0/postings/rocketcommunications?mode=json"
lever,rubyplay,1,https://jobs.lever.co/rubyplay,"https://api.lever.co/v0/postings/rubyplay?mode=json"
lever,rupa,1,https://jobs.lever.co/rupa,"https://api.lever.co/v0/postings/rupa?mode=json"
lever,sakon,1,https://jobs.lever.co/sakon,"https://api.lever.co/v0/postings/sakon?mode=json"
lever,sapling,1,https://jobs.lever.co/sapling,"https://api.lever.co/v0/postings/sapling?mode=json"
lever,sentibio,1,https://jobs.lever.co/sentibio,"https://api.lever.co/v0/postings/sentibio?mode=json"
lever,shiru,1,https://jobs.lever.co/shiru,"https://api.lever.co/v0/postings/shiru?mode=json"
lever,siteground,1,https://jobs.lever.co/siteground,"https://api.lever.co/v0/postings/siteground?mode=json"
lever,skima,1,https://jobs.lever.co/skima,"https://api.lever.co/v0/postings/skima?mode=json"
lever,skypointcloud,1,https://jobs.lever.co/skypointcloud,"https://api.lever.co/v0/postings/skypointcloud?mode=json"
lever,skyslope,1,https://jobs.lever.co/skyslope,"https://api.lever.co/v0/postings/skyslope?mode=json"
lever,softdocs,1,https://jobs.lever.co/softdocs,"https://api.lever.co/v0/postings/softdocs?mode=json"
lever,spyglass,1,https://jobs.lever.co/spyglass,"https://api.lever.co/v0/postings/spyglass?mode=json"
lever,squirepb,1,https://jobs.lever.co/squirepb,"https://api.lever.co/v0/postings/squirepb?mode=json"
lever,stackhawk,1,https://jobs.lever.co/stackhawk,"https://api.lever.co/v0/postings/stackhawk?mode=json"
lever,stardog,1,https://jobs.lever.co/stardog,"https://api.lever.co/v0/postings/stardog?mode=json"
lever,stockpile,1,https://jobs.lever.co/stockpile,"https://api.lever.co/v0/postings/stockpile?mode=json"
lever,sundrivesolar,1,https://jobs.lever.co/sundrivesolar,"https://api.lever.co/v0/postings/sundrivesolar?mode=json"
lever,surpassgames,1,https://jobs.lever.co/surpassgames,"https://api.lever.co/v0/postings/surpassgames?mode=json"
lever,tdaboulder,1,https://jobs.lever.co/tdaboulder,"https://api.lever.co/v0/postings/tdaboulder?mode=json"
lever,technexus,1,https://jobs.lever.co/technexus,"https://api.lever.co/v0/postings/technexus?mode=json"
lever,thalolabs,1,https://jobs.lever.co/thalolabs,"https://api.lever.co/v0/postings/thalolabs?mode=json"
lever,thehousemajoritypac,1,https://jobs.lever.co/thehousemajoritypac,"https://api.lever.co/v0/postings/thehousemajoritypac?mode=json"
lever,theorycraftgames,1,https://jobs.lever.co/theorycraftgames,"https://api.lever.co/v0/postings/theorycraftgames?mode=json"
lever,tildei,1,https://jobs.lever.co/tildei,"https://api.lever.co/v0/postings/tildei?mode=json"
lever,tonic,1,https://jobs.lever.co/tonic,"https://api.lever.co/v0/postings/tonic?mode=json"
lever,topicalsrx,1,https://jobs.lever.co/topicalsrx,"https://api.lever.co/v0/postings/topicalsrx?mode=json"
lever,tpgsi,1,https://jobs.lever.co/tpgsi,"https://api.lever.co/v0/postings/tpgsi?mode=json"
lever,transparentpartners,1,https://jobs.lever.co/transparentpartners,"https://api.lever.co/v0/postings/transparentpartners?mode=json"
lever,travertine,1,https://jobs.lever.co/travertine,"https://api.lever.co/v0/postings/travertine?mode=json"
lever,trio,1,https://jobs.lever.co/trio,"https://api.lever.co/v0/postings/trio?mode=json"
lever,tripscout,1,https://jobs.lever.co/tripscout,"https://api.lever.co/v0/postings/tripscout?mode=json"
lever,trivenibio,1,https://jobs.lever.co/trivenibio,"https://api.lever.co/v0/postings/trivenibio?mode=json"
lever,ucsf,1,https://jobs.lever.co/ucsf,"https://api.lever.co/v0/postings/ucsf?mode=json"
lever,unifyconsulting,1,https://jobs.lever.co/unifyconsulting,"https://api.lever.co/v0/postings/unifyconsulting?mode=json"
lever,uqual,1,https://jobs.lever.co/uqual,"https://api.lever.co/v0/postings/uqual?mode=json"
lever,util-assist,1,https://jobs.lever.co/util-assist,"https://api.lever.co/v0/postings/util-assist?mode=json"
lever,veonhq,1,https://jobs.lever.co/veonhq,"https://api.lever.co/v0/postings/veonhq?mode=json"
lever,verisinsights,1,https://jobs.lever.co/verisinsights,"https://api.lever.co/v0/postings/verisinsights?mode=json"
lever,viget,1,https://jobs.lever.co/viget,"https://api.lever.co/v0/postings/viget?mode=json"
lever,villa-homes,1,https://jobs.lever.co/villa-homes,"https://api.lever.co/v0/postings/villa-homes?mode=json"
lever,vipdesk,1,https://jobs.lever.co/vipdesk,"https://api.lever.co/v0/postings/vipdesk?mode=json"
lever,voxy-engen,1,https://jobs.lever.co/voxy-engen,"https://api.lever.co/v0/postings/voxy-engen?mode=json"
lever,waitwhat,1,https://jobs.lever.co/waitwhat,"https://api.lever.co/v0/postings/waitwhat?mode=json"
lever,whereby,1,https://jobs.lever.co/whereby,"https://api.lever.co/v0/postings/whereby?mode=json"
lever,whiterabbit,1,https://jobs.lever.co/whiterabbit,"https://api.lever.co/v0/postings/whiterabbit?mode=json"
lever,wilburlabs,1,https://jobs.lever.co/wilburlabs,"https://api.lever.co/v0/postings/wilburlabs?mode=json"
lever,yardzen,1,https://jobs.lever.co/yardzen,"https://api.lever.co/v0/postings/yardzen?mode=json"
lever,zerion,1,https://jobs.lever.co/zerion,"https://api.lever.co/v0/postings/zerion?mode=json"
lever,zinovo,1,https://jobs.lever.co/zinovo,"https://api.lever.co/v0/postings/zinovo?mode=json"
