provider,token,open_postings,board_url
greenhouse,0verwatch,1,https://job-boards.greenhouse.io/0verwatch
greenhouse,1456754456yhgbhfg,1,https://job-boards.greenhouse.io/1456754456yhgbhfg
greenhouse,1stdibscom,3,https://job-boards.greenhouse.io/1stdibscom
greenhouse,2026_summer_intern_program,2,https://job-boards.greenhouse.io/2026_summer_intern_program
greenhouse,2kczech,7,https://job-boards.greenhouse.io/2kczech
greenhouse,30thstreetanimalhospital,3,https://job-boards.greenhouse.io/30thstreetanimalhospital
greenhouse,3dayblindscorporate,3,https://job-boards.greenhouse.io/3dayblindscorporate
greenhouse,3dayblindsmanagementandsupport,14,https://job-boards.greenhouse.io/3dayblindsmanagementandsupport
greenhouse,4dmoleculartherapeutics,11,https://job-boards.greenhouse.io/4dmoleculartherapeutics
greenhouse,4lu44n1n37w012k,16,https://job-boards.greenhouse.io/4lu44n1n37w012k
greenhouse,55564patriot334567software868575745,3,https://job-boards.greenhouse.io/55564patriot334567software868575745
greenhouse,617mediagroup,9,https://job-boards.greenhouse.io/617mediagroup
greenhouse,9thwayinsignia,13,https://job-boards.greenhouse.io/9thwayinsignia
greenhouse,a1msolutions,3,https://job-boards.greenhouse.io/a1msolutions
greenhouse,aacpnw,42,https://job-boards.greenhouse.io/aacpnw
greenhouse,aalphabio,2,https://job-boards.greenhouse.io/aalphabio
greenhouse,aavantgardebio,1,https://job-boards.greenhouse.io/aavantgardebio
greenhouse,abacuslc,3,https://job-boards.greenhouse.io/abacuslc
greenhouse,abilitypath,9,https://job-boards.greenhouse.io/abilitypath
greenhouse,abiologics,2,https://job-boards.greenhouse.io/abiologics
greenhouse,absolutesecurityintl,24,https://job-boards.greenhouse.io/absolutesecurityintl
greenhouse,acceleratepeople,2,https://job-boards.greenhouse.io/acceleratepeople
greenhouse,accesshealthca,9,https://job-boards.greenhouse.io/accesshealthca
greenhouse,achieversearlycollegeprep,20,https://job-boards.greenhouse.io/achieversearlycollegeprep
greenhouse,activate,3,https://job-boards.greenhouse.io/activate
greenhouse,adamsstreetpartners,19,https://job-boards.greenhouse.io/adamsstreetpartners
greenhouse,adamsstreetpartnersearlycareers,1,https://job-boards.greenhouse.io/adamsstreetpartnersearlycareers
greenhouse,adapter,4,https://job-boards.greenhouse.io/adapter
greenhouse,adaptivebiotechnologies,23,https://job-boards.greenhouse.io/adaptivebiotechnologies
greenhouse,adjustjobs,20,https://job-boards.greenhouse.io/adjustjobs
greenhouse,advertisementstrikeltd,16,https://job-boards.greenhouse.io/advertisementstrikeltd
greenhouse,advocateslawcareers,4,https://job-boards.greenhouse.io/advocateslawcareers
greenhouse,aeyeinc,4,https://job-boards.greenhouse.io/aeyeinc
greenhouse,afcvolunteers,1,https://job-boards.greenhouse.io/afcvolunteers
greenhouse,ag,3,https://job-boards.greenhouse.io/ag
greenhouse,ageoflearninginc,8,https://job-boards.greenhouse.io/ageoflearninginc
greenhouse,agibankvagasfuturas,37,https://job-boards.greenhouse.io/agibankvagasfuturas
greenhouse,agopportunistic,1,https://job-boards.greenhouse.io/agopportunistic
greenhouse,agri-access,2,https://job-boards.greenhouse.io/agri-access
greenhouse,aidashinc,6,https://job-boards.greenhouse.io/aidashinc
greenhouse,air,34,https://job-boards.greenhouse.io/air
greenhouse,airtamejobs,3,https://job-boards.greenhouse.io/airtamejobs
greenhouse,aiviq,5,https://job-boards.greenhouse.io/aiviq
greenhouse,ajtutoring,24,https://job-boards.greenhouse.io/ajtutoring
greenhouse,akerotherapeutics,1,https://job-boards.greenhouse.io/akerotherapeutics
greenhouse,aks-internships,1,https://job-boards.greenhouse.io/aks-internships
greenhouse,albertmackenziellp,9,https://job-boards.greenhouse.io/albertmackenziellp
greenhouse,alemnafora,5,https://job-boards.greenhouse.io/alemnafora
greenhouse,alkeus,2,https://job-boards.greenhouse.io/alkeus
greenhouse,all4seasons,3,https://job-boards.greenhouse.io/all4seasons
greenhouse,allenanimalhospital,2,https://job-boards.greenhouse.io/allenanimalhospital
greenhouse,allianceus,2,https://job-boards.greenhouse.io/allianceus
greenhouse,alltrna,2,https://job-boards.greenhouse.io/alltrna
greenhouse,alphataraxia,1,https://job-boards.greenhouse.io/alphataraxia
greenhouse,alphazyme,3,https://job-boards.greenhouse.io/alphazyme
greenhouse,alpineeagle,17,https://job-boards.greenhouse.io/alpineeagle
greenhouse,alpineinternships-private,1,https://job-boards.greenhouse.io/alpineinternships-private
greenhouse,altamiratechnologies,3,https://job-boards.greenhouse.io/altamiratechnologies
greenhouse,altisales,4,https://job-boards.greenhouse.io/altisales
greenhouse,aluraluxuryapts,3,https://job-boards.greenhouse.io/aluraluxuryapts
greenhouse,alveole-partnerships,10,https://job-boards.greenhouse.io/alveole-partnerships
greenhouse,ameelio,2,https://job-boards.greenhouse.io/ameelio
greenhouse,americanmanagementservices,3,https://job-boards.greenhouse.io/americanmanagementservices
greenhouse,americanpublichealthassociation,13,https://job-boards.greenhouse.io/americanpublichealthassociation
greenhouse,amorepacificusinc,30,https://job-boards.greenhouse.io/amorepacificusinc
greenhouse,amperesand,43,https://job-boards.greenhouse.io/amperesand
greenhouse,ampliform,1,https://job-boards.greenhouse.io/ampliform
greenhouse,analyst1,3,https://job-boards.greenhouse.io/analyst1
greenhouse,analyticservicesinc,80,https://job-boards.greenhouse.io/analyticservicesinc
greenhouse,ancoris,1,https://job-boards.greenhouse.io/ancoris
greenhouse,anderscpasadvisors,18,https://job-boards.greenhouse.io/anderscpasadvisors
greenhouse,animalcarecenterpearisburg,2,https://job-boards.greenhouse.io/animalcarecenterpearisburg
greenhouse,animalcarecenterprinceton,4,https://job-boards.greenhouse.io/animalcarecenterprinceton
greenhouse,annexushealth,2,https://job-boards.greenhouse.io/annexushealth
greenhouse,antaresrx,4,https://job-boards.greenhouse.io/antaresrx
greenhouse,anthosfamilyoffice,1,https://job-boards.greenhouse.io/anthosfamilyoffice
greenhouse,aottechnologies,9,https://job-boards.greenhouse.io/aottechnologies
greenhouse,apadmi,15,https://job-boards.greenhouse.io/apadmi
greenhouse,apartmenttherapymedia,3,https://job-boards.greenhouse.io/apartmenttherapymedia
greenhouse,apcco,3,https://job-boards.greenhouse.io/apcco
greenhouse,apercenpartnersllc,2,https://job-boards.greenhouse.io/apercenpartnersllc
greenhouse,apexit,40,https://job-boards.greenhouse.io/apexit
greenhouse,apexskincareers,21,https://job-boards.greenhouse.io/apexskincareers
greenhouse,apollosyndicate1969,6,https://job-boards.greenhouse.io/apollosyndicate1969
greenhouse,appliedengineering_genapp,1,https://job-boards.greenhouse.io/appliedengineering_genapp
greenhouse,appliedvr,6,https://job-boards.greenhouse.io/appliedvr
greenhouse,applytonumeral,3,https://job-boards.greenhouse.io/applytonumeral
greenhouse,applytopopulate,6,https://job-boards.greenhouse.io/applytopopulate
greenhouse,applytoprecedent,1,https://job-boards.greenhouse.io/applytoprecedent
greenhouse,applytosuno,2,https://job-boards.greenhouse.io/applytosuno
greenhouse,applytoterial,1,https://job-boards.greenhouse.io/applytoterial
greenhouse,appviewxall,1,https://job-boards.greenhouse.io/appviewxall
greenhouse,appviewxforwomen,1,https://job-boards.greenhouse.io/appviewxforwomen
greenhouse,aqr,54,https://job-boards.greenhouse.io/aqr
greenhouse,arcadiascience,12,https://job-boards.greenhouse.io/arcadiascience
greenhouse,arceeai,2,https://job-boards.greenhouse.io/arceeai
greenhouse,archrival,5,https://job-boards.greenhouse.io/archrival
greenhouse,arcotech,5,https://job-boards.greenhouse.io/arcotech
greenhouse,arctouch,1,https://job-boards.greenhouse.io/arctouch
greenhouse,arenaclub,9,https://job-boards.greenhouse.io/arenaclub
greenhouse,arenaim,6,https://job-boards.greenhouse.io/arenaim
greenhouse,arevonenergyimpltest,9,https://job-boards.greenhouse.io/arevonenergyimpltest
greenhouse,arielalternatives,1,https://job-boards.greenhouse.io/arielalternatives
greenhouse,arive,4,https://job-boards.greenhouse.io/arive
greenhouse,arizonaliverhealth,20,https://job-boards.greenhouse.io/arizonaliverhealth
greenhouse,armstrongtransportgroup,18,https://job-boards.greenhouse.io/armstrongtransportgroup
greenhouse,arqia,9,https://job-boards.greenhouse.io/arqia
greenhouse,arqitlimited,4,https://job-boards.greenhouse.io/arqitlimited
greenhouse,arsys,11,https://job-boards.greenhouse.io/arsys
greenhouse,arvaintelligence,2,https://job-boards.greenhouse.io/arvaintelligence
greenhouse,ascendtogether,81,https://job-boards.greenhouse.io/ascendtogether
greenhouse,ascenttechnologies,1,https://job-boards.greenhouse.io/ascenttechnologies
greenhouse,asigovernment,5,https://job-boards.greenhouse.io/asigovernment
greenhouse,assemblyhealth,15,https://job-boards.greenhouse.io/assemblyhealth
greenhouse,assessoriadeinvestimentosxp,30,https://job-boards.greenhouse.io/assessoriadeinvestimentosxp
greenhouse,assetreality,5,https://job-boards.greenhouse.io/assetreality
greenhouse,assuresoften,10,https://job-boards.greenhouse.io/assuresoften
greenhouse,atcdevelopment,5,https://job-boards.greenhouse.io/atcdevelopment
greenhouse,atiadvisory,7,https://job-boards.greenhouse.io/atiadvisory
greenhouse,atlanticvalveservices,1,https://job-boards.greenhouse.io/atlanticvalveservices
greenhouse,atomai,1,https://job-boards.greenhouse.io/atomai
greenhouse,audiomob,3,https://job-boards.greenhouse.io/audiomob
greenhouse,audipacific,1,https://job-boards.greenhouse.io/audipacific
greenhouse,auldwhitetalentcommunity,2,https://job-boards.greenhouse.io/auldwhitetalentcommunity
greenhouse,auviknetworks,11,https://job-boards.greenhouse.io/auviknetworks
greenhouse,avalynpharma,9,https://job-boards.greenhouse.io/avalynpharma
greenhouse,avathon,35,https://job-boards.greenhouse.io/avathon
greenhouse,avnos,1,https://job-boards.greenhouse.io/avnos
greenhouse,axiad,8,https://job-boards.greenhouse.io/axiad
greenhouse,axogen,42,https://job-boards.greenhouse.io/axogen
greenhouse,azragames,1,https://job-boards.greenhouse.io/azragames
greenhouse,azragamesoa,1,https://job-boards.greenhouse.io/azragamesoa
greenhouse,b2c2,3,https://job-boards.greenhouse.io/b2c2
greenhouse,babelstreet,13,https://job-boards.greenhouse.io/babelstreet
greenhouse,bakerhicks,117,https://job-boards.greenhouse.io/bakerhicks
greenhouse,banza,2,https://job-boards.greenhouse.io/banza
greenhouse,barkleyokrp,21,https://job-boards.greenhouse.io/barkleyokrp
greenhouse,barriedentist,1,https://job-boards.greenhouse.io/barriedentist
greenhouse,basejobs,2,https://job-boards.greenhouse.io/basejobs
greenhouse,bashdotcom,5,https://job-boards.greenhouse.io/bashdotcom
greenhouse,bathurstdundasdentalclinic,1,https://job-boards.greenhouse.io/bathurstdundasdentalclinic
greenhouse,bauerhockeycascademaveriklacrossefc,2,https://job-boards.greenhouse.io/bauerhockeycascademaveriklacrossefc
greenhouse,baysidefamilydental,1,https://job-boards.greenhouse.io/baysidefamilydental
greenhouse,bbyo,18,https://job-boards.greenhouse.io/bbyo
greenhouse,bccnihlh,3,https://job-boards.greenhouse.io/bccnihlh
greenhouse,bcomsolutions,3,https://job-boards.greenhouse.io/bcomsolutions
greenhouse,beaconpowerservices,3,https://job-boards.greenhouse.io/beaconpowerservices
greenhouse,bearingpoint,8,https://job-boards.greenhouse.io/bearingpoint
greenhouse,beat81,11,https://job-boards.greenhouse.io/beat81
greenhouse,belonghealth,3,https://job-boards.greenhouse.io/belonghealth
greenhouse,beltsvilleveterinaryhospital,2,https://job-boards.greenhouse.io/beltsvilleveterinaryhospital
greenhouse,berkadiatalentpool,1,https://job-boards.greenhouse.io/berkadiatalentpool
greenhouse,besxar,3,https://job-boards.greenhouse.io/besxar
greenhouse,betterdebtsolutions,2,https://job-boards.greenhouse.io/betterdebtsolutions
greenhouse,bettertaxrelief,2,https://job-boards.greenhouse.io/bettertaxrelief
greenhouse,bevlabvet,3,https://job-boards.greenhouse.io/bevlabvet
greenhouse,bgbx,44,https://job-boards.greenhouse.io/bgbx
greenhouse,bgbxconsulting,17,https://job-boards.greenhouse.io/bgbxconsulting
greenhouse,biglickveterinaryservices,1,https://job-boards.greenhouse.io/biglickveterinaryservices
greenhouse,bigticket,7,https://job-boards.greenhouse.io/bigticket
greenhouse,billtrust,24,https://job-boards.greenhouse.io/billtrust
greenhouse,billtrust1,11,https://job-boards.greenhouse.io/billtrust1
greenhouse,bioptimus8,10,https://job-boards.greenhouse.io/bioptimus8
greenhouse,bitfocus,1,https://job-boards.greenhouse.io/bitfocus
greenhouse,blockgraph,1,https://job-boards.greenhouse.io/blockgraph
greenhouse,bluecubeservices,10,https://job-boards.greenhouse.io/bluecubeservices
greenhouse,bluecurrent,19,https://job-boards.greenhouse.io/bluecurrent
greenhouse,blueprinttestprep,1,https://job-boards.greenhouse.io/blueprinttestprep
greenhouse,bluerivertech,14,https://job-boards.greenhouse.io/bluerivertech
greenhouse,bluestatedigital,22,https://job-boards.greenhouse.io/bluestatedigital
greenhouse,blusharkdigital,9,https://job-boards.greenhouse.io/blusharkdigital
greenhouse,bolingbrookvet,4,https://job-boards.greenhouse.io/bolingbrookvet
greenhouse,bondsmith,1,https://job-boards.greenhouse.io/bondsmith
greenhouse,boomilp,46,https://job-boards.greenhouse.io/boomilp
greenhouse,bradken,43,https://job-boards.greenhouse.io/bradken
greenhouse,braineffectjobs,9,https://job-boards.greenhouse.io/braineffectjobs
greenhouse,brainlabs,41,https://job-boards.greenhouse.io/brainlabs
greenhouse,branchmetrics,17,https://job-boards.greenhouse.io/branchmetrics
greenhouse,brandermillanimalhospital,3,https://job-boards.greenhouse.io/brandermillanimalhospital
greenhouse,brandnewschool,5,https://job-boards.greenhouse.io/brandnewschool
greenhouse,breakthroughenergy,2,https://job-boards.greenhouse.io/breakthroughenergy
greenhouse,brennan,7,https://job-boards.greenhouse.io/brennan
greenhouse,bridgewaterassociatescampusrecruitingreferral,1,https://job-boards.greenhouse.io/bridgewaterassociatescampusrecruitingreferral
greenhouse,bridgeway,10,https://job-boards.greenhouse.io/bridgeway
greenhouse,brightfield,1,https://job-boards.greenhouse.io/brightfield
greenhouse,brightstonetherapy,8,https://job-boards.greenhouse.io/brightstonetherapy
greenhouse,bseglobal,30,https://job-boards.greenhouse.io/bseglobal
greenhouse,bstocksolutions,6,https://job-boards.greenhouse.io/bstocksolutions
greenhouse,btgpactualchile,15,https://job-boards.greenhouse.io/btgpactualchile
greenhouse,buckcreekvet,2,https://job-boards.greenhouse.io/buckcreekvet
greenhouse,buckeystownveterinaryhospital,3,https://job-boards.greenhouse.io/buckeystownveterinaryhospital
greenhouse,bucknerinternational,138,https://job-boards.greenhouse.io/bucknerinternational
greenhouse,buildkite-talent-community,1,https://job-boards.greenhouse.io/buildkite-talent-community
greenhouse,builtinintegrationsandbox,2,https://job-boards.greenhouse.io/builtinintegrationsandbox
greenhouse,burnsengineeringinc,34,https://job-boards.greenhouse.io/burnsengineeringinc
greenhouse,bwreferrals,2,https://job-boards.greenhouse.io/bwreferrals
greenhouse,byheart,3,https://job-boards.greenhouse.io/byheart
greenhouse,cabin,5,https://job-boards.greenhouse.io/cabin
greenhouse,caliberhealth,2,https://job-boards.greenhouse.io/caliberhealth
greenhouse,californiainstituteofartsandtechnology,34,https://job-boards.greenhouse.io/californiainstituteofartsandtechnology
greenhouse,cambridgeconsultantslimited,49,https://job-boards.greenhouse.io/cambridgeconsultantslimited
greenhouse,campbellcovington,1,https://job-boards.greenhouse.io/campbellcovington
greenhouse,cancostileandstone,8,https://job-boards.greenhouse.io/cancostileandstone
greenhouse,candidaturasdirecionadasxpinc,16,https://job-boards.greenhouse.io/candidaturasdirecionadasxpinc
greenhouse,cannondale,1,https://job-boards.greenhouse.io/cannondale
greenhouse,canopycare,4,https://job-boards.greenhouse.io/canopycare
greenhouse,capfigroupe,31,https://job-boards.greenhouse.io/capfigroupe
greenhouse,capgeminideutschlandgmbh,106,https://job-boards.greenhouse.io/capgeminideutschlandgmbh
greenhouse,capitalgymnasticscedarpark,1,https://job-boards.greenhouse.io/capitalgymnasticscedarpark
greenhouse,capitalgymnasticsroundrock,1,https://job-boards.greenhouse.io/capitalgymnasticsroundrock
greenhouse,capitolis,3,https://job-boards.greenhouse.io/capitolis
greenhouse,careersatkokua,2,https://job-boards.greenhouse.io/careersatkokua
greenhouse,careersday,8,https://job-boards.greenhouse.io/careersday
greenhouse,careportalinc,14,https://job-boards.greenhouse.io/careportalinc
greenhouse,cariadinc,1,https://job-boards.greenhouse.io/cariadinc
greenhouse,carolinapaydayloansinc,1,https://job-boards.greenhouse.io/carolinapaydayloansinc
greenhouse,cartahealthcare,18,https://job-boards.greenhouse.io/cartahealthcare
greenhouse,caseinpointconsulting,13,https://job-boards.greenhouse.io/caseinpointconsulting
greenhouse,castlebrook,1,https://job-boards.greenhouse.io/castlebrook
greenhouse,castlehill,1,https://job-boards.greenhouse.io/castlehill
greenhouse,cclfg,69,https://job-boards.greenhouse.io/cclfg
greenhouse,cedarsolutionsgroup,1,https://job-boards.greenhouse.io/cedarsolutionsgroup
greenhouse,cellarity,3,https://job-boards.greenhouse.io/cellarity
greenhouse,championhq,1,https://job-boards.greenhouse.io/championhq
greenhouse,championsclubtexas,8,https://job-boards.greenhouse.io/championsclubtexas
greenhouse,changethenypd,1,https://job-boards.greenhouse.io/changethenypd
greenhouse,charleshurst,58,https://job-boards.greenhouse.io/charleshurst
greenhouse,charleshurstdublin,3,https://job-boards.greenhouse.io/charleshurstdublin
greenhouse,charliehealthbehavioralhealthoperations,18,https://job-boards.greenhouse.io/charliehealthbehavioralhealthoperations
greenhouse,charliehealthepd,13,https://job-boards.greenhouse.io/charliehealthepd
greenhouse,charliehealthinternalcandidates,1,https://job-boards.greenhouse.io/charliehealthinternalcandidates
greenhouse,charliehealthoutreach,134,https://job-boards.greenhouse.io/charliehealthoutreach
greenhouse,charterschoolgrowthfund,2,https://job-boards.greenhouse.io/charterschoolgrowthfund
greenhouse,chefman,12,https://job-boards.greenhouse.io/chefman
greenhouse,chessielanevet,4,https://job-boards.greenhouse.io/chessielanevet
greenhouse,chicory,1,https://job-boards.greenhouse.io/chicory
greenhouse,childandfamily,1,https://job-boards.greenhouse.io/childandfamily
greenhouse,childrenstreehouse,4,https://job-boards.greenhouse.io/childrenstreehouse
greenhouse,childrensworld,1,https://job-boards.greenhouse.io/childrensworld
greenhouse,chromamedicine,1,https://job-boards.greenhouse.io/chromamedicine
greenhouse,cialfo,17,https://job-boards.greenhouse.io/cialfo
greenhouse,citadelcybersecurity,4,https://job-boards.greenhouse.io/citadelcybersecurity
greenhouse,cityswift,6,https://job-boards.greenhouse.io/cityswift
greenhouse,citytherapeutics,8,https://job-boards.greenhouse.io/citytherapeutics
greenhouse,cityvetinc,58,https://job-boards.greenhouse.io/cityvetinc
greenhouse,clarishealth62,3,https://job-boards.greenhouse.io/clarishealth62
greenhouse,cleancroptech,1,https://job-boards.greenhouse.io/cleancroptech
greenhouse,cleanlaundry,9,https://job-boards.greenhouse.io/cleanlaundry
greenhouse,cleerlyhealth,14,https://job-boards.greenhouse.io/cleerlyhealth
greenhouse,clerkie,6,https://job-boards.greenhouse.io/clerkie
greenhouse,clintonfoundation,17,https://job-boards.greenhouse.io/clintonfoundation
greenhouse,cmt,2,https://job-boards.greenhouse.io/cmt
greenhouse,cobblestoneenergy2,2,https://job-boards.greenhouse.io/cobblestoneenergy2
greenhouse,codazen,1,https://job-boards.greenhouse.io/codazen
greenhouse,cognism,17,https://job-boards.greenhouse.io/cognism
greenhouse,cognitotherapeutics,4,https://job-boards.greenhouse.io/cognitotherapeutics
greenhouse,cogresearchfoundation,1,https://job-boards.greenhouse.io/cogresearchfoundation
greenhouse,coherentsolutions,41,https://job-boards.greenhouse.io/coherentsolutions
greenhouse,collahealth,5,https://job-boards.greenhouse.io/collahealth
greenhouse,collective-insights,9,https://job-boards.greenhouse.io/collective-insights
greenhouse,colonialanimalhospital,1,https://job-boards.greenhouse.io/colonialanimalhospital
greenhouse,colonialgatewayveterinarycenter,1,https://job-boards.greenhouse.io/colonialgatewayveterinarycenter
greenhouse,colovore,7,https://job-boards.greenhouse.io/colovore
greenhouse,commoditysupplies,8,https://job-boards.greenhouse.io/commoditysupplies
greenhouse,communityanimalhospital,2,https://job-boards.greenhouse.io/communityanimalhospital
greenhouse,companycam,10,https://job-boards.greenhouse.io/companycam
greenhouse,compliancemanagementinternational,21,https://job-boards.greenhouse.io/compliancemanagementinternational
greenhouse,coneyislandprep,6,https://job-boards.greenhouse.io/coneyislandprep
greenhouse,conifersaicareers,3,https://job-boards.greenhouse.io/conifersaicareers
greenhouse,connectder,2,https://job-boards.greenhouse.io/connectder
greenhouse,connecteam,59,https://job-boards.greenhouse.io/connecteam
greenhouse,connexure,2,https://job-boards.greenhouse.io/connexure
greenhouse,constructorknowledg,15,https://job-boards.greenhouse.io/constructorknowledg
greenhouse,constructorknowledgelabs,13,https://job-boards.greenhouse.io/constructorknowledgelabs
greenhouse,constructortech,41,https://job-boards.greenhouse.io/constructortech
greenhouse,convelocareers,1,https://job-boards.greenhouse.io/convelocareers
greenhouse,copilotiq,14,https://job-boards.greenhouse.io/copilotiq
greenhouse,copperhome,10,https://job-boards.greenhouse.io/copperhome
greenhouse,cordellcordell,37,https://job-boards.greenhouse.io/cordellcordell
greenhouse,coreview,18,https://job-boards.greenhouse.io/coreview
greenhouse,corpaxe,1,https://job-boards.greenhouse.io/corpaxe
greenhouse,corporatecareers,5,https://job-boards.greenhouse.io/corporatecareers
greenhouse,coupanginternal,452,https://job-boards.greenhouse.io/coupanginternal
greenhouse,cowbellcyber,3,https://job-boards.greenhouse.io/cowbellcyber
greenhouse,cpgroup,10,https://job-boards.greenhouse.io/cpgroup
greenhouse,cppreparatoryschool,2,https://job-boards.greenhouse.io/cppreparatoryschool
greenhouse,craevents,2,https://job-boards.greenhouse.io/craevents
greenhouse,creativeplayrooms,10,https://job-boards.greenhouse.io/creativeplayrooms
greenhouse,creditunionofcolorado,13,https://job-boards.greenhouse.io/creditunionofcolorado
greenhouse,criticalinnovations,1,https://job-boards.greenhouse.io/criticalinnovations
greenhouse,criticalmassgroup,2,https://job-boards.greenhouse.io/criticalmassgroup
greenhouse,crookedmedia,3,https://job-boards.greenhouse.io/crookedmedia
greenhouse,csw,7,https://job-boards.greenhouse.io/csw
greenhouse,cteph,15,https://job-boards.greenhouse.io/cteph
greenhouse,culturebiosciences,2,https://job-boards.greenhouse.io/culturebiosciences
greenhouse,currenciesdirectlimited,4,https://job-boards.greenhouse.io/currenciesdirectlimited
greenhouse,custom-mechanical-solutions,9,https://job-boards.greenhouse.io/custom-mechanical-solutions
greenhouse,cutover,2,https://job-boards.greenhouse.io/cutover
greenhouse,cyluscybersecurity,7,https://job-boards.greenhouse.io/cyluscybersecurity
greenhouse,cypressio,1,https://job-boards.greenhouse.io/cypressio
greenhouse,daggerwinggroup,1,https://job-boards.greenhouse.io/daggerwinggroup
greenhouse,datapao,6,https://job-boards.greenhouse.io/datapao
greenhouse,datavations,3,https://job-boards.greenhouse.io/datavations
greenhouse,daylightsecurity,9,https://job-boards.greenhouse.io/daylightsecurity
greenhouse,decathlontechnology,75,https://job-boards.greenhouse.io/decathlontechnology
greenhouse,deepfinresearch,4,https://job-boards.greenhouse.io/deepfinresearch
greenhouse,deepwatchinc,3,https://job-boards.greenhouse.io/deepwatchinc
greenhouse,deepwatchindia,3,https://job-boards.greenhouse.io/deepwatchindia
greenhouse,definian,8,https://job-boards.greenhouse.io/definian
greenhouse,defuselabs,4,https://job-boards.greenhouse.io/defuselabs
greenhouse,delasportbulgaria,5,https://job-boards.greenhouse.io/delasportbulgaria
greenhouse,demandscience,2,https://job-boards.greenhouse.io/demandscience
greenhouse,democracydefendersaction,2,https://job-boards.greenhouse.io/democracydefendersaction
greenhouse,denniseagleuk,32,https://job-boards.greenhouse.io/denniseagleuk
greenhouse,dentalook,17,https://job-boards.greenhouse.io/dentalook
greenhouse,dentalxchange,4,https://job-boards.greenhouse.io/dentalxchange
greenhouse,derris,2,https://job-boards.greenhouse.io/derris
greenhouse,designbridge,34,https://job-boards.greenhouse.io/designbridge
greenhouse,detect94,1,https://job-boards.greenhouse.io/detect94
greenhouse,dfmdevelopmentservices,5,https://job-boards.greenhouse.io/dfmdevelopmentservices
greenhouse,dialership,1,https://job-boards.greenhouse.io/dialership
greenhouse,diginn,9,https://job-boards.greenhouse.io/diginn
greenhouse,diginnother,302,https://job-boards.greenhouse.io/diginnother
greenhouse,digitalcurrencygroup,1,https://job-boards.greenhouse.io/digitalcurrencygroup
greenhouse,digitalocean98,146,https://job-boards.greenhouse.io/digitalocean98
greenhouse,digitalservice,10,https://job-boards.greenhouse.io/digitalservice
greenhouse,disguisetechnologiesltd,3,https://job-boards.greenhouse.io/disguisetechnologiesltd
greenhouse,divea,1,https://job-boards.greenhouse.io/divea
greenhouse,divergehealth,23,https://job-boards.greenhouse.io/divergehealth
greenhouse,dlpbank,2,https://job-boards.greenhouse.io/dlpbank
greenhouse,dna,1,https://job-boards.greenhouse.io/dna
greenhouse,dnascript,3,https://job-boards.greenhouse.io/dnascript
greenhouse,doma,3,https://job-boards.greenhouse.io/doma
greenhouse,dotmatics,27,https://job-boards.greenhouse.io/dotmatics
greenhouse,drdansanimalhospital,1,https://job-boards.greenhouse.io/drdansanimalhospital
greenhouse,dremio,3,https://job-boards.greenhouse.io/dremio
greenhouse,droidsonroids,4,https://job-boards.greenhouse.io/droidsonroids
greenhouse,drwuniversityjobs,1,https://job-boards.greenhouse.io/drwuniversityjobs
greenhouse,dsi,1,https://job-boards.greenhouse.io/dsi
greenhouse,duckbilltechnologiesinc,1,https://job-boards.greenhouse.io/duckbilltechnologiesinc
greenhouse,durinmining,4,https://job-boards.greenhouse.io/durinmining
greenhouse,eaglebusinesscredit,2,https://job-boards.greenhouse.io/eaglebusinesscredit
greenhouse,earlymedical,5,https://job-boards.greenhouse.io/earlymedical
greenhouse,eastsidedermatology,1,https://job-boards.greenhouse.io/eastsidedermatology
greenhouse,ebury,172,https://job-boards.greenhouse.io/ebury
greenhouse,echo,18,https://job-boards.greenhouse.io/echo
greenhouse,econoler,1,https://job-boards.greenhouse.io/econoler
greenhouse,ecpcareers,469,https://job-boards.greenhouse.io/ecpcareers
greenhouse,edelmanfinancialenginesllc,42,https://job-boards.greenhouse.io/edelmanfinancialenginesllc
greenhouse,educare,11,https://job-boards.greenhouse.io/educare
greenhouse,eggai,4,https://job-boards.greenhouse.io/eggai
greenhouse,eh2,16,https://job-boards.greenhouse.io/eh2
greenhouse,eldersburgveterinaryhospital,1,https://job-boards.greenhouse.io/eldersburgveterinaryhospital
greenhouse,electreon,5,https://job-boards.greenhouse.io/electreon
greenhouse,element451jobs,3,https://job-boards.greenhouse.io/element451jobs
greenhouse,elementcritical,3,https://job-boards.greenhouse.io/elementcritical
greenhouse,elevatebio,9,https://job-boards.greenhouse.io/elevatebio
greenhouse,embraceourworldortho,1,https://job-boards.greenhouse.io/embraceourworldortho
greenhouse,emed,8,https://job-boards.greenhouse.io/emed
greenhouse,emplififr,1,https://job-boards.greenhouse.io/emplififr
greenhouse,emporiarevolutionizinghomeenergy,4,https://job-boards.greenhouse.io/emporiarevolutionizinghomeenergy
greenhouse,enchantedforest,2,https://job-boards.greenhouse.io/enchantedforest
greenhouse,energyandenvironmentlab,2,https://job-boards.greenhouse.io/energyandenvironmentlab
greenhouse,energyimpactpartnerslp,3,https://job-boards.greenhouse.io/energyimpactpartnerslp
greenhouse,engineeringatgigs,15,https://job-boards.greenhouse.io/engineeringatgigs
greenhouse,enginy,11,https://job-boards.greenhouse.io/enginy
greenhouse,enshored,6,https://job-boards.greenhouse.io/enshored
greenhouse,envoymortgage,2,https://job-boards.greenhouse.io/envoymortgage
greenhouse,epicgamesfrench,19,https://job-boards.greenhouse.io/epicgamesfrench
greenhouse,episteme,2,https://job-boards.greenhouse.io/episteme
greenhouse,eqfund,2,https://job-boards.greenhouse.io/eqfund
greenhouse,equipmentsharecom,967,https://job-boards.greenhouse.io/equipmentsharecom
greenhouse,equummedical,9,https://job-boards.greenhouse.io/equummedical
greenhouse,etelligentgroup,5,https://job-boards.greenhouse.io/etelligentgroup
greenhouse,eterniteamgmbh,6,https://job-boards.greenhouse.io/eterniteamgmbh
greenhouse,everchron,2,https://job-boards.greenhouse.io/everchron
greenhouse,evergreenresidentialemployeeservicescorp,49,https://job-boards.greenhouse.io/evergreenresidentialemployeeservicescorp
greenhouse,everpass,3,https://job-boards.greenhouse.io/everpass
greenhouse,everpeak,1,https://job-boards.greenhouse.io/everpeak
greenhouse,eversports,5,https://job-boards.greenhouse.io/eversports
greenhouse,everstreamanalytics,2,https://job-boards.greenhouse.io/everstreamanalytics
greenhouse,evgsn,5,https://job-boards.greenhouse.io/evgsn
greenhouse,evoplaygames,1,https://job-boards.greenhouse.io/evoplaygames
greenhouse,excella,2,https://job-boards.greenhouse.io/excella
greenhouse,exeinspa,1,https://job-boards.greenhouse.io/exeinspa
greenhouse,faeththerapeutics,5,https://job-boards.greenhouse.io/faeththerapeutics
greenhouse,fairchildimagingcom,4,https://job-boards.greenhouse.io/fairchildimagingcom
greenhouse,familydermatology,1,https://job-boards.greenhouse.io/familydermatology
greenhouse,farmersmutualhailinsurancecompany,9,https://job-boards.greenhouse.io/farmersmutualhailinsurancecompany
greenhouse,fenniesdaynurseries,127,https://job-boards.greenhouse.io/fenniesdaynurseries
greenhouse,fetchatech,6,https://job-boards.greenhouse.io/fetchatech
greenhouse,ffeinc,6,https://job-boards.greenhouse.io/ffeinc
greenhouse,fiberfirst,4,https://job-boards.greenhouse.io/fiberfirst
greenhouse,fideres,8,https://job-boards.greenhouse.io/fideres
greenhouse,fifa-hb-intern-programme,2,https://job-boards.greenhouse.io/fifa-hb-intern-programme
greenhouse,finyard,2,https://job-boards.greenhouse.io/finyard
greenhouse,firesprite,1,https://job-boards.greenhouse.io/firesprite
greenhouse,firy,19,https://job-boards.greenhouse.io/firy
greenhouse,flatironhealth,32,https://job-boards.greenhouse.io/flatironhealth
greenhouse,fleishmanhillard,3,https://job-boards.greenhouse.io/fleishmanhillard
greenhouse,fletcherjonesishiringmechanicsandtechnicians,11,https://job-boards.greenhouse.io/fletcherjonesishiringmechanicsandtechnicians
greenhouse,fletcherjonesmotorcars,5,https://job-boards.greenhouse.io/fletcherjonesmotorcars
greenhouse,floridademocraticparty,8,https://job-boards.greenhouse.io/floridademocraticparty
greenhouse,flow-service-partners,2,https://job-boards.greenhouse.io/flow-service-partners
greenhouse,flumehealth,2,https://job-boards.greenhouse.io/flumehealth
greenhouse,flywaygames,1,https://job-boards.greenhouse.io/flywaygames
greenhouse,forbion,1,https://job-boards.greenhouse.io/forbion
greenhouse,forcefactor,4,https://job-boards.greenhouse.io/forcefactor
greenhouse,forpawsvet,3,https://job-boards.greenhouse.io/forpawsvet
greenhouse,forteracorporation,2,https://job-boards.greenhouse.io/forteracorporation
greenhouse,fortisgames,1,https://job-boards.greenhouse.io/fortisgames
greenhouse,forumone,1,https://job-boards.greenhouse.io/forumone
greenhouse,foundationacademies,12,https://job-boards.greenhouse.io/foundationacademies
greenhouse,fourmile,2,https://job-boards.greenhouse.io/fourmile
greenhouse,fractalsoftware,1,https://job-boards.greenhouse.io/fractalsoftware
greenhouse,freedassociates,4,https://job-boards.greenhouse.io/freedassociates
greenhouse,friendselc,2,https://job-boards.greenhouse.io/friendselc
greenhouse,fundedclub,6,https://job-boards.greenhouse.io/fundedclub
greenhouse,fusionhomes,4,https://job-boards.greenhouse.io/fusionhomes
greenhouse,futurhealth,3,https://job-boards.greenhouse.io/futurhealth
greenhouse,g2vp,3,https://job-boards.greenhouse.io/g2vp
greenhouse,garagedoormedics,6,https://job-boards.greenhouse.io/garagedoormedics
greenhouse,gearboxquebec,1,https://job-boards.greenhouse.io/gearboxquebec
greenhouse,gemini,39,https://job-boards.greenhouse.io/gemini
greenhouse,gener8tor,4,https://job-boards.greenhouse.io/gener8tor
greenhouse,generatebiomedicines,15,https://job-boards.greenhouse.io/generatebiomedicines
greenhouse,genesissantamonica,2,https://job-boards.greenhouse.io/genesissantamonica
greenhouse,geniezipusa,1,https://job-boards.greenhouse.io/geniezipusa
greenhouse,gersonlehrmangroup,122,https://job-boards.greenhouse.io/gersonlehrmangroup
greenhouse,getscale,1,https://job-boards.greenhouse.io/getscale
greenhouse,getwhys,3,https://job-boards.greenhouse.io/getwhys
greenhouse,ggadvisorskc,2,https://job-boards.greenhouse.io/ggadvisorskc
greenhouse,giftogram,3,https://job-boards.greenhouse.io/giftogram
greenhouse,gimbal34,9,https://job-boards.greenhouse.io/gimbal34
greenhouse,gitlabcrm,22,https://job-boards.greenhouse.io/gitlabcrm
greenhouse,givewellprivateroles,3,https://job-boards.greenhouse.io/givewellprivateroles
greenhouse,glencoreuk,2,https://job-boards.greenhouse.io/glencoreuk
greenhouse,glencoreus,1,https://job-boards.greenhouse.io/glencoreus
greenhouse,globetech,13,https://job-boards.greenhouse.io/globetech
greenhouse,gmrmarketing,3,https://job-boards.greenhouse.io/gmrmarketing
greenhouse,go1vn,2,https://job-boards.greenhouse.io/go1vn
greenhouse,goalhaiti,1,https://job-boards.greenhouse.io/goalhaiti
greenhouse,gonyc,4,https://job-boards.greenhouse.io/gonyc
greenhouse,goodai-swarm-robotics,2,https://job-boards.greenhouse.io/goodai-swarm-robotics
greenhouse,goodpill,8,https://job-boards.greenhouse.io/goodpill
greenhouse,gooutdoors,4,https://job-boards.greenhouse.io/gooutdoors
greenhouse,gossamerbio,1,https://job-boards.greenhouse.io/gossamerbio
greenhouse,grandviewvet,2,https://job-boards.greenhouse.io/grandviewvet
greenhouse,graphonai,5,https://job-boards.greenhouse.io/graphonai
greenhouse,grassi,45,https://job-boards.greenhouse.io/grassi
greenhouse,greatstate,2,https://job-boards.greenhouse.io/greatstate
greenhouse,greatwindowsservices,4,https://job-boards.greenhouse.io/greatwindowsservices
greenhouse,greycroft,2,https://job-boards.greenhouse.io/greycroft
greenhouse,greynoiseintelligence,1,https://job-boards.greenhouse.io/greynoiseintelligence
greenhouse,gridmaticinc,15,https://job-boards.greenhouse.io/gridmaticinc
greenhouse,group14korea,4,https://job-boards.greenhouse.io/group14korea
greenhouse,grovelane,2,https://job-boards.greenhouse.io/grovelane
greenhouse,growetalentpool,1,https://job-boards.greenhouse.io/growetalentpool
greenhouse,growetalentspool,1,https://job-boards.greenhouse.io/growetalentspool
greenhouse,gruve,25,https://job-boards.greenhouse.io/gruve
greenhouse,gsacapital,9,https://job-boards.greenhouse.io/gsacapital
greenhouse,gsrmarkets,5,https://job-boards.greenhouse.io/gsrmarkets
greenhouse,guidde,9,https://job-boards.greenhouse.io/guidde
greenhouse,gulfwindtechnology,2,https://job-boards.greenhouse.io/gulfwindtechnology
greenhouse,h2lp0ei2nf3oz4ydk7,8,https://job-boards.greenhouse.io/h2lp0ei2nf3oz4ydk7
greenhouse,hangar13,9,https://job-boards.greenhouse.io/hangar13
greenhouse,hanwhadatacenters,2,https://job-boards.greenhouse.io/hanwhadatacenters
greenhouse,hawkeye360,16,https://job-boards.greenhouse.io/hawkeye360
greenhouse,hcesquared,2,https://job-boards.greenhouse.io/hcesquared
greenhouse,hds,1,https://job-boards.greenhouse.io/hds
greenhouse,headlandstechnologiesllc,7,https://job-boards.greenhouse.io/headlandstechnologiesllc
greenhouse,headwaterscience,5,https://job-boards.greenhouse.io/headwaterscience
greenhouse,healios,4,https://job-boards.greenhouse.io/healios
greenhouse,healthesystems,3,https://job-boards.greenhouse.io/healthesystems
greenhouse,healthverity,15,https://job-boards.greenhouse.io/healthverity
greenhouse,hederahashgraph77,1,https://job-boards.greenhouse.io/hederahashgraph77
greenhouse,heliosx,18,https://job-boards.greenhouse.io/heliosx
greenhouse,hellotend,28,https://job-boards.greenhouse.io/hellotend
greenhouse,hendersonbrothers,3,https://job-boards.greenhouse.io/hendersonbrothers
greenhouse,heritageholdings,15,https://job-boards.greenhouse.io/heritageholdings
greenhouse,herschelsupplyco,7,https://job-boards.greenhouse.io/herschelsupplyco
greenhouse,hiddenposts,2,https://job-boards.greenhouse.io/hiddenposts
greenhouse,highmetric,38,https://job-boards.greenhouse.io/highmetric
greenhouse,hipagesgroup,9,https://job-boards.greenhouse.io/hipagesgroup
greenhouse,hivelearning,3,https://job-boards.greenhouse.io/hivelearning
greenhouse,hlb90067,7,https://job-boards.greenhouse.io/hlb90067
greenhouse,hollyspringacademy,3,https://job-boards.greenhouse.io/hollyspringacademy
greenhouse,homechefinternalemployees,57,https://job-boards.greenhouse.io/homechefinternalemployees
greenhouse,homeconstructionregulatoryauthority,1,https://job-boards.greenhouse.io/homeconstructionregulatoryauthority
greenhouse,homepl,4,https://job-boards.greenhouse.io/homepl
greenhouse,homesalivepetsinternal,7,https://job-boards.greenhouse.io/homesalivepetsinternal
greenhouse,hometapjobs,1,https://job-boards.greenhouse.io/hometapjobs
greenhouse,horizontradingsolutions,9,https://job-boards.greenhouse.io/horizontradingsolutions
greenhouse,hostanalytics,10,https://job-boards.greenhouse.io/hostanalytics
greenhouse,hotmartcareersesp,6,https://job-boards.greenhouse.io/hotmartcareersesp
greenhouse,houserx,19,https://job-boards.greenhouse.io/houserx
greenhouse,hrttalentcommunity,3,https://job-boards.greenhouse.io/hrttalentcommunity
greenhouse,hrwallingford,5,https://job-boards.greenhouse.io/hrwallingford
greenhouse,hspg,4,https://job-boards.greenhouse.io/hspg
greenhouse,hubblenetwork,10,https://job-boards.greenhouse.io/hubblenetwork
greenhouse,hunterdoor,3,https://job-boards.greenhouse.io/hunterdoor
greenhouse,hyperproof,2,https://job-boards.greenhouse.io/hyperproof
greenhouse,i360technologiesinc,46,https://job-boards.greenhouse.io/i360technologiesinc
greenhouse,ialtaholdings,4,https://job-boards.greenhouse.io/ialtaholdings
greenhouse,icgmedical,39,https://job-boards.greenhouse.io/icgmedical
greenhouse,idnow,9,https://job-boards.greenhouse.io/idnow
greenhouse,ieqcapital,43,https://job-boards.greenhouse.io/ieqcapital
greenhouse,ifrsfoundation,9,https://job-boards.greenhouse.io/ifrsfoundation
greenhouse,iluminere,1,https://job-boards.greenhouse.io/iluminere
greenhouse,inalabconsulting,1,https://job-boards.greenhouse.io/inalabconsulting
greenhouse,inbank,13,https://job-boards.greenhouse.io/inbank
greenhouse,incadigitalinc,8,https://job-boards.greenhouse.io/incadigitalinc
greenhouse,indeedflex,26,https://job-boards.greenhouse.io/indeedflex
greenhouse,indiantree,3,https://job-boards.greenhouse.io/indiantree
greenhouse,indiciumai,26,https://job-boards.greenhouse.io/indiciumai
greenhouse,indigenouspactpbcinc,1,https://job-boards.greenhouse.io/indigenouspactpbcinc
greenhouse,indomo,2,https://job-boards.greenhouse.io/indomo
greenhouse,inmarket,8,https://job-boards.greenhouse.io/inmarket
greenhouse,innovecs,12,https://job-boards.greenhouse.io/innovecs
greenhouse,instigliofutureopportunities,1,https://job-boards.greenhouse.io/instigliofutureopportunities
greenhouse,instituteforclinicalandeconomicreview,1,https://job-boards.greenhouse.io/instituteforclinicalandeconomicreview
greenhouse,instituteofexportandinternationaltrade,3,https://job-boards.greenhouse.io/instituteofexportandinternationaltrade
greenhouse,insurityindia,24,https://job-boards.greenhouse.io/insurityindia
greenhouse,insurityllc,12,https://job-boards.greenhouse.io/insurityllc
greenhouse,internationalcopyrightenterpriseservices,3,https://job-boards.greenhouse.io/internationalcopyrightenterpriseservices
greenhouse,internationalhouseberkeley,4,https://job-boards.greenhouse.io/internationalhouseberkeley
greenhouse,interpayments,1,https://job-boards.greenhouse.io/interpayments
greenhouse,intrinsicfirm,5,https://job-boards.greenhouse.io/intrinsicfirm
greenhouse,inzoistudio,1,https://job-boards.greenhouse.io/inzoistudio
greenhouse,ionos2,42,https://job-boards.greenhouse.io/ionos2
greenhouse,iovino,7,https://job-boards.greenhouse.io/iovino
greenhouse,ipfabric,8,https://job-boards.greenhouse.io/ipfabric
greenhouse,ireland,12,https://job-boards.greenhouse.io/ireland
greenhouse,iremboltd,2,https://job-boards.greenhouse.io/iremboltd
greenhouse,ironmountainsolutions,29,https://job-boards.greenhouse.io/ironmountainsolutions
greenhouse,ironwoodpharmaceuticals,3,https://job-boards.greenhouse.io/ironwoodpharmaceuticals
greenhouse,isam,18,https://job-boards.greenhouse.io/isam
greenhouse,iseatz,1,https://job-boards.greenhouse.io/iseatz
greenhouse,itranslate,1,https://job-boards.greenhouse.io/itranslate
greenhouse,ixllearning,113,https://job-boards.greenhouse.io/ixllearning
greenhouse,jditaly-iv,7,https://job-boards.greenhouse.io/jditaly-iv
greenhouse,jdsportses,23,https://job-boards.greenhouse.io/jdsportses
greenhouse,jdsportsnl,89,https://job-boards.greenhouse.io/jdsportsnl
greenhouse,jdsportspt,27,https://job-boards.greenhouse.io/jdsportspt
greenhouse,jeffreygroup24,5,https://job-boards.greenhouse.io/jeffreygroup24
greenhouse,jellyvision,7,https://job-boards.greenhouse.io/jellyvision
greenhouse,jencapinc,17,https://job-boards.greenhouse.io/jencapinc
greenhouse,jjde,1,https://job-boards.greenhouse.io/jjde
greenhouse,jjdk,20,https://job-boards.greenhouse.io/jjdk
greenhouse,jjirl,3,https://job-boards.greenhouse.io/jjirl
greenhouse,jjsnackfoods,100,https://job-boards.greenhouse.io/jjsnackfoods
greenhouse,jjuk,72,https://job-boards.greenhouse.io/jjuk
greenhouse,joblist,60,https://job-boards.greenhouse.io/joblist
greenhouse,join_our_network,1,https://job-boards.greenhouse.io/join_our_network
greenhouse,jointqg,4,https://job-boards.greenhouse.io/jointqg
greenhouse,journeyfoods,2,https://job-boards.greenhouse.io/journeyfoods
greenhouse,judihealth,114,https://job-boards.greenhouse.io/judihealth
greenhouse,jumiainternalmobility,4,https://job-boards.greenhouse.io/jumiainternalmobility
greenhouse,justfoodcompany,3,https://job-boards.greenhouse.io/justfoodcompany
greenhouse,justmarkets,115,https://job-boards.greenhouse.io/justmarkets
greenhouse,justprotein,1,https://job-boards.greenhouse.io/justprotein
greenhouse,jwp,1,https://job-boards.greenhouse.io/jwp
greenhouse,kalcon,39,https://job-boards.greenhouse.io/kalcon
greenhouse,kallesgroup,9,https://job-boards.greenhouse.io/kallesgroup
greenhouse,kao,40,https://job-boards.greenhouse.io/kao
greenhouse,kargo22,30,https://job-boards.greenhouse.io/kargo22
greenhouse,kateschwartzphysicaltherapyjobs,2,https://job-boards.greenhouse.io/kateschwartzphysicaltherapyjobs
greenhouse,keeleycompanies,3,https://job-boards.greenhouse.io/keeleycompanies
greenhouse,kentik,10,https://job-boards.greenhouse.io/kentik
greenhouse,kerv,12,https://job-boards.greenhouse.io/kerv
greenhouse,kidango,30,https://job-boards.greenhouse.io/kidango
greenhouse,kidcitycdc,1,https://job-boards.greenhouse.io/kidcitycdc
greenhouse,kiddykare,1,https://job-boards.greenhouse.io/kiddykare
greenhouse,kidscountry,13,https://job-boards.greenhouse.io/kidscountry
greenhouse,kidsdiscovery,9,https://job-boards.greenhouse.io/kidsdiscovery
greenhouse,kimbal,4,https://job-boards.greenhouse.io/kimbal
greenhouse,kimballequipmentcompany,27,https://job-boards.greenhouse.io/kimballequipmentcompany
greenhouse,kinetic-xyz,1,https://job-boards.greenhouse.io/kinetic-xyz
greenhouse,kiwicoinc,5,https://job-boards.greenhouse.io/kiwicoinc
greenhouse,knithealth,3,https://job-boards.greenhouse.io/knithealth
greenhouse,knowledgecity,16,https://job-boards.greenhouse.io/knowledgecity
greenhouse,kokuaeducationpartnerreferrals,4,https://job-boards.greenhouse.io/kokuaeducationpartnerreferrals
greenhouse,kostelanetzllp,1,https://job-boards.greenhouse.io/kostelanetzllp
greenhouse,kotterinternational,1,https://job-boards.greenhouse.io/kotterinternational
greenhouse,kreativekids,3,https://job-boards.greenhouse.io/kreativekids
greenhouse,ksgcareers,3,https://job-boards.greenhouse.io/ksgcareers
greenhouse,kswh,2,https://job-boards.greenhouse.io/kswh
greenhouse,kymeratherapeutics,32,https://job-boards.greenhouse.io/kymeratherapeutics
greenhouse,laboratoirertingscom,5,https://job-boards.greenhouse.io/laboratoirertingscom
greenhouse,lafayettesquare,1,https://job-boards.greenhouse.io/lafayettesquare
greenhouse,lakeasbury,1,https://job-boards.greenhouse.io/lakeasbury
greenhouse,lakeforestanimalhospital,3,https://job-boards.greenhouse.io/lakeforestanimalhospital
greenhouse,lakefrontbiotherapeuticsinc,7,https://job-boards.greenhouse.io/lakefrontbiotherapeuticsinc
greenhouse,lambcareers,3,https://job-boards.greenhouse.io/lambcareers
greenhouse,lancasterveterinaryspecialties,2,https://job-boards.greenhouse.io/lancasterveterinaryspecialties
greenhouse,lanesplanes,11,https://job-boards.greenhouse.io/lanesplanes
greenhouse,langanengineeringandenvironmentalservicesllc,411,https://job-boards.greenhouse.io/langanengineeringandenvironmentalservicesllc
greenhouse,lansingpetvet,4,https://job-boards.greenhouse.io/lansingpetvet
greenhouse,lauderesearchinstitute,2,https://job-boards.greenhouse.io/lauderesearchinstitute
greenhouse,launchpotato,12,https://job-boards.greenhouse.io/launchpotato
greenhouse,lawmatics,1,https://job-boards.greenhouse.io/lawmatics
greenhouse,leadingedgespecializeddentistry,18,https://job-boards.greenhouse.io/leadingedgespecializeddentistry
greenhouse,leasingmarkt,2,https://job-boards.greenhouse.io/leasingmarkt
greenhouse,ledgy,16,https://job-boards.greenhouse.io/ledgy
greenhouse,lelandsaylorassociates,4,https://job-boards.greenhouse.io/lelandsaylorassociates
greenhouse,lenusehealth,7,https://job-boards.greenhouse.io/lenusehealth
greenhouse,lettrlabs,9,https://job-boards.greenhouse.io/lettrlabs
greenhouse,levittown,3,https://job-boards.greenhouse.io/levittown
greenhouse,lextechglobalservices,1,https://job-boards.greenhouse.io/lextechglobalservices
greenhouse,lifelinkiii,9,https://job-boards.greenhouse.io/lifelinkiii
greenhouse,lifepluseuropeltd,3,https://job-boards.greenhouse.io/lifepluseuropeltd
greenhouse,lifepluseuropeltdnl,1,https://job-boards.greenhouse.io/lifepluseuropeltdnl
greenhouse,lifespanmontessori,3,https://job-boards.greenhouse.io/lifespanmontessori
greenhouse,lighthousebehavioralhealthsolutions,22,https://job-boards.greenhouse.io/lighthousebehavioralhealthsolutions
greenhouse,lightrun,1,https://job-boards.greenhouse.io/lightrun
greenhouse,lincoln,14,https://job-boards.greenhouse.io/lincoln
greenhouse,lineagehq,1,https://job-boards.greenhouse.io/lineagehq
greenhouse,lineate,2,https://job-boards.greenhouse.io/lineate
greenhouse,linkedinjobs,16,https://job-boards.greenhouse.io/linkedinjobs
greenhouse,lionsheadprecisionmetals,15,https://job-boards.greenhouse.io/lionsheadprecisionmetals
greenhouse,lively43,3,https://job-boards.greenhouse.io/lively43
greenhouse,liventus,2,https://job-boards.greenhouse.io/liventus
greenhouse,lmr,10,https://job-boards.greenhouse.io/lmr
greenhouse,logicalintelligence,4,https://job-boards.greenhouse.io/logicalintelligence
greenhouse,lokajobs,12,https://job-boards.greenhouse.io/lokajobs
greenhouse,longbeachaudi,6,https://job-boards.greenhouse.io/longbeachaudi
greenhouse,lookers,186,https://job-boards.greenhouse.io/lookers
greenhouse,lookoutinc,2,https://job-boards.greenhouse.io/lookoutinc
greenhouse,loonshotgames,23,https://job-boards.greenhouse.io/loonshotgames
greenhouse,lottebiologicsusallc,10,https://job-boards.greenhouse.io/lottebiologicsusallc
greenhouse,lottoland,1,https://job-boards.greenhouse.io/lottoland
greenhouse,lp-attorneys,6,https://job-boards.greenhouse.io/lp-attorneys
greenhouse,lp-professionalstaff,7,https://job-boards.greenhouse.io/lp-professionalstaff
greenhouse,ls3p,47,https://job-boards.greenhouse.io/ls3p
greenhouse,ltkuk,4,https://job-boards.greenhouse.io/ltkuk
greenhouse,lucanetgroup,14,https://job-boards.greenhouse.io/lucanetgroup
greenhouse,lucidsoftwareextra,1,https://job-boards.greenhouse.io/lucidsoftwareextra
greenhouse,ludorobotics,4,https://job-boards.greenhouse.io/ludorobotics
greenhouse,madisonreedcolorbar,93,https://job-boards.greenhouse.io/madisonreedcolorbar
greenhouse,maesa,14,https://job-boards.greenhouse.io/maesa
greenhouse,majorleaguebaseball,40,https://job-boards.greenhouse.io/majorleaguebaseball
greenhouse,makina,2,https://job-boards.greenhouse.io/makina
greenhouse,mallardssupportservices,3,https://job-boards.greenhouse.io/mallardssupportservices
greenhouse,mandm,6,https://job-boards.greenhouse.io/mandm
greenhouse,manifest,1,https://job-boards.greenhouse.io/manifest
greenhouse,mapleviewfamilydentistry,1,https://job-boards.greenhouse.io/mapleviewfamilydentistry
greenhouse,maplewoodvc,4,https://job-boards.greenhouse.io/maplewoodvc
greenhouse,marketechinternationalcorporationusa,87,https://job-boards.greenhouse.io/marketechinternationalcorporationusa
greenhouse,markspainrealestate,38,https://job-boards.greenhouse.io/markspainrealestate
greenhouse,markupai,1,https://job-boards.greenhouse.io/markupai
greenhouse,marro,1,https://job-boards.greenhouse.io/marro
greenhouse,mastercontrol,9,https://job-boards.greenhouse.io/mastercontrol
greenhouse,mazetherapeutics,10,https://job-boards.greenhouse.io/mazetherapeutics
greenhouse,mbarecruitingcra,7,https://job-boards.greenhouse.io/mbarecruitingcra
greenhouse,mcmastercarr,33,https://job-boards.greenhouse.io/mcmastercarr
greenhouse,meadeengineeringinc,33,https://job-boards.greenhouse.io/meadeengineeringinc
greenhouse,mediaalpha,7,https://job-boards.greenhouse.io/mediaalpha
greenhouse,medier,1,https://job-boards.greenhouse.io/medier
greenhouse,meditelecare,46,https://job-boards.greenhouse.io/meditelecare
greenhouse,megacorplogistics,17,https://job-boards.greenhouse.io/megacorplogistics
greenhouse,memoryblue,20,https://job-boards.greenhouse.io/memoryblue
greenhouse,merantigreensteel,8,https://job-boards.greenhouse.io/merantigreensteel
greenhouse,meruhealth,1,https://job-boards.greenhouse.io/meruhealth
greenhouse,metrostarsystems,85,https://job-boards.greenhouse.io/metrostarsystems
greenhouse,michaelanthonycontractingcorp,1,https://job-boards.greenhouse.io/michaelanthonycontractingcorp
greenhouse,midcoast-animal-emergency-clinic,4,https://job-boards.greenhouse.io/midcoast-animal-emergency-clinic
greenhouse,millcreekacademy,3,https://job-boards.greenhouse.io/millcreekacademy
greenhouse,millerorthodontics,1,https://job-boards.greenhouse.io/millerorthodontics
greenhouse,millerremick,5,https://job-boards.greenhouse.io/millerremick
greenhouse,mind247,13,https://job-boards.greenhouse.io/mind247
greenhouse,mindbody,19,https://job-boards.greenhouse.io/mindbody
greenhouse,mindfoundry,11,https://job-boards.greenhouse.io/mindfoundry
greenhouse,mixtiles,13,https://job-boards.greenhouse.io/mixtiles
greenhouse,mlbfellowship,1,https://job-boards.greenhouse.io/mlbfellowship
greenhouse,mobsquad,4,https://job-boards.greenhouse.io/mobsquad
greenhouse,modemobile,15,https://job-boards.greenhouse.io/modemobile
greenhouse,mogli,1,https://job-boards.greenhouse.io/mogli
greenhouse,momentumegypt,6,https://job-boards.greenhouse.io/momentumegypt
greenhouse,monecoadvisors,6,https://job-boards.greenhouse.io/monecoadvisors
greenhouse,monetserviceinc,2,https://job-boards.greenhouse.io/monetserviceinc
greenhouse,moonlite,4,https://job-boards.greenhouse.io/moonlite
greenhouse,motionventures,4,https://job-boards.greenhouse.io/motionventures
greenhouse,mountairyveterinaryassociates,2,https://job-boards.greenhouse.io/mountairyveterinaryassociates
greenhouse,movableink,31,https://job-boards.greenhouse.io/movableink
greenhouse,moxehealth,1,https://job-boards.greenhouse.io/moxehealth
greenhouse,mullerinc,36,https://job-boards.greenhouse.io/mullerinc
greenhouse,mullins,74,https://job-boards.greenhouse.io/mullins
greenhouse,multiquip,21,https://job-boards.greenhouse.io/multiquip
greenhouse,nationalallianceforpubliccharterschools,6,https://job-boards.greenhouse.io/nationalallianceforpubliccharterschools
greenhouse,nationalbusinesscapital,2,https://job-boards.greenhouse.io/nationalbusinesscapital
greenhouse,navierboat,8,https://job-boards.greenhouse.io/navierboat
greenhouse,nearai,1,https://job-boards.greenhouse.io/nearai
greenhouse,neocol,2,https://job-boards.greenhouse.io/neocol
greenhouse,neocybernetica,1,https://job-boards.greenhouse.io/neocybernetica
greenhouse,netradyne,29,https://job-boards.greenhouse.io/netradyne
greenhouse,networkoptix,1,https://job-boards.greenhouse.io/networkoptix
greenhouse,newarkacademy,6,https://job-boards.greenhouse.io/newarkacademy
greenhouse,newtone,133,https://job-boards.greenhouse.io/newtone
greenhouse,nexamp,38,https://job-boards.greenhouse.io/nexamp
greenhouse,nexightgroup,1,https://job-boards.greenhouse.io/nexightgroup
greenhouse,nextrollsales,2,https://job-boards.greenhouse.io/nextrollsales
greenhouse,nexxiot,1,https://job-boards.greenhouse.io/nexxiot
greenhouse,nichecom,4,https://job-boards.greenhouse.io/nichecom
greenhouse,nimbus,1,https://job-boards.greenhouse.io/nimbus
greenhouse,nimbustherapeutics,1,https://job-boards.greenhouse.io/nimbustherapeutics
greenhouse,nkartatherapeutics,2,https://job-boards.greenhouse.io/nkartatherapeutics
greenhouse,nksecuritiesresearch,15,https://job-boards.greenhouse.io/nksecuritiesresearch
greenhouse,noctuatechnology,9,https://job-boards.greenhouse.io/noctuatechnology
greenhouse,nonantumveterinaryclinic,5,https://job-boards.greenhouse.io/nonantumveterinaryclinic
greenhouse,noomgrowth,11,https://job-boards.greenhouse.io/noomgrowth
greenhouse,nordicnaturals,16,https://job-boards.greenhouse.io/nordicnaturals
greenhouse,northedgedental,2,https://job-boards.greenhouse.io/northedgedental
greenhouse,northern911,1,https://job-boards.greenhouse.io/northern911
greenhouse,northpacificdermatology,2,https://job-boards.greenhouse.io/northpacificdermatology
greenhouse,northwestadministratorsinc,16,https://job-boards.greenhouse.io/northwestadministratorsinc
greenhouse,novisto78,9,https://job-boards.greenhouse.io/novisto78
greenhouse,noxinnovations,5,https://job-boards.greenhouse.io/noxinnovations
greenhouse,nuharborsecurity,17,https://job-boards.greenhouse.io/nuharborsecurity
greenhouse,numab,1,https://job-boards.greenhouse.io/numab
greenhouse,nursingservices,5,https://job-boards.greenhouse.io/nursingservices
greenhouse,nutscom,13,https://job-boards.greenhouse.io/nutscom
greenhouse,nuvolar,6,https://job-boards.greenhouse.io/nuvolar
greenhouse,nwpcc,2,https://job-boards.greenhouse.io/nwpcc
greenhouse,nymbusinc,16,https://job-boards.greenhouse.io/nymbusinc
greenhouse,nysonian,25,https://job-boards.greenhouse.io/nysonian
greenhouse,oasishealthpartners,3,https://job-boards.greenhouse.io/oasishealthpartners
greenhouse,obscuritylabs,3,https://job-boards.greenhouse.io/obscuritylabs
greenhouse,obspportugallda,1,https://job-boards.greenhouse.io/obspportugallda
greenhouse,obspportugalldaen,1,https://job-boards.greenhouse.io/obspportugalldaen
greenhouse,occamindustries,7,https://job-boards.greenhouse.io/occamindustries
greenhouse,octanelending,13,https://job-boards.greenhouse.io/octanelending
greenhouse,octantbio,3,https://job-boards.greenhouse.io/octantbio
greenhouse,octopuslegacy,26,https://job-boards.greenhouse.io/octopuslegacy
greenhouse,octopusmoney,6,https://job-boards.greenhouse.io/octopusmoney
greenhouse,ogilvy,136,https://job-boards.greenhouse.io/ogilvy
greenhouse,ogilvyuk,25,https://job-boards.greenhouse.io/ogilvyuk
greenhouse,ogroup,36,https://job-boards.greenhouse.io/ogroup
greenhouse,ohsufoundation,4,https://job-boards.greenhouse.io/ohsufoundation
greenhouse,oldmissioncapital,37,https://job-boards.greenhouse.io/oldmissioncapital
greenhouse,oneacrefundburundi,1,https://job-boards.greenhouse.io/oneacrefundburundi
greenhouse,oneacrefundethiopia,5,https://job-boards.greenhouse.io/oneacrefundethiopia
greenhouse,oneacrefunduganda,2,https://job-boards.greenhouse.io/oneacrefunduganda
greenhouse,onebullex,16,https://job-boards.greenhouse.io/onebullex
greenhouse,oneclearchoice,3,https://job-boards.greenhouse.io/oneclearchoice
greenhouse,oneearthfuture,1,https://job-boards.greenhouse.io/oneearthfuture
greenhouse,onemedical,307,https://job-boards.greenhouse.io/onemedical
greenhouse,oneproject,1,https://job-boards.greenhouse.io/oneproject
greenhouse,onexgeneral,4,https://job-boards.greenhouse.io/onexgeneral
greenhouse,onlinebirdsaustriagmbhen,2,https://job-boards.greenhouse.io/onlinebirdsaustriagmbhen
greenhouse,onlinebirdsgmbh,10,https://job-boards.greenhouse.io/onlinebirdsgmbh
greenhouse,onlinebirdsgmbhen,10,https://job-boards.greenhouse.io/onlinebirdsgmbhen
greenhouse,onnitlabs,1,https://job-boards.greenhouse.io/onnitlabs
greenhouse,opencoreventures,4,https://job-boards.greenhouse.io/opencoreventures
greenhouse,openenergytransition,4,https://job-boards.greenhouse.io/openenergytransition
greenhouse,openfertility,1,https://job-boards.greenhouse.io/openfertility
greenhouse,openup,13,https://job-boards.greenhouse.io/openup
greenhouse,opswat,82,https://job-boards.greenhouse.io/opswat
greenhouse,optimal,2,https://job-boards.greenhouse.io/optimal
greenhouse,optiverus,166,https://job-boards.greenhouse.io/optiverus
greenhouse,orbisk,1,https://job-boards.greenhouse.io/orbisk
greenhouse,ordergroove,6,https://job-boards.greenhouse.io/ordergroove
greenhouse,originaltriad,2,https://job-boards.greenhouse.io/originaltriad
greenhouse,orrgroup,5,https://job-boards.greenhouse.io/orrgroup
greenhouse,orthodonticpartners,2,https://job-boards.greenhouse.io/orthodonticpartners
greenhouse,ossiumhealth,8,https://job-boards.greenhouse.io/ossiumhealth
greenhouse,overline,1,https://job-boards.greenhouse.io/overline
greenhouse,overstoryhealth,8,https://job-boards.greenhouse.io/overstoryhealth
greenhouse,owenscompaniesasp,1,https://job-boards.greenhouse.io/owenscompaniesasp
greenhouse,ownershift,1,https://job-boards.greenhouse.io/ownershift
greenhouse,pacificdermatologyspecialist,2,https://job-boards.greenhouse.io/pacificdermatologyspecialist
greenhouse,paciorek,1,https://job-boards.greenhouse.io/paciorek
greenhouse,pagerhealth,3,https://job-boards.greenhouse.io/pagerhealth
greenhouse,palomahealthuk,15,https://job-boards.greenhouse.io/palomahealthuk
greenhouse,palomapartners,1,https://job-boards.greenhouse.io/palomapartners
greenhouse,paloverdeanimalhospital,2,https://job-boards.greenhouse.io/paloverdeanimalhospital
greenhouse,pandvil,3,https://job-boards.greenhouse.io/pandvil
greenhouse,pansophiclearning,7,https://job-boards.greenhouse.io/pansophiclearning
greenhouse,panteracapitalcareers,9,https://job-boards.greenhouse.io/panteracapitalcareers
greenhouse,paperlesspost,2,https://job-boards.greenhouse.io/paperlesspost
greenhouse,parabilismed,16,https://job-boards.greenhouse.io/parabilismed
greenhouse,paragoncareers,1,https://job-boards.greenhouse.io/paragoncareers
greenhouse,parkerskin,1,https://job-boards.greenhouse.io/parkerskin
greenhouse,partnercentricinc,4,https://job-boards.greenhouse.io/partnercentricinc
greenhouse,partnerize,12,https://job-boards.greenhouse.io/partnerize
greenhouse,partumhealth,5,https://job-boards.greenhouse.io/partumhealth
greenhouse,passportbranddesign,4,https://job-boards.greenhouse.io/passportbranddesign
greenhouse,patronusaiinc,10,https://job-boards.greenhouse.io/patronusaiinc
greenhouse,paulaschoiceskincare,8,https://job-boards.greenhouse.io/paulaschoiceskincare
greenhouse,pawapay,2,https://job-boards.greenhouse.io/pawapay
greenhouse,payit,9,https://job-boards.greenhouse.io/payit
greenhouse,payuk,6,https://job-boards.greenhouse.io/payuk
greenhouse,peakcreditunion,11,https://job-boards.greenhouse.io/peakcreditunion
greenhouse,pedsplustemplate,23,https://job-boards.greenhouse.io/pedsplustemplate
greenhouse,pegasuslaboratoriesinc,9,https://job-boards.greenhouse.io/pegasuslaboratoriesinc
greenhouse,penlandschoolofcraft,3,https://job-boards.greenhouse.io/penlandschoolofcraft
greenhouse,peptilogics,3,https://job-boards.greenhouse.io/peptilogics
greenhouse,peregrinehealth,11,https://job-boards.greenhouse.io/peregrinehealth
greenhouse,perform-careers,7,https://job-boards.greenhouse.io/perform-careers
greenhouse,performancedevelopmentgroup,7,https://job-boards.greenhouse.io/performancedevelopmentgroup
greenhouse,performline,2,https://job-boards.greenhouse.io/performline
greenhouse,petag,2,https://job-boards.greenhouse.io/petag
greenhouse,phagenesisltd,6,https://job-boards.greenhouse.io/phagenesisltd
greenhouse,pharmacann,48,https://job-boards.greenhouse.io/pharmacann
greenhouse,pharosacademy,7,https://job-boards.greenhouse.io/pharosacademy
greenhouse,phdata,44,https://job-boards.greenhouse.io/phdata
greenhouse,phenogyeuropegmbh,4,https://job-boards.greenhouse.io/phenogyeuropegmbh
greenhouse,phenogyinc,1,https://job-boards.greenhouse.io/phenogyinc
greenhouse,phiture,3,https://job-boards.greenhouse.io/phiture
greenhouse,phoenixroadvet,1,https://job-boards.greenhouse.io/phoenixroadvet
greenhouse,phoenixtechnologiesag,10,https://job-boards.greenhouse.io/phoenixtechnologiesag
greenhouse,picarroinc,33,https://job-boards.greenhouse.io/picarroinc
greenhouse,pinebluff,4,https://job-boards.greenhouse.io/pinebluff
greenhouse,pioneersquarelabs,1,https://job-boards.greenhouse.io/pioneersquarelabs
greenhouse,pipetechnologies,6,https://job-boards.greenhouse.io/pipetechnologies
greenhouse,pippintitle,5,https://job-boards.greenhouse.io/pippintitle
greenhouse,piramidalinc,2,https://job-boards.greenhouse.io/piramidalinc
greenhouse,pistontechnologies,17,https://job-boards.greenhouse.io/pistontechnologies
greenhouse,placerlabs,14,https://job-boards.greenhouse.io/placerlabs
greenhouse,plative,21,https://job-boards.greenhouse.io/plative
greenhouse,platomicsgmbh,1,https://job-boards.greenhouse.io/platomicsgmbh
greenhouse,playonsports,15,https://job-boards.greenhouse.io/playonsports
greenhouse,plianttherapeuticsinc,4,https://job-boards.greenhouse.io/plianttherapeuticsinc
greenhouse,pluribusdigital,11,https://job-boards.greenhouse.io/pluribusdigital
greenhouse,pointdigitalfinance,10,https://job-boards.greenhouse.io/pointdigitalfinance
greenhouse,polycamcareers,1,https://job-boards.greenhouse.io/polycamcareers
greenhouse,porschesouthbay,1,https://job-boards.greenhouse.io/porschesouthbay
greenhouse,post-gazette,2,https://job-boards.greenhouse.io/post-gazette
greenhouse,preciselyinternationaljobs,22,https://job-boards.greenhouse.io/preciselyinternationaljobs
greenhouse,preciselyusjobs,39,https://job-boards.greenhouse.io/preciselyusjobs
greenhouse,prendiodbaprendiobioprocure,3,https://job-boards.greenhouse.io/prendiodbaprendiobioprocure
greenhouse,preservica,4,https://job-boards.greenhouse.io/preservica
greenhouse,pressable,2,https://job-boards.greenhouse.io/pressable
greenhouse,pretiumpartnersllc,3,https://job-boards.greenhouse.io/pretiumpartnersllc
greenhouse,prisma,2,https://job-boards.greenhouse.io/prisma
greenhouse,privategdcareers,3,https://job-boards.greenhouse.io/privategdcareers
greenhouse,privategsw,1,https://job-boards.greenhouse.io/privategsw
greenhouse,prizepicks,31,https://job-boards.greenhouse.io/prizepicks
greenhouse,proconex,15,https://job-boards.greenhouse.io/proconex
greenhouse,productpeople,3,https://job-boards.greenhouse.io/productpeople
greenhouse,prolificacademicltd,3706,https://job-boards.greenhouse.io/prolificacademicltd
greenhouse,prophia,2,https://job-boards.greenhouse.io/prophia
greenhouse,propublica02,2,https://job-boards.greenhouse.io/propublica02
greenhouse,proskill,9,https://job-boards.greenhouse.io/proskill
greenhouse,protillionbiosciences,1,https://job-boards.greenhouse.io/protillionbiosciences
greenhouse,proyectosenmexycentroamerica,3,https://job-boards.greenhouse.io/proyectosenmexycentroamerica
greenhouse,psiquantum,73,https://job-boards.greenhouse.io/psiquantum
greenhouse,psivail,5,https://job-boards.greenhouse.io/psivail
greenhouse,psychiatricproviders,2,https://job-boards.greenhouse.io/psychiatricproviders
greenhouse,public-io,1,https://job-boards.greenhouse.io/public-io
greenhouse,pvminc,11,https://job-boards.greenhouse.io/pvminc
greenhouse,quantifind,16,https://job-boards.greenhouse.io/quantifind
greenhouse,quantium,35,https://job-boards.greenhouse.io/quantium
greenhouse,quantumsi25,8,https://job-boards.greenhouse.io/quantumsi25
greenhouse,quinnevansapplications,1,https://job-boards.greenhouse.io/quinnevansapplications
greenhouse,quixquantumbv,7,https://job-boards.greenhouse.io/quixquantumbv
greenhouse,rab,1,https://job-boards.greenhouse.io/rab
greenhouse,rabinmartin,1,https://job-boards.greenhouse.io/rabinmartin
greenhouse,railsware,5,https://job-boards.greenhouse.io/railsware
greenhouse,rakutenmedicaljpn,1,https://job-boards.greenhouse.io/rakutenmedicaljpn
greenhouse,rampanttechnologies,5,https://job-boards.greenhouse.io/rampanttechnologies
greenhouse,rapporttalentcommunity,1,https://job-boards.greenhouse.io/rapporttalentcommunity
greenhouse,rapporttherapeutics,16,https://job-boards.greenhouse.io/rapporttherapeutics
greenhouse,rayeitconsulting,2,https://job-boards.greenhouse.io/rayeitconsulting
greenhouse,rbkingwood,1,https://job-boards.greenhouse.io/rbkingwood
greenhouse,readdle70,10,https://job-boards.greenhouse.io/readdle70
greenhouse,reallygreatreading,10,https://job-boards.greenhouse.io/reallygreatreading
greenhouse,recodetherapeutics,1,https://job-boards.greenhouse.io/recodetherapeutics
greenhouse,recycleye,4,https://job-boards.greenhouse.io/recycleye
greenhouse,redcircle,2,https://job-boards.greenhouse.io/redcircle
greenhouse,refinedscience,1,https://job-boards.greenhouse.io/refinedscience
greenhouse,reformuk,59,https://job-boards.greenhouse.io/reformuk
greenhouse,refurbed,8,https://job-boards.greenhouse.io/refurbed
greenhouse,rehabilitation,1,https://job-boards.greenhouse.io/rehabilitation
greenhouse,relaynetwork,2,https://job-boards.greenhouse.io/relaynetwork
greenhouse,relocity,10,https://job-boards.greenhouse.io/relocity
greenhouse,remixtherapeutics,4,https://job-boards.greenhouse.io/remixtherapeutics
greenhouse,resideliving,6,https://job-boards.greenhouse.io/resideliving
greenhouse,respirehomecareservices,15,https://job-boards.greenhouse.io/respirehomecareservices
greenhouse,retailnext,4,https://job-boards.greenhouse.io/retailnext
greenhouse,revance,39,https://job-boards.greenhouse.io/revance
greenhouse,revlonmanufacturing,26,https://job-boards.greenhouse.io/revlonmanufacturing
greenhouse,revolutionmedicines,268,https://job-boards.greenhouse.io/revolutionmedicines
greenhouse,rheoengineering,8,https://job-boards.greenhouse.io/rheoengineering
greenhouse,ridemobilityllc,21,https://job-boards.greenhouse.io/ridemobilityllc
greenhouse,rightmovecareers,32,https://job-boards.greenhouse.io/rightmovecareers
greenhouse,rightway,6,https://job-boards.greenhouse.io/rightway
greenhouse,ripcpc,6,https://job-boards.greenhouse.io/ripcpc
greenhouse,risalabs,2,https://job-boards.greenhouse.io/risalabs
greenhouse,riskledger,6,https://job-boards.greenhouse.io/riskledger
greenhouse,riverai,12,https://job-boards.greenhouse.io/riverai
greenhouse,riviamind,2,https://job-boards.greenhouse.io/riviamind
greenhouse,rlsbio,36,https://job-boards.greenhouse.io/rlsbio
greenhouse,rmr,3,https://job-boards.greenhouse.io/rmr
greenhouse,roarkcapitalgroup,2,https://job-boards.greenhouse.io/roarkcapitalgroup
greenhouse,robinsonhospitalforanimals,2,https://job-boards.greenhouse.io/robinsonhospitalforanimals
greenhouse,rockbund,11,https://job-boards.greenhouse.io/rockbund
greenhouse,rocketchat,1,https://job-boards.greenhouse.io/rocketchat
greenhouse,rocketfactoryaugsburgag,44,https://job-boards.greenhouse.io/rocketfactoryaugsburgag
greenhouse,rocketfactoryaugsburgag_de,14,https://job-boards.greenhouse.io/rocketfactoryaugsburgag_de
greenhouse,rogorthodontics,2,https://job-boards.greenhouse.io/rogorthodontics
greenhouse,rolandfoodsllc,7,https://job-boards.greenhouse.io/rolandfoodsllc
greenhouse,rsgur,1,https://job-boards.greenhouse.io/rsgur
greenhouse,rtwfoundation,1,https://job-boards.greenhouse.io/rtwfoundation
greenhouse,rubix,10,https://job-boards.greenhouse.io/rubix
greenhouse,russett,1,https://job-boards.greenhouse.io/russett
greenhouse,rwzant,9,https://job-boards.greenhouse.io/rwzant
greenhouse,sagansystems,2,https://job-boards.greenhouse.io/sagansystems
greenhouse,sagebionetworks,4,https://job-boards.greenhouse.io/sagebionetworks
greenhouse,saildroneinc,28,https://job-boards.greenhouse.io/saildroneinc
greenhouse,salaryfinancecareers,1,https://job-boards.greenhouse.io/salaryfinancecareers
greenhouse,saltwateradvertisingllc,2,https://job-boards.greenhouse.io/saltwateradvertisingllc
greenhouse,sambanovasystems,58,https://job-boards.greenhouse.io/sambanovasystems
greenhouse,sandstonecascade,1,https://job-boards.greenhouse.io/sandstonecascade
greenhouse,sandstonecoloradospringsoutpatient,1,https://job-boards.greenhouse.io/sandstonecoloradospringsoutpatient
greenhouse,sandstonedenver,1,https://job-boards.greenhouse.io/sandstonedenver
greenhouse,sandstonenorthbethesda,3,https://job-boards.greenhouse.io/sandstonenorthbethesda
greenhouse,sangareevet,1,https://job-boards.greenhouse.io/sangareevet
greenhouse,sarverorthodontics,1,https://job-boards.greenhouse.io/sarverorthodontics
greenhouse,saxllp,4,https://job-boards.greenhouse.io/saxllp
greenhouse,sbg,2,https://job-boards.greenhouse.io/sbg
greenhouse,scalapaysrl,9,https://job-boards.greenhouse.io/scalapaysrl
greenhouse,scandit,9,https://job-boards.greenhouse.io/scandit
greenhouse,scapesg,1,https://job-boards.greenhouse.io/scapesg
greenhouse,schillings,4,https://job-boards.greenhouse.io/schillings
greenhouse,schoolinthesquare,11,https://job-boards.greenhouse.io/schoolinthesquare
greenhouse,scmaea,1,https://job-boards.greenhouse.io/scmaea
greenhouse,sconley,5,https://job-boards.greenhouse.io/sconley
greenhouse,scorability,3,https://job-boards.greenhouse.io/scorability
greenhouse,scoutveterinarycare,3,https://job-boards.greenhouse.io/scoutveterinarycare
greenhouse,securly13,9,https://job-boards.greenhouse.io/securly13
greenhouse,seekout,2,https://job-boards.greenhouse.io/seekout
greenhouse,seenhealth,14,https://job-boards.greenhouse.io/seenhealth
greenhouse,senrasystems,26,https://job-boards.greenhouse.io/senrasystems
greenhouse,seranking,4,https://job-boards.greenhouse.io/seranking
greenhouse,sercante,2,https://job-boards.greenhouse.io/sercante
greenhouse,servicetrade,12,https://job-boards.greenhouse.io/servicetrade
greenhouse,servicewizard,5,https://job-boards.greenhouse.io/servicewizard
greenhouse,sevenroomsuk,10,https://job-boards.greenhouse.io/sevenroomsuk
greenhouse,shakepayfr,6,https://job-boards.greenhouse.io/shakepayfr
greenhouse,sharpelectronics,71,https://job-boards.greenhouse.io/sharpelectronics
greenhouse,shemed,1,https://job-boards.greenhouse.io/shemed
greenhouse,sherbournedentalassociates,2,https://job-boards.greenhouse.io/sherbournedentalassociates
greenhouse,shinolaretail,13,https://job-boards.greenhouse.io/shinolaretail
greenhouse,shinvestmentsllc,64,https://job-boards.greenhouse.io/shinvestmentsllc
greenhouse,shoparoundthecorner,26,https://job-boards.greenhouse.io/shoparoundthecorner
greenhouse,sierrallc,6,https://job-boards.greenhouse.io/sierrallc
greenhouse,simplisticllc,3,https://job-boards.greenhouse.io/simplisticllc
greenhouse,singulargenomics,6,https://job-boards.greenhouse.io/singulargenomics
greenhouse,sitsgroup,17,https://job-boards.greenhouse.io/sitsgroup
greenhouse,skhynixmemorysolutionsamericainc,24,https://job-boards.greenhouse.io/skhynixmemorysolutionsamericainc
greenhouse,skinpros,1,https://job-boards.greenhouse.io/skinpros
greenhouse,skydrive,1,https://job-boards.greenhouse.io/skydrive
greenhouse,smartcatplatforminc,17,https://job-boards.greenhouse.io/smartcatplatforminc
greenhouse,smarterdxprivate,3,https://job-boards.greenhouse.io/smarterdxprivate
greenhouse,soficonv,33,https://job-boards.greenhouse.io/soficonv
greenhouse,soldejaneirointernship,2,https://job-boards.greenhouse.io/soldejaneirointernship
greenhouse,sonataone,6,https://job-boards.greenhouse.io/sonataone
greenhouse,sonymusiccanada,1,https://job-boards.greenhouse.io/sonymusiccanada
greenhouse,sonymusiccareersbelgium,1,https://job-boards.greenhouse.io/sonymusiccareersbelgium
greenhouse,sorellalabs,1,https://job-boards.greenhouse.io/sorellalabs
greenhouse,sourcingcour,16,https://job-boards.greenhouse.io/sourcingcour
greenhouse,spectrumvascular,7,https://job-boards.greenhouse.io/spectrumvascular
greenhouse,speechmatics,8,https://job-boards.greenhouse.io/speechmatics
greenhouse,speedbaywarehousesolutions,15,https://job-boards.greenhouse.io/speedbaywarehousesolutions
greenhouse,spoileralert,4,https://job-boards.greenhouse.io/spoileralert
greenhouse,sportygroup,41,https://job-boards.greenhouse.io/sportygroup
greenhouse,spotme,9,https://job-boards.greenhouse.io/spotme
greenhouse,spotsylvaniaanimalhospital,4,https://job-boards.greenhouse.io/spotsylvaniaanimalhospital
greenhouse,springsworkstherapeutics,14,https://job-boards.greenhouse.io/springsworkstherapeutics
greenhouse,sprintersportsad,1,https://job-boards.greenhouse.io/sprintersportsad
greenhouse,sprintersportspt,85,https://job-boards.greenhouse.io/sprintersportspt
greenhouse,srm,16,https://job-boards.greenhouse.io/srm
greenhouse,ssreferrals,20,https://job-boards.greenhouse.io/ssreferrals
greenhouse,stabilityai,7,https://job-boards.greenhouse.io/stabilityai
greenhouse,stackcommerce,2,https://job-boards.greenhouse.io/stackcommerce
greenhouse,standardnuclearinc,22,https://job-boards.greenhouse.io/standardnuclearinc
greenhouse,star-catcher,18,https://job-boards.greenhouse.io/star-catcher
greenhouse,starfishneuroscience,1,https://job-boards.greenhouse.io/starfishneuroscience
greenhouse,startcampus,7,https://job-boards.greenhouse.io/startcampus
greenhouse,stayton,18,https://job-boards.greenhouse.io/stayton
greenhouse,stokespacetechnologies,62,https://job-boards.greenhouse.io/stokespacetechnologies
greenhouse,stonebarnscenter,1,https://job-boards.greenhouse.io/stonebarnscenter
greenhouse,stonepatrocina,275,https://job-boards.greenhouse.io/stonepatrocina
greenhouse,straitsx,34,https://job-boards.greenhouse.io/straitsx
greenhouse,strato2,1,https://job-boards.greenhouse.io/strato2
greenhouse,studycareers,6,https://job-boards.greenhouse.io/studycareers
greenhouse,subarupacific,2,https://job-boards.greenhouse.io/subarupacific
greenhouse,submer,22,https://job-boards.greenhouse.io/submer
greenhouse,suministro,2,https://job-boards.greenhouse.io/suministro
greenhouse,summitonevanderbilt,8,https://job-boards.greenhouse.io/summitonevanderbilt
greenhouse,summlinkbv,8,https://job-boards.greenhouse.io/summlinkbv
greenhouse,super,192,https://job-boards.greenhouse.io/super
greenhouse,superjoy,1,https://job-boards.greenhouse.io/superjoy
greenhouse,supermetricsoy,10,https://job-boards.greenhouse.io/supermetricsoy
greenhouse,superserve,1,https://job-boards.greenhouse.io/superserve
greenhouse,surepay,4,https://job-boards.greenhouse.io/surepay
greenhouse,surfai,2,https://job-boards.greenhouse.io/surfai
greenhouse,surtai,2,https://job-boards.greenhouse.io/surtai
greenhouse,swandenver,1,https://job-boards.greenhouse.io/swandenver
greenhouse,swanloveland,6,https://job-boards.greenhouse.io/swanloveland
greenhouse,swissitgermany,2,https://job-boards.greenhouse.io/swissitgermany
greenhouse,sylvain,1,https://job-boards.greenhouse.io/sylvain
greenhouse,syncopropertiesinc,4,https://job-boards.greenhouse.io/syncopropertiesinc
greenhouse,syskahennessy,108,https://job-boards.greenhouse.io/syskahennessy
greenhouse,t2systems,10,https://job-boards.greenhouse.io/t2systems
greenhouse,tacnet,1,https://job-boards.greenhouse.io/tacnet
greenhouse,tactilegames,4,https://job-boards.greenhouse.io/tactilegames
greenhouse,takecommandhealth,7,https://job-boards.greenhouse.io/takecommandhealth
greenhouse,talentcommunityasm,2,https://job-boards.greenhouse.io/talentcommunityasm
greenhouse,talentochilcabradken,4,https://job-boards.greenhouse.io/talentochilcabradken
greenhouse,talentpool,1,https://job-boards.greenhouse.io/talentpool
greenhouse,talkspace,19,https://job-boards.greenhouse.io/talkspace
greenhouse,tamaragroup,6,https://job-boards.greenhouse.io/tamaragroup
greenhouse,tankww,3,https://job-boards.greenhouse.io/tankww
greenhouse,tapestryenergy,17,https://job-boards.greenhouse.io/tapestryenergy
greenhouse,tavily,13,https://job-boards.greenhouse.io/tavily
greenhouse,taxrise,14,https://job-boards.greenhouse.io/taxrise
greenhouse,teachforall,15,https://job-boards.greenhouse.io/teachforall
greenhouse,teachinglabstudio,1,https://job-boards.greenhouse.io/teachinglabstudio
greenhouse,teammate,9,https://job-boards.greenhouse.io/teammate
greenhouse,technologyadvice,25,https://job-boards.greenhouse.io/technologyadvice
greenhouse,tekla,2,https://job-boards.greenhouse.io/tekla
greenhouse,tellerparkvet,3,https://job-boards.greenhouse.io/tellerparkvet
greenhouse,tenet3,3,https://job-boards.greenhouse.io/tenet3
greenhouse,teracore,5,https://job-boards.greenhouse.io/teracore
greenhouse,terrapowerllc,79,https://job-boards.greenhouse.io/terrapowerllc
greenhouse,terraquantum,9,https://job-boards.greenhouse.io/terraquantum
greenhouse,terremotobiosciencesinc,1,https://job-boards.greenhouse.io/terremotobiosciencesinc
greenhouse,territorialdentalclinic,1,https://job-boards.greenhouse.io/territorialdentalclinic
greenhouse,textio,2,https://job-boards.greenhouse.io/textio
greenhouse,theacademy,1,https://job-boards.greenhouse.io/theacademy
greenhouse,theagencyre,5,https://job-boards.greenhouse.io/theagencyre
greenhouse,theberkeleypartnership,2,https://job-boards.greenhouse.io/theberkeleypartnership
greenhouse,thedotcollective,12,https://job-boards.greenhouse.io/thedotcollective
greenhouse,theinsidejob,16,https://job-boards.greenhouse.io/theinsidejob
greenhouse,thelastmile,1,https://job-boards.greenhouse.io/thelastmile
greenhouse,theloomisagency,4,https://job-boards.greenhouse.io/theloomisagency
greenhouse,themartinagency,1,https://job-boards.greenhouse.io/themartinagency
greenhouse,theowlcentre,1,https://job-boards.greenhouse.io/theowlcentre
greenhouse,thepacgroup,24,https://job-boards.greenhouse.io/thepacgroup
greenhouse,theperfectworkout,16,https://job-boards.greenhouse.io/theperfectworkout
greenhouse,theriversidecompany,3,https://job-boards.greenhouse.io/theriversidecompany
greenhouse,thesocialhub,122,https://job-boards.greenhouse.io/thesocialhub
greenhouse,thgingenuity,43,https://job-boards.greenhouse.io/thgingenuity
greenhouse,thinkcellsoftware,29,https://job-boards.greenhouse.io/thinkcellsoftware
greenhouse,thinkofus,10,https://job-boards.greenhouse.io/thinkofus
greenhouse,thirdlove,32,https://job-boards.greenhouse.io/thirdlove
greenhouse,thirdpoleinc,1,https://job-boards.greenhouse.io/thirdpoleinc
greenhouse,thltestcareers,4,https://job-boards.greenhouse.io/thltestcareers
greenhouse,thomasvillechildcare,2,https://job-boards.greenhouse.io/thomasvillechildcare
greenhouse,thrivedigital,11,https://job-boards.greenhouse.io/thrivedigital
greenhouse,tidewatertech,11,https://job-boards.greenhouse.io/tidewatertech
greenhouse,tifin,6,https://job-boards.greenhouse.io/tifin
greenhouse,tinginternet,8,https://job-boards.greenhouse.io/tinginternet
greenhouse,tipaltisolutions,25,https://job-boards.greenhouse.io/tipaltisolutions
greenhouse,tippingpointcommunity,1,https://job-boards.greenhouse.io/tippingpointcommunity
greenhouse,toggleai,6,https://job-boards.greenhouse.io/toggleai
greenhouse,tokensecurity,7,https://job-boards.greenhouse.io/tokensecurity
greenhouse,toradex,17,https://job-boards.greenhouse.io/toradex
greenhouse,toriihq,1,https://job-boards.greenhouse.io/toriihq
greenhouse,toropark,2,https://job-boards.greenhouse.io/toropark
greenhouse,totalrecon,6,https://job-boards.greenhouse.io/totalrecon
greenhouse,towerresearchcapital,85,https://job-boards.greenhouse.io/towerresearchcapital
greenhouse,toyotasantamonica,2,https://job-boards.greenhouse.io/toyotasantamonica
greenhouse,tpgcareers,17,https://job-boards.greenhouse.io/tpgcareers
greenhouse,tr1x,3,https://job-boards.greenhouse.io/tr1x
greenhouse,tracelinkinc,23,https://job-boards.greenhouse.io/tracelinkinc
greenhouse,trcanada,1,https://job-boards.greenhouse.io/trcanada
greenhouse,treehousefab,2,https://job-boards.greenhouse.io/treehousefab
greenhouse,tresslerllp,5,https://job-boards.greenhouse.io/tresslerllp
greenhouse,trexsolutions,46,https://job-boards.greenhouse.io/trexsolutions
greenhouse,tri-countyveterinaryclinic,3,https://job-boards.greenhouse.io/tri-countyveterinaryclinic
greenhouse,tribalspain,2,https://job-boards.greenhouse.io/tribalspain
greenhouse,trigild,11,https://job-boards.greenhouse.io/trigild
greenhouse,trinks,1,https://job-boards.greenhouse.io/trinks
greenhouse,triplelift,29,https://job-boards.greenhouse.io/triplelift
greenhouse,triplepointllp,14,https://job-boards.greenhouse.io/triplepointllp
greenhouse,triviumpoint,3,https://job-boards.greenhouse.io/triviumpoint
greenhouse,trueindependentholdings,1,https://job-boards.greenhouse.io/trueindependentholdings
greenhouse,truespec,2,https://job-boards.greenhouse.io/truespec
greenhouse,trussworksinc,2,https://job-boards.greenhouse.io/trussworksinc
greenhouse,tubescience-labs,4,https://job-boards.greenhouse.io/tubescience-labs
greenhouse,turfmasters,40,https://job-boards.greenhouse.io/turfmasters
greenhouse,twinstream,5,https://job-boards.greenhouse.io/twinstream
greenhouse,ultimate,7,https://job-boards.greenhouse.io/ultimate
greenhouse,ultratendency,23,https://job-boards.greenhouse.io/ultratendency
greenhouse,umistone,34,https://job-boards.greenhouse.io/umistone
greenhouse,umojabiopharma,9,https://job-boards.greenhouse.io/umojabiopharma
greenhouse,unconventionalinc,18,https://job-boards.greenhouse.io/unconventionalinc
greenhouse,unispacelifesciences,1,https://job-boards.greenhouse.io/unispacelifesciences
greenhouse,unitedcapital,7,https://job-boards.greenhouse.io/unitedcapital
greenhouse,universaldx,6,https://job-boards.greenhouse.io/universaldx
greenhouse,upwardhealth,25,https://job-boards.greenhouse.io/upwardhealth
greenhouse,upwingenergy,7,https://job-boards.greenhouse.io/upwingenergy
greenhouse,urbansystems,5,https://job-boards.greenhouse.io/urbansystems
greenhouse,urgentcareforchildren,2,https://job-boards.greenhouse.io/urgentcareforchildren
greenhouse,urpt,1214,https://job-boards.greenhouse.io/urpt
greenhouse,valleyhospital,2,https://job-boards.greenhouse.io/valleyhospital
greenhouse,valpro,1,https://job-boards.greenhouse.io/valpro
greenhouse,vanguarddermatology,2,https://job-boards.greenhouse.io/vanguarddermatology
greenhouse,vanmetre,9,https://job-boards.greenhouse.io/vanmetre
greenhouse,vaynermedia,77,https://job-boards.greenhouse.io/vaynermedia
greenhouse,vccpgroupllp,11,https://job-boards.greenhouse.io/vccpgroupllp
greenhouse,vecgreenwich,1,https://job-boards.greenhouse.io/vecgreenwich
greenhouse,vecpa,1,https://job-boards.greenhouse.io/vecpa
greenhouse,veracode,9,https://job-boards.greenhouse.io/veracode
greenhouse,verilife,20,https://job-boards.greenhouse.io/verilife
greenhouse,verkada2,1,https://job-boards.greenhouse.io/verkada2
greenhouse,vertexservicepartners,12,https://job-boards.greenhouse.io/vertexservicepartners
greenhouse,vettoai,3,https://job-boards.greenhouse.io/vettoai
greenhouse,via99,10,https://job-boards.greenhouse.io/via99
greenhouse,viaduct,6,https://job-boards.greenhouse.io/viaduct
greenhouse,victrix,2,https://job-boards.greenhouse.io/victrix
greenhouse,vileon,1,https://job-boards.greenhouse.io/vileon
greenhouse,villageelc,2,https://job-boards.greenhouse.io/villageelc
greenhouse,villageorthodontics,1,https://job-boards.greenhouse.io/villageorthodontics
greenhouse,vipvermontinformationprocessing2,5,https://job-boards.greenhouse.io/vipvermontinformationprocessing2
greenhouse,virginbetsa,1,https://job-boards.greenhouse.io/virginbetsa
greenhouse,vitalfarmsinternalcrew,20,https://job-boards.greenhouse.io/vitalfarmsinternalcrew
greenhouse,vitalvoicesglobalpartnership,8,https://job-boards.greenhouse.io/vitalvoicesglobalpartnership
greenhouse,vitta,1,https://job-boards.greenhouse.io/vitta
greenhouse,vivcourtevents,1,https://job-boards.greenhouse.io/vivcourtevents
greenhouse,vividseatsllc,6,https://job-boards.greenhouse.io/vividseatsllc
greenhouse,vocationaltraineeworkexperience,1,https://job-boards.greenhouse.io/vocationaltraineeworkexperience
greenhouse,volantissemiconductorinc,30,https://job-boards.greenhouse.io/volantissemiconductorinc
greenhouse,votesolar,3,https://job-boards.greenhouse.io/votesolar
greenhouse,voxel51,1,https://job-boards.greenhouse.io/voxel51
greenhouse,vynyl,5,https://job-boards.greenhouse.io/vynyl
greenhouse,watchduty,1,https://job-boards.greenhouse.io/watchduty
greenhouse,watchmakergenomics,14,https://job-boards.greenhouse.io/watchmakergenomics
greenhouse,watsonsfriendsah,3,https://job-boards.greenhouse.io/watsonsfriendsah
greenhouse,waverlyadvisorsllc,21,https://job-boards.greenhouse.io/waverlyadvisorsllc
greenhouse,weathershieldroofingsystems,3,https://job-boards.greenhouse.io/weathershieldroofingsystems
greenhouse,weights_and_biases,14,https://job-boards.greenhouse.io/weights_and_biases
greenhouse,wellnestfertility,1,https://job-boards.greenhouse.io/wellnestfertility
greenhouse,wellsaidlabs,2,https://job-boards.greenhouse.io/wellsaidlabs
greenhouse,wellspringlearningcenters,1,https://job-boards.greenhouse.io/wellspringlearningcenters
greenhouse,westbrook,13,https://job-boards.greenhouse.io/westbrook
greenhouse,westcoastchildrensclinic,9,https://job-boards.greenhouse.io/westcoastchildrensclinic
greenhouse,westsidedermatology,2,https://job-boards.greenhouse.io/westsidedermatology
greenhouse,whitetech,14,https://job-boards.greenhouse.io/whitetech
greenhouse,wikimediaendowment,1,https://job-boards.greenhouse.io/wikimediaendowment
greenhouse,wil,3,https://job-boards.greenhouse.io/wil
greenhouse,willowinnovations,3,https://job-boards.greenhouse.io/willowinnovations
greenhouse,wimanagementllc,4,https://job-boards.greenhouse.io/wimanagementllc
greenhouse,windsoradvantage,2,https://job-boards.greenhouse.io/windsoradvantage
greenhouse,winnerscirclegroupoftexas1,2,https://job-boards.greenhouse.io/winnerscirclegroupoftexas1
greenhouse,wirelesslogic,19,https://job-boards.greenhouse.io/wirelesslogic
greenhouse,wonderstudios,4,https://job-boards.greenhouse.io/wonderstudios
greenhouse,woodlakeanimalhospital,2,https://job-boards.greenhouse.io/woodlakeanimalhospital
greenhouse,wooreferral,1,https://job-boards.greenhouse.io/wooreferral
greenhouse,workattraxion,6,https://job-boards.greenhouse.io/workattraxion
greenhouse,wunderflatsde,1,https://job-boards.greenhouse.io/wunderflatsde
greenhouse,wundermanthompson,595,https://job-boards.greenhouse.io/wundermanthompson
greenhouse,wwclinic,3,https://job-boards.greenhouse.io/wwclinic
greenhouse,xbiglylabs,12,https://job-boards.greenhouse.io/xbiglylabs
greenhouse,xendit,24,https://job-boards.greenhouse.io/xendit
greenhouse,xntltd,22,https://job-boards.greenhouse.io/xntltd
greenhouse,xosinc,7,https://job-boards.greenhouse.io/xosinc
greenhouse,xphealth,2,https://job-boards.greenhouse.io/xphealth
greenhouse,xsolisinc,5,https://job-boards.greenhouse.io/xsolisinc
greenhouse,yellowbrickdata,2,https://job-boards.greenhouse.io/yellowbrickdata
greenhouse,youngmindsdc,3,https://job-boards.greenhouse.io/youngmindsdc
greenhouse,ysoftcorporation,6,https://job-boards.greenhouse.io/ysoftcorporation
greenhouse,yuso,4,https://job-boards.greenhouse.io/yuso
greenhouse,zenasbio,12,https://job-boards.greenhouse.io/zenasbio
greenhouse,zenput,9,https://job-boards.greenhouse.io/zenput
greenhouse,zenrows,1,https://job-boards.greenhouse.io/zenrows
greenhouse,zestyai,3,https://job-boards.greenhouse.io/zestyai
greenhouse,zetacharterschools,48,https://job-boards.greenhouse.io/zetacharterschools
greenhouse,zevia,2,https://job-boards.greenhouse.io/zevia
greenhouse,ziosk,4,https://job-boards.greenhouse.io/ziosk
greenhouse,ziro,1,https://job-boards.greenhouse.io/ziro
lever,5amventures,4,https://jobs.lever.co/5amventures
lever,andersgroup,3,https://jobs.lever.co/andersgroup
lever,artifactuprising.com,1,https://jobs.lever.co/artifactuprising.com
lever,attovia-therapeutics,4,https://jobs.lever.co/attovia-therapeutics
lever,bellwetheram-2,23,https://jobs.lever.co/bellwetheram-2
lever,biorender,1,https://jobs.lever.co/biorender
lever,boltjobs,5,https://jobs.lever.co/boltjobs
lever,careernowbrands,2,https://jobs.lever.co/careernowbrands
lever,centerlinebiomedical.com,1,https://jobs.lever.co/centerlinebiomedical.com
lever,chargelab-inc,2,https://jobs.lever.co/chargelab-inc
lever,choose,5,https://jobs.lever.co/choose
lever,continuumglobal,1,https://jobs.lever.co/continuumglobal
lever,cuningham,16,https://jobs.lever.co/cuningham
lever,cybourn,3,https://jobs.lever.co/cybourn
lever,erpsuccesspartners,1,https://jobs.lever.co/erpsuccesspartners
lever,estenda,2,https://jobs.lever.co/estenda
lever,firstent,5,https://jobs.lever.co/firstent
lever,fp,11,https://jobs.lever.co/fp
lever,freiheit-2,7,https://jobs.lever.co/freiheit-2
lever,fwgsolutions,35,https://jobs.lever.co/fwgsolutions
lever,gagezero,1,https://jobs.lever.co/gagezero
lever,getduranta,2,https://jobs.lever.co/getduranta
lever,golfscopeinc,2,https://jobs.lever.co/golfscopeinc
lever,guidestareldercare,53,https://jobs.lever.co/guidestareldercare
lever,healpros,1,https://jobs.lever.co/healpros
lever,heaten-germany-gmbh,4,https://jobs.lever.co/heaten-germany-gmbh
lever,humanityprotocol,2,https://jobs.lever.co/humanityprotocol
lever,idealistconsulting,8,https://jobs.lever.co/idealistconsulting
lever,ifeel,1,https://jobs.lever.co/ifeel
lever,insomniacdesign,8,https://jobs.lever.co/insomniacdesign
lever,junoniapartners,3,https://jobs.lever.co/junoniapartners
lever,kasheesh,2,https://jobs.lever.co/kasheesh
lever,kira-learning.com,8,https://jobs.lever.co/kira-learning.com
lever,kwanso,11,https://jobs.lever.co/kwanso
lever,lacunatechnologies,1,https://jobs.lever.co/lacunatechnologies
lever,lavictoria,1,https://jobs.lever.co/lavictoria
lever,livingcarbon,2,https://jobs.lever.co/livingcarbon
lever,longtail-ai,1,https://jobs.lever.co/longtail-ai
lever,lsa-hr,1,https://jobs.lever.co/lsa-hr
lever,margueritecaseyfoundation,1,https://jobs.lever.co/margueritecaseyfoundation
lever,masterborn-2,4,https://jobs.lever.co/masterborn-2
lever,matrixpartners,1,https://jobs.lever.co/matrixpartners
lever,mirego,10,https://jobs.lever.co/mirego
lever,moka.care,5,https://jobs.lever.co/moka.care
lever,mothernewyork,1,https://jobs.lever.co/mothernewyork
lever,mulliganfunding,3,https://jobs.lever.co/mulliganfunding
lever,nimbletalent,2,https://jobs.lever.co/nimbletalent
lever,pansns,1,https://jobs.lever.co/pansns
lever,pillarbiosciences,1,https://jobs.lever.co/pillarbiosciences
lever,pinegames,6,https://jobs.lever.co/pinegames
lever,piplabs,1,https://jobs.lever.co/piplabs
lever,pmaconsultants,29,https://jobs.lever.co/pmaconsultants
lever,pppsgv,5,https://jobs.lever.co/pppsgv
lever,psivant,1,https://jobs.lever.co/psivant
lever,redi.health,3,https://jobs.lever.co/redi.health
lever,rezotx,2,https://jobs.lever.co/rezotx
lever,robbinsrecruiting,3,https://jobs.lever.co/robbinsrecruiting
lever,salesdemo-jr,21,https://jobs.lever.co/salesdemo-jr
lever,sentibio,1,https://jobs.lever.co/sentibio
lever,skyboxlabs,3,https://jobs.lever.co/skyboxlabs
lever,sogoodsoyou,3,https://jobs.lever.co/sogoodsoyou
lever,spiria,12,https://jobs.lever.co/spiria
lever,sunrisefarms,37,https://jobs.lever.co/sunrisefarms
lever,surglogs,2,https://jobs.lever.co/surglogs
lever,surpassgames,1,https://jobs.lever.co/surpassgames
lever,techquarter,7,https://jobs.lever.co/techquarter
lever,thebouqs.com,3,https://jobs.lever.co/thebouqs.com
lever,theorycraftgames,1,https://jobs.lever.co/theorycraftgames
lever,topicalsrx,1,https://jobs.lever.co/topicalsrx
lever,tpgsi,1,https://jobs.lever.co/tpgsi
lever,trueplatform,7,https://jobs.lever.co/trueplatform
lever,whiterivertoyota,3,https://jobs.lever.co/whiterivertoyota
ashby,5bluesoftware,6,https://jobs.ashbyhq.com/5bluesoftware
ashby,8returns,8,https://jobs.ashbyhq.com/8returns
ashby,8vc,6,https://jobs.ashbyhq.com/8vc
ashby,absentia-labs,2,https://jobs.ashbyhq.com/absentia-labs
ashby,aceve,13,https://jobs.ashbyhq.com/aceve
ashby,achira,8,https://jobs.ashbyhq.com/achira
ashby,adaptive-innovations,7,https://jobs.ashbyhq.com/adaptive-innovations
ashby,adapty-io,5,https://jobs.ashbyhq.com/adapty-io
ashby,adclear,4,https://jobs.ashbyhq.com/adclear
ashby,aditude,7,https://jobs.ashbyhq.com/aditude
ashby,adjoe,41,https://jobs.ashbyhq.com/adjoe
ashby,aduro-advisors,4,https://jobs.ashbyhq.com/aduro-advisors
ashby,aegis-ai,23,https://jobs.ashbyhq.com/aegis-ai
ashby,agavegames,4,https://jobs.ashbyhq.com/agavegames
ashby,aibidia,4,https://jobs.ashbyhq.com/aibidia
ashby,airspeed,3,https://jobs.ashbyhq.com/airspeed
ashby,aka,5,https://jobs.ashbyhq.com/aka
ashby,akasa,11,https://jobs.ashbyhq.com/akasa
ashby,algo1,6,https://jobs.ashbyhq.com/algo1
ashby,allen-control-systems,73,https://jobs.ashbyhq.com/allen-control-systems
ashby,almetra,15,https://jobs.ashbyhq.com/almetra
ashby,alotten-inc,1,https://jobs.ashbyhq.com/alotten-inc
ashby,alpha-design-ai-inc,13,https://jobs.ashbyhq.com/alpha-design-ai-inc
ashby,alphalifesci,10,https://jobs.ashbyhq.com/alphalifesci
ashby,alpic,8,https://jobs.ashbyhq.com/alpic
ashby,alta-ares,27,https://jobs.ashbyhq.com/alta-ares
ashby,amari,3,https://jobs.ashbyhq.com/amari
ashby,amber,25,https://jobs.ashbyhq.com/amber
ashby,ambrosia-energy,8,https://jobs.ashbyhq.com/ambrosia-energy
ashby,ampeers,4,https://jobs.ashbyhq.com/ampeers
ashby,andromeda,18,https://jobs.ashbyhq.com/andromeda
ashby,anthelioncap,3,https://jobs.ashbyhq.com/anthelioncap
ashby,apella,1,https://jobs.ashbyhq.com/apella
ashby,apexgrowth,1,https://jobs.ashbyhq.com/apexgrowth
ashby,apexx,3,https://jobs.ashbyhq.com/apexx
ashby,applike-group,10,https://jobs.ashbyhq.com/applike-group
ashby,aquarianlp,2,https://jobs.ashbyhq.com/aquarianlp
ashby,aquark,1,https://jobs.ashbyhq.com/aquark
ashby,arca,11,https://jobs.ashbyhq.com/arca
ashby,arclight-consulting,11,https://jobs.ashbyhq.com/arclight-consulting
ashby,ardea-partners,2,https://jobs.ashbyhq.com/ardea-partners
ashby,argon-ai,1,https://jobs.ashbyhq.com/argon-ai
ashby,arizent,1,https://jobs.ashbyhq.com/arizent
ashby,artafinance,11,https://jobs.ashbyhq.com/artafinance
ashby,arthur-ai,2,https://jobs.ashbyhq.com/arthur-ai
ashby,artian,8,https://jobs.ashbyhq.com/artian
ashby,artie,5,https://jobs.ashbyhq.com/artie
ashby,artificial.agency,2,https://jobs.ashbyhq.com/artificial.agency
ashby,artosai,5,https://jobs.ashbyhq.com/artosai
ashby,aryahealth.ai,15,https://jobs.ashbyhq.com/aryahealth.ai
ashby,ashgro,1,https://jobs.ashbyhq.com/ashgro
ashby,asteriai,5,https://jobs.ashbyhq.com/asteriai
ashby,asula,3,https://jobs.ashbyhq.com/asula
ashby,athena-hq,4,https://jobs.ashbyhq.com/athena-hq
ashby,atira,10,https://jobs.ashbyhq.com/atira
ashby,atlas-privacy,4,https://jobs.ashbyhq.com/atlas-privacy
ashby,atlys,19,https://jobs.ashbyhq.com/atlys
ashby,atolio,3,https://jobs.ashbyhq.com/atolio
ashby,atomic-invest,1,https://jobs.ashbyhq.com/atomic-invest
ashby,augmodo,7,https://jobs.ashbyhq.com/augmodo
ashby,authorium,8,https://jobs.ashbyhq.com/authorium
ashby,aveni,13,https://jobs.ashbyhq.com/aveni
ashby,axiommath,1,https://jobs.ashbyhq.com/axiommath
ashby,battle-creek-games,1,https://jobs.ashbyhq.com/battle-creek-games
ashby,beavr,1,https://jobs.ashbyhq.com/beavr
ashby,beparallel,8,https://jobs.ashbyhq.com/beparallel
ashby,bettercloud,3,https://jobs.ashbyhq.com/bettercloud
ashby,bettermoney,6,https://jobs.ashbyhq.com/bettermoney
ashby,big-leap-health,6,https://jobs.ashbyhq.com/big-leap-health
ashby,bite,3,https://jobs.ashbyhq.com/bite
ashby,blackstar,4,https://jobs.ashbyhq.com/blackstar
ashby,blankexampleinstance,1,https://jobs.ashbyhq.com/blankexampleinstance
ashby,bluenote,2,https://jobs.ashbyhq.com/bluenote
ashby,boldgames,3,https://jobs.ashbyhq.com/boldgames
ashby,bookkeeper360,3,https://jobs.ashbyhq.com/bookkeeper360
ashby,bowatt,8,https://jobs.ashbyhq.com/bowatt
ashby,brainbaselabs,4,https://jobs.ashbyhq.com/brainbaselabs
ashby,brandlight,6,https://jobs.ashbyhq.com/brandlight
ashby,bratte,2,https://jobs.ashbyhq.com/bratte
ashby,breakmark,7,https://jobs.ashbyhq.com/breakmark
ashby,bridgepoint-consulting,31,https://jobs.ashbyhq.com/bridgepoint-consulting
ashby,brm.ai,3,https://jobs.ashbyhq.com/brm.ai
ashby,brooklyn-health,17,https://jobs.ashbyhq.com/brooklyn-health
ashby,browse.ai,2,https://jobs.ashbyhq.com/browse.ai
ashby,built-robotics,7,https://jobs.ashbyhq.com/built-robotics
ashby,bunkerhillhealth,4,https://jobs.ashbyhq.com/bunkerhillhealth
ashby,capable,19,https://jobs.ashbyhq.com/capable
ashby,capital-v-strategies,2,https://jobs.ashbyhq.com/capital-v-strategies
ashby,cardboard,6,https://jobs.ashbyhq.com/cardboard
ashby,casperstudios,5,https://jobs.ashbyhq.com/casperstudios
ashby,causaprima,5,https://jobs.ashbyhq.com/causaprima
ashby,ceartas,3,https://jobs.ashbyhq.com/ceartas
ashby,ceilix,2,https://jobs.ashbyhq.com/ceilix
ashby,centuro-global-careers,5,https://jobs.ashbyhq.com/centuro-global-careers
ashby,cerebras,109,https://jobs.ashbyhq.com/cerebras
ashby,certa,5,https://jobs.ashbyhq.com/certa
ashby,chalice,2,https://jobs.ashbyhq.com/chalice
ashby,chamelio,10,https://jobs.ashbyhq.com/chamelio
ashby,charthop,3,https://jobs.ashbyhq.com/charthop
ashby,chartis,32,https://jobs.ashbyhq.com/chartis
ashby,ciroos,8,https://jobs.ashbyhq.com/ciroos
ashby,civicmarketplace,3,https://jobs.ashbyhq.com/civicmarketplace
ashby,classavo,1,https://jobs.ashbyhq.com/classavo
ashby,clearvector,4,https://jobs.ashbyhq.com/clearvector
ashby,clickhouse,177,https://jobs.ashbyhq.com/clickhouse
ashby,cmr.london,36,https://jobs.ashbyhq.com/cmr.london
ashby,codeway,13,https://jobs.ashbyhq.com/codeway
ashby,cognita-imaging,2,https://jobs.ashbyhq.com/cognita-imaging
ashby,collider,2,https://jobs.ashbyhq.com/collider
ashby,comand-ai,14,https://jobs.ashbyhq.com/comand-ai
ashby,common-fund,1,https://jobs.ashbyhq.com/common-fund
ashby,community-preservation-corporation,15,https://jobs.ashbyhq.com/community-preservation-corporation
ashby,complir,6,https://jobs.ashbyhq.com/complir
ashby,composite,1,https://jobs.ashbyhq.com/composite
ashby,compresr,2,https://jobs.ashbyhq.com/compresr
ashby,conetic-group,3,https://jobs.ashbyhq.com/conetic-group
ashby,confido,35,https://jobs.ashbyhq.com/confido
ashby,coperniq,1,https://jobs.ashbyhq.com/coperniq
ashby,cranston,3,https://jobs.ashbyhq.com/cranston
ashby,creem,6,https://jobs.ashbyhq.com/creem
ashby,current-advisors,83,https://jobs.ashbyhq.com/current-advisors
ashby,curvionblue,18,https://jobs.ashbyhq.com/curvionblue
ashby,cyber.fund,1,https://jobs.ashbyhq.com/cyber.fund
ashby,cylake-inc,12,https://jobs.ashbyhq.com/cylake-inc
ashby,dandelionhealth,5,https://jobs.ashbyhq.com/dandelionhealth
ashby,dapper,22,https://jobs.ashbyhq.com/dapper
ashby,dapster,4,https://jobs.ashbyhq.com/dapster
ashby,datafold,1,https://jobs.ashbyhq.com/datafold
ashby,datalab,7,https://jobs.ashbyhq.com/datalab
ashby,datasnipper,34,https://jobs.ashbyhq.com/datasnipper
ashby,datawizz,8,https://jobs.ashbyhq.com/datawizz
ashby,dealops,5,https://jobs.ashbyhq.com/dealops
ashby,decodahealth,6,https://jobs.ashbyhq.com/decodahealth
ashby,deepsetai,5,https://jobs.ashbyhq.com/deepsetai
ashby,delos-data,10,https://jobs.ashbyhq.com/delos-data
ashby,delphina,3,https://jobs.ashbyhq.com/delphina
ashby,delplayagroup,10,https://jobs.ashbyhq.com/delplayagroup
ashby,demo.talentlink,9,https://jobs.ashbyhq.com/demo.talentlink
ashby,dentology,1,https://jobs.ashbyhq.com/dentology
ashby,dialo,3,https://jobs.ashbyhq.com/dialo
ashby,diffit,1,https://jobs.ashbyhq.com/diffit
ashby,discern,2,https://jobs.ashbyhq.com/discern
ashby,discovery-loop,1,https://jobs.ashbyhq.com/discovery-loop
ashby,displai,4,https://jobs.ashbyhq.com/displai
ashby,distill,1,https://jobs.ashbyhq.com/distill
ashby,dittoai,5,https://jobs.ashbyhq.com/dittoai
ashby,dlc-inc,26,https://jobs.ashbyhq.com/dlc-inc
ashby,earthforce,1,https://jobs.ashbyhq.com/earthforce
ashby,echotwin,11,https://jobs.ashbyhq.com/echotwin
ashby,edgetier.com,2,https://jobs.ashbyhq.com/edgetier.com
ashby,element451,6,https://jobs.ashbyhq.com/element451
ashby,elorian-ai-inc,5,https://jobs.ashbyhq.com/elorian-ai-inc
ashby,elyos,6,https://jobs.ashbyhq.com/elyos
ashby,encord,34,https://jobs.ashbyhq.com/encord
ashby,endeavorai,5,https://jobs.ashbyhq.com/endeavorai
ashby,enter-ai,21,https://jobs.ashbyhq.com/enter-ai
ashby,envision-horizons,15,https://jobs.ashbyhq.com/envision-horizons
ashby,epidemic-sound,21,https://jobs.ashbyhq.com/epidemic-sound
ashby,epsilon-health,8,https://jobs.ashbyhq.com/epsilon-health
ashby,erp.ai,1,https://jobs.ashbyhq.com/erp.ai
ashby,euclid-power,10,https://jobs.ashbyhq.com/euclid-power
ashby,evvy,16,https://jobs.ashbyhq.com/evvy
ashby,extropic,8,https://jobs.ashbyhq.com/extropic
ashby,fab2,45,https://jobs.ashbyhq.com/fab2
ashby,fama-technologies-inc,1,https://jobs.ashbyhq.com/fama-technologies-inc
ashby,familiarmachines,1,https://jobs.ashbyhq.com/familiarmachines
ashby,fanvue.com,12,https://jobs.ashbyhq.com/fanvue.com
ashby,farmersd40,40,https://jobs.ashbyhq.com/farmersd40
ashby,faros-ai,11,https://jobs.ashbyhq.com/faros-ai
ashby,favorited,12,https://jobs.ashbyhq.com/favorited
ashby,feldera,3,https://jobs.ashbyhq.com/feldera
ashby,fence-finance,4,https://jobs.ashbyhq.com/fence-finance
ashby,fetch-pet-health,8,https://jobs.ashbyhq.com/fetch-pet-health
ashby,fidamy,1,https://jobs.ashbyhq.com/fidamy
ashby,finmid.com,6,https://jobs.ashbyhq.com/finmid.com
ashby,finvari,12,https://jobs.ashbyhq.com/finvari
ashby,fireworks,67,https://jobs.ashbyhq.com/fireworks
ashby,fleetcraft,2,https://jobs.ashbyhq.com/fleetcraft
ashby,fnfm,1,https://jobs.ashbyhq.com/fnfm
ashby,fomo-labs,4,https://jobs.ashbyhq.com/fomo-labs
ashby,fonio,68,https://jobs.ashbyhq.com/fonio
ashby,footprint,12,https://jobs.ashbyhq.com/footprint
ashby,forto,13,https://jobs.ashbyhq.com/forto
ashby,forum-ventures,15,https://jobs.ashbyhq.com/forum-ventures
ashby,fourth-power,1,https://jobs.ashbyhq.com/fourth-power
ashby,frec,6,https://jobs.ashbyhq.com/frec
ashby,frontier-health,4,https://jobs.ashbyhq.com/frontier-health
ashby,gallatin,20,https://jobs.ashbyhq.com/gallatin
ashby,gem-technologies,53,https://jobs.ashbyhq.com/gem-technologies
ashby,gen-trellis,8,https://jobs.ashbyhq.com/gen-trellis
ashby,generalist,17,https://jobs.ashbyhq.com/generalist
ashby,genpeach,5,https://jobs.ashbyhq.com/genpeach
ashby,geobrowser,2,https://jobs.ashbyhq.com/geobrowser
ashby,getscope,4,https://jobs.ashbyhq.com/getscope
ashby,getting-attention,3,https://jobs.ashbyhq.com/getting-attention
ashby,golinks,5,https://jobs.ashbyhq.com/golinks
ashby,goveagle,2,https://jobs.ashbyhq.com/goveagle
ashby,greenboard,4,https://jobs.ashbyhq.com/greenboard
ashby,guidelabs.ai,1,https://jobs.ashbyhq.com/guidelabs.ai
ashby,haastautonomous,10,https://jobs.ashbyhq.com/haastautonomous
ashby,hamilton-ai,1,https://jobs.ashbyhq.com/hamilton-ai
ashby,hammerhead-ai,7,https://jobs.ashbyhq.com/hammerhead-ai
ashby,hammes,19,https://jobs.ashbyhq.com/hammes
ashby,hamstergarage,5,https://jobs.ashbyhq.com/hamstergarage
ashby,healthtech-1,4,https://jobs.ashbyhq.com/healthtech-1
ashby,helicon,6,https://jobs.ashbyhq.com/helicon
ashby,hellyeah,15,https://jobs.ashbyhq.com/hellyeah
ashby,hen-technologies,4,https://jobs.ashbyhq.com/hen-technologies
ashby,highlightai,7,https://jobs.ashbyhq.com/highlightai
ashby,hived,19,https://jobs.ashbyhq.com/hived
ashby,hum-ai,2,https://jobs.ashbyhq.com/hum-ai
ashby,hypercubic,3,https://jobs.ashbyhq.com/hypercubic
ashby,hyperspell,1,https://jobs.ashbyhq.com/hyperspell
ashby,iddqd,2,https://jobs.ashbyhq.com/iddqd
ashby,imagineart,33,https://jobs.ashbyhq.com/imagineart
ashby,inductive-automation-llc,12,https://jobs.ashbyhq.com/inductive-automation-llc
ashby,innate,4,https://jobs.ashbyhq.com/innate
ashby,inspectiv,1,https://jobs.ashbyhq.com/inspectiv
ashby,intangible.ai,4,https://jobs.ashbyhq.com/intangible.ai
ashby,integral-de,20,https://jobs.ashbyhq.com/integral-de
ashby,intelligence,5,https://jobs.ashbyhq.com/intelligence
ashby,interrahealth,14,https://jobs.ashbyhq.com/interrahealth
ashby,iota-bio,2,https://jobs.ashbyhq.com/iota-bio
ashby,irissoftwaregroup,57,https://jobs.ashbyhq.com/irissoftwaregroup
ashby,ispeedtolead,20,https://jobs.ashbyhq.com/ispeedtolead
ashby,jamssoftware,1,https://jobs.ashbyhq.com/jamssoftware
ashby,jitter-video,1,https://jobs.ashbyhq.com/jitter-video
ashby,jobs-page-4dc2685b-eb82-46d1-a3f9-1f0764dba814,55,https://jobs.ashbyhq.com/jobs-page-4dc2685b-eb82-46d1-a3f9-1f0764dba814
ashby,joinpogo,8,https://jobs.ashbyhq.com/joinpogo
ashby,judgmentlabs,5,https://jobs.ashbyhq.com/judgmentlabs
ashby,kantiv,4,https://jobs.ashbyhq.com/kantiv
ashby,kelluu,1,https://jobs.ashbyhq.com/kelluu
ashby,kineticsystems,6,https://jobs.ashbyhq.com/kineticsystems
ashby,kiso-technology,2,https://jobs.ashbyhq.com/kiso-technology
ashby,kled-ai,4,https://jobs.ashbyhq.com/kled-ai
ashby,kog,2,https://jobs.ashbyhq.com/kog
ashby,koyfin,1,https://jobs.ashbyhq.com/koyfin
ashby,kpr,36,https://jobs.ashbyhq.com/kpr
ashby,kranz-consulting,7,https://jobs.ashbyhq.com/kranz-consulting
ashby,kubera-health,1,https://jobs.ashbyhq.com/kubera-health
ashby,lai,12,https://jobs.ashbyhq.com/lai
ashby,lapitopa.com,1,https://jobs.ashbyhq.com/lapitopa.com
ashby,latchbio,17,https://jobs.ashbyhq.com/latchbio
ashby,latitude-global,4,https://jobs.ashbyhq.com/latitude-global
ashby,latticepartners,1,https://jobs.ashbyhq.com/latticepartners
ashby,leanlayer,6,https://jobs.ashbyhq.com/leanlayer
ashby,leanscale,2,https://jobs.ashbyhq.com/leanscale
ashby,legal-500,5,https://jobs.ashbyhq.com/legal-500
ashby,light-inc,19,https://jobs.ashbyhq.com/light-inc
ashby,lighthousehq,4,https://jobs.ashbyhq.com/lighthousehq
ashby,lighttable,5,https://jobs.ashbyhq.com/lighttable
ashby,limelight-steel,1,https://jobs.ashbyhq.com/limelight-steel
ashby,links-academy,1,https://jobs.ashbyhq.com/links-academy
ashby,localstack,10,https://jobs.ashbyhq.com/localstack
ashby,loula,122,https://jobs.ashbyhq.com/loula
ashby,lumaai,46,https://jobs.ashbyhq.com/lumaai
ashby,lumana,5,https://jobs.ashbyhq.com/lumana
ashby,lumin-digital,9,https://jobs.ashbyhq.com/lumin-digital
ashby,luminary,9,https://jobs.ashbyhq.com/luminary
ashby,lupapets,11,https://jobs.ashbyhq.com/lupapets
ashby,m7health,4,https://jobs.ashbyhq.com/m7health
ashby,magnitude.ai,4,https://jobs.ashbyhq.com/magnitude.ai
ashby,manifest-os,12,https://jobs.ashbyhq.com/manifest-os
ashby,mastra,2,https://jobs.ashbyhq.com/mastra
ashby,medialicious,6,https://jobs.ashbyhq.com/medialicious
ashby,medicircle,3,https://jobs.ashbyhq.com/medicircle
ashby,mend-io,8,https://jobs.ashbyhq.com/mend-io
ashby,merciv,7,https://jobs.ashbyhq.com/merciv
ashby,meridio,2,https://jobs.ashbyhq.com/meridio
ashby,metal.so,4,https://jobs.ashbyhq.com/metal.so
ashby,mexdigital,14,https://jobs.ashbyhq.com/mexdigital
ashby,mindpeak,8,https://jobs.ashbyhq.com/mindpeak
ashby,minerva,8,https://jobs.ashbyhq.com/minerva
ashby,mintmcp,4,https://jobs.ashbyhq.com/mintmcp
ashby,mirendil,13,https://jobs.ashbyhq.com/mirendil
ashby,mistral.ai,172,https://jobs.ashbyhq.com/mistral.ai
ashby,mobbin.com,3,https://jobs.ashbyhq.com/mobbin.com
ashby,moraleshr,1,https://jobs.ashbyhq.com/moraleshr
ashby,movement,5,https://jobs.ashbyhq.com/movement
ashby,multiplymii,54,https://jobs.ashbyhq.com/multiplymii
ashby,myperch,9,https://jobs.ashbyhq.com/myperch
ashby,nano-qt,5,https://jobs.ashbyhq.com/nano-qt
ashby,nebuly,14,https://jobs.ashbyhq.com/nebuly
ashby,negotiate-ai,2,https://jobs.ashbyhq.com/negotiate-ai
ashby,netbird,12,https://jobs.ashbyhq.com/netbird
ashby,neudata,4,https://jobs.ashbyhq.com/neudata
ashby,neural-earth,10,https://jobs.ashbyhq.com/neural-earth
ashby,newlantern,3,https://jobs.ashbyhq.com/newlantern
ashby,newxel,6,https://jobs.ashbyhq.com/newxel
ashby,nexxa,16,https://jobs.ashbyhq.com/nexxa
ashby,nidus-technologies,2,https://jobs.ashbyhq.com/nidus-technologies
ashby,niural,28,https://jobs.ashbyhq.com/niural
ashby,nollahealth,1,https://jobs.ashbyhq.com/nollahealth
ashby,northvectordynamics,7,https://jobs.ashbyhq.com/northvectordynamics
ashby,nuclearn,2,https://jobs.ashbyhq.com/nuclearn
ashby,oaknorth,19,https://jobs.ashbyhq.com/oaknorth
ashby,oakslab,15,https://jobs.ashbyhq.com/oakslab
ashby,obvio,10,https://jobs.ashbyhq.com/obvio
ashby,odewithanthropic,10,https://jobs.ashbyhq.com/odewithanthropic
ashby,odin-dynamics,11,https://jobs.ashbyhq.com/odin-dynamics
ashby,odys-aviation,12,https://jobs.ashbyhq.com/odys-aviation
ashby,offstream,1,https://jobs.ashbyhq.com/offstream
ashby,ollama,8,https://jobs.ashbyhq.com/ollama
ashby,omnifold,11,https://jobs.ashbyhq.com/omnifold
ashby,opal-os,1,https://jobs.ashbyhq.com/opal-os
ashby,openai-deployment-company,11,https://jobs.ashbyhq.com/openai-deployment-company
ashby,openclaw-foundation-inc,7,https://jobs.ashbyhq.com/openclaw-foundation-inc
ashby,orbem,8,https://jobs.ashbyhq.com/orbem
ashby,originhq,10,https://jobs.ashbyhq.com/originhq
ashby,orionsleep,12,https://jobs.ashbyhq.com/orionsleep
ashby,ostrom,3,https://jobs.ashbyhq.com/ostrom
ashby,outmarket,22,https://jobs.ashbyhq.com/outmarket
ashby,outro-health,6,https://jobs.ashbyhq.com/outro-health
ashby,paires,9,https://jobs.ashbyhq.com/paires
ashby,palup,2,https://jobs.ashbyhq.com/palup
ashby,pangramlabs,6,https://jobs.ashbyhq.com/pangramlabs
ashby,pantograph,6,https://jobs.ashbyhq.com/pantograph
ashby,parasail,8,https://jobs.ashbyhq.com/parasail
ashby,partisiablockchain,9,https://jobs.ashbyhq.com/partisiablockchain
ashby,partyhat,21,https://jobs.ashbyhq.com/partyhat
ashby,passagehealth,6,https://jobs.ashbyhq.com/passagehealth
ashby,pathways,1,https://jobs.ashbyhq.com/pathways
ashby,pax-historia,2,https://jobs.ashbyhq.com/pax-historia
ashby,pearmill,7,https://jobs.ashbyhq.com/pearmill
ashby,pencil,23,https://jobs.ashbyhq.com/pencil
ashby,perfect-venue,3,https://jobs.ashbyhq.com/perfect-venue
ashby,persona.ai,29,https://jobs.ashbyhq.com/persona.ai
ashby,petra-security,10,https://jobs.ashbyhq.com/petra-security
ashby,phasebiolabs,1,https://jobs.ashbyhq.com/phasebiolabs
ashby,phinitylabs,3,https://jobs.ashbyhq.com/phinitylabs
ashby,phira-ventures,1,https://jobs.ashbyhq.com/phira-ventures
ashby,phoebe-work,10,https://jobs.ashbyhq.com/phoebe-work
ashby,pi-security,8,https://jobs.ashbyhq.com/pi-security
ashby,pingo,1,https://jobs.ashbyhq.com/pingo
ashby,planteria,5,https://jobs.ashbyhq.com/planteria
ashby,plantingspace,8,https://jobs.ashbyhq.com/plantingspace
ashby,plenful,17,https://jobs.ashbyhq.com/plenful
ashby,plot-pointe,2,https://jobs.ashbyhq.com/plot-pointe
ashby,ployai,3,https://jobs.ashbyhq.com/ployai
ashby,pmmalliance,8,https://jobs.ashbyhq.com/pmmalliance
ashby,poetic,7,https://jobs.ashbyhq.com/poetic
ashby,poetiq,2,https://jobs.ashbyhq.com/poetiq
ashby,point-one-navigation,11,https://jobs.ashbyhq.com/point-one-navigation
ashby,porters,3,https://jobs.ashbyhq.com/porters
ashby,possible-finance,6,https://jobs.ashbyhq.com/possible-finance
ashby,powerus,3,https://jobs.ashbyhq.com/powerus
ashby,pressw,5,https://jobs.ashbyhq.com/pressw
ashby,progress-partners,6,https://jobs.ashbyhq.com/progress-partners
ashby,projecteleven,2,https://jobs.ashbyhq.com/projecteleven
ashby,prophetic-technologies,9,https://jobs.ashbyhq.com/prophetic-technologies
ashby,prospyr,3,https://jobs.ashbyhq.com/prospyr
ashby,proterahealth,9,https://jobs.ashbyhq.com/proterahealth
ashby,proximaai,1,https://jobs.ashbyhq.com/proximaai
ashby,pythnetwork,1,https://jobs.ashbyhq.com/pythnetwork
ashby,qdrant.tech,14,https://jobs.ashbyhq.com/qdrant.tech
ashby,qontext,6,https://jobs.ashbyhq.com/qontext
ashby,qorelo,3,https://jobs.ashbyhq.com/qorelo
ashby,queueinc,10,https://jobs.ashbyhq.com/queueinc
ashby,qumulo,22,https://jobs.ashbyhq.com/qumulo
ashby,rabot,6,https://jobs.ashbyhq.com/rabot
ashby,raccoonai,10,https://jobs.ashbyhq.com/raccoonai
ashby,rain-technologies,11,https://jobs.ashbyhq.com/rain-technologies
ashby,raintree-systems,6,https://jobs.ashbyhq.com/raintree-systems
ashby,re-cap,1,https://jobs.ashbyhq.com/re-cap
ashby,reactivemarkets,9,https://jobs.ashbyhq.com/reactivemarkets
ashby,realfast,1,https://jobs.ashbyhq.com/realfast
ashby,relace,6,https://jobs.ashbyhq.com/relace
ashby,releventfp,2,https://jobs.ashbyhq.com/releventfp
ashby,remo,4,https://jobs.ashbyhq.com/remo
ashby,rennscotmfg,9,https://jobs.ashbyhq.com/rennscotmfg
ashby,rentana-io,2,https://jobs.ashbyhq.com/rentana-io
ashby,repeatbuilders,2,https://jobs.ashbyhq.com/repeatbuilders
ashby,resolution,4,https://jobs.ashbyhq.com/resolution
ashby,revenuebase-inc,6,https://jobs.ashbyhq.com/revenuebase-inc
ashby,revenuevessel,1,https://jobs.ashbyhq.com/revenuevessel
ashby,rezi,2,https://jobs.ashbyhq.com/rezi
ashby,riplo,5,https://jobs.ashbyhq.com/riplo
ashby,routefusion,1,https://jobs.ashbyhq.com/routefusion
ashby,rowspace,19,https://jobs.ashbyhq.com/rowspace
ashby,runpod,23,https://jobs.ashbyhq.com/runpod
ashby,rwa.xyz,2,https://jobs.ashbyhq.com/rwa.xyz
ashby,rwx,2,https://jobs.ashbyhq.com/rwx
ashby,sabi,9,https://jobs.ashbyhq.com/sabi
ashby,safetykit,9,https://jobs.ashbyhq.com/safetykit
ashby,sage-alliance-schools,2,https://jobs.ashbyhq.com/sage-alliance-schools
ashby,sagelabs.ai,1,https://jobs.ashbyhq.com/sagelabs.ai
ashby,salma-health,12,https://jobs.ashbyhq.com/salma-health
ashby,salmon-group,122,https://jobs.ashbyhq.com/salmon-group
ashby,sandstone,7,https://jobs.ashbyhq.com/sandstone
ashby,sarvam,63,https://jobs.ashbyhq.com/sarvam
ashby,sazabi,8,https://jobs.ashbyhq.com/sazabi
ashby,scalar,5,https://jobs.ashbyhq.com/scalar
ashby,scale-to-win-inc,2,https://jobs.ashbyhq.com/scale-to-win-inc
ashby,scaled-cognition,6,https://jobs.ashbyhq.com/scaled-cognition
ashby,scalera,4,https://jobs.ashbyhq.com/scalera
ashby,scorewarrior,25,https://jobs.ashbyhq.com/scorewarrior
ashby,searchapi,12,https://jobs.ashbyhq.com/searchapi
ashby,secureframe,14,https://jobs.ashbyhq.com/secureframe
ashby,security-level-5,14,https://jobs.ashbyhq.com/security-level-5
ashby,seekeasy,2,https://jobs.ashbyhq.com/seekeasy
ashby,seismic-change.com,4,https://jobs.ashbyhq.com/seismic-change.com
ashby,sema4.ai,5,https://jobs.ashbyhq.com/sema4.ai
ashby,sentient-foundation,2,https://jobs.ashbyhq.com/sentient-foundation
ashby,sentradel,8,https://jobs.ashbyhq.com/sentradel
ashby,sequen-ai,7,https://jobs.ashbyhq.com/sequen-ai
ashby,servedwithhonor,6,https://jobs.ashbyhq.com/servedwithhonor
ashby,seyna,13,https://jobs.ashbyhq.com/seyna
ashby,sf-tensor,6,https://jobs.ashbyhq.com/sf-tensor
ashby,sgnlai,5,https://jobs.ashbyhq.com/sgnlai
ashby,sharedcontextlab,1,https://jobs.ashbyhq.com/sharedcontextlab
ashby,shoponpickle,9,https://jobs.ashbyhq.com/shoponpickle
ashby,shuttlelabs,3,https://jobs.ashbyhq.com/shuttlelabs
ashby,sibill,10,https://jobs.ashbyhq.com/sibill
ashby,sierra-jp,8,https://jobs.ashbyhq.com/sierra-jp
ashby,sifflet,2,https://jobs.ashbyhq.com/sifflet
ashby,singu,24,https://jobs.ashbyhq.com/singu
ashby,sintra,8,https://jobs.ashbyhq.com/sintra
ashby,slingshot-aerospace,12,https://jobs.ashbyhq.com/slingshot-aerospace
ashby,small-door-veterinary,48,https://jobs.ashbyhq.com/small-door-veterinary
ashby,snapmagic,5,https://jobs.ashbyhq.com/snapmagic
ashby,sobek-ai,1,https://jobs.ashbyhq.com/sobek-ai
ashby,sol,2,https://jobs.ashbyhq.com/sol
ashby,solidroad,8,https://jobs.ashbyhq.com/solidroad
ashby,solveintelligence,15,https://jobs.ashbyhq.com/solveintelligence
ashby,sonar-us,1,https://jobs.ashbyhq.com/sonar-us
ashby,soshallwe,7,https://jobs.ashbyhq.com/soshallwe
ashby,sourcedev,1,https://jobs.ashbyhq.com/sourcedev
ashby,sovereign-engineering,1,https://jobs.ashbyhq.com/sovereign-engineering
ashby,sovra,8,https://jobs.ashbyhq.com/sovra
ashby,spaak,3,https://jobs.ashbyhq.com/spaak
ashby,space44,5,https://jobs.ashbyhq.com/space44
ashby,specright,11,https://jobs.ashbyhq.com/specright
ashby,spector-ai,7,https://jobs.ashbyhq.com/spector-ai
ashby,spellbook.com,19,https://jobs.ashbyhq.com/spellbook.com
ashby,spherecast,1,https://jobs.ashbyhq.com/spherecast
ashby,squadai,4,https://jobs.ashbyhq.com/squadai
ashby,stand,1,https://jobs.ashbyhq.com/stand
ashby,starfish-space-inc,13,https://jobs.ashbyhq.com/starfish-space-inc
ashby,starknetfoundation,5,https://jobs.ashbyhq.com/starknetfoundation
ashby,statsports-careers,5,https://jobs.ashbyhq.com/statsports-careers
ashby,stealth-healthtech-startup,14,https://jobs.ashbyhq.com/stealth-healthtech-startup
ashby,stellar-health,7,https://jobs.ashbyhq.com/stellar-health
ashby,stemwave,8,https://jobs.ashbyhq.com/stemwave
ashby,steuerbot,3,https://jobs.ashbyhq.com/steuerbot
ashby,stillbright,5,https://jobs.ashbyhq.com/stillbright
ashby,stora,5,https://jobs.ashbyhq.com/stora
ashby,straia,2,https://jobs.ashbyhq.com/straia
ashby,sunday-gmbh,3,https://jobs.ashbyhq.com/sunday-gmbh
ashby,sunday-natural,22,https://jobs.ashbyhq.com/sunday-natural
ashby,supa,3,https://jobs.ashbyhq.com/supa
ashby,super.com,16,https://jobs.ashbyhq.com/super.com
ashby,superseed,1,https://jobs.ashbyhq.com/superseed
ashby,surgimate,3,https://jobs.ashbyhq.com/surgimate
ashby,swarmia,4,https://jobs.ashbyhq.com/swarmia
ashby,swoopapp,6,https://jobs.ashbyhq.com/swoopapp
ashby,sxaler,9,https://jobs.ashbyhq.com/sxaler
ashby,sybill-ai,7,https://jobs.ashbyhq.com/sybill-ai
ashby,tabulabio,4,https://jobs.ashbyhq.com/tabulabio
ashby,take2,6,https://jobs.ashbyhq.com/take2
ashby,tandempv,3,https://jobs.ashbyhq.com/tandempv
ashby,taxo,3,https://jobs.ashbyhq.com/taxo
ashby,taxwire,10,https://jobs.ashbyhq.com/taxwire
ashby,tbc,5,https://jobs.ashbyhq.com/tbc
ashby,teampascal,1,https://jobs.ashbyhq.com/teampascal
ashby,technimove,4,https://jobs.ashbyhq.com/technimove
ashby,telepatia,21,https://jobs.ashbyhq.com/telepatia
ashby,teleskope,6,https://jobs.ashbyhq.com/teleskope
ashby,temper,5,https://jobs.ashbyhq.com/temper
ashby,tenderly,2,https://jobs.ashbyhq.com/tenderly
ashby,tensec,13,https://jobs.ashbyhq.com/tensec
ashby,tentens-tech,35,https://jobs.ashbyhq.com/tentens-tech
ashby,teragenenergy,6,https://jobs.ashbyhq.com/teragenenergy
ashby,terminal-industries,2,https://jobs.ashbyhq.com/terminal-industries
ashby,ternary,1,https://jobs.ashbyhq.com/ternary
ashby,the-suite,4,https://jobs.ashbyhq.com/the-suite
ashby,the-token-company,3,https://jobs.ashbyhq.com/the-token-company
ashby,themuralgroup,16,https://jobs.ashbyhq.com/themuralgroup
ashby,thinkingmachines,38,https://jobs.ashbyhq.com/thinkingmachines
ashby,thrive-alliance-group,1,https://jobs.ashbyhq.com/thrive-alliance-group
ashby,tightrope,1,https://jobs.ashbyhq.com/tightrope
ashby,togal-ai,6,https://jobs.ashbyhq.com/togal-ai
ashby,trawa,22,https://jobs.ashbyhq.com/trawa
ashby,treeswift,15,https://jobs.ashbyhq.com/treeswift
ashby,tribe-xyz,3,https://jobs.ashbyhq.com/tribe-xyz
ashby,triomics,18,https://jobs.ashbyhq.com/triomics
ashby,trovehq,4,https://jobs.ashbyhq.com/trovehq
ashby,troveo,2,https://jobs.ashbyhq.com/troveo
ashby,typesafe-ai,8,https://jobs.ashbyhq.com/typesafe-ai
ashby,tzafon,3,https://jobs.ashbyhq.com/tzafon
ashby,unblock-computing,2,https://jobs.ashbyhq.com/unblock-computing
ashby,universalagi,2,https://jobs.ashbyhq.com/universalagi
ashby,uprootclean,11,https://jobs.ashbyhq.com/uprootclean
ashby,valerie-group,8,https://jobs.ashbyhq.com/valerie-group
ashby,validio,14,https://jobs.ashbyhq.com/validio
ashby,vals-ai,5,https://jobs.ashbyhq.com/vals-ai
ashby,vanishid,3,https://jobs.ashbyhq.com/vanishid
ashby,vanna-health-inc,10,https://jobs.ashbyhq.com/vanna-health-inc
ashby,varick-agents,3,https://jobs.ashbyhq.com/varick-agents
ashby,vastai,14,https://jobs.ashbyhq.com/vastai
ashby,veezu,12,https://jobs.ashbyhq.com/veezu
ashby,veho-tech-inc,58,https://jobs.ashbyhq.com/veho-tech-inc
ashby,venatus.com,3,https://jobs.ashbyhq.com/venatus.com
ashby,ventuals,1,https://jobs.ashbyhq.com/ventuals
ashby,vidrush,10,https://jobs.ashbyhq.com/vidrush
ashby,villagesql,3,https://jobs.ashbyhq.com/villagesql
ashby,virio,10,https://jobs.ashbyhq.com/virio
ashby,visiodigitalpartner,2,https://jobs.ashbyhq.com/visiodigitalpartner
ashby,vmax,8,https://jobs.ashbyhq.com/vmax
ashby,vocca,13,https://jobs.ashbyhq.com/vocca
ashby,volition-capital,2,https://jobs.ashbyhq.com/volition-capital
ashby,volka,12,https://jobs.ashbyhq.com/volka
ashby,volta,68,https://jobs.ashbyhq.com/volta
ashby,warren,14,https://jobs.ashbyhq.com/warren
ashby,wayve,152,https://jobs.ashbyhq.com/wayve
ashby,welborne-garage,3,https://jobs.ashbyhq.com/welborne-garage
ashby,wellsheet,2,https://jobs.ashbyhq.com/wellsheet
ashby,whop,4,https://jobs.ashbyhq.com/whop
ashby,widgetfactory,2,https://jobs.ashbyhq.com/widgetfactory
ashby,windfall,3,https://jobs.ashbyhq.com/windfall
ashby,wisdom-ai,16,https://jobs.ashbyhq.com/wisdom-ai
ashby,withpace,20,https://jobs.ashbyhq.com/withpace
ashby,workhero,6,https://jobs.ashbyhq.com/workhero
ashby,world-foundation,1,https://jobs.ashbyhq.com/world-foundation
ashby,worldlabs,9,https://jobs.ashbyhq.com/worldlabs
ashby,wursta,4,https://jobs.ashbyhq.com/wursta
ashby,xapien,22,https://jobs.ashbyhq.com/xapien
ashby,yourco,5,https://jobs.ashbyhq.com/yourco
ashby,zedfinancial,6,https://jobs.ashbyhq.com/zedfinancial
ashby,zenos,3,https://jobs.ashbyhq.com/zenos
ashby,zingage,7,https://jobs.ashbyhq.com/zingage
ashby,zoomlogi,7,https://jobs.ashbyhq.com/zoomlogi
ashby,zydro,3,https://jobs.ashbyhq.com/zydro
recruitee,11bitstudios,5,https://11bitstudios.recruitee.com/
recruitee,123fahrschule,18,https://123fahrschule.recruitee.com/
recruitee,24loggmbh,4,https://24loggmbh.recruitee.com/
recruitee,2cnnct,1,https://2cnnct.recruitee.com/
recruitee,3h18,8,https://3h18.recruitee.com/
recruitee,4cee,7,https://4cee.recruitee.com/
recruitee,8advisory,77,https://8advisory.recruitee.com/
recruitee,aajt,4,https://aajt.recruitee.com/
recruitee,abacusmaschinenbaugmbh,2,https://abacusmaschinenbaugmbh.recruitee.com/
recruitee,abbsolutionsslovakia,2,https://abbsolutionsslovakia.recruitee.com/
recruitee,abfgroup,5,https://abfgroup.recruitee.com/
recruitee,accilium,12,https://accilium.recruitee.com/
recruitee,ace,5,https://ace.recruitee.com/
recruitee,acsl,5,https://acsl.recruitee.com/
recruitee,adams,3,https://adams.recruitee.com/
recruitee,adeleexpressfr,5,https://adeleexpressfr.recruitee.com/
recruitee,adelesurdemande,5,https://adelesurdemande.recruitee.com/
recruitee,adj,39,https://adj.recruitee.com/
recruitee,adrex,2,https://adrex.recruitee.com/
recruitee,advanced,2,https://advanced.recruitee.com/
recruitee,advancedforcesgroup,15,https://advancedforcesgroup.recruitee.com/
recruitee,advancedprotectionsystems,14,https://advancedprotectionsystems.recruitee.com/
recruitee,advantive,6,https://advantive.recruitee.com/
recruitee,aegirmarine,3,https://aegirmarine.recruitee.com/
recruitee,aerolab,3,https://aerolab.recruitee.com/
recruitee,affideagroup,1,https://affideagroup.recruitee.com/
recruitee,affideaitaly,72,https://affideaitaly.recruitee.com/
recruitee,affideaportugal,12,https://affideaportugal.recruitee.com/
recruitee,affideaspain,10,https://affideaspain.recruitee.com/
recruitee,afsgroup,5,https://afsgroup.recruitee.com/
recruitee,agcofsd,1,https://agcofsd.recruitee.com/
recruitee,agriplace,11,https://agriplace.recruitee.com/
recruitee,agriplace1,11,https://agriplace1.recruitee.com/
recruitee,aichingergastro,4,https://aichingergastro.recruitee.com/
recruitee,aidence,22,https://aidence.recruitee.com/
recruitee,aiirinnovationsbv,1,https://aiirinnovationsbv.recruitee.com/
recruitee,airborne,6,https://airborne.recruitee.com/
recruitee,airworks,4,https://airworks.recruitee.com/
recruitee,ajwalter,12,https://ajwalter.recruitee.com/
recruitee,albax,15,https://albax.recruitee.com/
recruitee,albertbraunsteuerberatung,3,https://albertbraunsteuerberatung.recruitee.com/
recruitee,allchiefs,1,https://allchiefs.recruitee.com/
recruitee,allshoretalent,2,https://allshoretalent.recruitee.com/
recruitee,alltagszaubergmbh,2,https://alltagszaubergmbh.recruitee.com/
recruitee,alphorm,3,https://alphorm.recruitee.com/
recruitee,altaresdunbradstreet,2,https://altaresdunbradstreet.recruitee.com/
recruitee,alternatebelgie,2,https://alternatebelgie.recruitee.com/
recruitee,altrecht,108,https://altrecht.recruitee.com/
recruitee,altsdigital,2,https://altsdigital.recruitee.com/
recruitee,ambaflex,15,https://ambaflex.recruitee.com/
recruitee,amberrecycling,2,https://amberrecycling.recruitee.com/
recruitee,ambient,1,https://ambient.recruitee.com/
recruitee,americansafetycouncil,6,https://americansafetycouncil.recruitee.com/
recruitee,amfbakerysystemseurope,11,https://amfbakerysystemseurope.recruitee.com/
recruitee,amperecloud,1,https://amperecloud.recruitee.com/
recruitee,anantaragroup,11,https://anantaragroup.recruitee.com/
recruitee,anciapersonnelinc,60,https://anciapersonnelinc.recruitee.com/
recruitee,andersrecruitmentservices,1,https://andersrecruitmentservices.recruitee.com/
recruitee,andmore,5,https://andmore.recruitee.com/
recruitee,andreasschmid,60,https://andreasschmid.recruitee.com/
recruitee,angelicoussisgroup,8,https://angelicoussisgroup.recruitee.com/
recruitee,ans,2,https://ans.recruitee.com/
recruitee,antadis,4,https://antadis.recruitee.com/
recruitee,anteagroup,111,https://anteagroup.recruitee.com/
recruitee,antenno,5,https://antenno.recruitee.com/
recruitee,antire,5,https://antire.recruitee.com/
recruitee,antonivanleeuwenhoek,54,https://antonivanleeuwenhoek.recruitee.com/
recruitee,antverpianv,7,https://antverpianv.recruitee.com/
recruitee,anywhere365,12,https://anywhere365.recruitee.com/
recruitee,anywherenow,12,https://anywherenow.recruitee.com/
recruitee,apcorp,5,https://apcorp.recruitee.com/
recruitee,apexenergies,4,https://apexenergies.recruitee.com/
recruitee,apolloventures,1,https://apolloventures.recruitee.com/
recruitee,applus,1,https://applus.recruitee.com/
recruitee,applusrtd,1,https://applusrtd.recruitee.com/
recruitee,apptweak,5,https://apptweak.recruitee.com/
recruitee,archipelacademybv2,1,https://archipelacademybv2.recruitee.com/
recruitee,areitimanagement,4,https://areitimanagement.recruitee.com/
recruitee,argentenergylimited,12,https://argentenergylimited.recruitee.com/
recruitee,argumentorikakademiegmbh1,8,https://argumentorikakademiegmbh1.recruitee.com/
recruitee,argusdatainsights,2,https://argusdatainsights.recruitee.com/
recruitee,armstarkhandelsgmbh,17,https://armstarkhandelsgmbh.recruitee.com/
recruitee,arntzvanhelden,1,https://arntzvanhelden.recruitee.com/
recruitee,arq,4,https://arq.recruitee.com/
recruitee,artificieelbv,1,https://artificieelbv.recruitee.com/
recruitee,asap,6,https://asap.recruitee.com/
recruitee,asbnordwest,3,https://asbnordwest.recruitee.com/
recruitee,askdante,1,https://askdante.recruitee.com/
recruitee,astonjet,6,https://astonjet.recruitee.com/
recruitee,astrolabs,6,https://astrolabs.recruitee.com/
recruitee,atlanticgmbh,2,https://atlanticgmbh.recruitee.com/
recruitee,atosborne,8,https://atosborne.recruitee.com/
recruitee,atostek,1,https://atostek.recruitee.com/
recruitee,aumanngrunag,4,https://aumanngrunag.recruitee.com/
recruitee,aurorajetfueldmcc,2,https://aurorajetfueldmcc.recruitee.com/
recruitee,autohausduennes,5,https://autohausduennes.recruitee.com/
recruitee,autohaushermann,15,https://autohaushermann.recruitee.com/
recruitee,automation,6,https://automation.recruitee.com/
recruitee,auxilajobsandmore,16,https://auxilajobsandmore.recruitee.com/
recruitee,auxmerveilleuxcarriere,2,https://auxmerveilleuxcarriere.recruitee.com/
recruitee,avantebouwprocessen,2,https://avantebouwprocessen.recruitee.com/
recruitee,avedo,178,https://avedo.recruitee.com/
recruitee,awsm,2,https://awsm.recruitee.com/
recruitee,axi,20,https://axi.recruitee.com/
recruitee,axivatehoreca,54,https://axivatehoreca.recruitee.com/
recruitee,axual,2,https://axual.recruitee.com/
recruitee,bacher,1,https://bacher.recruitee.com/
recruitee,backereievertzberg,6,https://backereievertzberg.recruitee.com/
recruitee,backereikonditoreibuschgmbh,17,https://backereikonditoreibuschgmbh.recruitee.com/
recruitee,badischebackstub,8,https://badischebackstub.recruitee.com/
recruitee,baeckereiburger,5,https://baeckereiburger.recruitee.com/
recruitee,baeckereimoss,12,https://baeckereimoss.recruitee.com/
recruitee,baeckereisipl,34,https://baeckereisipl.recruitee.com/
recruitee,baeckereiwerning,13,https://baeckereiwerning.recruitee.com/
recruitee,baeckertrunk,5,https://baeckertrunk.recruitee.com/
recruitee,bahmanncoaching,35,https://bahmanncoaching.recruitee.com/
recruitee,bakertilly,155,https://bakertilly.recruitee.com/
recruitee,bakkersteamservicesbv,3,https://bakkersteamservicesbv.recruitee.com/
recruitee,bambinos,37,https://bambinos.recruitee.com/
recruitee,bambuu,2,https://bambuu.recruitee.com/
recruitee,bapmedical,1,https://bapmedical.recruitee.com/
recruitee,barentskrans,24,https://barentskrans.recruitee.com/
recruitee,bartimeus,37,https://bartimeus.recruitee.com/
recruitee,basalt,13,https://basalt.recruitee.com/
recruitee,basefit,29,https://basefit.recruitee.com/
recruitee,bbht,10,https://bbht.recruitee.com/
recruitee,bbkampfsport,8,https://bbkampfsport.recruitee.com/
recruitee,bdairy,3,https://bdairy.recruitee.com/
recruitee,bearingpointnl,11,https://bearingpointnl.recruitee.com/
recruitee,beautyholic,13,https://beautyholic.recruitee.com/
recruitee,becosoft,2,https://becosoft.recruitee.com/
recruitee,bedachungenschmidtgmbh,42,https://bedachungenschmidtgmbh.recruitee.com/
recruitee,beetrootag,1,https://beetrootag.recruitee.com/
recruitee,befood,15,https://befood.recruitee.com/
recruitee,behfarchitects,4,https://behfarchitects.recruitee.com/
recruitee,bellevueresidenzag,3,https://bellevueresidenzag.recruitee.com/
recruitee,benslips,5,https://benslips.recruitee.com/
recruitee,berenschot,54,https://berenschot.recruitee.com/
recruitee,bergbahnkarriere,18,https://bergbahnkarriere.recruitee.com/
recruitee,bergerspartner,5,https://bergerspartner.recruitee.com/
recruitee,bergtoys,5,https://bergtoys.recruitee.com/
recruitee,bestpeople,39,https://bestpeople.recruitee.com/
recruitee,bettyblocks,1,https://bettyblocks.recruitee.com/
recruitee,bevametal,5,https://bevametal.recruitee.com/
recruitee,bidfood,74,https://bidfood.recruitee.com/
recruitee,billink,4,https://billink.recruitee.com/
recruitee,billwerk,3,https://billwerk.recruitee.com/
recruitee,bindinc,1,https://bindinc.recruitee.com/
recruitee,biolectric,8,https://biolectric.recruitee.com/
recruitee,biroha,7,https://biroha.recruitee.com/
recruitee,bkr,1,https://bkr.recruitee.com/
recruitee,blackbelt,3,https://blackbelt.recruitee.com/
recruitee,blackpropeller,1,https://blackpropeller.recruitee.com/
recruitee,blauwtrust,9,https://blauwtrust.recruitee.com/
recruitee,blitzblank,4,https://blitzblank.recruitee.com/
recruitee,blooberteam,4,https://blooberteam.recruitee.com/
recruitee,bluecrux,39,https://bluecrux.recruitee.com/
recruitee,blueearthcapitalag,3,https://blueearthcapitalag.recruitee.com/
recruitee,bluefield,6,https://bluefield.recruitee.com/
recruitee,bluegreen,2,https://bluegreen.recruitee.com/
recruitee,blueye,1,https://blueye.recruitee.com/
recruitee,boborykin,13,https://boborykin.recruitee.com/
recruitee,bodymasters,5,https://bodymasters.recruitee.com/
recruitee,boggimilano,97,https://boggimilano.recruitee.com/
recruitee,boggimilano1,97,https://boggimilano1.recruitee.com/
recruitee,boldteam,51,https://boldteam.recruitee.com/
recruitee,bolster,3,https://bolster.recruitee.com/
recruitee,boretti,2,https://boretti.recruitee.com/
recruitee,bowlingroom,12,https://bowlingroom.recruitee.com/
recruitee,brain,6,https://brain.recruitee.com/
recruitee,brainportdevelopment,1,https://brainportdevelopment.recruitee.com/
recruitee,brandanenterprisesinc,1,https://brandanenterprisesinc.recruitee.com/
recruitee,brandmr,9,https://brandmr.recruitee.com/
recruitee,brayht,3,https://brayht.recruitee.com/
recruitee,breople,4,https://breople.recruitee.com/
recruitee,bridgefund,4,https://bridgefund.recruitee.com/
recruitee,britsafe,26,https://britsafe.recruitee.com/
recruitee,brlriskconsulting,4,https://brlriskconsulting.recruitee.com/
recruitee,brollikarriere,6,https://brollikarriere.recruitee.com/
recruitee,brpsteuerberatung,5,https://brpsteuerberatung.recruitee.com/
recruitee,bruggindustrysolutionsgmbh1,5,https://bruggindustrysolutionsgmbh1.recruitee.com/
recruitee,bsi,4,https://bsi.recruitee.com/
recruitee,bssgmbh,6,https://bssgmbh.recruitee.com/
recruitee,bstelecomsolutions,2,https://bstelecomsolutions.recruitee.com/
recruitee,bta,26,https://bta.recruitee.com/
recruitee,btgbadischetreuhandgesellschaftmbh,3,https://btgbadischetreuhandgesellschaftmbh.recruitee.com/
recruitee,bti,8,https://bti.recruitee.com/
recruitee,btiimmobiliengmbh,5,https://btiimmobiliengmbh.recruitee.com/
recruitee,bucherinvestgmbh,10,https://bucherinvestgmbh.recruitee.com/
recruitee,bukowaakt,3,https://bukowaakt.recruitee.com/
recruitee,bunkerdb,6,https://bunkerdb.recruitee.com/
recruitee,buntetonegmbh,2,https://buntetonegmbh.recruitee.com/
recruitee,burgersverhuur,3,https://burgersverhuur.recruitee.com/
recruitee,bussolagroep,25,https://bussolagroep.recruitee.com/
recruitee,bwasteuerberatungsgesellschaftpartgmbb,1,https://bwasteuerberatungsgesellschaftpartgmbb.recruitee.com/
recruitee,bwkduisburggmbh,6,https://bwkduisburggmbh.recruitee.com/
recruitee,by433,4,https://by433.recruitee.com/
recruitee,caelisticgroup,8,https://caelisticgroup.recruitee.com/
recruitee,caesar,19,https://caesar.recruitee.com/
recruitee,camasit,1,https://camasit.recruitee.com/
recruitee,candidatsrha,10,https://candidatsrha.recruitee.com/
recruitee,capriconsultgmbh,3,https://capriconsultgmbh.recruitee.com/
recruitee,car24gmbh,4,https://car24gmbh.recruitee.com/
recruitee,careerbluerocktms,1,https://careerbluerocktms.recruitee.com/
recruitee,caretochange,10,https://caretochange.recruitee.com/
recruitee,castellumsecurity,32,https://castellumsecurity.recruitee.com/
recruitee,cbsapac,19,https://cbsapac.recruitee.com/
recruitee,cc7europebv,3,https://cc7europebv.recruitee.com/
recruitee,cce,2,https://cce.recruitee.com/
recruitee,cefetragroup,16,https://cefetragroup.recruitee.com/
recruitee,cello1,83,https://cello1.recruitee.com/
recruitee,cerbaresearchnl,4,https://cerbaresearchnl.recruitee.com/
recruitee,cerfrancemayennesarthe,12,https://cerfrancemayennesarthe.recruitee.com/
recruitee,chg,60,https://chg.recruitee.com/
recruitee,chiropractiecentraal,3,https://chiropractiecentraal.recruitee.com/
recruitee,chrhautesenne,26,https://chrhautesenne.recruitee.com/
recruitee,christiaensgroup,9,https://christiaensgroup.recruitee.com/
recruitee,churchdesk,5,https://churchdesk.recruitee.com/
recruitee,cipsoft,2,https://cipsoft.recruitee.com/
recruitee,circetbenelux,47,https://circetbenelux.recruitee.com/
recruitee,circetschweizag,6,https://circetschweizag.recruitee.com/
recruitee,citizenlab,6,https://citizenlab.recruitee.com/
recruitee,citizensadvicescotland,1,https://citizensadvicescotland.recruitee.com/
recruitee,citonl,7,https://citonl.recruitee.com/
recruitee,cjbarrymores,8,https://cjbarrymores.recruitee.com/
recruitee,clario,1,https://clario.recruitee.com/
recruitee,clarity,2,https://clarity.recruitee.com/
recruitee,clbr,26,https://clbr.recruitee.com/
recruitee,cleverit,5,https://cleverit.recruitee.com/
recruitee,clockworks,6,https://clockworks.recruitee.com/
recruitee,cloudbilling,4,https://cloudbilling.recruitee.com/
recruitee,cloudmuscle,3,https://cloudmuscle.recruitee.com/
recruitee,cloval,40,https://cloval.recruitee.com/
recruitee,cluetecgmbh,2,https://cluetecgmbh.recruitee.com/
recruitee,cmbtech,2,https://cmbtech.recruitee.com/
recruitee,codaisseur,2,https://codaisseur.recruitee.com/
recruitee,codepepper,8,https://codepepper.recruitee.com/
recruitee,codetribe,1,https://codetribe.recruitee.com/
recruitee,collins,105,https://collins.recruitee.com/
recruitee,coloriet,38,https://coloriet.recruitee.com/
recruitee,comhard,13,https://comhard.recruitee.com/
recruitee,companiongroupltd,12,https://companiongroupltd.recruitee.com/
recruitee,concertgebouw,3,https://concertgebouw.recruitee.com/
recruitee,conclusion,142,https://conclusion.recruitee.com/
recruitee,confidia,2,https://confidia.recruitee.com/
recruitee,confocal,1,https://confocal.recruitee.com/
recruitee,conformanv,5,https://conformanv.recruitee.com/
recruitee,congreshotelliege,4,https://congreshotelliege.recruitee.com/
recruitee,conlab,1,https://conlab.recruitee.com/
recruitee,conpearl,6,https://conpearl.recruitee.com/
recruitee,constructivedialogue,3,https://constructivedialogue.recruitee.com/
recruitee,consulting1x1,5,https://consulting1x1.recruitee.com/
recruitee,contactcare,3,https://contactcare.recruitee.com/
recruitee,contextand,9,https://contextand.recruitee.com/
recruitee,controlunion,11,https://controlunion.recruitee.com/
recruitee,convoicar1,3,https://convoicar1.recruitee.com/
recruitee,cop1,2,https://cop1.recruitee.com/
recruitee,copasystemegmbhcokg,4,https://copasystemegmbhcokg.recruitee.com/
recruitee,copenhagenmalmoport,1,https://copenhagenmalmoport.recruitee.com/
recruitee,coppensmetaaltechniek,2,https://coppensmetaaltechniek.recruitee.com/
recruitee,cordaan,156,https://cordaan.recruitee.com/
recruitee,cordesconsulting,93,https://cordesconsulting.recruitee.com/
recruitee,corebackbone,6,https://corebackbone.recruitee.com/
recruitee,corebackbonegmbh1,6,https://corebackbonegmbh1.recruitee.com/
recruitee,cornelissentransportbv,46,https://cornelissentransportbv.recruitee.com/
recruitee,cosun,9,https://cosun.recruitee.com/
recruitee,cotap,14,https://cotap.recruitee.com/
recruitee,cpasdewoluwesaintlambert,5,https://cpasdewoluwesaintlambert.recruitee.com/
recruitee,cpc,1,https://cpc.recruitee.com/
recruitee,cpqd,11,https://cpqd.recruitee.com/
recruitee,creativeclicks,16,https://creativeclicks.recruitee.com/
recruitee,cremerspeciaalmachinesbv,3,https://cremerspeciaalmachinesbv.recruitee.com/
recruitee,cremilkgmbh,2,https://cremilkgmbh.recruitee.com/
recruitee,crop,32,https://crop.recruitee.com/
recruitee,crowepeak1,8,https://crowepeak1.recruitee.com/
recruitee,cruisechicago,4,https://cruisechicago.recruitee.com/
recruitee,cta,1,https://cta.recruitee.com/
recruitee,cuccibu,3,https://cuccibu.recruitee.com/
recruitee,cumulio,2,https://cumulio.recruitee.com/
recruitee,curiouscompanygmbh,2,https://curiouscompanygmbh.recruitee.com/
recruitee,customconnect,11,https://customconnect.recruitee.com/
recruitee,cvchargingeurope,1,https://cvchargingeurope.recruitee.com/
recruitee,cvjmsozialwerkwesermarschev,12,https://cvjmsozialwerkwesermarschev.recruitee.com/
recruitee,cvonlinelatvia,58,https://cvonlinelatvia.recruitee.com/
recruitee,cvonwf,3,https://cvonwf.recruitee.com/
recruitee,cybermason,4,https://cybermason.recruitee.com/
recruitee,dailyinternship,4,https://dailyinternship.recruitee.com/
recruitee,dailyinternshipcareers,4,https://dailyinternshipcareers.recruitee.com/
recruitee,dailysales,5,https://dailysales.recruitee.com/
recruitee,dashmote,2,https://dashmote.recruitee.com/
recruitee,daskampfkunstzentrum,3,https://daskampfkunstzentrum.recruitee.com/
recruitee,databauluebeck,1,https://databauluebeck.recruitee.com/
recruitee,datashift,44,https://datashift.recruitee.com/
recruitee,dats24,4,https://dats24.recruitee.com/
recruitee,dawntechnology,13,https://dawntechnology.recruitee.com/
recruitee,dbsgroep,24,https://dbsgroep.recruitee.com/
recruitee,dcaviationgmbh,4,https://dcaviationgmbh.recruitee.com/
recruitee,debatrix,3,https://debatrix.recruitee.com/
recruitee,debrug,3,https://debrug.recruitee.com/
recruitee,debthammer,6,https://debthammer.recruitee.com/
recruitee,decircletalentpartner,193,https://decircletalentpartner.recruitee.com/
recruitee,decoded,8,https://decoded.recruitee.com/
recruitee,deepsea,3,https://deepsea.recruitee.com/
recruitee,degraafbakeries,18,https://degraafbakeries.recruitee.com/
recruitee,degustabox,6,https://degustabox.recruitee.com/
recruitee,dejagerdetacheringbv,8,https://dejagerdetacheringbv.recruitee.com/
recruitee,dekarbogmbh,8,https://dekarbogmbh.recruitee.com/
recruitee,dekkerchrysanten,3,https://dekkerchrysanten.recruitee.com/
recruitee,delfsundpartner,4,https://delfsundpartner.recruitee.com/
recruitee,delkeskampverpackungswerke,11,https://delkeskampverpackungswerke.recruitee.com/
recruitee,delonghigroup,3,https://delonghigroup.recruitee.com/
recruitee,demaco,3,https://demaco.recruitee.com/
recruitee,demoupcliplister,6,https://demoupcliplister.recruitee.com/
recruitee,demvsystems,7,https://demvsystems.recruitee.com/
recruitee,depiergroep,19,https://depiergroep.recruitee.com/
recruitee,desapflegeeinrichtungengmbh,5,https://desapflegeeinrichtungengmbh.recruitee.com/
recruitee,designeroutletluxembourg,29,https://designeroutletluxembourg.recruitee.com/
recruitee,desocialemaatschap,14,https://desocialemaatschap.recruitee.com/
recruitee,destinationsport,1,https://destinationsport.recruitee.com/
recruitee,detalentpoolnederland,13,https://detalentpoolnederland.recruitee.com/
recruitee,detandartsengroep,53,https://detandartsengroep.recruitee.com/
recruitee,detron,48,https://detron.recruitee.com/
recruitee,devfinders,99,https://devfinders.recruitee.com/
recruitee,devgrid,1,https://devgrid.recruitee.com/
recruitee,devissergroep,8,https://devissergroep.recruitee.com/
recruitee,devleaps,3,https://devleaps.recruitee.com/
recruitee,dezoncorporatie,1,https://dezoncorporatie.recruitee.com/
recruitee,diegrenze,252,https://diegrenze.recruitee.com/
recruitee,diggmbh,10,https://diggmbh.recruitee.com/
recruitee,digitalhoneycomb,29,https://digitalhoneycomb.recruitee.com/
recruitee,digitalpayrollservices,5,https://digitalpayrollservices.recruitee.com/
recruitee,digitickets,3,https://digitickets.recruitee.com/
recruitee,disabatino,12,https://disabatino.recruitee.com/
recruitee,distaoy,1,https://distaoy.recruitee.com/
recruitee,distribusion,27,https://distribusion.recruitee.com/
recruitee,distribusiontechnologies,27,https://distribusiontechnologies.recruitee.com/
recruitee,diversitytravel,3,https://diversitytravel.recruitee.com/
recruitee,dle,5,https://dle.recruitee.com/
recruitee,domusvita,5,https://domusvita.recruitee.com/
recruitee,donna,5,https://donna.recruitee.com/
recruitee,doss2,8,https://doss2.recruitee.com/
recruitee,dpi,4,https://dpi.recruitee.com/
recruitee,drahtkrippnergmbh,5,https://drahtkrippnergmbh.recruitee.com/
recruitee,dreamhost,3,https://dreamhost.recruitee.com/
recruitee,dresselimmobiliengmbh,30,https://dresselimmobiliengmbh.recruitee.com/
recruitee,driestroom,10,https://driestroom.recruitee.com/
recruitee,driezestig,4,https://driezestig.recruitee.com/
recruitee,driveconsulting,2,https://driveconsulting.recruitee.com/
recruitee,drivvn,4,https://drivvn.recruitee.com/
recruitee,drmayerconsulting,1,https://drmayerconsulting.recruitee.com/
recruitee,droppie,6,https://droppie.recruitee.com/
recruitee,dropsolid,1,https://dropsolid.recruitee.com/
recruitee,droptica,2,https://droptica.recruitee.com/
recruitee,drrichard,16,https://drrichard.recruitee.com/
recruitee,drsussmanngmbh,8,https://drsussmanngmbh.recruitee.com/
recruitee,dsee,1,https://dsee.recruitee.com/
recruitee,dtc,10,https://dtc.recruitee.com/
recruitee,dteconsultgmbh,13,https://dteconsultgmbh.recruitee.com/
recruitee,dtx,8,https://dtx.recruitee.com/
recruitee,duravermeer,354,https://duravermeer.recruitee.com/
recruitee,dvt,20,https://dvt.recruitee.com/
recruitee,dwcc,2,https://dwcc.recruitee.com/
recruitee,dwf,5,https://dwf.recruitee.com/
recruitee,dwkkurierdienstgmbh,4,https://dwkkurierdienstgmbh.recruitee.com/
recruitee,dwsi,49,https://dwsi.recruitee.com/
recruitee,dynamoretailgroup,2,https://dynamoretailgroup.recruitee.com/
recruitee,eal,1,https://eal.recruitee.com/
recruitee,easyapplyrimutee,201,https://easyapplyrimutee.recruitee.com/
recruitee,easyconnectundkulturplanner,4,https://easyconnectundkulturplanner.recruitee.com/
recruitee,easypaletten,7,https://easypaletten.recruitee.com/
recruitee,ebro,9,https://ebro.recruitee.com/
recruitee,ecomtrading,4,https://ecomtrading.recruitee.com/
recruitee,econocomnederland,7,https://econocomnederland.recruitee.com/
recruitee,economicsecurityproject,4,https://economicsecurityproject.recruitee.com/
recruitee,ecorushome,4,https://ecorushome.recruitee.com/
recruitee,edenhotels,116,https://edenhotels.recruitee.com/
recruitee,effectory,7,https://effectory.recruitee.com/
recruitee,effecty,4,https://effecty.recruitee.com/
recruitee,egalazorg,13,https://egalazorg.recruitee.com/
recruitee,egeria,4,https://egeria.recruitee.com/
recruitee,ehrenkind,2,https://ehrenkind.recruitee.com/
recruitee,eichholtz,5,https://eichholtz.recruitee.com/
recruitee,eiseleflugdienstgmbh,2,https://eiseleflugdienstgmbh.recruitee.com/
recruitee,elancite,1,https://elancite.recruitee.com/
recruitee,elanwonen,3,https://elanwonen.recruitee.com/
recruitee,electro80,5,https://electro80.recruitee.com/
recruitee,elegantresorts,2,https://elegantresorts.recruitee.com/
recruitee,eleken,1,https://eleken.recruitee.com/
recruitee,elfinsolutions,12,https://elfinsolutions.recruitee.com/
recruitee,elmleigh,4,https://elmleigh.recruitee.com/
recruitee,emerse,7,https://emerse.recruitee.com/
recruitee,emersesalesusinc,7,https://emersesalesusinc.recruitee.com/
recruitee,emetriq,7,https://emetriq.recruitee.com/
recruitee,emploisepicura,31,https://emploisepicura.recruitee.com/
recruitee,encompasseventgroup,1,https://encompasseventgroup.recruitee.com/
recruitee,endriswagnerundkollegengbr,1,https://endriswagnerundkollegengbr.recruitee.com/
recruitee,endterengineeringgmbh,3,https://endterengineeringgmbh.recruitee.com/
recruitee,enecoemobility,2,https://enecoemobility.recruitee.com/
recruitee,energy21,6,https://energy21.recruitee.com/
recruitee,energyagency,1,https://energyagency.recruitee.com/
recruitee,energyhouse,1,https://energyhouse.recruitee.com/
recruitee,energyking,30,https://energyking.recruitee.com/
recruitee,enerviesudwestfalenenergieundwasserag,29,https://enerviesudwestfalenenergieundwasserag.recruitee.com/
recruitee,ennatuurlijkbv,13,https://ennatuurlijkbv.recruitee.com/
recruitee,enovatestpage,1,https://enovatestpage.recruitee.com/
recruitee,enspired,2,https://enspired.recruitee.com/
recruitee,enstaparis,13,https://enstaparis.recruitee.com/
recruitee,ensup,28,https://ensup.recruitee.com/
recruitee,enticonretail,3,https://enticonretail.recruitee.com/
recruitee,entyre,36,https://entyre.recruitee.com/
recruitee,epab,3,https://epab.recruitee.com/
recruitee,epicfusion,5,https://epicfusion.recruitee.com/
recruitee,epilot,13,https://epilot.recruitee.com/
recruitee,eraneos,27,https://eraneos.recruitee.com/
recruitee,eraneosiberia,5,https://eraneosiberia.recruitee.com/
recruitee,eskandary,5,https://eskandary.recruitee.com/
recruitee,esns,1,https://esns.recruitee.com/
recruitee,eternalsungroupbv,6,https://eternalsungroupbv.recruitee.com/
recruitee,etlheimfarthgruppe,9,https://etlheimfarthgruppe.recruitee.com/
recruitee,etterpartner,2,https://etterpartner.recruitee.com/
recruitee,etterundpartner,2,https://etterundpartner.recruitee.com/
recruitee,eurail,1,https://eurail.recruitee.com/
recruitee,euroeyes,9,https://euroeyes.recruitee.com/
recruitee,eurosortsystems,11,https://eurosortsystems.recruitee.com/
recruitee,eventix,7,https://eventix.recruitee.com/
recruitee,everdrop,10,https://everdrop.recruitee.com/
recruitee,eversmann,2,https://eversmann.recruitee.com/
recruitee,evofenedex,11,https://evofenedex.recruitee.com/
recruitee,evolit,2,https://evolit.recruitee.com/
recruitee,evreuxportesdenormandie,39,https://evreuxportesdenormandie.recruitee.com/
recruitee,ewald,7,https://ewald.recruitee.com/
recruitee,excap,3,https://excap.recruitee.com/
recruitee,exclamationlabs,1,https://exclamationlabs.recruitee.com/
recruitee,exeonanalytics,3,https://exeonanalytics.recruitee.com/
recruitee,exner,29,https://exner.recruitee.com/
recruitee,exp1consulting,35,https://exp1consulting.recruitee.com/
recruitee,experience,16,https://experience.recruitee.com/
recruitee,expertisebureaurisicobeheer,1,https://expertisebureaurisicobeheer.recruitee.com/
recruitee,exsos,12,https://exsos.recruitee.com/
recruitee,fab4minds,1,https://fab4minds.recruitee.com/
recruitee,fabianbuenker,5,https://fabianbuenker.recruitee.com/
recruitee,fachstellemobbingundbelastigung,2,https://fachstellemobbingundbelastigung.recruitee.com/
recruitee,faktionbv1,14,https://faktionbv1.recruitee.com/
recruitee,falkberberich,14,https://falkberberich.recruitee.com/
recruitee,federationfrancaisedathletisme,1,https://federationfrancaisedathletisme.recruitee.com/
recruitee,feenstra,73,https://feenstra.recruitee.com/
recruitee,ferillis,4,https://ferillis.recruitee.com/
recruitee,fermedelamotte,5,https://fermedelamotte.recruitee.com/
recruitee,fhpsteuerberatungsgesellschaft,4,https://fhpsteuerberatungsgesellschaft.recruitee.com/
recruitee,fibrorundtischegmbh,6,https://fibrorundtischegmbh.recruitee.com/
recruitee,fiedler,5,https://fiedler.recruitee.com/
recruitee,fiftyenergy,2,https://fiftyenergy.recruitee.com/
recruitee,filmlagune,5,https://filmlagune.recruitee.com/
recruitee,filmmakermarketing,2,https://filmmakermarketing.recruitee.com/
recruitee,fineco,4,https://fineco.recruitee.com/
recruitee,finnovasia,9,https://finnovasia.recruitee.com/
recruitee,fjernvarmefynkarriere,3,https://fjernvarmefynkarriere.recruitee.com/
recruitee,fleurymichon,54,https://fleurymichon.recruitee.com/
recruitee,flextrade,31,https://flextrade.recruitee.com/
recruitee,florence,158,https://florence.recruitee.com/
recruitee,flowfactor,7,https://flowfactor.recruitee.com/
recruitee,fluxpartners,21,https://fluxpartners.recruitee.com/
recruitee,flymya,1,https://flymya.recruitee.com/
recruitee,fmrecruiting,3,https://fmrecruiting.recruitee.com/
recruitee,focushomeinteractive,6,https://focushomeinteractive.recruitee.com/
recruitee,foerschnerundpartner,3,https://foerschnerundpartner.recruitee.com/
recruitee,fonhr,1,https://fonhr.recruitee.com/
recruitee,fonky,8,https://fonky.recruitee.com/
recruitee,fonkysales,8,https://fonkysales.recruitee.com/
recruitee,foodji,9,https://foodji.recruitee.com/
recruitee,foodlabs,12,https://foodlabs.recruitee.com/
recruitee,forcyd,4,https://forcyd.recruitee.com/
recruitee,forensischcentrumteylingereind,13,https://forensischcentrumteylingereind.recruitee.com/
recruitee,formo,4,https://formo.recruitee.com/
recruitee,formzeuggmbhcokg,4,https://formzeuggmbhcokg.recruitee.com/
recruitee,forvismazars,19,https://forvismazars.recruitee.com/
recruitee,framcareers,1,https://framcareers.recruitee.com/
recruitee,frapak,2,https://frapak.recruitee.com/
recruitee,freeday,4,https://freeday.recruitee.com/
recruitee,freiheitmedia,10,https://freiheitmedia.recruitee.com/
recruitee,freshfoodz,2,https://freshfoodz.recruitee.com/
recruitee,fridayrecruitment,117,https://fridayrecruitment.recruitee.com/
recruitee,friedrichpicardgmbhcokg,5,https://friedrichpicardgmbhcokg.recruitee.com/
recruitee,frisseblikken,4,https://frisseblikken.recruitee.com/
recruitee,fulcrum,1,https://fulcrum.recruitee.com/
recruitee,fuldwerk,6,https://fuldwerk.recruitee.com/
recruitee,funzone,10,https://funzone.recruitee.com/
recruitee,futurefeed,3,https://futurefeed.recruitee.com/
recruitee,futureworks,1,https://futureworks.recruitee.com/
recruitee,gaevdental,70,https://gaevdental.recruitee.com/
recruitee,gateterminal,7,https://gateterminal.recruitee.com/
recruitee,gateway,11,https://gateway.recruitee.com/
recruitee,gbmworks,1,https://gbmworks.recruitee.com/
recruitee,gbu,37,https://gbu.recruitee.com/
recruitee,gcbiotech,1,https://gcbiotech.recruitee.com/
recruitee,gemeentecapelleaandenijssel,16,https://gemeentecapelleaandenijssel.recruitee.com/
recruitee,gemeentestaphorst,4,https://gemeentestaphorst.recruitee.com/
recruitee,gemeentetytsjerksteradiel,4,https://gemeentetytsjerksteradiel.recruitee.com/
recruitee,gemeindelilienthal,8,https://gemeindelilienthal.recruitee.com/
recruitee,gemusehandelhaggegmbh,5,https://gemusehandelhaggegmbh.recruitee.com/
recruitee,genelec1,1,https://genelec1.recruitee.com/
recruitee,genomescan,3,https://genomescan.recruitee.com/
recruitee,gerardbertrand,27,https://gerardbertrand.recruitee.com/
recruitee,gerimedica,1,https://gerimedica.recruitee.com/
recruitee,getransports,9,https://getransports.recruitee.com/
recruitee,gfbigmbh,7,https://gfbigmbh.recruitee.com/
recruitee,gglgroupe,1,https://gglgroupe.recruitee.com/
recruitee,ggzbreburg,121,https://ggzbreburg.recruitee.com/
recruitee,ggzingeest,122,https://ggzingeest.recruitee.com/
recruitee,ggzoostbrabant,85,https://ggzoostbrabant.recruitee.com/
recruitee,gigastorage,6,https://gigastorage.recruitee.com/
recruitee,giocoffee,4,https://giocoffee.recruitee.com/
recruitee,globaldata,3,https://globaldata.recruitee.com/
recruitee,globaljetluxembourg,17,https://globaljetluxembourg.recruitee.com/
recruitee,globalsupportcompanybv,4,https://globalsupportcompanybv.recruitee.com/
recruitee,globalwindservice,27,https://globalwindservice.recruitee.com/
recruitee,gmk,26,https://gmk.recruitee.com/
recruitee,goeckeumformtechnik,7,https://goeckeumformtechnik.recruitee.com/
recruitee,gogoprint,5,https://gogoprint.recruitee.com/
recruitee,goldmantax,14,https://goldmantax.recruitee.com/
recruitee,gomedgmbh,1,https://gomedgmbh.recruitee.com/
recruitee,gong,5,https://gong.recruitee.com/
recruitee,goodrec,2,https://goodrec.recruitee.com/
recruitee,goodturn,3,https://goodturn.recruitee.com/
recruitee,goodwall,2,https://goodwall.recruitee.com/
recruitee,govocal,6,https://govocal.recruitee.com/
recruitee,gpbullhound,5,https://gpbullhound.recruitee.com/
recruitee,gpvdenmark,3,https://gpvdenmark.recruitee.com/
recruitee,gpvmexico,9,https://gpvmexico.recruitee.com/
recruitee,gpvthailand,1,https://gpvthailand.recruitee.com/
recruitee,gracechurch,6,https://gracechurch.recruitee.com/
recruitee,gracemedia,3,https://gracemedia.recruitee.com/
recruitee,grantthorntonaustria,10,https://grantthorntonaustria.recruitee.com/
recruitee,grantthorntonbelgium,40,https://grantthorntonbelgium.recruitee.com/
recruitee,graphcms,2,https://graphcms.recruitee.com/
recruitee,greatminds,28,https://greatminds.recruitee.com/
recruitee,greeceg4s,25,https://greeceg4s.recruitee.com/
recruitee,greenchoice,16,https://greenchoice.recruitee.com/
recruitee,greenelectrics,1,https://greenelectrics.recruitee.com/
recruitee,greenflux,8,https://greenflux.recruitee.com/
recruitee,greenpeace1,3,https://greenpeace1.recruitee.com/
recruitee,greenpeacecee,4,https://greenpeacecee.recruitee.com/
recruitee,greenpeaceinternational,3,https://greenpeaceinternational.recruitee.com/
recruitee,gremco,1,https://gremco.recruitee.com/
recruitee,gridscale,1,https://gridscale.recruitee.com/
recruitee,griesergutackerpartnerschaftmbb,2,https://griesergutackerpartnerschaftmbb.recruitee.com/
recruitee,gro,1,https://gro.recruitee.com/
recruitee,groenhart,4,https://groenhart.recruitee.com/
recruitee,groupehrconseilcie,13,https://groupehrconseilcie.recruitee.com/
recruitee,groupesuffren,4,https://groupesuffren.recruitee.com/
recruitee,growprogress,1,https://growprogress.recruitee.com/
recruitee,grunraumplanunggmbh,4,https://grunraumplanunggmbh.recruitee.com/
recruitee,grupoespiral,8,https://grupoespiral.recruitee.com/
recruitee,gs,8,https://gs.recruitee.com/
recruitee,gsbsolutions1,56,https://gsbsolutions1.recruitee.com/
recruitee,gtowizard,1,https://gtowizard.recruitee.com/
recruitee,guidion6,14,https://guidion6.recruitee.com/
recruitee,gutshausstolpe,2,https://gutshausstolpe.recruitee.com/
recruitee,hamburgcare,5,https://hamburgcare.recruitee.com/
recruitee,hanabgermany,2,https://hanabgermany.recruitee.com/
recruitee,happycapitalhrm,15,https://happycapitalhrm.recruitee.com/
recruitee,hauteaviation,4,https://hauteaviation.recruitee.com/
recruitee,headfirst,22,https://headfirst.recruitee.com/
recruitee,healthyworkers,4,https://healthyworkers.recruitee.com/
recruitee,heattransformers,4,https://heattransformers.recruitee.com/
recruitee,heidelbergcementbenelux,30,https://heidelbergcementbenelux.recruitee.com/
recruitee,heilindelectronicseurope,6,https://heilindelectronicseurope.recruitee.com/
recruitee,heim,6,https://heim.recruitee.com/
recruitee,heinemannaustriagmbh,1,https://heinemannaustriagmbh.recruitee.com/
recruitee,heliumdoc,3,https://heliumdoc.recruitee.com/
recruitee,helmitehdas,2,https://helmitehdas.recruitee.com/
recruitee,hetzner,2,https://hetzner.recruitee.com/
recruitee,heuschenschrouff,22,https://heuschenschrouff.recruitee.com/
recruitee,heuserimmobilien,3,https://heuserimmobilien.recruitee.com/
recruitee,heydayfm,5,https://heydayfm.recruitee.com/
recruitee,hhsalesconsultinggmbhgermany,5,https://hhsalesconsultinggmbhgermany.recruitee.com/
recruitee,highlandersolutions,4,https://highlandersolutions.recruitee.com/
recruitee,hilpertaktiengesellschaft,8,https://hilpertaktiengesellschaft.recruitee.com/
recruitee,hiring,13,https://hiring.recruitee.com/
recruitee,hoffmannproductions,5,https://hoffmannproductions.recruitee.com/
recruitee,hollandia,23,https://hollandia.recruitee.com/
recruitee,homodea,6,https://homodea.recruitee.com/
recruitee,hopkinsarchitects,1,https://hopkinsarchitects.recruitee.com/
recruitee,hotelantwerpen,8,https://hotelantwerpen.recruitee.com/
recruitee,hotelarnhem,7,https://hotelarnhem.recruitee.com/
recruitee,hotelberlinbrandenburg,3,https://hotelberlinbrandenburg.recruitee.com/
recruitee,hotelbrusselsairport,3,https://hotelbrusselsairport.recruitee.com/
recruitee,hotelcuijk,8,https://hotelcuijk.recruitee.com/
recruitee,hoteldemolenhoek,10,https://hoteldemolenhoek.recruitee.com/
recruitee,hoteldenhaagwassenaar,7,https://hoteldenhaagwassenaar.recruitee.com/
recruitee,hoteldewittebergen,10,https://hoteldewittebergen.recruitee.com/
recruitee,hoteldrachten,4,https://hoteldrachten.recruitee.com/
recruitee,hotelgent,6,https://hotelgent.recruitee.com/
recruitee,hotelgilze,16,https://hotelgilze.recruitee.com/
recruitee,hotelgorinchema27,5,https://hotelgorinchema27.recruitee.com/
recruitee,hotelgroningenhoogkerk,11,https://hotelgroningenhoogkerk.recruitee.com/
recruitee,hotelhardegarijp,4,https://hotelhardegarijp.recruitee.com/
recruitee,hotelmechelen,3,https://hotelmechelen.recruitee.com/
recruitee,hotelmelle,9,https://hotelmelle.recruitee.com/
recruitee,hotelmons,3,https://hotelmons.recruitee.com/
recruitee,hotelmunteamstadtwald,2,https://hotelmunteamstadtwald.recruitee.com/
recruitee,hotelnazareth,5,https://hotelnazareth.recruitee.com/
recruitee,hotelnijmegen,1,https://hotelnijmegen.recruitee.com/
recruitee,hotelpariscdgairport,8,https://hotelpariscdgairport.recruitee.com/
recruitee,hotelprinceville,4,https://hotelprinceville.recruitee.com/
recruitee,hotelselys,1,https://hotelselys.recruitee.com/
recruitee,hotelsteinurmond,6,https://hotelsteinurmond.recruitee.com/
recruitee,hoteltexel,6,https://hoteltexel.recruitee.com/
recruitee,hotelveenendaal,6,https://hotelveenendaal.recruitee.com/
recruitee,hotelverviers,3,https://hotelverviers.recruitee.com/
recruitee,hotelvught,5,https://hotelvught.recruitee.com/
recruitee,hotelwesterbroek,12,https://hotelwesterbroek.recruitee.com/
recruitee,hotelzaltbommel,8,https://hotelzaltbommel.recruitee.com/
recruitee,hotelzuidbroek,18,https://hotelzuidbroek.recruitee.com/
recruitee,houthoff,15,https://houthoff.recruitee.com/
recruitee,hqengineeringitalia,8,https://hqengineeringitalia.recruitee.com/
recruitee,hrjobmatcher,2,https://hrjobmatcher.recruitee.com/
recruitee,hskschneider,2,https://hskschneider.recruitee.com/
recruitee,huetthalerkg,8,https://huetthalerkg.recruitee.com/
recruitee,hugopfohegmbh,11,https://hugopfohegmbh.recruitee.com/
recruitee,huizingharvest,17,https://huizingharvest.recruitee.com/
recruitee,humandesigngroup,1,https://humandesigngroup.recruitee.com/
recruitee,humanispartners,54,https://humanispartners.recruitee.com/
recruitee,hyand,18,https://hyand.recruitee.com/
recruitee,hydriveengineeringgmbh,6,https://hydriveengineeringgmbh.recruitee.com/
recruitee,hylinegroup,3,https://hylinegroup.recruitee.com/
recruitee,hyujki,1,https://hyujki.recruitee.com/
recruitee,hzt,3,https://hzt.recruitee.com/
recruitee,ias,5,https://ias.recruitee.com/
recruitee,ib1,4,https://ib1.recruitee.com/
recruitee,ickert,4,https://ickert.recruitee.com/
recruitee,icuitservices,5,https://icuitservices.recruitee.com/
recruitee,ideenionautomobilag,3,https://ideenionautomobilag.recruitee.com/
recruitee,ifp,2,https://ifp.recruitee.com/
recruitee,ikbenfrits,3,https://ikbenfrits.recruitee.com/
recruitee,imbgmbh,44,https://imbgmbh.recruitee.com/
recruitee,immersionspzoo,1,https://immersionspzoo.recruitee.com/
recruitee,immoexperten,11,https://immoexperten.recruitee.com/
recruitee,immoinvestankara,4,https://immoinvestankara.recruitee.com/
recruitee,impactbrands,6,https://impactbrands.recruitee.com/
recruitee,impactkravmaga,5,https://impactkravmaga.recruitee.com/
recruitee,impulsakros,26,https://impulsakros.recruitee.com/
recruitee,incoresolutions1,4,https://incoresolutions1.recruitee.com/
recruitee,ineg,5,https://ineg.recruitee.com/
recruitee,inepro,5,https://inepro.recruitee.com/
recruitee,infinitaslearning1,1,https://infinitaslearning1.recruitee.com/
recruitee,infomedics,27,https://infomedics.recruitee.com/
recruitee,infomedijidoo,22,https://infomedijidoo.recruitee.com/
recruitee,informationfactory,3,https://informationfactory.recruitee.com/
recruitee,innercrowd,3,https://innercrowd.recruitee.com/
recruitee,innovadis,8,https://innovadis.recruitee.com/
recruitee,innovam,15,https://innovam.recruitee.com/
recruitee,innovationseven,1,https://innovationseven.recruitee.com/
recruitee,innovativebeautygroup,12,https://innovativebeautygroup.recruitee.com/
recruitee,innovencio,3,https://innovencio.recruitee.com/
recruitee,inovabusiness,7,https://inovabusiness.recruitee.com/
recruitee,inovex,21,https://inovex.recruitee.com/
recruitee,inretail,4,https://inretail.recruitee.com/
recruitee,insait,3,https://insait.recruitee.com/
recruitee,insanitygroup,5,https://insanitygroup.recruitee.com/
recruitee,instagrid,12,https://instagrid.recruitee.com/
recruitee,instahelp,1,https://instahelp.recruitee.com/
recruitee,instantsystem,3,https://instantsystem.recruitee.com/
recruitee,instruqt,2,https://instruqt.recruitee.com/
recruitee,integragmbh,4,https://integragmbh.recruitee.com/
recruitee,intelic,5,https://intelic.recruitee.com/
recruitee,interbrandsmarketingdistributionsrl,38,https://interbrandsmarketingdistributionsrl.recruitee.com/
recruitee,interbrandsorbico,38,https://interbrandsorbico.recruitee.com/
recruitee,interdambv,6,https://interdambv.recruitee.com/
recruitee,internationaledeutscheschulebrussel,8,https://internationaledeutscheschulebrussel.recruitee.com/
recruitee,internetwerving,21,https://internetwerving.recruitee.com/
recruitee,interpool,3,https://interpool.recruitee.com/
recruitee,interprenet,2,https://interprenet.recruitee.com/
recruitee,intersnackgroupgmbhcokg,5,https://intersnackgroupgmbhcokg.recruitee.com/
recruitee,interstellargroup,37,https://interstellargroup.recruitee.com/
recruitee,intescia,20,https://intescia.recruitee.com/
recruitee,intouch,3,https://intouch.recruitee.com/
recruitee,intralot,46,https://intralot.recruitee.com/
recruitee,investmentpunk,3,https://investmentpunk.recruitee.com/
recruitee,invitejobs,4,https://invitejobs.recruitee.com/
recruitee,iqifi,2,https://iqifi.recruitee.com/
recruitee,irimed,9,https://irimed.recruitee.com/
recruitee,isabellapatisserie,13,https://isabellapatisserie.recruitee.com/
recruitee,isken,5,https://isken.recruitee.com/
recruitee,itsynergy,9,https://itsynergy.recruitee.com/
recruitee,iverwind,7,https://iverwind.recruitee.com/
recruitee,ixonbv,8,https://ixonbv.recruitee.com/
recruitee,jafariconsulting,2,https://jafariconsulting.recruitee.com/
recruitee,janbahmann,35,https://janbahmann.recruitee.com/
recruitee,janegoodall,1,https://janegoodall.recruitee.com/
recruitee,jcdecauxnederland,6,https://jcdecauxnederland.recruitee.com/
recruitee,jdanielle,2,https://jdanielle.recruitee.com/
recruitee,jeffjill,21,https://jeffjill.recruitee.com/
recruitee,jensrabe,8,https://jensrabe.recruitee.com/
recruitee,jeugdprofessionalsnederland,33,https://jeugdprofessionalsnederland.recruitee.com/
recruitee,jex,20,https://jex.recruitee.com/
recruitee,jimmytechnologies,2,https://jimmytechnologies.recruitee.com/
recruitee,jobmatchereu,2,https://jobmatchereu.recruitee.com/
recruitee,jobmatix,2,https://jobmatix.recruitee.com/
recruitee,jobninobv,9,https://jobninobv.recruitee.com/
recruitee,jobsatlanticlabsfoodlabs,12,https://jobsatlanticlabsfoodlabs.recruitee.com/
recruitee,jobsatlanticvcfoodlabs,12,https://jobsatlanticvcfoodlabs.recruitee.com/
recruitee,jobsdeerns,78,https://jobsdeerns.recruitee.com/
recruitee,jobsetl,4,https://jobsetl.recruitee.com/
recruitee,jobsger,45,https://jobsger.recruitee.com/
recruitee,jobsmistertemp,11,https://jobsmistertemp.recruitee.com/
recruitee,jobstailormadecatering,26,https://jobstailormadecatering.recruitee.com/
recruitee,jobtome,1,https://jobtome.recruitee.com/
recruitee,johancruyfffoundation,1,https://johancruyfffoundation.recruitee.com/
recruitee,jorgwaldhoffelektroinstallationundservice,2,https://jorgwaldhoffelektroinstallationundservice.recruitee.com/
recruitee,josefheuelgmbh,4,https://josefheuelgmbh.recruitee.com/
recruitee,jpweltersgorgensgmbhcobekleidungskg,79,https://jpweltersgorgensgmbhcobekleidungskg.recruitee.com/
recruitee,jumpfactor,8,https://jumpfactor.recruitee.com/
recruitee,jumpseller,2,https://jumpseller.recruitee.com/
recruitee,junto,3,https://junto.recruitee.com/
recruitee,junttanoy,1,https://junttanoy.recruitee.com/
recruitee,juustoporttioy,2,https://juustoporttioy.recruitee.com/
recruitee,juvisepharmaceuticals,6,https://juvisepharmaceuticals.recruitee.com/
recruitee,kalibrate,1,https://kalibrate.recruitee.com/
recruitee,kaliop,3,https://kaliop.recruitee.com/
recruitee,kallebaecker,5,https://kallebaecker.recruitee.com/
recruitee,kampfsportakademiechemnitz,2,https://kampfsportakademiechemnitz.recruitee.com/
recruitee,kampfsportgmbh,5,https://kampfsportgmbh.recruitee.com/
recruitee,kampfsporttrainer,8,https://kampfsporttrainer.recruitee.com/
recruitee,kandinsky,2,https://kandinsky.recruitee.com/
recruitee,kantega,10,https://kantega.recruitee.com/
recruitee,kaptenandson,29,https://kaptenandson.recruitee.com/
recruitee,karaktertraprenovaties,5,https://karaktertraprenovaties.recruitee.com/
recruitee,karatefachsportschule,26,https://karatefachsportschule.recruitee.com/
recruitee,karriere,4,https://karriere.recruitee.com/
recruitee,karrierebeimunsch,3,https://karrierebeimunsch.recruitee.com/
recruitee,karriereblaugold,5,https://karriereblaugold.recruitee.com/
recruitee,karrierehall,19,https://karrierehall.recruitee.com/
recruitee,karriererheinzeitung,13,https://karriererheinzeitung.recruitee.com/
recruitee,karriereteachingsocials,6,https://karriereteachingsocials.recruitee.com/
recruitee,kasprowicz,1,https://kasprowicz.recruitee.com/
recruitee,kayflygmbh,2,https://kayflygmbh.recruitee.com/
recruitee,kbonnabfallwirtschaftsgmbhcokg,3,https://kbonnabfallwirtschaftsgmbhcokg.recruitee.com/
recruitee,kdci1,44,https://kdci1.recruitee.com/
recruitee,kenter,19,https://kenter.recruitee.com/
recruitee,keolis,29,https://keolis.recruitee.com/
recruitee,kesslerhirsch,5,https://kesslerhirsch.recruitee.com/
recruitee,keunehaircosmetics,11,https://keunehaircosmetics.recruitee.com/
recruitee,kfzteile24,21,https://kfzteile24.recruitee.com/
recruitee,khelektrotechnik,3,https://khelektrotechnik.recruitee.com/
recruitee,khonraad,3,https://khonraad.recruitee.com/
recruitee,kigroup,10,https://kigroup.recruitee.com/
recruitee,kikomilano,21,https://kikomilano.recruitee.com/
recruitee,kimplusdelta,5,https://kimplusdelta.recruitee.com/
recruitee,kinderkompass24gmbh,1,https://kinderkompass24gmbh.recruitee.com/
recruitee,kingkongclubgmbh,10,https://kingkongclubgmbh.recruitee.com/
recruitee,kinly,21,https://kinly.recruitee.com/
recruitee,kivork,1,https://kivork.recruitee.com/
recruitee,kjldtgfh,22,https://kjldtgfh.recruitee.com/
recruitee,klompbv,11,https://klompbv.recruitee.com/
recruitee,kloseconsulting,23,https://kloseconsulting.recruitee.com/
recruitee,klshsteuerberatungsgesellschaft,4,https://klshsteuerberatungsgesellschaft.recruitee.com/
recruitee,klymagmbh1,8,https://klymagmbh1.recruitee.com/
recruitee,knuddels,5,https://knuddels.recruitee.com/
recruitee,kolbkarriere,1,https://kolbkarriere.recruitee.com/
recruitee,kolpingkita,1,https://kolpingkita.recruitee.com/
recruitee,kolpingschulenfellbach,3,https://kolpingschulenfellbach.recruitee.com/
recruitee,kompassgroup,6,https://kompassgroup.recruitee.com/
recruitee,kompassgruppe,6,https://kompassgruppe.recruitee.com/
recruitee,konicaminolta,11,https://konicaminolta.recruitee.com/
recruitee,koninklijkegazelle,7,https://koninklijkegazelle.recruitee.com/
recruitee,kornerrealestategmbh,10,https://kornerrealestategmbh.recruitee.com/
recruitee,korton,5,https://korton.recruitee.com/
recruitee,kpsteuerberatung,4,https://kpsteuerberatung.recruitee.com/
recruitee,kraaijeveldgroentenenfruit,9,https://kraaijeveldgroentenenfruit.recruitee.com/
recruitee,kraamzorgvda,5,https://kraamzorgvda.recruitee.com/
recruitee,krahlverladesystemegmbh,1,https://krahlverladesystemegmbh.recruitee.com/
recruitee,kriegersteuerberatungsgesellschaft,10,https://kriegersteuerberatungsgesellschaft.recruitee.com/
recruitee,krikri,16,https://krikri.recruitee.com/
recruitee,krila,2,https://krila.recruitee.com/
recruitee,ksverlichting,4,https://ksverlichting.recruitee.com/
recruitee,kti,12,https://kti.recruitee.com/
recruitee,kwadraad,33,https://kwadraad.recruitee.com/
recruitee,kws,180,https://kws.recruitee.com/
recruitee,l3ggroupe,5,https://l3ggroupe.recruitee.com/
recruitee,labeyriefinefoods,44,https://labeyriefinefoods.recruitee.com/
recruitee,lagarderetravelretail,1,https://lagarderetravelretail.recruitee.com/
recruitee,lamanufacturerh,10,https://lamanufacturerh.recruitee.com/
recruitee,landbaeckereigrube,12,https://landbaeckereigrube.recruitee.com/
recruitee,landbaeckereischmidt,4,https://landbaeckereischmidt.recruitee.com/
recruitee,landslidepolitical,2,https://landslidepolitical.recruitee.com/
recruitee,laserparts,4,https://laserparts.recruitee.com/
recruitee,lassnerkarriere,5,https://lassnerkarriere.recruitee.com/
recruitee,lecoq,10,https://lecoq.recruitee.com/
recruitee,legalstudents,2,https://legalstudents.recruitee.com/
recruitee,legionelladossierjobs,5,https://legionelladossierjobs.recruitee.com/
recruitee,leha,8,https://leha.recruitee.com/
recruitee,leibleinundkollegen,2,https://leibleinundkollegen.recruitee.com/
recruitee,leoderbacker,9,https://leoderbacker.recruitee.com/
recruitee,leogistics,11,https://leogistics.recruitee.com/
recruitee,lernlinkgmbh,2,https://lernlinkgmbh.recruitee.com/
recruitee,lesbonsprofils,10,https://lesbonsprofils.recruitee.com/
recruitee,levieuxmenuisiers,3,https://levieuxmenuisiers.recruitee.com/
recruitee,leydenlabs,3,https://leydenlabs.recruitee.com/
recruitee,lichtblickemobility,1,https://lichtblickemobility.recruitee.com/
recruitee,liebscherbracht,5,https://liebscherbracht.recruitee.com/
recruitee,lifeoutdoorliving,9,https://lifeoutdoorliving.recruitee.com/
recruitee,limagrainingredients,3,https://limagrainingredients.recruitee.com/
recruitee,limeflight,1,https://limeflight.recruitee.com/
recruitee,lincolnksa,10,https://lincolnksa.recruitee.com/
recruitee,lindemannmetalrecycling,1,https://lindemannmetalrecycling.recruitee.com/
recruitee,lionelbruder,8,https://lionelbruder.recruitee.com/
recruitee,littledutch,4,https://littledutch.recruitee.com/
recruitee,livesport,2,https://livesport.recruitee.com/
recruitee,livestorm,2,https://livestorm.recruitee.com/
recruitee,loadingsystems,11,https://loadingsystems.recruitee.com/
recruitee,lockamp,3,https://lockamp.recruitee.com/
recruitee,locusbiosciences,2,https://locusbiosciences.recruitee.com/
recruitee,loftfilm,6,https://loftfilm.recruitee.com/
recruitee,logismetropole,2,https://logismetropole.recruitee.com/
recruitee,loisium,27,https://loisium.recruitee.com/
recruitee,lorenzkunststofftechnik,9,https://lorenzkunststofftechnik.recruitee.com/
recruitee,lotterobjekt,4,https://lotterobjekt.recruitee.com/
recruitee,louwman,137,https://louwman.recruitee.com/
recruitee,lovebetter,4,https://lovebetter.recruitee.com/
recruitee,loyaltykey,3,https://loyaltykey.recruitee.com/
recruitee,lucidgames,1,https://lucidgames.recruitee.com/
recruitee,lumc,28,https://lumc.recruitee.com/
recruitee,luminus,15,https://luminus.recruitee.com/
recruitee,luminussolutions,11,https://luminussolutions.recruitee.com/
recruitee,luscii,7,https://luscii.recruitee.com/
recruitee,luxlernforderung,2,https://luxlernforderung.recruitee.com/
recruitee,lxt,3,https://lxt.recruitee.com/
recruitee,m1,5,https://m1.recruitee.com/
recruitee,m3immobilien,11,https://m3immobilien.recruitee.com/
recruitee,maartenskliniek,10,https://maartenskliniek.recruitee.com/
recruitee,maastrichtaachenairport,2,https://maastrichtaachenairport.recruitee.com/
recruitee,maco,20,https://maco.recruitee.com/
recruitee,mactwinsecurity,3,https://mactwinsecurity.recruitee.com/
recruitee,madebytalents,5,https://madebytalents.recruitee.com/
recruitee,madlergmbh,3,https://madlergmbh.recruitee.com/
recruitee,madsacklogistik,142,https://madsacklogistik.recruitee.com/
recruitee,maerkischerevision,12,https://maerkischerevision.recruitee.com/
recruitee,makeitmatta,2,https://makeitmatta.recruitee.com/
recruitee,malersammerjobs,12,https://malersammerjobs.recruitee.com/
recruitee,manikonailsgmbh,5,https://manikonailsgmbh.recruitee.com/
recruitee,manual,16,https://manual.recruitee.com/
recruitee,marketingmba,2,https://marketingmba.recruitee.com/
recruitee,markmi,1,https://markmi.recruitee.com/
recruitee,marleenkookt,8,https://marleenkookt.recruitee.com/
recruitee,martinmathysnv,3,https://martinmathysnv.recruitee.com/
recruitee,masterplan,2,https://masterplan.recruitee.com/
recruitee,matresearch,8,https://matresearch.recruitee.com/
recruitee,matt,8,https://matt.recruitee.com/
recruitee,maximizd1,111,https://maximizd1.recruitee.com/
recruitee,mazars,19,https://mazars.recruitee.com/
recruitee,mcb,29,https://mcb.recruitee.com/
recruitee,mec,5,https://mec.recruitee.com/
recruitee,medasportakademiegmbh,11,https://medasportakademiegmbh.recruitee.com/
recruitee,meddy1,3,https://meddy1.recruitee.com/
recruitee,medica,13,https://medica.recruitee.com/
recruitee,medikamentediegrenze,252,https://medikamentediegrenze.recruitee.com/
recruitee,medischekliniekvelsen,12,https://medischekliniekvelsen.recruitee.com/
recruitee,medischspectrumtwente,35,https://medischspectrumtwente.recruitee.com/
recruitee,meerotterdamrijnmond,19,https://meerotterdamrijnmond.recruitee.com/
recruitee,mehrgeschaeft,3,https://mehrgeschaeft.recruitee.com/
recruitee,meinmakler,9,https://meinmakler.recruitee.com/
recruitee,meliorate,5,https://meliorate.recruitee.com/
recruitee,meliorategmbh1,5,https://meliorategmbh1.recruitee.com/
recruitee,melislogistics,14,https://melislogistics.recruitee.com/
recruitee,melitaltd,6,https://melitaltd.recruitee.com/
recruitee,meltandmarble,1,https://meltandmarble.recruitee.com/
recruitee,memberboost,2,https://memberboost.recruitee.com/
recruitee,memberspotgmbh,1,https://memberspotgmbh.recruitee.com/
recruitee,mercesbv,11,https://mercesbv.recruitee.com/
recruitee,merford,10,https://merford.recruitee.com/
recruitee,mesoneerag,1,https://mesoneerag.recruitee.com/
recruitee,metamundo,5,https://metamundo.recruitee.com/
recruitee,metzgereischafergmbh,8,https://metzgereischafergmbh.recruitee.com/
recruitee,mgid,15,https://mgid.recruitee.com/
recruitee,miaplaza,3,https://miaplaza.recruitee.com/
recruitee,microampsolutions,9,https://microampsolutions.recruitee.com/
recruitee,miepbv,83,https://miepbv.recruitee.com/
recruitee,miladeus,5,https://miladeus.recruitee.com/
recruitee,milcafeagmbh,3,https://milcafeagmbh.recruitee.com/
recruitee,milence,1,https://milence.recruitee.com/
recruitee,mindbeat,1,https://mindbeat.recruitee.com/
recruitee,mindmultiplan,1,https://mindmultiplan.recruitee.com/
recruitee,minimalist,8,https://minimalist.recruitee.com/
recruitee,missionmitglieder,5,https://missionmitglieder.recruitee.com/
recruitee,mkggobel,2,https://mkggobel.recruitee.com/
recruitee,mkh,2,https://mkh.recruitee.com/
recruitee,mobilityplus,3,https://mobilityplus.recruitee.com/
recruitee,mobipium,6,https://mobipium.recruitee.com/
recruitee,mobipium2,6,https://mobipium2.recruitee.com/
recruitee,moby,2,https://moby.recruitee.com/
recruitee,modint,2,https://modint.recruitee.com/
recruitee,modulussa,2,https://modulussa.recruitee.com/
recruitee,molenqindustrialservices,24,https://molenqindustrialservices.recruitee.com/
recruitee,momomedicalbv,11,https://momomedicalbv.recruitee.com/
recruitee,mondaymerch,23,https://mondaymerch.recruitee.com/
recruitee,monsterscore,11,https://monsterscore.recruitee.com/
recruitee,montrieurs,19,https://montrieurs.recruitee.com/
recruitee,mooremkw,166,https://mooremkw.recruitee.com/
recruitee,moosmann,3,https://moosmann.recruitee.com/
recruitee,morentz,7,https://morentz.recruitee.com/
recruitee,morgananederland,2,https://morgananederland.recruitee.com/
recruitee,mott,4,https://mott.recruitee.com/
recruitee,movares,50,https://movares.recruitee.com/
recruitee,moveup,4,https://moveup.recruitee.com/
recruitee,mrmarinegroup,17,https://mrmarinegroup.recruitee.com/
recruitee,mrpjobs,1,https://mrpjobs.recruitee.com/
recruitee,msf,6,https://msf.recruitee.com/
recruitee,mstgroep,6,https://mstgroep.recruitee.com/
recruitee,mstudio,6,https://mstudio.recruitee.com/
recruitee,mudwtr,2,https://mudwtr.recruitee.com/
recruitee,muellerundkollegen,5,https://muellerundkollegen.recruitee.com/
recruitee,multiminds,4,https://multiminds.recruitee.com/
recruitee,mumc,79,https://mumc.recruitee.com/
recruitee,munevo,1,https://munevo.recruitee.com/
recruitee,mutasvzw,2,https://mutasvzw.recruitee.com/
recruitee,muto,3,https://muto.recruitee.com/
recruitee,muttifreutsich,51,https://muttifreutsich.recruitee.com/
recruitee,mycashcollector,5,https://mycashcollector.recruitee.com/
recruitee,myjewellery,86,https://myjewellery.recruitee.com/
recruitee,myr,2,https://myr.recruitee.com/
recruitee,n2jsoft,8,https://n2jsoft.recruitee.com/
recruitee,nacardesign,16,https://nacardesign.recruitee.com/
recruitee,nachburag,8,https://nachburag.recruitee.com/
recruitee,naostalents,1,https://naostalents.recruitee.com/
recruitee,nationaalgroenfonds,3,https://nationaalgroenfonds.recruitee.com/
recruitee,navinfoeurope,3,https://navinfoeurope.recruitee.com/
recruitee,nearfieldinstruments1,59,https://nearfieldinstruments1.recruitee.com/
recruitee,negativdesign,1,https://negativdesign.recruitee.com/
recruitee,nemeon,3,https://nemeon.recruitee.com/
recruitee,neoday,5,https://neoday.recruitee.com/
recruitee,neokanzlei,53,https://neokanzlei.recruitee.com/
recruitee,neovagroup,9,https://neovagroup.recruitee.com/
recruitee,nepocon,26,https://nepocon.recruitee.com/
recruitee,netbeheernederland,2,https://netbeheernederland.recruitee.com/
recruitee,netconomy,14,https://netconomy.recruitee.com/
recruitee,netwisesa,3,https://netwisesa.recruitee.com/
recruitee,netzbest,1,https://netzbest.recruitee.com/
recruitee,newspringnetwork,3,https://newspringnetwork.recruitee.com/
recruitee,newyorkpizza2,3,https://newyorkpizza2.recruitee.com/
recruitee,nextenergy,15,https://nextenergy.recruitee.com/
recruitee,nieuweitbaan,2,https://nieuweitbaan.recruitee.com/
recruitee,nikin,2,https://nikin.recruitee.com/
recruitee,nikkelenelektrotechniekbv,3,https://nikkelenelektrotechniekbv.recruitee.com/
recruitee,nlmentalcaregroup,194,https://nlmentalcaregroup.recruitee.com/
recruitee,nmbrs,6,https://nmbrs.recruitee.com/
recruitee,noackconsulting,63,https://noackconsulting.recruitee.com/
recruitee,nockmaschinenbaugmbh,3,https://nockmaschinenbaugmbh.recruitee.com/
recruitee,noldus,2,https://noldus.recruitee.com/
recruitee,noordveluwsarchief,1,https://noordveluwsarchief.recruitee.com/
recruitee,nordsonne,1,https://nordsonne.recruitee.com/
recruitee,normecgroup,1,https://normecgroup.recruitee.com/
recruitee,normeclsbe,18,https://normeclsbe.recruitee.com/
recruitee,normecsunl,36,https://normecsunl.recruitee.com/
recruitee,nortex,4,https://nortex.recruitee.com/
recruitee,novakidschool,16,https://novakidschool.recruitee.com/
recruitee,novakidteachers,1,https://novakidteachers.recruitee.com/
recruitee,novityrecrute,13,https://novityrecrute.recruitee.com/
recruitee,novoferm,9,https://novoferm.recruitee.com/
recruitee,novutech,4,https://novutech.recruitee.com/
recruitee,nowatch,1,https://nowatch.recruitee.com/
recruitee,nozrecrute,140,https://nozrecrute.recruitee.com/
recruitee,nsecure,13,https://nsecure.recruitee.com/
recruitee,ntm,5,https://ntm.recruitee.com/
recruitee,nucsai,12,https://nucsai.recruitee.com/
recruitee,numans,15,https://numans.recruitee.com/
recruitee,nutsgroep,11,https://nutsgroep.recruitee.com/
recruitee,nuuvem,4,https://nuuvem.recruitee.com/
recruitee,nvb,5,https://nvb.recruitee.com/
recruitee,nwsgmbh,61,https://nwsgmbh.recruitee.com/
recruitee,nxfiltration,5,https://nxfiltration.recruitee.com/
recruitee,nypfranchise,6,https://nypfranchise.recruitee.com/
recruitee,nysingh,15,https://nysingh.recruitee.com/
recruitee,oba,4,https://oba.recruitee.com/
recruitee,obilet,14,https://obilet.recruitee.com/
recruitee,oceansofenergy,3,https://oceansofenergy.recruitee.com/
recruitee,odcakron,2,https://odcakron.recruitee.com/
recruitee,odion,42,https://odion.recruitee.com/
recruitee,odnzkg,20,https://odnzkg.recruitee.com/
recruitee,odysseyschoolofdenver,1,https://odysseyschoolofdenver.recruitee.com/
recruitee,oerol,1,https://oerol.recruitee.com/
recruitee,ogcglobal,7,https://ogcglobal.recruitee.com/
recruitee,oldael,8,https://oldael.recruitee.com/
recruitee,olenex,11,https://olenex.recruitee.com/
recruitee,olsamgroup,7,https://olsamgroup.recruitee.com/
recruitee,omeris,57,https://omeris.recruitee.com/
recruitee,omniconsultcorp,17,https://omniconsultcorp.recruitee.com/
recruitee,omroepgelderland,9,https://omroepgelderland.recruitee.com/
recruitee,omrt,2,https://omrt.recruitee.com/
recruitee,onemediasolution,4,https://onemediasolution.recruitee.com/
recruitee,onemobility,24,https://onemobility.recruitee.com/
recruitee,oneventproductionco,5,https://oneventproductionco.recruitee.com/
recruitee,oneworks,7,https://oneworks.recruitee.com/
recruitee,onramper,1,https://onramper.recruitee.com/
recruitee,onstweedethuis,115,https://onstweedethuis.recruitee.com/
recruitee,onyxonsite,1,https://onyxonsite.recruitee.com/
recruitee,openclaims,2,https://openclaims.recruitee.com/
recruitee,opengovernmentproducts,11,https://opengovernmentproducts.recruitee.com/
recruitee,opesus,2,https://opesus.recruitee.com/
recruitee,opsbrasil,9,https://opsbrasil.recruitee.com/
recruitee,optics11,21,https://optics11.recruitee.com/
recruitee,optios,3,https://optios.recruitee.com/
recruitee,optiweb,1,https://optiweb.recruitee.com/
recruitee,orangeworks,6,https://orangeworks.recruitee.com/
recruitee,ormitbelgium,7,https://ormitbelgium.recruitee.com/
recruitee,ouderenmondzorgpraktijk,8,https://ouderenmondzorgpraktijk.recruitee.com/
recruitee,oxygenhouse,4,https://oxygenhouse.recruitee.com/
recruitee,p1group,1,https://p1group.recruitee.com/
recruitee,pag,5,https://pag.recruitee.com/
recruitee,panoramaresortspa,6,https://panoramaresortspa.recruitee.com/
recruitee,panteiabv,4,https://panteiabv.recruitee.com/
recruitee,paragongermany,6,https://paragongermany.recruitee.com/
recruitee,paralucent,28,https://paralucent.recruitee.com/
recruitee,parent,3,https://parent.recruitee.com/
recruitee,parkwind,8,https://parkwind.recruitee.com/
recruitee,partof,6,https://partof.recruitee.com/
recruitee,passaderbackhaus,1,https://passaderbackhaus.recruitee.com/
recruitee,patriarcadeveloppement,1,https://patriarcadeveloppement.recruitee.com/
recruitee,payter,11,https://payter.recruitee.com/
recruitee,pbwebmedia,2,https://pbwebmedia.recruitee.com/
recruitee,peddler,5,https://peddler.recruitee.com/
recruitee,pegime,1,https://pegime.recruitee.com/
recruitee,peopleand,9,https://peopleand.recruitee.com/
recruitee,personeelszaken,16,https://personeelszaken.recruitee.com/
recruitee,perspectief,21,https://perspectief.recruitee.com/
recruitee,petalmd,4,https://petalmd.recruitee.com/
recruitee,pevo,5,https://pevo.recruitee.com/
recruitee,pexin,1,https://pexin.recruitee.com/
recruitee,pezygroup,2,https://pezygroup.recruitee.com/
recruitee,physioteamfulda,4,https://physioteamfulda.recruitee.com/
recruitee,physiotherapievelvichiagmbh,2,https://physiotherapievelvichiagmbh.recruitee.com/
recruitee,pickfu,1,https://pickfu.recruitee.com/
recruitee,pileje1,12,https://pileje1.recruitee.com/
recruitee,pineapple,19,https://pineapple.recruitee.com/
recruitee,pipelife,13,https://pipelife.recruitee.com/
recruitee,pitecag,4,https://pitecag.recruitee.com/
recruitee,pivotandedge,14,https://pivotandedge.recruitee.com/
recruitee,pixalione,8,https://pixalione.recruitee.com/
recruitee,pixelmechanics,1,https://pixelmechanics.recruitee.com/
recruitee,pixelpool,1,https://pixelpool.recruitee.com/
recruitee,pizzabeppe,5,https://pizzabeppe.recruitee.com/
recruitee,planatol,2,https://planatol.recruitee.com/
recruitee,planethomegroupgmbh,60,https://planethomegroupgmbh.recruitee.com/
recruitee,playtestcloud,1,https://playtestcloud.recruitee.com/
recruitee,plenetude,6,https://plenetude.recruitee.com/
recruitee,pluecker,6,https://pluecker.recruitee.com/
recruitee,plukonfoodgroupdenmark,8,https://plukonfoodgroupdenmark.recruitee.com/
recruitee,plusadvise,10,https://plusadvise.recruitee.com/
recruitee,pockee,4,https://pockee.recruitee.com/
recruitee,podiumvictorie,2,https://podiumvictorie.recruitee.com/
recruitee,polytalentgmbh,278,https://polytalentgmbh.recruitee.com/
recruitee,polytek,5,https://polytek.recruitee.com/
recruitee,pon22,18,https://pon22.recruitee.com/
recruitee,poppy,3,https://poppy.recruitee.com/
recruitee,portalp,27,https://portalp.recruitee.com/
recruitee,power2x,1,https://power2x.recruitee.com/
recruitee,powerprozesse,8,https://powerprozesse.recruitee.com/
recruitee,practical,4,https://practical.recruitee.com/
recruitee,precedence,13,https://precedence.recruitee.com/
recruitee,prenosis,1,https://prenosis.recruitee.com/
recruitee,pridelogic,3,https://pridelogic.recruitee.com/
recruitee,priestley,4,https://priestley.recruitee.com/
recruitee,prijsvrijvakanties,21,https://prijsvrijvakanties.recruitee.com/
recruitee,primion,15,https://primion.recruitee.com/
recruitee,primo,8,https://primo.recruitee.com/
recruitee,primomarine,5,https://primomarine.recruitee.com/
recruitee,prinsenstichting,18,https://prinsenstichting.recruitee.com/
recruitee,pro4dynamixgmbh,5,https://pro4dynamixgmbh.recruitee.com/
recruitee,processit,3,https://processit.recruitee.com/
recruitee,procurementexpresscom,1,https://procurementexpresscom.recruitee.com/
recruitee,prodigigroup,3,https://prodigigroup.recruitee.com/
recruitee,proforto,26,https://proforto.recruitee.com/
recruitee,progressionit,1,https://progressionit.recruitee.com/
recruitee,proindividuum,11,https://proindividuum.recruitee.com/
recruitee,propertyone,6,https://propertyone.recruitee.com/
recruitee,propz,1,https://propz.recruitee.com/
recruitee,prosypackaginggmbh,2,https://prosypackaginggmbh.recruitee.com/
recruitee,protectdemocracy,5,https://protectdemocracy.recruitee.com/
recruitee,protestantstheologischeuniversiteit,1,https://protestantstheologischeuniversiteit.recruitee.com/
recruitee,protexthesecuritycompany,4,https://protexthesecuritycompany.recruitee.com/
recruitee,protiviti,5,https://protiviti.recruitee.com/
recruitee,provalliance1,53,https://provalliance1.recruitee.com/
recruitee,provement,4,https://provement.recruitee.com/
recruitee,provisioniam,1,https://provisioniam.recruitee.com/
recruitee,proximusnxt,7,https://proximusnxt.recruitee.com/
recruitee,proxsys,10,https://proxsys.recruitee.com/
recruitee,prozenda,2,https://prozenda.recruitee.com/
recruitee,psaprofessional,1,https://psaprofessional.recruitee.com/
recruitee,psv,13,https://psv.recruitee.com/
recruitee,pugpig,3,https://pugpig.recruitee.com/
recruitee,puhlgmbhcokg,6,https://puhlgmbhcokg.recruitee.com/
recruitee,pulsschlag,10,https://pulsschlag.recruitee.com/
recruitee,pum,19,https://pum.recruitee.com/
recruitee,purazell,1,https://purazell.recruitee.com/
recruitee,purna,8,https://purna.recruitee.com/
recruitee,purprojet,3,https://purprojet.recruitee.com/
recruitee,pvcase,15,https://pvcase.recruitee.com/
recruitee,pwcgmbh,4,https://pwcgmbh.recruitee.com/
recruitee,pwrpackinternational,9,https://pwrpackinternational.recruitee.com/
recruitee,pysae,2,https://pysae.recruitee.com/
recruitee,qawafel,1,https://qawafel.recruitee.com/
recruitee,qfc,2,https://qfc.recruitee.com/
recruitee,qfin,5,https://qfin.recruitee.com/
recruitee,qinx,9,https://qinx.recruitee.com/
recruitee,qnis,58,https://qnis.recruitee.com/
recruitee,qps,3,https://qps.recruitee.com/
recruitee,qts,6,https://qts.recruitee.com/
recruitee,qualifio1,9,https://qualifio1.recruitee.com/
recruitee,qualinx,8,https://qualinx.recruitee.com/
recruitee,quantumsystemsgmbh,157,https://quantumsystemsgmbh.recruitee.com/
recruitee,quinaptis,2,https://quinaptis.recruitee.com/
recruitee,quirlsberg,37,https://quirlsberg.recruitee.com/
recruitee,racketcenternulochgmbhcokg,4,https://racketcenternulochgmbhcokg.recruitee.com/
recruitee,radiologischeallianz,15,https://radiologischeallianz.recruitee.com/
recruitee,raketech,4,https://raketech.recruitee.com/
recruitee,ralphhv,3,https://ralphhv.recruitee.com/
recruitee,randoripro,1,https://randoripro.recruitee.com/
recruitee,raphaelstichting,82,https://raphaelstichting.recruitee.com/
recruitee,rareparts,1,https://rareparts.recruitee.com/
recruitee,raumheizlastdeplanungsburotga,10,https://raumheizlastdeplanungsburotga.recruitee.com/
recruitee,rbr,4,https://rbr.recruitee.com/
recruitee,rcube,9,https://rcube.recruitee.com/
recruitee,rdao,5,https://rdao.recruitee.com/
recruitee,rebs,1,https://rebs.recruitee.com/
recruitee,recaregmbh,7,https://recaregmbh.recruitee.com/
recruitee,reco,24,https://reco.recruitee.com/
recruitee,recruitaero,2,https://recruitaero.recruitee.com/
recruitee,recruitingfabrik,17,https://recruitingfabrik.recruitee.com/
recruitee,recruitsa,5,https://recruitsa.recruitee.com/
recruitee,recrutementmondialtissus,34,https://recrutementmondialtissus.recruitee.com/
recruitee,regionaljetcenter,5,https://regionaljetcenter.recruitee.com/
recruitee,reifenbornemanngmbh,3,https://reifenbornemanngmbh.recruitee.com/
recruitee,reinaerde,94,https://reinaerde.recruitee.com/
recruitee,relevancedigitalagency,9,https://relevancedigitalagency.recruitee.com/
recruitee,rentalgroup,2,https://rentalgroup.recruitee.com/
recruitee,reshift,1,https://reshift.recruitee.com/
recruitee,resorti,3,https://resorti.recruitee.com/
recruitee,restaurantrodeoeindhoven,3,https://restaurantrodeoeindhoven.recruitee.com/
recruitee,retailsolutions,1,https://retailsolutions.recruitee.com/
recruitee,rewire,13,https://rewire.recruitee.com/
recruitee,rhunternehmerwissengmbh,7,https://rhunternehmerwissengmbh.recruitee.com/
recruitee,ridbv,3,https://ridbv.recruitee.com/
recruitee,riderlevettbucknall,9,https://riderlevettbucknall.recruitee.com/
recruitee,riedmair,6,https://riedmair.recruitee.com/
recruitee,rift,6,https://rift.recruitee.com/
recruitee,rimutee,201,https://rimutee.recruitee.com/
recruitee,riozorg,23,https://riozorg.recruitee.com/
recruitee,riverflex,12,https://riverflex.recruitee.com/
recruitee,riveseteaux,10,https://riveseteaux.recruitee.com/
recruitee,rivierduinen,209,https://rivierduinen.recruitee.com/
recruitee,rmnolscherumweltservicegmbh,5,https://rmnolscherumweltservicegmbh.recruitee.com/
recruitee,roamlercareers,1,https://roamlercareers.recruitee.com/
recruitee,rockcitylogistics,2,https://rockcitylogistics.recruitee.com/
recruitee,rockencantechcarreiras,1,https://rockencantechcarreiras.recruitee.com/
recruitee,rocketsourcers,18,https://rocketsourcers.recruitee.com/
recruitee,rocketwerkz,4,https://rocketwerkz.recruitee.com/
recruitee,rockstarexecs,1,https://rockstarexecs.recruitee.com/
recruitee,rocsys,5,https://rocsys.recruitee.com/
recruitee,romass,3,https://romass.recruitee.com/
recruitee,rosebelgoldmines,63,https://rosebelgoldmines.recruitee.com/
recruitee,rosenfeldexecutivesearch,4,https://rosenfeldexecutivesearch.recruitee.com/
recruitee,rosenschonpartner,3,https://rosenschonpartner.recruitee.com/
recruitee,roseplasticag,18,https://roseplasticag.recruitee.com/
recruitee,rosval,5,https://rosval.recruitee.com/
recruitee,roucoucou,10,https://roucoucou.recruitee.com/
recruitee,routesin1,14,https://routesin1.recruitee.com/
recruitee,rovcfreelance,5,https://rovcfreelance.recruitee.com/
recruitee,roxhealth,2,https://roxhealth.recruitee.com/
recruitee,royallemkes,5,https://royallemkes.recruitee.com/
recruitee,royalswinkels,31,https://royalswinkels.recruitee.com/
recruitee,rsbschmitzbergendachgmbh,3,https://rsbschmitzbergendachgmbh.recruitee.com/
recruitee,rsmaustriaconsultinggmbh,17,https://rsmaustriaconsultinggmbh.recruitee.com/
recruitee,rudolfweber,10,https://rudolfweber.recruitee.com/
recruitee,rupfindustries,26,https://rupfindustries.recruitee.com/
recruitee,rvsclean,2,https://rvsclean.recruitee.com/
recruitee,rvsfinish,4,https://rvsfinish.recruitee.com/
recruitee,rwc,7,https://rwc.recruitee.com/
recruitee,rwdsystemreinigunggmbh,8,https://rwdsystemreinigunggmbh.recruitee.com/
recruitee,s4d,10,https://s4d.recruitee.com/
recruitee,saffier,40,https://saffier.recruitee.com/
recruitee,sagittamed,3,https://sagittamed.recruitee.com/
recruitee,salesup,14,https://salesup.recruitee.com/
recruitee,salmanamedicalbeautygmbh,2,https://salmanamedicalbeautygmbh.recruitee.com/
recruitee,saltsquare,2,https://saltsquare.recruitee.com/
recruitee,samotics,4,https://samotics.recruitee.com/
recruitee,sanfrancisco,1,https://sanfrancisco.recruitee.com/
recruitee,sanitaereledelmann,1,https://sanitaereledelmann.recruitee.com/
recruitee,santanaconsulting,3,https://santanaconsulting.recruitee.com/
recruitee,santanagroup,3,https://santanagroup.recruitee.com/
recruitee,saphe,1,https://saphe.recruitee.com/
recruitee,sardibv,1,https://sardibv.recruitee.com/
recruitee,saubercaservicegmbh,4,https://saubercaservicegmbh.recruitee.com/
recruitee,saudigeophysical,28,https://saudigeophysical.recruitee.com/
recruitee,sautermetallbau,3,https://sautermetallbau.recruitee.com/
recruitee,savantzorg,60,https://savantzorg.recruitee.com/
recruitee,sbessteuer,4,https://sbessteuer.recruitee.com/
recruitee,scallent,5,https://scallent.recruitee.com/
recruitee,scalygmbh,4,https://scalygmbh.recruitee.com/
recruitee,schaefergmbh,7,https://schaefergmbh.recruitee.com/
recruitee,schambeckgroup,5,https://schambeckgroup.recruitee.com/
recruitee,schemam,7,https://schemam.recruitee.com/
recruitee,schemamgmbh3,7,https://schemamgmbh3.recruitee.com/
recruitee,schenk,97,https://schenk.recruitee.com/
recruitee,schenktanktransport,97,https://schenktanktransport.recruitee.com/
recruitee,scheunpflugwirpflegen,5,https://scheunpflugwirpflegen.recruitee.com/
recruitee,schimmerpartner,4,https://schimmerpartner.recruitee.com/
recruitee,schliebach,1,https://schliebach.recruitee.com/
recruitee,schmalenberg,2,https://schmalenberg.recruitee.com/
recruitee,schmittkanzlei,6,https://schmittkanzlei.recruitee.com/
recruitee,schneidermarketing,5,https://schneidermarketing.recruitee.com/
recruitee,scholarshipowl,7,https://scholarshipowl.recruitee.com/
recruitee,schulzmarkenfamilie,3,https://schulzmarkenfamilie.recruitee.com/
recruitee,schweinertperters,5,https://schweinertperters.recruitee.com/
recruitee,schweinertpeters,5,https://schweinertpeters.recruitee.com/
recruitee,scodelft,5,https://scodelft.recruitee.com/
recruitee,scrappbook,1,https://scrappbook.recruitee.com/
recruitee,seabournegroup,8,https://seabournegroup.recruitee.com/
recruitee,seafarnv,7,https://seafarnv.recruitee.com/
recruitee,seederdeboer,17,https://seederdeboer.recruitee.com/
recruitee,seenons,3,https://seenons.recruitee.com/
recruitee,selinafinance,1,https://selinafinance.recruitee.com/
recruitee,sellsy,2,https://sellsy.recruitee.com/
recruitee,semag,1,https://semag.recruitee.com/
recruitee,seniorenwohnheimweststrasse,1,https://seniorenwohnheimweststrasse.recruitee.com/
recruitee,sennasearch,19,https://sennasearch.recruitee.com/
recruitee,sensornetherlandsbv,19,https://sensornetherlandsbv.recruitee.com/
recruitee,sereni,5,https://sereni.recruitee.com/
recruitee,sessionmedia,3,https://sessionmedia.recruitee.com/
recruitee,sevensonsllc,1,https://sevensonsllc.recruitee.com/
recruitee,shalestone,9,https://shalestone.recruitee.com/
recruitee,shapeprocessautomation,3,https://shapeprocessautomation.recruitee.com/
recruitee,share,2,https://share.recruitee.com/
recruitee,sharecompany1,2,https://sharecompany1.recruitee.com/
recruitee,shawarmaguys,2,https://shawarmaguys.recruitee.com/
recruitee,shopmanufaktur,8,https://shopmanufaktur.recruitee.com/
recruitee,shortpoint,2,https://shortpoint.recruitee.com/
recruitee,sichtbarerwerden,2,https://sichtbarerwerden.recruitee.com/
recruitee,signhost,1,https://signhost.recruitee.com/
recruitee,signifly,8,https://signifly.recruitee.com/
recruitee,silicolife,2,https://silicolife.recruitee.com/
recruitee,sini,2,https://sini.recruitee.com/
recruitee,sinnexinnenausbaugmbh,10,https://sinnexinnenausbaugmbh.recruitee.com/
recruitee,sioux,16,https://sioux.recruitee.com/
recruitee,skfberlin,3,https://skfberlin.recruitee.com/
recruitee,skgroup,2,https://skgroup.recruitee.com/
recruitee,skinvision1,3,https://skinvision1.recruitee.com/
recruitee,skovik,3,https://skovik.recruitee.com/
recruitee,skylift,29,https://skylift.recruitee.com/
recruitee,skytree,7,https://skytree.recruitee.com/
recruitee,sleep21,1,https://sleep21.recruitee.com/
recruitee,slelektroplanunggmbh,1,https://slelektroplanunggmbh.recruitee.com/
recruitee,smartercorp,3,https://smartercorp.recruitee.com/
recruitee,smartrecruiting,14,https://smartrecruiting.recruitee.com/
recruitee,smskarriere,5,https://smskarriere.recruitee.com/
recruitee,sobinco,13,https://sobinco.recruitee.com/
recruitee,socialdeal,45,https://socialdeal.recruitee.com/
recruitee,socialfind,38,https://socialfind.recruitee.com/
recruitee,societycollege,5,https://societycollege.recruitee.com/
recruitee,solease,2,https://solease.recruitee.com/
recruitee,solrecogmbh,3,https://solrecogmbh.recruitee.com/
recruitee,soluta,1,https://soluta.recruitee.com/
recruitee,sopranapersonell,40,https://sopranapersonell.recruitee.com/
recruitee,sopro,1,https://sopro.recruitee.com/
recruitee,soravia,5,https://soravia.recruitee.com/
recruitee,sorgente,4,https://sorgente.recruitee.com/
recruitee,soundboks,3,https://soundboks.recruitee.com/
recruitee,soundcareers,16,https://soundcareers.recruitee.com/
recruitee,sovak3,25,https://sovak3.recruitee.com/
recruitee,sozialgruppekasselev,5,https://sozialgruppekasselev.recruitee.com/
recruitee,sparcareers,268,https://sparcareers.recruitee.com/
recruitee,spardex,2,https://spardex.recruitee.com/
recruitee,specialisterne,1,https://specialisterne.recruitee.com/
recruitee,spectoaerospace,7,https://spectoaerospace.recruitee.com/
recruitee,spedination,8,https://spedination.recruitee.com/
recruitee,speditiondecker,8,https://speditiondecker.recruitee.com/
recruitee,speditionmaier,3,https://speditionmaier.recruitee.com/
recruitee,spinninrecordsandwmgbenelux,9,https://spinninrecordsandwmgbenelux.recruitee.com/
recruitee,spletnik,5,https://spletnik.recruitee.com/
recruitee,spocket,2,https://spocket.recruitee.com/
recruitee,spontexlogisticsgmbh,10,https://spontexlogisticsgmbh.recruitee.com/
recruitee,sportbedrijfdrachten,1,https://sportbedrijfdrachten.recruitee.com/
recruitee,sportparkgruppe,5,https://sportparkgruppe.recruitee.com/
recruitee,sportschuledefconleipzig,4,https://sportschuledefconleipzig.recruitee.com/
recruitee,sportschuledorsten,6,https://sportschuledorsten.recruitee.com/
recruitee,spro,3,https://spro.recruitee.com/
recruitee,squeezestudio,2,https://squeezestudio.recruitee.com/
recruitee,srahiring,15,https://srahiring.recruitee.com/
recruitee,sri,9,https://sri.recruitee.com/
recruitee,srsaudit,2,https://srsaudit.recruitee.com/
recruitee,stadtverwaltungdorsten,19,https://stadtverwaltungdorsten.recruitee.com/
recruitee,stagebijvandervalk,19,https://stagebijvandervalk.recruitee.com/
recruitee,starservice,17,https://starservice.recruitee.com/
recruitee,stasinc,7,https://stasinc.recruitee.com/
recruitee,staxxer,4,https://staxxer.recruitee.com/
recruitee,stayery,23,https://stayery.recruitee.com/
recruitee,stefphilips,4,https://stefphilips.recruitee.com/
recruitee,stelz,27,https://stelz.recruitee.com/
recruitee,sterkinmatches,709,https://sterkinmatches.recruitee.com/
recruitee,steudatsteuerberatungsgesellschaftmbh,5,https://steudatsteuerberatungsgesellschaftmbh.recruitee.com/
recruitee,steuerberatende,58,https://steuerberatende.recruitee.com/
recruitee,steuerberaterkrausedittmar,4,https://steuerberaterkrausedittmar.recruitee.com/
recruitee,steuerberatungsmsr,3,https://steuerberatungsmsr.recruitee.com/
recruitee,stibbebv,37,https://stibbebv.recruitee.com/
recruitee,stichtingpergamijn,46,https://stichtingpergamijn.recruitee.com/
recruitee,stichtingwaarborgfondsvoordezorgsector,1,https://stichtingwaarborgfondsvoordezorgsector.recruitee.com/
recruitee,stiftungmariaebene,4,https://stiftungmariaebene.recruitee.com/
recruitee,stilwelten,6,https://stilwelten.recruitee.com/
recruitee,stjansdal,44,https://stjansdal.recruitee.com/
recruitee,stpaulsschool,3,https://stpaulsschool.recruitee.com/
recruitee,straiv,2,https://straiv.recruitee.com/
recruitee,strata,22,https://strata.recruitee.com/
recruitee,strategyeng,8,https://strategyeng.recruitee.com/
recruitee,strautmannhydraulik,23,https://strautmannhydraulik.recruitee.com/
recruitee,strix1,2,https://strix1.recruitee.com/
recruitee,studiodott,5,https://studiodott.recruitee.com/
recruitee,sulavaoy,2,https://sulavaoy.recruitee.com/
recruitee,sunroom,4,https://sunroom.recruitee.com/
recruitee,sunshineseniorservices,3,https://sunshineseniorservices.recruitee.com/
recruitee,superlinear,3,https://superlinear.recruitee.com/
recruitee,superp,18,https://superp.recruitee.com/
recruitee,sureal,5,https://sureal.recruitee.com/
recruitee,svnl,20,https://svnl.recruitee.com/
recruitee,swapsupport,3,https://swapsupport.recruitee.com/
recruitee,swdigitaltaxgmbh,9,https://swdigitaltaxgmbh.recruitee.com/
recruitee,sweco,174,https://sweco.recruitee.com/
recruitee,swisschange,2,https://swisschange.recruitee.com/
recruitee,swisselect,26,https://swisselect.recruitee.com/
recruitee,swordservices,34,https://swordservices.recruitee.com/
recruitee,synechron,1,https://synechron.recruitee.com/
recruitee,synspective,51,https://synspective.recruitee.com/
recruitee,syntho,4,https://syntho.recruitee.com/
recruitee,syrve,1,https://syrve.recruitee.com/
recruitee,tabelgruppe,74,https://tabelgruppe.recruitee.com/
recruitee,tabelpersonal,100,https://tabelpersonal.recruitee.com/
recruitee,tabmed,293,https://tabmed.recruitee.com/
recruitee,tacobellnederland,32,https://tacobellnederland.recruitee.com/
recruitee,tagaviation3,9,https://tagaviation3.recruitee.com/
recruitee,talenco,11,https://talenco.recruitee.com/
recruitee,talentsam,27,https://talentsam.recruitee.com/
recruitee,talland,14,https://talland.recruitee.com/
recruitee,tampnet,1,https://tampnet.recruitee.com/
recruitee,tappeconsulting,3,https://tappeconsulting.recruitee.com/
recruitee,tbibank,58,https://tbibank.recruitee.com/
recruitee,tbibankgr,9,https://tbibankgr.recruitee.com/
recruitee,teamfortheplanet1,5,https://teamfortheplanet1.recruitee.com/
recruitee,tecclegroup,7,https://tecclegroup.recruitee.com/
recruitee,techbizglobal,203,https://techbizglobal.recruitee.com/
recruitee,technicaengineeringspain,1,https://technicaengineeringspain.recruitee.com/
recruitee,techpartnerships,58,https://techpartnerships.recruitee.com/
recruitee,telindus,7,https://telindus.recruitee.com/
recruitee,temicongmbh,4,https://temicongmbh.recruitee.com/
recruitee,tessan1,1,https://tessan1.recruitee.com/
recruitee,testerwork,10,https://testerwork.recruitee.com/
recruitee,tether,158,https://tether.recruitee.com/
recruitee,textexpander,3,https://textexpander.recruitee.com/
recruitee,tgs,590,https://tgs.recruitee.com/
recruitee,thatworks,5,https://thatworks.recruitee.com/
recruitee,theaterhotelalmelo,15,https://theaterhotelalmelo.recruitee.com/
recruitee,thebellezzagroup,34,https://thebellezzagroup.recruitee.com/
recruitee,thecareercentrett,5,https://thecareercentrett.recruitee.com/
recruitee,thecareersteam,5,https://thecareersteam.recruitee.com/
recruitee,thecodest,19,https://thecodest.recruitee.com/
recruitee,thecrazyseller,5,https://thecrazyseller.recruitee.com/
recruitee,thefertilitypartnership,9,https://thefertilitypartnership.recruitee.com/
recruitee,thegarlandcompany,4,https://thegarlandcompany.recruitee.com/
recruitee,theinfinitegroup,3,https://theinfinitegroup.recruitee.com/
recruitee,theinnercircle,3,https://theinnercircle.recruitee.com/
recruitee,theoutsourcepro,2,https://theoutsourcepro.recruitee.com/
recruitee,theras,8,https://theras.recruitee.com/
recruitee,therasgroupcom,8,https://therasgroupcom.recruitee.com/
recruitee,thercon,5,https://thercon.recruitee.com/
recruitee,thermotraffichollandbv,11,https://thermotraffichollandbv.recruitee.com/
recruitee,thesjefgroup,9,https://thesjefgroup.recruitee.com/
recruitee,thesupernicepeople,21,https://thesupernicepeople.recruitee.com/
recruitee,thetotalgroupofcompanies,21,https://thetotalgroupofcompanies.recruitee.com/
recruitee,thollembeek,20,https://thollembeek.recruitee.com/
recruitee,thomannio,1,https://thomannio.recruitee.com/
recruitee,thomasklitzkesteuerberater,5,https://thomasklitzkesteuerberater.recruitee.com/
recruitee,thorensenergies,5,https://thorensenergies.recruitee.com/
recruitee,thryvehealth,1,https://thryvehealth.recruitee.com/
recruitee,thyssenkruppstairlifts,2,https://thyssenkruppstairlifts.recruitee.com/
recruitee,tier1asset,1,https://tier1asset.recruitee.com/
recruitee,tierklinikoberhaching,17,https://tierklinikoberhaching.recruitee.com/
recruitee,titanwindenergygroup,1,https://titanwindenergygroup.recruitee.com/
recruitee,tmnl,1,https://tmnl.recruitee.com/
recruitee,toepferart,5,https://toepferart.recruitee.com/
recruitee,tomsoft,3,https://tomsoft.recruitee.com/
recruitee,topchrono,8,https://topchrono.recruitee.com/
recruitee,toppy,2,https://toppy.recruitee.com/
recruitee,tornatoroyj,1,https://tornatoroyj.recruitee.com/
recruitee,traceair,4,https://traceair.recruitee.com/
recruitee,trackman,38,https://trackman.recruitee.com/
recruitee,tradinorganic,9,https://tradinorganic.recruitee.com/
recruitee,trafineo,2,https://trafineo.recruitee.com/
recruitee,transavia,19,https://transavia.recruitee.com/
recruitee,trendel,1,https://trendel.recruitee.com/
recruitee,treuge,3,https://treuge.recruitee.com/
recruitee,triangulargroup,37,https://triangulargroup.recruitee.com/
recruitee,tribexyz,3,https://tribexyz.recruitee.com/
recruitee,triffterer,6,https://triffterer.recruitee.com/
recruitee,trimit,2,https://trimit.recruitee.com/
recruitee,tritilitylimited,5,https://tritilitylimited.recruitee.com/
recruitee,trivire,1,https://trivire.recruitee.com/
recruitee,truckland,25,https://truckland.recruitee.com/
recruitee,trunkrs,8,https://trunkrs.recruitee.com/
recruitee,trustero,2,https://trustero.recruitee.com/
recruitee,trustfactory,2,https://trustfactory.recruitee.com/
recruitee,tsetinissoftware,1,https://tsetinissoftware.recruitee.com/
recruitee,tsetsoftware,1,https://tsetsoftware.recruitee.com/
recruitee,tutordoctorfv,5,https://tutordoctorfv.recruitee.com/
recruitee,twipe,6,https://twipe.recruitee.com/
recruitee,twynstragudde,24,https://twynstragudde.recruitee.com/
recruitee,ubqmaterials,1,https://ubqmaterials.recruitee.com/
recruitee,ubuntusport,6,https://ubuntusport.recruitee.com/
recruitee,ueni,3,https://ueni.recruitee.com/
recruitee,ugoo,1,https://ugoo.recruitee.com/
recruitee,uitp,1,https://uitp.recruitee.com/
recruitee,ukeventmedicalserviceslimited,4,https://ukeventmedicalserviceslimited.recruitee.com/
recruitee,ullrichkollegen,4,https://ullrichkollegen.recruitee.com/
recruitee,ultimategymaugsburg,4,https://ultimategymaugsburg.recruitee.com/
recruitee,umbreit,4,https://umbreit.recruitee.com/
recruitee,unaferm,21,https://unaferm.recruitee.com/
recruitee,uneedgmbh,9,https://uneedgmbh.recruitee.com/
recruitee,uniprometdoocacak,13,https://uniprometdoocacak.recruitee.com/
recruitee,unnunitednewsnetworkgmbh,3,https://unnunitednewsnetworkgmbh.recruitee.com/
recruitee,unstudio,20,https://unstudio.recruitee.com/
recruitee,unu,7,https://unu.recruitee.com/
recruitee,uptimedevelopment,1,https://uptimedevelopment.recruitee.com/
recruitee,urbaplan,4,https://urbaplan.recruitee.com/
recruitee,utc,2,https://utc.recruitee.com/
recruitee,uvsmart,1,https://uvsmart.recruitee.com/
recruitee,uxstudio,3,https://uxstudio.recruitee.com/
recruitee,vacancies,1,https://vacancies.recruitee.com/
recruitee,vacaturesapb,6,https://vacaturesapb.recruitee.com/
recruitee,vacaturesclbeheer,3,https://vacaturesclbeheer.recruitee.com/
recruitee,vacatureswerkgeluk,4,https://vacatureswerkgeluk.recruitee.com/
recruitee,valanticbe,6,https://valanticbe.recruitee.com/
recruitee,valsight,6,https://valsight.recruitee.com/
recruitee,value5,2,https://value5.recruitee.com/
recruitee,vandelanotte,2,https://vandelanotte.recruitee.com/
recruitee,vandervalkamsterdam,2,https://vandervalkamsterdam.recruitee.com/
recruitee,vandervalkdeutschland,51,https://vandervalkdeutschland.recruitee.com/
recruitee,vandervalkdienstencentrum,17,https://vandervalkdienstencentrum.recruitee.com/
recruitee,vandervalkhoteleindhoven,20,https://vandervalkhoteleindhoven.recruitee.com/
recruitee,vandervalkhotelvenlo,10,https://vandervalkhotelvenlo.recruitee.com/
recruitee,vandervalkluxembourg,11,https://vandervalkluxembourg.recruitee.com/
recruitee,vandervalkroermond,14,https://vandervalkroermond.recruitee.com/
recruitee,vandervenautos,11,https://vandervenautos.recruitee.com/
recruitee,vandevelde,24,https://vandevelde.recruitee.com/
recruitee,vangelder,19,https://vangelder.recruitee.com/
recruitee,vanmossel,334,https://vanmossel.recruitee.com/
recruitee,vanmosselgroep,334,https://vanmosselgroep.recruitee.com/
recruitee,vanwijnen1,154,https://vanwijnen1.recruitee.com/
recruitee,varef,13,https://varef.recruitee.com/
recruitee,variondgruppe,5,https://variondgruppe.recruitee.com/
recruitee,vbkvacatures,16,https://vbkvacatures.recruitee.com/
recruitee,vbtgroep,22,https://vbtgroep.recruitee.com/
recruitee,vebegoosterreich,7,https://vebegoosterreich.recruitee.com/
recruitee,vechtenijssel,48,https://vechtenijssel.recruitee.com/
recruitee,veloretti,5,https://veloretti.recruitee.com/
recruitee,ventekarmaturen,4,https://ventekarmaturen.recruitee.com/
recruitee,ventiontechnologies,4,https://ventiontechnologies.recruitee.com/
recruitee,verbundhaushaltshilfe,30,https://verbundhaushaltshilfe.recruitee.com/
recruitee,verdigroep,19,https://verdigroep.recruitee.com/
recruitee,vergersgazeauvergersdevendee,23,https://vergersgazeauvergersdevendee.recruitee.com/
recruitee,verkaufspsychologie,5,https://verkaufspsychologie.recruitee.com/
recruitee,vermetten,42,https://vermetten.recruitee.com/
recruitee,verticalcompute,3,https://verticalcompute.recruitee.com/
recruitee,vertigis,19,https://vertigis.recruitee.com/
recruitee,vervoerregio,7,https://vervoerregio.recruitee.com/
recruitee,vianenflowers,5,https://vianenflowers.recruitee.com/
recruitee,vibes,3,https://vibes.recruitee.com/
recruitee,vicompany,1,https://vicompany.recruitee.com/
recruitee,victussales,7,https://victussales.recruitee.com/
recruitee,viderity,7,https://viderity.recruitee.com/
recruitee,vidiq,1,https://vidiq.recruitee.com/
recruitee,viepeople,2,https://viepeople.recruitee.com/
recruitee,vigere,4,https://vigere.recruitee.com/
recruitee,vikingmalt,4,https://vikingmalt.recruitee.com/
recruitee,villaprovidenceshediacinc,26,https://villaprovidenceshediacinc.recruitee.com/
recruitee,vincentiushausbadenbadenggmbh,5,https://vincentiushausbadenbadenggmbh.recruitee.com/
recruitee,viroclinicsddl,4,https://viroclinicsddl.recruitee.com/
recruitee,virtual7jobs,9,https://virtual7jobs.recruitee.com/
recruitee,virya,1,https://virya.recruitee.com/
recruitee,viryaenergy,4,https://viryaenergy.recruitee.com/
recruitee,visaandeschelde,4,https://visaandeschelde.recruitee.com/
recruitee,vitaminstore,4,https://vitaminstore.recruitee.com/
recruitee,viterramagdeburggmbh,7,https://viterramagdeburggmbh.recruitee.com/
recruitee,vluchtelingenwerknederland,11,https://vluchtelingenwerknederland.recruitee.com/
recruitee,vluchtelingenwerkvrijwilligers,319,https://vluchtelingenwerkvrijwilligers.recruitee.com/
recruitee,voltaira,24,https://voltaira.recruitee.com/
recruitee,voortman,88,https://voortman.recruitee.com/
recruitee,vsparticle,2,https://vsparticle.recruitee.com/
recruitee,waardeburgh,65,https://waardeburgh.recruitee.com/
recruitee,wacomeurope,1,https://wacomeurope.recruitee.com/
recruitee,walki,1,https://walki.recruitee.com/
recruitee,wallramgroup,6,https://wallramgroup.recruitee.com/
recruitee,wallramwerkzeugtechnikgmbh,6,https://wallramwerkzeugtechnikgmbh.recruitee.com/
recruitee,wandelwerker,6,https://wandelwerker.recruitee.com/
recruitee,warmtefonds,8,https://warmtefonds.recruitee.com/
recruitee,waynedoor,9,https://waynedoor.recruitee.com/
recruitee,wearebit,2,https://wearebit.recruitee.com/
recruitee,wearekeen,9,https://wearekeen.recruitee.com/
recruitee,weberpackaginggmbh,1,https://weberpackaginggmbh.recruitee.com/
recruitee,weberravensburg,1,https://weberravensburg.recruitee.com/
recruitee,webqam,1,https://webqam.recruitee.com/
recruitee,weeztix,7,https://weeztix.recruitee.com/
recruitee,wegnerstahrpartner,4,https://wegnerstahrpartner.recruitee.com/
recruitee,welcomemonchasseurimmo,71,https://welcomemonchasseurimmo.recruitee.com/
recruitee,welexgroupbv,7,https://welexgroupbv.recruitee.com/
recruitee,werdezusteller,10,https://werdezusteller.recruitee.com/
recruitee,wereldvanvermaat,2,https://wereldvanvermaat.recruitee.com/
recruitee,werkenbijace,1,https://werkenbijace.recruitee.com/
recruitee,werkenbijalanluca,8,https://werkenbijalanluca.recruitee.com/
recruitee,werkenbijamarosa,19,https://werkenbijamarosa.recruitee.com/
recruitee,werkenbijattentzorgenbehandeling,38,https://werkenbijattentzorgenbehandeling.recruitee.com/
recruitee,werkenbijbluecurrent,6,https://werkenbijbluecurrent.recruitee.com/
recruitee,werkenbijbrainwash,53,https://werkenbijbrainwash.recruitee.com/
recruitee,werkenbijbrandnewday,10,https://werkenbijbrandnewday.recruitee.com/
recruitee,werkenbijbufabflos,4,https://werkenbijbufabflos.recruitee.com/
recruitee,werkenbijcontestyachts,4,https://werkenbijcontestyachts.recruitee.com/
recruitee,werkenbijcremer,3,https://werkenbijcremer.recruitee.com/
recruitee,werkenbijdeafm,19,https://werkenbijdeafm.recruitee.com/
recruitee,werkenbijdebeyart,6,https://werkenbijdebeyart.recruitee.com/
recruitee,werkenbijdecantharel,15,https://werkenbijdecantharel.recruitee.com/
recruitee,werkenbijduyvenvoorde,4,https://werkenbijduyvenvoorde.recruitee.com/
recruitee,werkenbijebn,1,https://werkenbijebn.recruitee.com/
recruitee,werkenbijedco,21,https://werkenbijedco.recruitee.com/
recruitee,werkenbijedelman,9,https://werkenbijedelman.recruitee.com/
recruitee,werkenbijespritict,48,https://werkenbijespritict.recruitee.com/
recruitee,werkenbijexcluton,11,https://werkenbijexcluton.recruitee.com/
recruitee,werkenbijfinehotels,4,https://werkenbijfinehotels.recruitee.com/
recruitee,werkenbijfivoor,117,https://werkenbijfivoor.recruitee.com/
recruitee,werkenbijflagshipamsterdam,6,https://werkenbijflagshipamsterdam.recruitee.com/
recruitee,werkenbijhuizerosa,1,https://werkenbijhuizerosa.recruitee.com/
recruitee,werkenbijklimaatroute,12,https://werkenbijklimaatroute.recruitee.com/
recruitee,werkenbijmaxaro,19,https://werkenbijmaxaro.recruitee.com/
recruitee,werkenbijmig,7,https://werkenbijmig.recruitee.com/
recruitee,werkenbijnedcargo,17,https://werkenbijnedcargo.recruitee.com/
recruitee,werkenbijp1,24,https://werkenbijp1.recruitee.com/
recruitee,werkenbijp1amsterdam,2,https://werkenbijp1amsterdam.recruitee.com/
recruitee,werkenbijpijnackernootdorp,11,https://werkenbijpijnackernootdorp.recruitee.com/
recruitee,werkenbijpinkelephant,13,https://werkenbijpinkelephant.recruitee.com/
recruitee,werkenbijqterminals,12,https://werkenbijqterminals.recruitee.com/
recruitee,werkenbijrastergroep,3,https://werkenbijrastergroep.recruitee.com/
recruitee,werkenbijreisbalans,7,https://werkenbijreisbalans.recruitee.com/
recruitee,werkenbijrolanrobotics,1,https://werkenbijrolanrobotics.recruitee.com/
recruitee,werkenbijrs,7,https://werkenbijrs.recruitee.com/
recruitee,werkenbijsalco,4,https://werkenbijsalco.recruitee.com/
recruitee,werkenbijseabournelogistics,8,https://werkenbijseabournelogistics.recruitee.com/
recruitee,werkenbijsnijder,5,https://werkenbijsnijder.recruitee.com/
recruitee,werkenbijstichtingmeerscholen,4,https://werkenbijstichtingmeerscholen.recruitee.com/
recruitee,werkenbijtrip,11,https://werkenbijtrip.recruitee.com/
recruitee,werkenbijvanberlo,10,https://werkenbijvanberlo.recruitee.com/
recruitee,werkenbijvancranenbroek,66,https://werkenbijvancranenbroek.recruitee.com/
recruitee,werkenbijvanwanrooij,6,https://werkenbijvanwanrooij.recruitee.com/
recruitee,werkenbijxonar,11,https://werkenbijxonar.recruitee.com/
recruitee,werkeninhaaglanden,11,https://werkeninhaaglanden.recruitee.com/
recruitee,werkeninleisure,8,https://werkeninleisure.recruitee.com/
recruitee,werkeninsuriname,25,https://werkeninsuriname.recruitee.com/
recruitee,werkenviaforp,35,https://werkenviaforp.recruitee.com/
recruitee,wernergiessler,5,https://wernergiessler.recruitee.com/
recruitee,werraenergie,7,https://werraenergie.recruitee.com/
recruitee,wewow,9,https://wewow.recruitee.com/
recruitee,wgalegacypropertymanagement,9,https://wgalegacypropertymanagement.recruitee.com/
recruitee,whitevision,19,https://whitevision.recruitee.com/
recruitee,whoon,6,https://whoon.recruitee.com/
recruitee,wilhelmmayerbaugmbh,8,https://wilhelmmayerbaugmbh.recruitee.com/
recruitee,wilhelmmullergmbh,3,https://wilhelmmullergmbh.recruitee.com/
recruitee,williamsburgcharterhighschool,4,https://williamsburgcharterhighschool.recruitee.com/
recruitee,wimexgruppe,33,https://wimexgruppe.recruitee.com/
recruitee,wingmangroup,30,https://wingmangroup.recruitee.com/
recruitee,wingtsunakademieheidelberg,3,https://wingtsunakademieheidelberg.recruitee.com/
recruitee,winparts,8,https://winparts.recruitee.com/
recruitee,winterhoffedelstahl,4,https://winterhoffedelstahl.recruitee.com/
recruitee,wisemen,4,https://wisemen.recruitee.com/
recruitee,withwise,1,https://withwise.recruitee.com/
recruitee,withzeal,1,https://withzeal.recruitee.com/
recruitee,wmreplyjobs,5,https://wmreplyjobs.recruitee.com/
recruitee,wolfpackit,4,https://wolfpackit.recruitee.com/
recruitee,wolthersbrotkate,4,https://wolthersbrotkate.recruitee.com/
recruitee,wonderkind,2,https://wonderkind.recruitee.com/
recruitee,wooncompas,3,https://wooncompas.recruitee.com/
recruitee,wordbankllc,5,https://wordbankllc.recruitee.com/
recruitee,work4inventum,5,https://work4inventum.recruitee.com/
recruitee,workingthedots,6,https://workingthedots.recruitee.com/
recruitee,worldofdelights,3,https://worldofdelights.recruitee.com/
recruitee,wphaton,3,https://wphaton.recruitee.com/
recruitee,wsdmv,8,https://wsdmv.recruitee.com/
recruitee,wtgroup,1,https://wtgroup.recruitee.com/
recruitee,wuesthof,4,https://wuesthof.recruitee.com/
recruitee,wunderbricks,1,https://wunderbricks.recruitee.com/
recruitee,wwd,86,https://wwd.recruitee.com/
recruitee,xalholdinggmbh,22,https://xalholdinggmbh.recruitee.com/
recruitee,xchange,1,https://xchange.recruitee.com/
recruitee,xneelo,2,https://xneelo.recruitee.com/
recruitee,xogene,4,https://xogene.recruitee.com/
recruitee,yearthacademy,11,https://yearthacademy.recruitee.com/
recruitee,yellowcircle,6,https://yellowcircle.recruitee.com/
recruitee,yellowstone,260,https://yellowstone.recruitee.com/
recruitee,yopeso,11,https://yopeso.recruitee.com/
recruitee,youngcolfield,7,https://youngcolfield.recruitee.com/
recruitee,younggroup,19,https://younggroup.recruitee.com/
recruitee,youngtalents,47,https://youngtalents.recruitee.com/
recruitee,yource,1,https://yource.recruitee.com/
recruitee,yourcompany,23,https://yourcompany.recruitee.com/
recruitee,yourpersonalai,158,https://yourpersonalai.recruitee.com/
recruitee,zahnarztpraxisdrgoergner,1,https://zahnarztpraxisdrgoergner.recruitee.com/
recruitee,zapnussloch,4,https://zapnussloch.recruitee.com/
recruitee,zarahome,1,https://zarahome.recruitee.com/
recruitee,zeelandialtd,1,https://zeelandialtd.recruitee.com/
recruitee,zenozorg,7,https://zenozorg.recruitee.com/
recruitee,zerofriction,5,https://zerofriction.recruitee.com/
recruitee,zetax,4,https://zetax.recruitee.com/
recruitee,zideris,21,https://zideris.recruitee.com/
recruitee,zilverzorg,2,https://zilverzorg.recruitee.com/
recruitee,zintri,4,https://zintri.recruitee.com/
recruitee,zira,1,https://zira.recruitee.com/
recruitee,zorgdomein,1,https://zorgdomein.recruitee.com/
recruitee,zozijn,55,https://zozijn.recruitee.com/
recruitee,zuidplas1,7,https://zuidplas1.recruitee.com/
recruitee,zwarttechniek,24,https://zwarttechniek.recruitee.com/
teamtailor,2ho,1,https://2ho.teamtailor.com/
teamtailor,3shape,67,https://3shape.teamtailor.com/
teamtailor,42t,1,https://42t.teamtailor.com/
teamtailor,500stockholm-1733324549,1,https://500stockholm-1733324549.teamtailor.com/
teamtailor,725transportation,3,https://725transportation.teamtailor.com/
teamtailor,8flamez,1,https://8flamez.teamtailor.com/
teamtailor,aaf,3,https://aaf.teamtailor.com/
teamtailor,abax,7,https://abax.teamtailor.com/
teamtailor,abbyggbeslag,6,https://abbyggbeslag.teamtailor.com/
teamtailor,abgi,41,https://abgi.teamtailor.com/
teamtailor,abilitysearchandselectionnordic,3,https://abilitysearchandselectionnordic.teamtailor.com/
teamtailor,abion-1729000762,4,https://abion-1729000762.teamtailor.com/
teamtailor,absyscyborg,34,https://absyscyborg.teamtailor.com/
teamtailor,accrease,2,https://accrease.teamtailor.com/
teamtailor,actemium,11,https://actemium.teamtailor.com/
teamtailor,actemiumuk,53,https://actemiumuk.teamtailor.com/
teamtailor,activebrands,1,https://activebrands.teamtailor.com/
teamtailor,activebrandsgroup,2,https://activebrandsgroup.teamtailor.com/
teamtailor,actonab,1,https://actonab.teamtailor.com/
teamtailor,adapei45,83,https://adapei45.teamtailor.com/
teamtailor,aday-1716461526,2,https://aday-1716461526.teamtailor.com/
teamtailor,addpeople,24,https://addpeople.teamtailor.com/
teamtailor,adelagruppen-1680154387,7,https://adelagruppen-1680154387.teamtailor.com/
teamtailor,adeocare,8,https://adeocare.teamtailor.com/
teamtailor,adeologisticiberia,1,https://adeologisticiberia.teamtailor.com/
teamtailor,admicomoy,1,https://admicomoy.teamtailor.com/
teamtailor,adocc-1728890729,2,https://adocc-1728890729.teamtailor.com/
teamtailor,adven,5,https://adven.teamtailor.com/
teamtailor,advisensenorway,1,https://advisensenorway.teamtailor.com/
teamtailor,aedgroupe,30,https://aedgroupe.teamtailor.com/
teamtailor,afaforsakring,1,https://afaforsakring.teamtailor.com/
teamtailor,agillo,7,https://agillo.teamtailor.com/
teamtailor,aico,12,https://aico.teamtailor.com/
teamtailor,aider,1,https://aider.teamtailor.com/
teamtailor,aimopark-1664892294,9,https://aimopark-1664892294.teamtailor.com/
teamtailor,aireancientbath,45,https://aireancientbath.teamtailor.com/
teamtailor,akerbiomarine,1,https://akerbiomarine.teamtailor.com/
teamtailor,akutvaskor,1,https://akutvaskor.teamtailor.com/
teamtailor,alandia,2,https://alandia.teamtailor.com/
teamtailor,alanteentila,5,https://alanteentila.teamtailor.com/
teamtailor,aleanzarecrutementdurable,8,https://aleanzarecrutementdurable.teamtailor.com/
teamtailor,alehop,100,https://alehop.teamtailor.com/
teamtailor,algolgroup,1,https://algolgroup.teamtailor.com/
teamtailor,alhena,1,https://alhena.teamtailor.com/
teamtailor,allenmotorgroup,55,https://allenmotorgroup.teamtailor.com/
teamtailor,allermedia,1,https://allermedia.teamtailor.com/
teamtailor,allresponsemedia,2,https://allresponsemedia.teamtailor.com/
teamtailor,almond,21,https://almond.teamtailor.com/
teamtailor,alottexoy,7,https://alottexoy.teamtailor.com/
teamtailor,ambit,8,https://ambit.teamtailor.com/
teamtailor,ambitiousafrica,1,https://ambitiousafrica.teamtailor.com/
teamtailor,amendo,24,https://amendo.teamtailor.com/
teamtailor,amiculum,1,https://amiculum.teamtailor.com/
teamtailor,amoddex,6,https://amoddex.teamtailor.com/
teamtailor,amploy,11,https://amploy.teamtailor.com/
teamtailor,ampsociety1,1,https://ampsociety1.teamtailor.com/
teamtailor,andrewstaffing-1721039920,100,https://andrewstaffing-1721039920.teamtailor.com/
teamtailor,anicuranl,50,https://anicuranl.teamtailor.com/
teamtailor,annelieshemtjanst,2,https://annelieshemtjanst.teamtailor.com/
teamtailor,antagonist,1,https://antagonist.teamtailor.com/
teamtailor,aofvast,11,https://aofvast.teamtailor.com/
teamtailor,apirestauration,100,https://apirestauration.teamtailor.com/
teamtailor,apotea,11,https://apotea.teamtailor.com/
teamtailor,applusgroup,25,https://applusgroup.teamtailor.com/
teamtailor,aputeam,16,https://aputeam.teamtailor.com/
teamtailor,aqengineering,18,https://aqengineering.teamtailor.com/
teamtailor,arctiaoy,2,https://arctiaoy.teamtailor.com/
teamtailor,ardonaghadvisory,72,https://ardonaghadvisory.teamtailor.com/
teamtailor,areams-1718191759,36,https://areams-1718191759.teamtailor.com/
teamtailor,arespartners,1,https://arespartners.teamtailor.com/
teamtailor,arqly,5,https://arqly.teamtailor.com/
teamtailor,arrowheadgs,6,https://arrowheadgs.teamtailor.com/
teamtailor,arsenalfc,6,https://arsenalfc.teamtailor.com/
teamtailor,artemys,37,https://artemys.teamtailor.com/
teamtailor,asapwork,2,https://asapwork.teamtailor.com/
teamtailor,ashridgehomecare-1649672509,17,https://ashridgehomecare-1649672509.teamtailor.com/
teamtailor,assessit,21,https://assessit.teamtailor.com/
teamtailor,assistansbolaget,21,https://assistansbolaget.teamtailor.com/
teamtailor,assistanslotsen,5,https://assistanslotsen.teamtailor.com/
teamtailor,assisteraskandinavienab,10,https://assisteraskandinavienab.teamtailor.com/
teamtailor,astademo,12,https://astademo.teamtailor.com/
teamtailor,astolsrokeri,4,https://astolsrokeri.teamtailor.com/
teamtailor,ateme,14,https://ateme.teamtailor.com/
teamtailor,attendodanmark,19,https://attendodanmark.teamtailor.com/
teamtailor,atteviks,1,https://atteviks.teamtailor.com/
teamtailor,audigny,16,https://audigny.teamtailor.com/
teamtailor,aurenpersonas,82,https://aurenpersonas.teamtailor.com/
teamtailor,aurentor,2,https://aurentor.teamtailor.com/
teamtailor,autolivgroup,100,https://autolivgroup.teamtailor.com/
teamtailor,automationsteknik,2,https://automationsteknik.teamtailor.com/
teamtailor,autosafetycenter,4,https://autosafetycenter.teamtailor.com/
teamtailor,autouncle,5,https://autouncle.teamtailor.com/
teamtailor,auxilirecab,8,https://auxilirecab.teamtailor.com/
teamtailor,avanti,2,https://avanti.teamtailor.com/
teamtailor,avencore,11,https://avencore.teamtailor.com/
teamtailor,avline,1,https://avline.teamtailor.com/
teamtailor,avolt,1,https://avolt.teamtailor.com/
teamtailor,awgermany,1,https://awgermany.teamtailor.com/
teamtailor,awjelteknik,3,https://awjelteknik.teamtailor.com/
teamtailor,awsweden,10,https://awsweden.teamtailor.com/
teamtailor,axelentsverige,6,https://axelentsverige.teamtailor.com/
teamtailor,axolotgamesab,2,https://axolotgamesab.teamtailor.com/
teamtailor,axposystemsag,2,https://axposystemsag.teamtailor.com/
teamtailor,b2impactgroup,1,https://b2impactgroup.teamtailor.com/
teamtailor,baconsultingsrl-1749809296,5,https://baconsultingsrl-1749809296.teamtailor.com/
teamtailor,balancedevelopment,3,https://balancedevelopment.teamtailor.com/
teamtailor,balder,17,https://balder.teamtailor.com/
teamtailor,baluba,7,https://baluba.teamtailor.com/
teamtailor,banhamsecurity,2,https://banhamsecurity.teamtailor.com/
teamtailor,banner,2,https://banner.teamtailor.com/
teamtailor,barcaleeds-1696243307,2,https://barcaleeds-1696243307.teamtailor.com/
teamtailor,barnfonden,1,https://barnfonden.teamtailor.com/
teamtailor,bastardburgers,18,https://bastardburgers.teamtailor.com/
teamtailor,bastardburgersfinland,3,https://bastardburgersfinland.teamtailor.com/
teamtailor,batifire-1720797883,1,https://batifire-1720797883.teamtailor.com/
teamtailor,bayernordic,1,https://bayernordic.teamtailor.com/
teamtailor,bearingpointag,11,https://bearingpointag.teamtailor.com/
teamtailor,bearingpointdenmark-1740562169,4,https://bearingpointdenmark-1740562169.teamtailor.com/
teamtailor,bearingpointfinland-1740562180,1,https://bearingpointfinland-1740562180.teamtailor.com/
teamtailor,bearingpointindia,6,https://bearingpointindia.teamtailor.com/
teamtailor,bearingpointnorway-1740562192,6,https://bearingpointnorway-1740562192.teamtailor.com/
teamtailor,bearingpointportugal,7,https://bearingpointportugal.teamtailor.com/
teamtailor,bearingpointunitedkingdom-1739287252,8,https://bearingpointunitedkingdom-1739287252.teamtailor.com/
teamtailor,begroup,2,https://begroup.teamtailor.com/
teamtailor,bemannia,66,https://bemannia.teamtailor.com/
teamtailor,benefex,22,https://benefex.teamtailor.com/
teamtailor,bergehus,7,https://bergehus.teamtailor.com/
teamtailor,betc,24,https://betc.teamtailor.com/
teamtailor,biisoni,24,https://biisoni.teamtailor.com/
teamtailor,billdu,1,https://billdu.teamtailor.com/
teamtailor,biltemadanmark,7,https://biltemadanmark.teamtailor.com/
teamtailor,bilvision,1,https://bilvision.teamtailor.com/
teamtailor,biotage-1708019070,29,https://biotage-1708019070.teamtailor.com/
teamtailor,bitastad,1,https://bitastad.teamtailor.com/
teamtailor,bladins,2,https://bladins.teamtailor.com/
teamtailor,blendowgroup,1,https://blendowgroup.teamtailor.com/
teamtailor,bluebanana,16,https://bluebanana.teamtailor.com/
teamtailor,bluetree,1,https://bluetree.teamtailor.com/
teamtailor,bmesproductionaccount,100,https://bmesproductionaccount.teamtailor.com/
teamtailor,bohebon-1736946265,9,https://bohebon-1736946265.teamtailor.com/
teamtailor,bokhandelsgruppen,7,https://bokhandelsgruppen.teamtailor.com/
teamtailor,bonliva,4,https://bonliva.teamtailor.com/
teamtailor,boojumltd,20,https://boojumltd.teamtailor.com/
teamtailor,bookersgroup,8,https://bookersgroup.teamtailor.com/
teamtailor,borasdjurparkcamping,2,https://borasdjurparkcamping.teamtailor.com/
teamtailor,bouillonrestaurants-1727180350,18,https://bouillonrestaurants-1727180350.teamtailor.com/
teamtailor,bovra,2,https://bovra.teamtailor.com/
teamtailor,boxflow,66,https://boxflow.teamtailor.com/
teamtailor,boylesports,83,https://boylesports.teamtailor.com/
teamtailor,bqredovisningradgivning,9,https://bqredovisningradgivning.teamtailor.com/
teamtailor,bre-1729757562,8,https://bre-1729757562.teamtailor.com/
teamtailor,bredvid,3,https://bredvid.teamtailor.com/
teamtailor,breega-1704461133,9,https://breega-1704461133.teamtailor.com/
teamtailor,bricocenteritalia,52,https://bricocenteritalia.teamtailor.com/
teamtailor,bridgit-1750117690,20,https://bridgit-1750117690.teamtailor.com/
teamtailor,brightway,3,https://brightway.teamtailor.com/
teamtailor,broadgate,2,https://broadgate.teamtailor.com/
teamtailor,brookeharrisonrecruitment,21,https://brookeharrisonrecruitment.teamtailor.com/
teamtailor,brownshotel,12,https://brownshotel.teamtailor.com/
teamtailor,brunnerco,15,https://brunnerco.teamtailor.com/
teamtailor,btpconsultants,25,https://btpconsultants.teamtailor.com/
teamtailor,bulk,6,https://bulk.teamtailor.com/
teamtailor,buminusantaragroup-1709113752,3,https://buminusantaragroup-1709113752.teamtailor.com/
teamtailor,burkewilliams,23,https://burkewilliams.teamtailor.com/
teamtailor,buyin-1720596909,8,https://buyin-1720596909.teamtailor.com/
teamtailor,bwb,42,https://bwb.teamtailor.com/
teamtailor,bygghemmase,4,https://bygghemmase.teamtailor.com/
teamtailor,cacustomeralliancegmbh,4,https://cacustomeralliancegmbh.teamtailor.com/
teamtailor,cafecrema,1,https://cafecrema.teamtailor.com/
teamtailor,calculate,1,https://calculate.teamtailor.com/
teamtailor,camatec,3,https://camatec.teamtailor.com/
teamtailor,canvasoffices,3,https://canvasoffices.teamtailor.com/
teamtailor,capsulestudio,1,https://capsulestudio.teamtailor.com/
teamtailor,captica,2,https://captica.teamtailor.com/
teamtailor,captohrab,9,https://captohrab.teamtailor.com/
teamtailor,carebrook,15,https://carebrook.teamtailor.com/
teamtailor,career-umbrella,2,https://career-umbrella.teamtailor.com/
teamtailor,catalysconseil,10,https://catalysconseil.teamtailor.com/
teamtailor,catalystonesolutionsas,2,https://catalystonesolutionsas.teamtailor.com/
teamtailor,catermate,9,https://catermate.teamtailor.com/
teamtailor,catitres,12,https://catitres.teamtailor.com/
teamtailor,centigo,7,https://centigo.teamtailor.com/
teamtailor,cerogeneration-1674220216,4,https://cerogeneration-1674220216.teamtailor.com/
teamtailor,certegonorge,1,https://certegonorge.teamtailor.com/
teamtailor,chalhoubgroup,100,https://chalhoubgroup.teamtailor.com/
teamtailor,changegroupny,1,https://changegroupny.teamtailor.com/
teamtailor,charlieoscar-1701166780,3,https://charlieoscar-1701166780.teamtailor.com/
teamtailor,chauvinarnoux,34,https://chauvinarnoux.teamtailor.com/
teamtailor,checkwatt,4,https://checkwatt.teamtailor.com/
teamtailor,chemiclean-1737464948,1,https://chemiclean-1737464948.teamtailor.com/
teamtailor,cigierrecompagniageneraleristorazione-1741682069,100,https://cigierrecompagniageneraleristorazione-1741682069.teamtailor.com/
teamtailor,cimes,10,https://cimes.teamtailor.com/
teamtailor,cipalschaubroeck,16,https://cipalschaubroeck.teamtailor.com/
teamtailor,cirkusvenues,6,https://cirkusvenues.teamtailor.com/
teamtailor,ckw,100,https://ckw.teamtailor.com/
teamtailor,claitecspain,1,https://claitecspain.teamtailor.com/
teamtailor,clasohlsonfinland,3,https://clasohlsonfinland.teamtailor.com/
teamtailor,clavister,4,https://clavister.teamtailor.com/
teamtailor,clicmoic,6,https://clicmoic.teamtailor.com/
teamtailor,clientsolutions-1684926203,1,https://clientsolutions-1684926203.teamtailor.com/
teamtailor,clinicabaviera,10,https://clinicabaviera.teamtailor.com/
teamtailor,cloudm,1,https://cloudm.teamtailor.com/
teamtailor,cloudwiser-1664378246,1,https://cloudwiser-1664378246.teamtailor.com/
teamtailor,coffeedesk,8,https://coffeedesk.teamtailor.com/
teamtailor,cogep,100,https://cogep.teamtailor.com/
teamtailor,collercapital-1660725598,1,https://collercapital-1660725598.teamtailor.com/
teamtailor,collyflowtech,2,https://collyflowtech.teamtailor.com/
teamtailor,columbusnorge,6,https://columbusnorge.teamtailor.com/
teamtailor,comatec,23,https://comatec.teamtailor.com/
teamtailor,comberagmbh,19,https://comberagmbh.teamtailor.com/
teamtailor,communitycaretrust,5,https://communitycaretrust.teamtailor.com/
teamtailor,comodule,3,https://comodule.teamtailor.com/
teamtailor,compart,2,https://compart.teamtailor.com/
teamtailor,compassgroupkonsern-1748245318,21,https://compassgroupkonsern-1748245318.teamtailor.com/
teamtailor,concitoconsulting,2,https://concitoconsulting.teamtailor.com/
teamtailor,concordiasrl-1736940001,1,https://concordiasrl-1736940001.teamtailor.com/
teamtailor,conpal,1,https://conpal.teamtailor.com/
teamtailor,consat,9,https://consat.teamtailor.com/
teamtailor,convers,11,https://convers.teamtailor.com/
teamtailor,converteo,27,https://converteo.teamtailor.com/
teamtailor,coody,14,https://coody.teamtailor.com/
teamtailor,corporater,4,https://corporater.teamtailor.com/
teamtailor,cosermo,9,https://cosermo.teamtailor.com/
teamtailor,cossystems,1,https://cossystems.teamtailor.com/
teamtailor,cotrallab,12,https://cotrallab.teamtailor.com/
teamtailor,coverflex,12,https://coverflex.teamtailor.com/
teamtailor,craftor,4,https://craftor.teamtailor.com/
teamtailor,cramofinland,1,https://cramofinland.teamtailor.com/
teamtailor,crdprodectionab,2,https://crdprodectionab.teamtailor.com/
teamtailor,creditsafedanmark,1,https://creditsafedanmark.teamtailor.com/
teamtailor,cretec,9,https://cretec.teamtailor.com/
teamtailor,criticaltechworks-1651244282,8,https://criticaltechworks-1651244282.teamtailor.com/
teamtailor,cromology,2,https://cromology.teamtailor.com/
teamtailor,crowdfunderltd,1,https://crowdfunderltd.teamtailor.com/
teamtailor,crowe,2,https://crowe.teamtailor.com/
teamtailor,cruitas-1740141690,32,https://cruitas-1740141690.teamtailor.com/
teamtailor,cuera-1748344804,3,https://cuera-1748344804.teamtailor.com/
teamtailor,culturesfood,13,https://culturesfood.teamtailor.com/
teamtailor,curavardbemanning,2,https://curavardbemanning.teamtailor.com/
teamtailor,cursosroblahobyty,6,https://cursosroblahobyty.teamtailor.com/
teamtailor,curtins,16,https://curtins.teamtailor.com/
teamtailor,cvlcosmetics,5,https://cvlcosmetics.teamtailor.com/
teamtailor,cybertexex,4,https://cybertexex.teamtailor.com/
teamtailor,dalapharmconsultingab,4,https://dalapharmconsultingab.teamtailor.com/
teamtailor,damart,2,https://damart.teamtailor.com/
teamtailor,dandad,1,https://dandad.teamtailor.com/
teamtailor,danskespil,5,https://danskespil.teamtailor.com/
teamtailor,datelreal,4,https://datelreal.teamtailor.com/
teamtailor,davidantonijevic,33,https://davidantonijevic.teamtailor.com/
teamtailor,davidbakerarchitects,2,https://davidbakerarchitects.teamtailor.com/
teamtailor,dazedmedia,7,https://dazedmedia.teamtailor.com/
teamtailor,dcsolutions,3,https://dcsolutions.teamtailor.com/
teamtailor,dcycle,8,https://dcycle.teamtailor.com/
teamtailor,debeflow,1,https://debeflow.teamtailor.com/
teamtailor,decades,12,https://decades.teamtailor.com/
teamtailor,decerno,1,https://decerno.teamtailor.com/
teamtailor,deepki,12,https://deepki.teamtailor.com/
teamtailor,dekkteam,5,https://dekkteam.teamtailor.com/
teamtailor,delaware-1652081809,12,https://delaware-1652081809.teamtailor.com/
teamtailor,delitea,2,https://delitea.teamtailor.com/
teamtailor,deltatec,1,https://deltatec.teamtailor.com/
teamtailor,demo-enterprise,12,https://demo-enterprise.teamtailor.com/
teamtailor,demojobbusters,20,https://demojobbusters.teamtailor.com/
teamtailor,densiqgroup,1,https://densiqgroup.teamtailor.com/
teamtailor,dentsusweden,5,https://dentsusweden.teamtailor.com/
teamtailor,deskeo-1668770516,7,https://deskeo-1668770516.teamtailor.com/
teamtailor,devotum,7,https://devotum.teamtailor.com/
teamtailor,dexiongmbh,5,https://dexiongmbh.teamtailor.com/
teamtailor,dfdsbaltics,8,https://dfdsbaltics.teamtailor.com/
teamtailor,dfdscontinent,27,https://dfdscontinent.teamtailor.com/
teamtailor,dfdsgermany,7,https://dfdsgermany.teamtailor.com/
teamtailor,dfdsspain,9,https://dfdsspain.teamtailor.com/
teamtailor,dfdsturkey,9,https://dfdsturkey.teamtailor.com/
teamtailor,dfdsukireland,43,https://dfdsukireland.teamtailor.com/
teamtailor,dfm,12,https://dfm.teamtailor.com/
teamtailor,dialecthalmstad,1,https://dialecthalmstad.teamtailor.com/
teamtailor,dibtravel-1720167285,2,https://dibtravel-1720167285.teamtailor.com/
teamtailor,diepeveen,16,https://diepeveen.teamtailor.com/
teamtailor,digiflowas,2,https://digiflowas.teamtailor.com/
teamtailor,digisapsolutions,3,https://digisapsolutions.teamtailor.com/
teamtailor,digitalpersonal,3,https://digitalpersonal.teamtailor.com/
teamtailor,digitrips,3,https://digitrips.teamtailor.com/
teamtailor,dignify,3,https://dignify.teamtailor.com/
teamtailor,divinemenciel-1738225598,2,https://divinemenciel-1738225598.teamtailor.com/
teamtailor,dixonbaxi,2,https://dixonbaxi.teamtailor.com/
teamtailor,dmtakab,4,https://dmtakab.teamtailor.com/
teamtailor,doktor,45,https://doktor.teamtailor.com/
teamtailor,doktorde,26,https://doktorde.teamtailor.com/
teamtailor,drdoctor,5,https://drdoctor.teamtailor.com/
teamtailor,dupuy,10,https://dupuy.teamtailor.com/
teamtailor,eadtrust,1,https://eadtrust.teamtailor.com/
teamtailor,easyfairsitaly,1,https://easyfairsitaly.teamtailor.com/
teamtailor,easyfairsspain,1,https://easyfairsspain.teamtailor.com/
teamtailor,eathappygmbh-1734343618,8,https://eathappygmbh-1734343618.teamtailor.com/
teamtailor,ecogain,1,https://ecogain.teamtailor.com/
teamtailor,ecura,25,https://ecura.teamtailor.com/
teamtailor,ecurabooghabilitering,11,https://ecurabooghabilitering.teamtailor.com/
teamtailor,eduneo,8,https://eduneo.teamtailor.com/
teamtailor,edurio,1,https://edurio.teamtailor.com/
teamtailor,effektivnu,2,https://effektivnu.teamtailor.com/
teamtailor,ehartikainenoymaarakennus,1,https://ehartikainenoymaarakennus.teamtailor.com/
teamtailor,eikservering,23,https://eikservering.teamtailor.com/
teamtailor,eir-1748245248,3,https://eir-1748245248.teamtailor.com/
teamtailor,eiropersonals,11,https://eiropersonals.teamtailor.com/
teamtailor,ekenhuset-1732012622,1,https://ekenhuset-1732012622.teamtailor.com/
teamtailor,ekogruppensverigeab,15,https://ekogruppensverigeab.teamtailor.com/
teamtailor,ekstendgroup,4,https://ekstendgroup.teamtailor.com/
teamtailor,electricalcompliancesafetyltd,35,https://electricalcompliancesafetyltd.teamtailor.com/
teamtailor,eleda,47,https://eleda.teamtailor.com/
teamtailor,eledarail,4,https://eledarail.teamtailor.com/
teamtailor,elegancia-1739955737,14,https://elegancia-1739955737.teamtailor.com/
teamtailor,eliassydab,1,https://eliassydab.teamtailor.com/
teamtailor,elitehotels,62,https://elitehotels.teamtailor.com/
teamtailor,elits,5,https://elits.teamtailor.com/
teamtailor,eltorqueas,2,https://eltorqueas.teamtailor.com/
teamtailor,elunic,15,https://elunic.teamtailor.com/
teamtailor,embriq,3,https://embriq.teamtailor.com/
teamtailor,embv,13,https://embv.teamtailor.com/
teamtailor,emillundgren,5,https://emillundgren.teamtailor.com/
teamtailor,empleosknaufsouthamerica,5,https://empleosknaufsouthamerica.teamtailor.com/
teamtailor,empre,36,https://empre.teamtailor.com/
teamtailor,emtecgroup,20,https://emtecgroup.teamtailor.com/
teamtailor,endeavor,22,https://endeavor.teamtailor.com/
teamtailor,endivoconsulting,42,https://endivoconsulting.teamtailor.com/
teamtailor,enentogroup,4,https://enentogroup.teamtailor.com/
teamtailor,enercogroup,9,https://enercogroup.teamtailor.com/
teamtailor,energiforetagensverige,2,https://energiforetagensverige.teamtailor.com/
teamtailor,engagetechnicalsolutions,4,https://engagetechnicalsolutions.teamtailor.com/
teamtailor,enkv,20,https://enkv.teamtailor.com/
teamtailor,ensek,19,https://ensek.teamtailor.com/
teamtailor,entreconconsulting-1730119505,23,https://entreconconsulting-1730119505.teamtailor.com/
teamtailor,entrepriselea,28,https://entrepriselea.teamtailor.com/
teamtailor,envidansweden,2,https://envidansweden.teamtailor.com/
teamtailor,eoliann-1670252117,2,https://eoliann-1670252117.teamtailor.com/
teamtailor,eossaunatechnikgmbh,3,https://eossaunatechnikgmbh.teamtailor.com/
teamtailor,epionaholdinggmbh-1745582936-orthophysio-st-gallen-ag,2,https://epionaholdinggmbh-1745582936-orthophysio-st-gallen-ag.teamtailor.com/
teamtailor,episer,14,https://episer.teamtailor.com/
teamtailor,equip,3,https://equip.teamtailor.com/
teamtailor,equipjardin,19,https://equipjardin.teamtailor.com/
teamtailor,ernstromgruppen,9,https://ernstromgruppen.teamtailor.com/
teamtailor,ernstromsrev,1,https://ernstromsrev.teamtailor.com/
teamtailor,essec,17,https://essec.teamtailor.com/
teamtailor,estatementgroup,6,https://estatementgroup.teamtailor.com/
teamtailor,estonew,4,https://estonew.teamtailor.com/
teamtailor,etam,100,https://etam.teamtailor.com/
teamtailor,ethos,21,https://ethos.teamtailor.com/
teamtailor,eurexobyced,49,https://eurexobyced.teamtailor.com/
teamtailor,europcar,1,https://europcar.teamtailor.com/
teamtailor,evolvetoday,10,https://evolvetoday.teamtailor.com/
teamtailor,exfluency-1746077743,1,https://exfluency-1746077743.teamtailor.com/
teamtailor,eyesandmorebelgiebv,2,https://eyesandmorebelgiebv.teamtailor.com/
teamtailor,eyesandmoreosterreichgmbh,46,https://eyesandmoreosterreichgmbh.teamtailor.com/
teamtailor,eztablisher,1,https://eztablisher.teamtailor.com/
teamtailor,face2face-norge,5,https://face2face-norge.teamtailor.com/
teamtailor,face2face-sverige,23,https://face2face-sverige.teamtailor.com/
teamtailor,faluenergivatten-1647588880,5,https://faluenergivatten-1647588880.teamtailor.com/
teamtailor,fantasiasmiguel,51,https://fantasiasmiguel.teamtailor.com/
teamtailor,fellowmindpoland,8,https://fellowmindpoland.teamtailor.com/
teamtailor,fenixoutdoor,76,https://fenixoutdoor.teamtailor.com/
teamtailor,feverenergy,1,https://feverenergy.teamtailor.com/
teamtailor,fibio,9,https://fibio.teamtailor.com/
teamtailor,fightclub,8,https://fightclub.teamtailor.com/
teamtailor,figroupfrance,4,https://figroupfrance.teamtailor.com/
teamtailor,filminstitutet,1,https://filminstitutet.teamtailor.com/
teamtailor,findus,1,https://findus.teamtailor.com/
teamtailor,finestabaltics,48,https://finestabaltics.teamtailor.com/
teamtailor,finlandrestaurantsoy,3,https://finlandrestaurantsoy.teamtailor.com/
teamtailor,firefly,8,https://firefly.teamtailor.com/
teamtailor,firstvet,6,https://firstvet.teamtailor.com/
teamtailor,fiskenivattnet,1,https://fiskenivattnet.teamtailor.com/
teamtailor,fitness24sevenfinland,4,https://fitness24sevenfinland.teamtailor.com/
teamtailor,fiveguysde,5,https://fiveguysde.teamtailor.com/
teamtailor,fixitforwardautocare,2,https://fixitforwardautocare.teamtailor.com/
teamtailor,flagshipgroup,6,https://flagshipgroup.teamtailor.com/
teamtailor,flaktgroupswedenab,2,https://flaktgroupswedenab.teamtailor.com/
teamtailor,flatfair-1648573742,5,https://flatfair-1648573742.teamtailor.com/
teamtailor,fliq,2,https://fliq.teamtailor.com/
teamtailor,flowcase,1,https://flowcase.teamtailor.com/
teamtailor,flowscape,2,https://flowscape.teamtailor.com/
teamtailor,fmibuildinginnovation,1,https://fmibuildinginnovation.teamtailor.com/
teamtailor,fnca,1,https://fnca.teamtailor.com/
teamtailor,foodmark,2,https://foodmark.teamtailor.com/
teamtailor,foodora,27,https://foodora.teamtailor.com/
teamtailor,foodstock,1,https://foodstock.teamtailor.com/
teamtailor,foodwestoy,1,https://foodwestoy.teamtailor.com/
teamtailor,forestpartners,7,https://forestpartners.teamtailor.com/
teamtailor,forzafootball,2,https://forzafootball.teamtailor.com/
teamtailor,foxway,15,https://foxway.teamtailor.com/
teamtailor,framsiktas,1,https://framsiktas.teamtailor.com/
teamtailor,fratries-1712830126,11,https://fratries-1712830126.teamtailor.com/
teamtailor,fredperry,18,https://fredperry.teamtailor.com/
teamtailor,fridayvibes,4,https://fridayvibes.teamtailor.com/
teamtailor,friedman,24,https://friedman.teamtailor.com/
teamtailor,fromitcanwith,19,https://fromitcanwith.teamtailor.com/
teamtailor,fugafamily,16,https://fugafamily.teamtailor.com/
teamtailor,futureandfriendsrekryteringab,1,https://futureandfriendsrekryteringab.teamtailor.com/
teamtailor,garantibankinternationalnvnew,8,https://garantibankinternationalnvnew.teamtailor.com/
teamtailor,gasolinegrill,2,https://gasolinegrill.teamtailor.com/
teamtailor,gaudii,2,https://gaudii.teamtailor.com/
teamtailor,gbnews,4,https://gbnews.teamtailor.com/
teamtailor,gecf,1,https://gecf.teamtailor.com/
teamtailor,genii,8,https://genii.teamtailor.com/
teamtailor,genledbrands,8,https://genledbrands.teamtailor.com/
teamtailor,geodata,1,https://geodata.teamtailor.com/
teamtailor,geomiq,12,https://geomiq.teamtailor.com/
teamtailor,gepardmedianew,5,https://gepardmedianew.teamtailor.com/
teamtailor,gesagtgetan,1,https://gesagtgetan.teamtailor.com/
teamtailor,getbux,6,https://getbux.teamtailor.com/
teamtailor,getfrankly,22,https://getfrankly.teamtailor.com/
teamtailor,ghistelinck-1716880277,12,https://ghistelinck-1716880277.teamtailor.com/
teamtailor,giacom-1706609492,22,https://giacom-1706609492.teamtailor.com/
teamtailor,giantleaptechnologiesas,2,https://giantleaptechnologiesas.teamtailor.com/
teamtailor,gigglebug,1,https://gigglebug.teamtailor.com/
teamtailor,gigstep,18,https://gigstep.teamtailor.com/
teamtailor,gimi,4,https://gimi.teamtailor.com/
teamtailor,giredk,6,https://giredk.teamtailor.com/
teamtailor,gismic,5,https://gismic.teamtailor.com/
teamtailor,glitnor,5,https://glitnor.teamtailor.com/
teamtailor,globalpartner,5,https://globalpartner.teamtailor.com/
teamtailor,globogateconceptag,5,https://globogateconceptag.teamtailor.com/
teamtailor,gmed,3,https://gmed.teamtailor.com/
teamtailor,gnotecsweden,8,https://gnotecsweden.teamtailor.com/
teamtailor,gonggalaxy-1711637175,18,https://gonggalaxy-1711637175.teamtailor.com/
teamtailor,goodoakshomecare,91,https://goodoakshomecare.teamtailor.com/
teamtailor,gosales,1,https://gosales.teamtailor.com/
teamtailor,gostrong,3,https://gostrong.teamtailor.com/
teamtailor,gotlandshem-1726738574,1,https://gotlandshem-1726738574.teamtailor.com/
teamtailor,grandmillenniumbusinessbaydubai-demo,1,https://grandmillenniumbusinessbaydubai-demo.teamtailor.com/
teamtailor,granlund,10,https://granlund.teamtailor.com/
teamtailor,gravita,10,https://gravita.teamtailor.com/
teamtailor,greenalliance,2,https://greenalliance.teamtailor.com/
teamtailor,greenautomationgroup,2,https://greenautomationgroup.teamtailor.com/
teamtailor,greenhippocafe,1,https://greenhippocafe.teamtailor.com/
teamtailor,greenpeacenordic,3,https://greenpeacenordic.teamtailor.com/
teamtailor,grefusa,1,https://grefusa.teamtailor.com/
teamtailor,grepit,7,https://grepit.teamtailor.com/
teamtailor,grooo,1,https://grooo.teamtailor.com/
teamtailor,groupeacorus,39,https://groupeacorus.teamtailor.com/
teamtailor,groupebbl,85,https://groupebbl.teamtailor.com/
teamtailor,groupecarrion-1750250898,15,https://groupecarrion-1750250898.teamtailor.com/
teamtailor,groupediverty-1729161459,1,https://groupediverty-1729161459.teamtailor.com/
teamtailor,groupeetam,100,https://groupeetam.teamtailor.com/
teamtailor,groupeguisnel,73,https://groupeguisnel.teamtailor.com/
teamtailor,groupekedgebusinessschool,14,https://groupekedgebusinessschool.teamtailor.com/
teamtailor,groupekoesio,69,https://groupekoesio.teamtailor.com/
teamtailor,groupelrtechnologies,100,https://groupelrtechnologies.teamtailor.com/
teamtailor,grouperhinos-1728048081,2,https://grouperhinos-1728048081.teamtailor.com/
teamtailor,groupesantenadon,11,https://groupesantenadon.teamtailor.com/
teamtailor,groupevaleor,49,https://groupevaleor.teamtailor.com/
teamtailor,groupevallee,48,https://groupevallee.teamtailor.com/
teamtailor,groupone,46,https://groupone.teamtailor.com/
teamtailor,grupobeledad-1738232006,39,https://grupobeledad-1738232006.teamtailor.com/
teamtailor,grupobinternational,12,https://grupobinternational.teamtailor.com/
teamtailor,grupoclave,100,https://grupoclave.teamtailor.com/
teamtailor,grupohospitalariohla,28,https://grupohospitalariohla.teamtailor.com/
teamtailor,grupotysac,42,https://grupotysac.teamtailor.com/
teamtailor,grupoubesol-1747670884,13,https://grupoubesol-1747670884.teamtailor.com/
teamtailor,grupoysondos,100,https://grupoysondos.teamtailor.com/
teamtailor,guestworld,7,https://guestworld.teamtailor.com/
teamtailor,gummigrossen,1,https://gummigrossen.teamtailor.com/
teamtailor,hackmotion,1,https://hackmotion.teamtailor.com/
teamtailor,haegercarlsson,18,https://haegercarlsson.teamtailor.com/
teamtailor,hallstahem,1,https://hallstahem.teamtailor.com/
teamtailor,halsinglandsrekrytering,7,https://halsinglandsrekrytering.teamtailor.com/
teamtailor,hammarskiold,4,https://hammarskiold.teamtailor.com/
teamtailor,hammerhanborg,13,https://hammerhanborg.teamtailor.com/
teamtailor,hampastudio,1,https://hampastudio.teamtailor.com/
teamtailor,handverksgruppen,74,https://handverksgruppen.teamtailor.com/
teamtailor,hansandersbelgiebvba,21,https://hansandersbelgiebvba.teamtailor.com/
teamtailor,hansonwadegroup,1,https://hansonwadegroup.teamtailor.com/
teamtailor,hanssonpartners,2,https://hanssonpartners.teamtailor.com/
teamtailor,harcour,3,https://harcour.teamtailor.com/
teamtailor,hartmarkexecutivesearch,4,https://hartmarkexecutivesearch.teamtailor.com/
teamtailor,hashpays,1,https://hashpays.teamtailor.com/
teamtailor,hbv,1,https://hbv.teamtailor.com/
teamtailor,headonrekruttering-1740643730,16,https://headonrekruttering-1740643730.teamtailor.com/
teamtailor,heads,2,https://heads.teamtailor.com/
teamtailor,headway,12,https://headway.teamtailor.com/
teamtailor,healthymatrix,5,https://healthymatrix.teamtailor.com/
teamtailor,heatherwickstudio-1666101169,5,https://heatherwickstudio-1666101169.teamtailor.com/
teamtailor,hedvig,8,https://hedvig.teamtailor.com/
teamtailor,helexia,4,https://helexia.teamtailor.com/
teamtailor,helicontechnologies,2,https://helicontechnologies.teamtailor.com/
teamtailor,helvetiera,2,https://helvetiera.teamtailor.com/
teamtailor,hent,23,https://hent.teamtailor.com/
teamtailor,herenco,10,https://herenco.teamtailor.com/
teamtailor,hertinmankert,6,https://hertinmankert.teamtailor.com/
teamtailor,hillgroupuk,34,https://hillgroupuk.teamtailor.com/
teamtailor,hirschbednerassociates,35,https://hirschbednerassociates.teamtailor.com/
teamtailor,hka,42,https://hka.teamtailor.com/
teamtailor,hll,6,https://hll.teamtailor.com/
teamtailor,hoistspain,1,https://hoistspain.teamtailor.com/
teamtailor,holidayclub,1,https://holidayclub.teamtailor.com/
teamtailor,holmgrensbil,7,https://holmgrensbil.teamtailor.com/
teamtailor,holvi,1,https://holvi.teamtailor.com/
teamtailor,homecall,6,https://homecall.teamtailor.com/
teamtailor,homefurnishingnordic,2,https://homefurnishingnordic.teamtailor.com/
teamtailor,honeybirdette,58,https://honeybirdette.teamtailor.com/
teamtailor,hopscotchdaynurseries,13,https://hopscotchdaynurseries.teamtailor.com/
teamtailor,horace,18,https://horace.teamtailor.com/
teamtailor,horibamedical-1725630448,3,https://horibamedical-1725630448.teamtailor.com/
teamtailor,hospitalclinic,16,https://hospitalclinic.teamtailor.com/
teamtailor,hotelamigo,7,https://hotelamigo.teamtailor.com/
teamtailor,hotelsprovidencehotelleldorado,6,https://hotelsprovidencehotelleldorado.teamtailor.com/
teamtailor,hotelterreblanche,4,https://hotelterreblanche.teamtailor.com/
teamtailor,hownow-1703081259,2,https://hownow-1703081259.teamtailor.com/
teamtailor,hranalyticslab,68,https://hranalyticslab.teamtailor.com/
teamtailor,hrplus-1669824102,36,https://hrplus-1669824102.teamtailor.com/
teamtailor,hrsolutionsfinland,3,https://hrsolutionsfinland.teamtailor.com/
teamtailor,huaweidenmark,2,https://huaweidenmark.teamtailor.com/
teamtailor,huaweifinland,2,https://huaweifinland.teamtailor.com/
teamtailor,huaweinorway,2,https://huaweinorway.teamtailor.com/
teamtailor,huaweisweden,17,https://huaweisweden.teamtailor.com/
teamtailor,huberholdingag,23,https://huberholdingag.teamtailor.com/
teamtailor,hudson,8,https://hudson.teamtailor.com/
teamtailor,hudsonnordic,6,https://hudsonnordic.teamtailor.com/
teamtailor,hulluporo,12,https://hulluporo.teamtailor.com/
teamtailor,hultaforsgroupab,9,https://hultaforsgroupab.teamtailor.com/
teamtailor,humac,2,https://humac.teamtailor.com/
teamtailor,humansource,12,https://humansource.teamtailor.com/
teamtailor,humblebee,3,https://humblebee.teamtailor.com/
teamtailor,hushallningssallskapetkalmarkronoberg,3,https://hushallningssallskapetkalmarkronoberg.teamtailor.com/
teamtailor,huuva,4,https://huuva.teamtailor.com/
teamtailor,hydrogenrefuelingsolutions,2,https://hydrogenrefuelingsolutions.teamtailor.com/
teamtailor,hypermat,4,https://hypermat.teamtailor.com/
teamtailor,i3works,8,https://i3works.teamtailor.com/
teamtailor,iagcargo,11,https://iagcargo.teamtailor.com/
teamtailor,icakvantumstromstad,6,https://icakvantumstromstad.teamtailor.com/
teamtailor,icapps-1677752785,2,https://icapps-1677752785.teamtailor.com/
teamtailor,icgruppen,4,https://icgruppen.teamtailor.com/
teamtailor,ictnordics,10,https://ictnordics.teamtailor.com/
teamtailor,idekosuomi,9,https://idekosuomi.teamtailor.com/
teamtailor,idrehimmelfjall,11,https://idrehimmelfjall.teamtailor.com/
teamtailor,ifpc,2,https://ifpc.teamtailor.com/
teamtailor,iki-1732802603,100,https://iki-1732802603.teamtailor.com/
teamtailor,ikue,2,https://ikue.teamtailor.com/
teamtailor,iloq,9,https://iloq.teamtailor.com/
teamtailor,imcholding,13,https://imcholding.teamtailor.com/
teamtailor,imesaspa,2,https://imesaspa.teamtailor.com/
teamtailor,impetus,12,https://impetus.teamtailor.com/
teamtailor,implemaab,7,https://implemaab.teamtailor.com/
teamtailor,includedvc-1743606485,1,https://includedvc-1743606485.teamtailor.com/
teamtailor,incluso,14,https://incluso.teamtailor.com/
teamtailor,industrade-1720804743,4,https://industrade-1720804743.teamtailor.com/
teamtailor,indy,13,https://indy.teamtailor.com/
teamtailor,inexchange,1,https://inexchange.teamtailor.com/
teamtailor,influencepeopleswedenab,4,https://influencepeopleswedenab.teamtailor.com/
teamtailor,influencetech,4,https://influencetech.teamtailor.com/
teamtailor,infranode,1,https://infranode.teamtailor.com/
teamtailor,ingenjorsfirman,6,https://ingenjorsfirman.teamtailor.com/
teamtailor,insikta,5,https://insikta.teamtailor.com/
teamtailor,instabee,39,https://instabee.teamtailor.com/
teamtailor,instagroup-1713781469,2,https://instagroup-1713781469.teamtailor.com/
teamtailor,interinterimsante,3,https://interinterimsante.teamtailor.com/
teamtailor,interteksemkoab,17,https://interteksemkoab.teamtailor.com/
teamtailor,interxpertsa,59,https://interxpertsa.teamtailor.com/
teamtailor,inu,5,https://inu.teamtailor.com/
teamtailor,inventioit,2,https://inventioit.teamtailor.com/
teamtailor,investor,2,https://investor.teamtailor.com/
teamtailor,investsuite,1,https://investsuite.teamtailor.com/
teamtailor,iopas,2,https://iopas.teamtailor.com/
teamtailor,iprally,1,https://iprally.teamtailor.com/
teamtailor,irisolaris-1732788318,39,https://irisolaris-1732788318.teamtailor.com/
teamtailor,isentia-1732508121,8,https://isentia-1732508121.teamtailor.com/
teamtailor,isio,48,https://isio.teamtailor.com/
teamtailor,issarekrytering,26,https://issarekrytering.teamtailor.com/
teamtailor,istobal,3,https://istobal.teamtailor.com/
teamtailor,italentplus,22,https://italentplus.teamtailor.com/
teamtailor,iterio,6,https://iterio.teamtailor.com/
teamtailor,itm8cz-1736947316,1,https://itm8cz-1736947316.teamtailor.com/
teamtailor,itm8denmark-1733915591,28,https://itm8denmark-1733915591.teamtailor.com/
teamtailor,itm8ph-1736947275,2,https://itm8ph-1736947275.teamtailor.com/
teamtailor,ittenbrechbuhl,29,https://ittenbrechbuhl.teamtailor.com/
teamtailor,itvstudiosfinland,3,https://itvstudiosfinland.teamtailor.com/
teamtailor,ivysales-1734427104,1,https://ivysales-1734427104.teamtailor.com/
teamtailor,iwow,1,https://iwow.teamtailor.com/
teamtailor,jakobsdals,2,https://jakobsdals.teamtailor.com/
teamtailor,japaneseheadspa-1744012248,45,https://japaneseheadspa-1744012248.teamtailor.com/
teamtailor,jattencater,1,https://jattencater.teamtailor.com/
teamtailor,jetflite,1,https://jetflite.teamtailor.com/
teamtailor,jobblyftet,1,https://jobblyftet.teamtailor.com/
teamtailor,jobtalentfrance,100,https://jobtalentfrance.teamtailor.com/
teamtailor,johnsgarage,1,https://johnsgarage.teamtailor.com/
teamtailor,jooble,11,https://jooble.teamtailor.com/
teamtailor,jordbaerpikene,28,https://jordbaerpikene.teamtailor.com/
teamtailor,jovikonsultab,36,https://jovikonsultab.teamtailor.com/
teamtailor,juanjomarle,1,https://juanjomarle.teamtailor.com/
teamtailor,julivinterland,3,https://julivinterland.teamtailor.com/
teamtailor,jungheinrich,2,https://jungheinrich.teamtailor.com/
teamtailor,jungpartner-demo,4,https://jungpartner-demo.teamtailor.com/
teamtailor,jvalle,81,https://jvalle.teamtailor.com/
teamtailor,kakslauttanen,4,https://kakslauttanen.teamtailor.com/
teamtailor,kalevamedia,3,https://kalevamedia.teamtailor.com/
teamtailor,kapres,78,https://kapres.teamtailor.com/
teamtailor,kardham,23,https://kardham.teamtailor.com/
teamtailor,karjeravvk,9,https://karjeravvk.teamtailor.com/
teamtailor,kastellidemo,4,https://kastellidemo.teamtailor.com/
teamtailor,kattokeskus,5,https://kattokeskus.teamtailor.com/
teamtailor,kavlinorge,2,https://kavlinorge.teamtailor.com/
teamtailor,kbrw-1660724245,2,https://kbrw-1660724245.teamtailor.com/
teamtailor,keepit,28,https://keepit.teamtailor.com/
teamtailor,kekale,2,https://kekale.teamtailor.com/
teamtailor,kellydeli,3,https://kellydeli.teamtailor.com/
teamtailor,kellydelipartnerships-1692187640,47,https://kellydelipartnerships-1692187640.teamtailor.com/
teamtailor,kempoweroy,9,https://kempoweroy.teamtailor.com/
teamtailor,keskosenukailithuania,100,https://keskosenukailithuania.teamtailor.com/
teamtailor,ketju,17,https://ketju.teamtailor.com/
teamtailor,keyrus,5,https://keyrus.teamtailor.com/
teamtailor,keyrusbelgium,10,https://keyrusbelgium.teamtailor.com/
teamtailor,keyrusbrazil,19,https://keyrusbrazil.teamtailor.com/
teamtailor,keyruscanada,4,https://keyruscanada.teamtailor.com/
teamtailor,keyruscolombia,14,https://keyruscolombia.teamtailor.com/
teamtailor,keyrusspain,3,https://keyrusspain.teamtailor.com/
teamtailor,keyrusuk,4,https://keyrusuk.teamtailor.com/
teamtailor,keyrususa,1,https://keyrususa.teamtailor.com/
teamtailor,keystaffoy,53,https://keystaffoy.teamtailor.com/
teamtailor,kezber,2,https://kezber.teamtailor.com/
teamtailor,kidsandus,100,https://kidsandus.teamtailor.com/
teamtailor,kiekert,3,https://kiekert.teamtailor.com/
teamtailor,kitabsawti,1,https://kitabsawti.teamtailor.com/
teamtailor,klaravikdk,5,https://klaravikdk.teamtailor.com/
teamtailor,klasswagen,6,https://klasswagen.teamtailor.com/
teamtailor,knaufdeutschland,88,https://knaufdeutschland.teamtailor.com/
teamtailor,knaufgroup,100,https://knaufgroup.teamtailor.com/
teamtailor,knaufgypsumeastsouthwest,16,https://knaufgypsumeastsouthwest.teamtailor.com/
teamtailor,knaufinsulationsystemsdivision,11,https://knaufinsulationsystemsdivision.teamtailor.com/
teamtailor,knaufinsulationwesterneurope,5,https://knaufinsulationwesterneurope.teamtailor.com/
teamtailor,knaufsemea,2,https://knaufsemea.teamtailor.com/
teamtailor,knaufsweden,1,https://knaufsweden.teamtailor.com/
teamtailor,kndsuk,15,https://kndsuk.teamtailor.com/
teamtailor,knightecgroup,100,https://knightecgroup.teamtailor.com/
teamtailor,kommuninvest-1632248589,1,https://kommuninvest-1632248589.teamtailor.com/
teamtailor,konsultia,2,https://konsultia.teamtailor.com/
teamtailor,kotipizza,2,https://kotipizza.teamtailor.com/
teamtailor,kronocamping,1,https://kronocamping.teamtailor.com/
teamtailor,krooktjader,2,https://krooktjader.teamtailor.com/
teamtailor,kroproduksjon,1,https://kroproduksjon.teamtailor.com/
teamtailor,kry-1719827697,50,https://kry-1719827697.teamtailor.com/
teamtailor,kulturhoder,12,https://kulturhoder.teamtailor.com/
teamtailor,kyro,1,https://kyro.teamtailor.com/
teamtailor,lafeemaraboutee,20,https://lafeemaraboutee.teamtailor.com/
teamtailor,laie,3,https://laie.teamtailor.com/
teamtailor,lakarleasing,4,https://lakarleasing.teamtailor.com/
teamtailor,lakme,4,https://lakme.teamtailor.com/
teamtailor,lamaisonduboncafe,2,https://lamaisonduboncafe.teamtailor.com/
teamtailor,lancashiremind,3,https://lancashiremind.teamtailor.com/
teamtailor,lanternaeducation,6,https://lanternaeducation.teamtailor.com/
teamtailor,lararnasarbetsloshetskassa,1,https://lararnasarbetsloshetskassa.teamtailor.com/
teamtailor,launchmetrics,7,https://launchmetrics.teamtailor.com/
teamtailor,lavelacooperativasociale,28,https://lavelacooperativasociale.teamtailor.com/
teamtailor,lavendo,4,https://lavendo.teamtailor.com/
teamtailor,lawrecruitmenthw,7,https://lawrecruitmenthw.teamtailor.com/
teamtailor,lawsons-1731496765,22,https://lawsons-1731496765.teamtailor.com/
teamtailor,legohouseas,1,https://legohouseas.teamtailor.com/
teamtailor,leightons,66,https://leightons.teamtailor.com/
teamtailor,leitmotiv,32,https://leitmotiv.teamtailor.com/
teamtailor,lejosoy,3,https://lejosoy.teamtailor.com/
teamtailor,lenoites-1740642698,1,https://lenoites-1740642698.teamtailor.com/
teamtailor,leocare,5,https://leocare.teamtailor.com/
teamtailor,leroymerlinbrasil,100,https://leroymerlinbrasil.teamtailor.com/
teamtailor,leroymerlingreece,34,https://leroymerlingreece.teamtailor.com/
teamtailor,leroymerlinspain,100,https://leroymerlinspain.teamtailor.com/
teamtailor,lestra,3,https://lestra.teamtailor.com/
teamtailor,letsdothis-1704821225,1,https://letsdothis-1704821225.teamtailor.com/
teamtailor,lexiingenierie,1,https://lexiingenierie.teamtailor.com/
teamtailor,leyfameasurement-recrute,8,https://leyfameasurement-recrute.teamtailor.com/
teamtailor,lfgconstruction,6,https://lfgconstruction.teamtailor.com/
teamtailor,lieke,5,https://lieke.teamtailor.com/
teamtailor,lifenorge,33,https://lifenorge.teamtailor.com/
teamtailor,liikennevirtaoy,6,https://liikennevirtaoy.teamtailor.com/
teamtailor,liljemarkconsultingab,1,https://liljemarkconsultingab.teamtailor.com/
teamtailor,linck,9,https://linck.teamtailor.com/
teamtailor,lindbak,5,https://lindbak.teamtailor.com/
teamtailor,lindholmen,1,https://lindholmen.teamtailor.com/
teamtailor,lindstromsbil,7,https://lindstromsbil.teamtailor.com/
teamtailor,lindstromsondenab,1,https://lindstromsondenab.teamtailor.com/
teamtailor,lindvallenrestaurangeraktiebolag,12,https://lindvallenrestaurangeraktiebolag.teamtailor.com/
teamtailor,linkhpdemo,7,https://linkhpdemo.teamtailor.com/
teamtailor,liseberg,11,https://liseberg.teamtailor.com/
teamtailor,livenationsweden,1,https://livenationsweden.teamtailor.com/
teamtailor,liveringoy-1700040088,6,https://liveringoy-1700040088.teamtailor.com/
teamtailor,livestockimprovementcorporation,28,https://livestockimprovementcorporation.teamtailor.com/
teamtailor,lminstrumentsoy,2,https://lminstrumentsoy.teamtailor.com/
teamtailor,lmt,11,https://lmt.teamtailor.com/
teamtailor,lne,7,https://lne.teamtailor.com/
teamtailor,locallyfm-1725875393,1,https://locallyfm-1725875393.teamtailor.com/
teamtailor,locaservice,9,https://locaservice.teamtailor.com/
teamtailor,lockerroomtalk,4,https://lockerroomtalk.teamtailor.com/
teamtailor,logeco,3,https://logeco.teamtailor.com/
teamtailor,logicalisespana,37,https://logicalisespana.teamtailor.com/
teamtailor,loimuaoy,3,https://loimuaoy.teamtailor.com/
teamtailor,loomisnorge,1,https://loomisnorge.teamtailor.com/
teamtailor,loplabbet,2,https://loplabbet.teamtailor.com/
teamtailor,lotuscars,19,https://lotuscars.teamtailor.com/
teamtailor,loverecruitmentuk,100,https://loverecruitmentuk.teamtailor.com/
teamtailor,lufthavnsvikar,2,https://lufthavnsvikar.teamtailor.com/
teamtailor,lundstamsatervinningab,4,https://lundstamsatervinningab.teamtailor.com/
teamtailor,lutontownfootballclub,5,https://lutontownfootballclub.teamtailor.com/
teamtailor,lydiasolutions,8,https://lydiasolutions.teamtailor.com/
teamtailor,madbox,15,https://madbox.teamtailor.com/
teamtailor,mag45,7,https://mag45.teamtailor.com/
teamtailor,magellan-carrieres,14,https://magellan-carrieres.teamtailor.com/
teamtailor,magnaconab,2,https://magnaconab.teamtailor.com/
teamtailor,maison123,57,https://maison123.teamtailor.com/
teamtailor,makkerhearinggroupbv-1748333145,7,https://makkerhearinggroupbv-1748333145.teamtailor.com/
teamtailor,maklarhuset,43,https://maklarhuset.teamtailor.com/
teamtailor,managementpartners,5,https://managementpartners.teamtailor.com/
teamtailor,mandatumlife,3,https://mandatumlife.teamtailor.com/
teamtailor,manobank,11,https://manobank.teamtailor.com/
teamtailor,mantena,3,https://mantena.teamtailor.com/
teamtailor,mantle,1,https://mantle.teamtailor.com/
teamtailor,maramalabs,3,https://maramalabs.teamtailor.com/
teamtailor,marchifildispa,1,https://marchifildispa.teamtailor.com/
teamtailor,marcusljung,2,https://marcusljung.teamtailor.com/
teamtailor,mariscovineyards-1745979040,2,https://mariscovineyards-1745979040.teamtailor.com/
teamtailor,marketpartner,7,https://marketpartner.teamtailor.com/
teamtailor,marketpeople,11,https://marketpeople.teamtailor.com/
teamtailor,marstrand,5,https://marstrand.teamtailor.com/
teamtailor,martiderm,7,https://martiderm.teamtailor.com/
teamtailor,maskineraab,1,https://maskineraab.teamtailor.com/
teamtailor,maslow,23,https://maslow.teamtailor.com/
teamtailor,mastersearchsolutions,13,https://mastersearchsolutions.teamtailor.com/
teamtailor,match,22,https://match.teamtailor.com/
teamtailor,matia,14,https://matia.teamtailor.com/
teamtailor,matriks,2,https://matriks.teamtailor.com/
teamtailor,matvarlden,5,https://matvarlden.teamtailor.com/
teamtailor,maxgaming,1,https://maxgaming.teamtailor.com/
teamtailor,maybusinessconsulting-1698225019,10,https://maybusinessconsulting-1698225019.teamtailor.com/
teamtailor,mbacity,8,https://mbacity.teamtailor.com/
teamtailor,mdpicanada,7,https://mdpicanada.teamtailor.com/
teamtailor,mdpipoland,4,https://mdpipoland.teamtailor.com/
teamtailor,mdpisingapore,6,https://mdpisingapore.teamtailor.com/
teamtailor,mdpisouthkorea,2,https://mdpisouthkorea.teamtailor.com/
teamtailor,mdpithailand,6,https://mdpithailand.teamtailor.com/
teamtailor,measureconnect,1,https://measureconnect.teamtailor.com/
teamtailor,mecaplanoy,3,https://mecaplanoy.teamtailor.com/
teamtailor,medialuotsi,2,https://medialuotsi.teamtailor.com/
teamtailor,mediaplanet,10,https://mediaplanet.teamtailor.com/
teamtailor,medpro,6,https://medpro.teamtailor.com/
teamtailor,medtanken,15,https://medtanken.teamtailor.com/
teamtailor,megablockgaming,1,https://megablockgaming.teamtailor.com/
teamtailor,meitner,1,https://meitner.teamtailor.com/
teamtailor,melanders,15,https://melanders.teamtailor.com/
teamtailor,memira,9,https://memira.teamtailor.com/
teamtailor,mercarigroup,4,https://mercarigroup.teamtailor.com/
teamtailor,mesta,4,https://mesta.teamtailor.com/
teamtailor,metanet,1,https://metanet.teamtailor.com/
teamtailor,metpark-1710169800,2,https://metpark-1710169800.teamtailor.com/
teamtailor,metria,4,https://metria.teamtailor.com/
teamtailor,metsakonepalvelu,3,https://metsakonepalvelu.teamtailor.com/
teamtailor,mevaenergy,2,https://mevaenergy.teamtailor.com/
teamtailor,mgroup,11,https://mgroup.teamtailor.com/
teamtailor,micampusliving,32,https://micampusliving.teamtailor.com/
teamtailor,micropeptechnologies-1719408476,4,https://micropeptechnologies-1719408476.teamtailor.com/
teamtailor,migranhjalpen,4,https://migranhjalpen.teamtailor.com/
teamtailor,milientsoftware,2,https://milientsoftware.teamtailor.com/
teamtailor,miljoochbistandsforeningenhumanasver,1,https://miljoochbistandsforeningenhumanasver.teamtailor.com/
teamtailor,milletmountaingroup-1692607582,6,https://milletmountaingroup-1692607582.teamtailor.com/
teamtailor,mindwork,19,https://mindwork.teamtailor.com/
teamtailor,mindworking,2,https://mindworking.teamtailor.com/
teamtailor,minjonoy,6,https://minjonoy.teamtailor.com/
teamtailor,mioomsorg,1,https://mioomsorg.teamtailor.com/
teamtailor,mob,1,https://mob.teamtailor.com/
teamtailor,modgroup,6,https://modgroup.teamtailor.com/
teamtailor,modirumplatforms,14,https://modirumplatforms.teamtailor.com/
teamtailor,modohockey,5,https://modohockey.teamtailor.com/
teamtailor,moleculent-1651476998,1,https://moleculent-1651476998.teamtailor.com/
teamtailor,mollerhansen,5,https://mollerhansen.teamtailor.com/
teamtailor,momentmanagement,2,https://momentmanagement.teamtailor.com/
teamtailor,mondaymedianl,7,https://mondaymedianl.teamtailor.com/
teamtailor,monese,2,https://monese.teamtailor.com/
teamtailor,monkeydonkykinderopvangbv-1611931555,10,https://monkeydonkykinderopvangbv-1611931555.teamtailor.com/
teamtailor,monkhouse,3,https://monkhouse.teamtailor.com/
teamtailor,monster,4,https://monster.teamtailor.com/
teamtailor,montblanccollection-1738059242,15,https://montblanccollection-1738059242.teamtailor.com/
teamtailor,monterro,10,https://monterro.teamtailor.com/
teamtailor,montessoriforderkreisnurnbergev,2,https://montessoriforderkreisnurnbergev.teamtailor.com/
teamtailor,montessorivereinigungnuernbergerlandev,7,https://montessorivereinigungnuernbergerlandev.teamtailor.com/
teamtailor,mooveafrica,33,https://mooveafrica.teamtailor.com/
teamtailor,morrisgroupsite,100,https://morrisgroupsite.teamtailor.com/
teamtailor,moskito,3,https://moskito.teamtailor.com/
teamtailor,motebookingnorge-1745416454,1,https://motebookingnorge-1745416454.teamtailor.com/
teamtailor,motoabbigliamento,1,https://motoabbigliamento.teamtailor.com/
teamtailor,movestic,2,https://movestic.teamtailor.com/
teamtailor,moyagi,2,https://moyagi.teamtailor.com/
teamtailor,mrq-1660314033,8,https://mrq-1660314033.teamtailor.com/
teamtailor,murfy,54,https://murfy.teamtailor.com/
teamtailor,mustankorkea,2,https://mustankorkea.teamtailor.com/
teamtailor,mutuellembv,100,https://mutuellembv.teamtailor.com/
teamtailor,mycollabcocerto,17,https://mycollabcocerto.teamtailor.com/
teamtailor,mylaboy,1,https://mylaboy.teamtailor.com/
teamtailor,mylight150,5,https://mylight150.teamtailor.com/
teamtailor,mymondaysearch,1,https://mymondaysearch.teamtailor.com/
teamtailor,n4worx,1,https://n4worx.teamtailor.com/
teamtailor,nabuminds,1,https://nabuminds.teamtailor.com/
teamtailor,nanostone,4,https://nanostone.teamtailor.com/
teamtailor,naturkompaniet,6,https://naturkompaniet.teamtailor.com/
teamtailor,nawiaoy,5,https://nawiaoy.teamtailor.com/
teamtailor,nebteametab-1743147791,1,https://nebteametab-1743147791.teamtailor.com/
teamtailor,nebuleusebijoux,7,https://nebuleusebijoux.teamtailor.com/
teamtailor,neilsonfinancialserviceslive-1734523671,11,https://neilsonfinancialserviceslive-1734523671.teamtailor.com/
teamtailor,neodev,3,https://neodev.teamtailor.com/
teamtailor,neovici,1,https://neovici.teamtailor.com/
teamtailor,netde,6,https://netde.teamtailor.com/
teamtailor,netlifedesign,1,https://netlifedesign.teamtailor.com/
teamtailor,netnod,6,https://netnod.teamtailor.com/
teamtailor,netnordicdenmark,1,https://netnordicdenmark.teamtailor.com/
teamtailor,netnordicfinland,1,https://netnordicfinland.teamtailor.com/
teamtailor,netnordicgroupas,18,https://netnordicgroupas.teamtailor.com/
teamtailor,netonnetab,8,https://netonnetab.teamtailor.com/
teamtailor,nevita,7,https://nevita.teamtailor.com/
teamtailor,newsecbaltics,11,https://newsecbaltics.teamtailor.com/
teamtailor,newsecnorway,4,https://newsecnorway.teamtailor.com/
teamtailor,nexar-1702298813,1,https://nexar-1702298813.teamtailor.com/
teamtailor,nextgenerations,5,https://nextgenerations.teamtailor.com/
teamtailor,nicolas,12,https://nicolas.teamtailor.com/
teamtailor,nicsweden,1,https://nicsweden.teamtailor.com/
teamtailor,nieddittascpasocietacooperativa-1750148704,13,https://nieddittascpasocietacooperativa-1750148704.teamtailor.com/
teamtailor,nilsongroup,5,https://nilsongroup.teamtailor.com/
teamtailor,noastaff,4,https://noastaff.teamtailor.com/
teamtailor,nobiaab,79,https://nobiaab.teamtailor.com/
teamtailor,node4,14,https://node4.teamtailor.com/
teamtailor,noisolation,11,https://noisolation.teamtailor.com/
teamtailor,nordastelo,53,https://nordastelo.teamtailor.com/
teamtailor,nordddb,5,https://nordddb.teamtailor.com/
teamtailor,nordicepod,2,https://nordicepod.teamtailor.com/
teamtailor,nordichairclinic,2,https://nordichairclinic.teamtailor.com/
teamtailor,nordicoperationcenter,18,https://nordicoperationcenter.teamtailor.com/
teamtailor,nordicsalescrew,6,https://nordicsalescrew.teamtailor.com/
teamtailor,nordicwellness,100,https://nordicwellness.teamtailor.com/
teamtailor,nordicworkab,8,https://nordicworkab.teamtailor.com/
teamtailor,norionbankgroup,9,https://norionbankgroup.teamtailor.com/
teamtailor,norkart,1,https://norkart.teamtailor.com/
teamtailor,norr,9,https://norr.teamtailor.com/
teamtailor,norriqbelgium,22,https://norriqbelgium.teamtailor.com/
teamtailor,norrlyst-1699881773,36,https://norrlyst-1699881773.teamtailor.com/
teamtailor,northrichmondcommunityhealth,4,https://northrichmondcommunityhealth.teamtailor.com/
teamtailor,northstarnetwork-1711439398,12,https://northstarnetwork-1711439398.teamtailor.com/
teamtailor,nortrade,16,https://nortrade.teamtailor.com/
teamtailor,novabusiness,1,https://novabusiness.teamtailor.com/
teamtailor,novaform,7,https://novaform.teamtailor.com/
teamtailor,nubox,8,https://nubox.teamtailor.com/
teamtailor,nudeproject,16,https://nudeproject.teamtailor.com/
teamtailor,nudge-1724058604,4,https://nudge-1724058604.teamtailor.com/
teamtailor,nursegeneration-1745985037,9,https://nursegeneration-1745985037.teamtailor.com/
teamtailor,nymollabruk,4,https://nymollabruk.teamtailor.com/
teamtailor,ocab,27,https://ocab.teamtailor.com/
teamtailor,ogilvyparis,6,https://ogilvyparis.teamtailor.com/
teamtailor,oliviaassistans,27,https://oliviaassistans.teamtailor.com/
teamtailor,omeofinancialconsultingab,4,https://omeofinancialconsultingab.teamtailor.com/
teamtailor,omexomie,11,https://omexomie.teamtailor.com/
teamtailor,omfjeld-1665829229,3,https://omfjeld-1665829229.teamtailor.com/
teamtailor,omgno,4,https://omgno.teamtailor.com/
teamtailor,omnimodas,2,https://omnimodas.teamtailor.com/
teamtailor,omnishopper,1,https://omnishopper.teamtailor.com/
teamtailor,onecomglobal,7,https://onecomglobal.teamtailor.com/
teamtailor,onelab,1,https://onelab.teamtailor.com/
teamtailor,onemotion,3,https://onemotion.teamtailor.com/
teamtailor,onetrace-1709207619,3,https://onetrace-1709207619.teamtailor.com/
teamtailor,onhiresnew,22,https://onhiresnew.teamtailor.com/
teamtailor,onnagreens,1,https://onnagreens.teamtailor.com/
teamtailor,onthatassinternationalbv,10,https://onthatassinternationalbv.teamtailor.com/
teamtailor,opassistans,13,https://opassistans.teamtailor.com/
teamtailor,opencosmos-1706113956,58,https://opencosmos-1706113956.teamtailor.com/
teamtailor,opennebula,4,https://opennebula.teamtailor.com/
teamtailor,operanorway,10,https://operanorway.teamtailor.com/
teamtailor,opisto,1,https://opisto.teamtailor.com/
teamtailor,opplandelektro,1,https://opplandelektro.teamtailor.com/
teamtailor,opsky,7,https://opsky.teamtailor.com/
teamtailor,optimapartners,14,https://optimapartners.teamtailor.com/
teamtailor,orangit,1,https://orangit.teamtailor.com/
teamtailor,orapartenaires,19,https://orapartenaires.teamtailor.com/
teamtailor,orasgroup,4,https://orasgroup.teamtailor.com/
teamtailor,orchestra-1740399159,89,https://orchestra-1740399159.teamtailor.com/
teamtailor,ordnabolan,2,https://ordnabolan.teamtailor.com/
teamtailor,origincoffee-1717750134,1,https://origincoffee-1717750134.teamtailor.com/
teamtailor,osullivans-1716381549,8,https://osullivans-1716381549.teamtailor.com/
teamtailor,ottobock,7,https://ottobock.teamtailor.com/
teamtailor,oxemarine,2,https://oxemarine.teamtailor.com/
teamtailor,palsgaard,7,https://palsgaard.teamtailor.com/
teamtailor,paper-design-jobs,5,https://paper-design-jobs.teamtailor.com/
teamtailor,papernest,22,https://papernest.teamtailor.com/
teamtailor,parcerooy,3,https://parcerooy.teamtailor.com/
teamtailor,partseurope-1661956441,30,https://partseurope-1661956441.teamtailor.com/
teamtailor,patia,2,https://patia.teamtailor.com/
teamtailor,patronusgrouprrtechnologiesgmbh,9,https://patronusgrouprrtechnologiesgmbh.teamtailor.com/
teamtailor,paydensltd,11,https://paydensltd.teamtailor.com/
teamtailor,peakpath,1,https://peakpath.teamtailor.com/
teamtailor,pearlgroup-1648036920,9,https://pearlgroup-1648036920.teamtailor.com/
teamtailor,pedagogiskbemanning,1,https://pedagogiskbemanning.teamtailor.com/
teamtailor,pelastakaalapsetry,3,https://pelastakaalapsetry.teamtailor.com/
teamtailor,peligoni,11,https://peligoni.teamtailor.com/
teamtailor,pensionbeelimited-1750950714,3,https://pensionbeelimited-1750950714.teamtailor.com/
teamtailor,peopleimpact,7,https://peopleimpact.teamtailor.com/
teamtailor,peopleprovide,1,https://peopleprovide.teamtailor.com/
teamtailor,peperco,14,https://peperco.teamtailor.com/
teamtailor,periculoaktiebolag,4,https://periculoaktiebolag.teamtailor.com/
teamtailor,personalica,24,https://personalica.teamtailor.com/
teamtailor,phantoms,6,https://phantoms.teamtailor.com/
teamtailor,phenix-1673626251,2,https://phenix-1673626251.teamtailor.com/
teamtailor,phoenixpharmaswitzerlandag,13,https://phoenixpharmaswitzerlandag.teamtailor.com/
teamtailor,photosol,16,https://photosol.teamtailor.com/
teamtailor,piceasoft,1,https://piceasoft.teamtailor.com/
teamtailor,pihr,4,https://pihr.teamtailor.com/
teamtailor,pilotcentralservicesgmbh-1732700099,24,https://pilotcentralservicesgmbh-1732700099.teamtailor.com/
teamtailor,pinchonationgermany,5,https://pinchonationgermany.teamtailor.com/
teamtailor,pinchonationnorway,14,https://pinchonationnorway.teamtailor.com/
teamtailor,pinchos,68,https://pinchos.teamtailor.com/
teamtailor,pizzapilgrims,34,https://pizzapilgrims.teamtailor.com/
teamtailor,pkfsmithcoopersystems,1,https://pkfsmithcoopersystems.teamtailor.com/
teamtailor,planbbimab,2,https://planbbimab.teamtailor.com/
teamtailor,planity-1651249729,4,https://planity-1651249729.teamtailor.com/
teamtailor,planmecaoy,6,https://planmecaoy.teamtailor.com/
teamtailor,plasmancareerseurope,1,https://plasmancareerseurope.teamtailor.com/
teamtailor,platsa,8,https://platsa.teamtailor.com/
teamtailor,plint,1,https://plint.teamtailor.com/
teamtailor,plissonneau,27,https://plissonneau.teamtailor.com/
teamtailor,polandsieradz,23,https://polandsieradz.teamtailor.com/
teamtailor,polestar0,1,https://polestar0.teamtailor.com/
teamtailor,polismyndighetenaland,1,https://polismyndighetenaland.teamtailor.com/
teamtailor,polypeptidebelgium,2,https://polypeptidebelgium.teamtailor.com/
teamtailor,polypeptidestrasbourg,15,https://polypeptidestrasbourg.teamtailor.com/
teamtailor,polypeptidesweden,3,https://polypeptidesweden.teamtailor.com/
teamtailor,pool,1,https://pool.teamtailor.com/
teamtailor,porkkanajakeppioy,5,https://porkkanajakeppioy.teamtailor.com/
teamtailor,portico,4,https://portico.teamtailor.com/
teamtailor,praesidium,100,https://praesidium.teamtailor.com/
teamtailor,precisdigital,17,https://precisdigital.teamtailor.com/
teamtailor,prepkitchen-1726651505,2,https://prepkitchen-1726651505.teamtailor.com/
teamtailor,pret,29,https://pret.teamtailor.com/
teamtailor,prevastm,2,https://prevastm.teamtailor.com/
teamtailor,priceshape,11,https://priceshape.teamtailor.com/
teamtailor,prima,2,https://prima.teamtailor.com/
teamtailor,primekssnew,13,https://primekssnew.teamtailor.com/
teamtailor,printcombv,21,https://printcombv.teamtailor.com/
teamtailor,printfulinc,35,https://printfulinc.teamtailor.com/
teamtailor,prisjakt,3,https://prisjakt.teamtailor.com/
teamtailor,prismatgmbh-1738940659,43,https://prismatgmbh-1738940659.teamtailor.com/
teamtailor,producthackers,5,https://producthackers.teamtailor.com/
teamtailor,proevolutionpro-1677599313,21,https://proevolutionpro-1677599313.teamtailor.com/
teamtailor,profinder-1736519241,3,https://profinder-1736519241.teamtailor.com/
teamtailor,progressbypeople,1,https://progressbypeople.teamtailor.com/
teamtailor,projektledarbyran,2,https://projektledarbyran.teamtailor.com/
teamtailor,protectvakthold,11,https://protectvakthold.teamtailor.com/
teamtailor,providentmexico,100,https://providentmexico.teamtailor.com/
teamtailor,providentromania,20,https://providentromania.teamtailor.com/
teamtailor,pspartnerjobs,9,https://pspartnerjobs.teamtailor.com/
teamtailor,psssecuritas,20,https://psssecuritas.teamtailor.com/
teamtailor,psykologpartners,2,https://psykologpartners.teamtailor.com/
teamtailor,ptsgaccesssafetyltd,6,https://ptsgaccesssafetyltd.teamtailor.com/
teamtailor,publicpeople,3,https://publicpeople.teamtailor.com/
teamtailor,publiklysekil,14,https://publiklysekil.teamtailor.com/
teamtailor,pubsaintgermain,8,https://pubsaintgermain.teamtailor.com/
teamtailor,puhdistamo,2,https://puhdistamo.teamtailor.com/
teamtailor,puntonet,47,https://puntonet.teamtailor.com/
teamtailor,purplerekrytering,17,https://purplerekrytering.teamtailor.com/
teamtailor,pylon,5,https://pylon.teamtailor.com/
teamtailor,qare-1744903577,1,https://qare-1744903577.teamtailor.com/
teamtailor,qargo-1711385673,34,https://qargo-1711385673.teamtailor.com/
teamtailor,qbdbv,36,https://qbdbv.teamtailor.com/
teamtailor,qliro,11,https://qliro.teamtailor.com/
teamtailor,qlnr,1,https://qlnr.teamtailor.com/
teamtailor,qobra-1663251916,4,https://qobra-1663251916.teamtailor.com/
teamtailor,qsperformanceab,2,https://qsperformanceab.teamtailor.com/
teamtailor,quarks,4,https://quarks.teamtailor.com/
teamtailor,qubitpharmaceuticals,1,https://qubitpharmaceuticals.teamtailor.com/
teamtailor,quintessentialbrandsgroup-1639474746,3,https://quintessentialbrandsgroup-1639474746.teamtailor.com/
teamtailor,quorso,3,https://quorso.teamtailor.com/
teamtailor,qurant,1,https://qurant.teamtailor.com/
teamtailor,raddabarnen,5,https://raddabarnen.teamtailor.com/
teamtailor,raggamuffin,1,https://raggamuffin.teamtailor.com/
teamtailor,raidboxes,1,https://raidboxes.teamtailor.com/
teamtailor,raisiooyj,1,https://raisiooyj.teamtailor.com/
teamtailor,raona,22,https://raona.teamtailor.com/
teamtailor,rawfury,2,https://rawfury.teamtailor.com/
teamtailor,rawpowergames-1700833558,2,https://rawpowergames-1700833558.teamtailor.com/
teamtailor,rcseng,2,https://rcseng.teamtailor.com/
teamtailor,rdtingenieros,100,https://rdtingenieros.teamtailor.com/
teamtailor,realtime,1,https://realtime.teamtailor.com/
teamtailor,recruiter,1,https://recruiter.teamtailor.com/
teamtailor,recruitmentteam-1615924888-go-get-beauty-people,8,https://recruitmentteam-1615924888-go-get-beauty-people.teamtailor.com/
teamtailor,redepeople,6,https://redepeople.teamtailor.com/
teamtailor,reelenergy-1727862339,3,https://reelenergy-1727862339.teamtailor.com/
teamtailor,rehabassistans,6,https://rehabassistans.teamtailor.com/
teamtailor,rekomgroup,7,https://rekomgroup.teamtailor.com/
teamtailor,rekryteringsspecialisten,41,https://rekryteringsspecialisten.teamtailor.com/
teamtailor,relaxgaming-1745825300,8,https://relaxgaming-1745825300.teamtailor.com/
teamtailor,renoagroupoy,17,https://renoagroupoy.teamtailor.com/
teamtailor,resolvers-1709112181,1,https://resolvers-1709112181.teamtailor.com/
teamtailor,resorthotelsspain,46,https://resorthotelsspain.teamtailor.com/
teamtailor,restauranglulu,3,https://restauranglulu.teamtailor.com/
teamtailor,retailknowledgeab,26,https://retailknowledgeab.teamtailor.com/
teamtailor,rightathomecork,2,https://rightathomecork.teamtailor.com/
teamtailor,rightathomeukmidsussex,2,https://rightathomeukmidsussex.teamtailor.com/
teamtailor,riipinenrestaurants,9,https://riipinenrestaurants.teamtailor.com/
teamtailor,riserank,7,https://riserank.teamtailor.com/
teamtailor,rize-1730897254,9,https://rize-1730897254.teamtailor.com/
teamtailor,roccofortehotelsgermany,10,https://roccofortehotelsgermany.teamtailor.com/
teamtailor,roomrepublic,7,https://roomrepublic.teamtailor.com/
teamtailor,rootz,1,https://rootz.teamtailor.com/
teamtailor,ropeaccess,2,https://ropeaccess.teamtailor.com/
teamtailor,roxelfrance,61,https://roxelfrance.teamtailor.com/
teamtailor,royalgrammarschoolguildford,4,https://royalgrammarschoolguildford.teamtailor.com/
teamtailor,rtone,3,https://rtone.teamtailor.com/
teamtailor,rygr,2,https://rygr.teamtailor.com/
teamtailor,saasteamblue,2,https://saasteamblue.teamtailor.com/
teamtailor,sabisab,9,https://sabisab.teamtailor.com/
teamtailor,sablegroupe,8,https://sablegroupe.teamtailor.com/
teamtailor,sabrura,59,https://sabrura.teamtailor.com/
teamtailor,sacyr,100,https://sacyr.teamtailor.com/
teamtailor,safeteam,5,https://safeteam.teamtailor.com/
teamtailor,safewill,3,https://safewill.teamtailor.com/
teamtailor,sahar-1698832128,2,https://sahar-1698832128.teamtailor.com/
teamtailor,salboheds,9,https://salboheds.teamtailor.com/
teamtailor,salescollective,7,https://salescollective.teamtailor.com/
teamtailor,sallyqab,15,https://sallyqab.teamtailor.com/
teamtailor,saltx,1,https://saltx.teamtailor.com/
teamtailor,samblagroupab,8,https://samblagroupab.teamtailor.com/
teamtailor,samcert,1,https://samcert.teamtailor.com/
teamtailor,sandboxarteabankas-demo,8,https://sandboxarteabankas-demo.teamtailor.com/
teamtailor,sandboxsaurtestjtmo-1743074489,10,https://sandboxsaurtestjtmo-1743074489.teamtailor.com/
teamtailor,santafeinstitute,2,https://santafeinstitute.teamtailor.com/
teamtailor,santashotels,1,https://santashotels.teamtailor.com/
teamtailor,saps,11,https://saps.teamtailor.com/
teamtailor,sarlnbd,10,https://sarlnbd.teamtailor.com/
teamtailor,savillssweden,1,https://savillssweden.teamtailor.com/
teamtailor,scaldabv,7,https://scaldabv.teamtailor.com/
teamtailor,scaleupxq,8,https://scaleupxq.teamtailor.com/
teamtailor,scaniabemanning,13,https://scaniabemanning.teamtailor.com/
teamtailor,schauenburghosetechnologygmbh,16,https://schauenburghosetechnologygmbh.teamtailor.com/
teamtailor,scoro-1669049295,6,https://scoro-1669049295.teamtailor.com/
teamtailor,scrive-1581940106,6,https://scrive-1581940106.teamtailor.com/
teamtailor,sdworxnv,100,https://sdworxnv.teamtailor.com/
teamtailor,sdworxstaffingcareersolutionsnv,26,https://sdworxstaffingcareersolutionsnv.teamtailor.com/
teamtailor,securus,9,https://securus.teamtailor.com/
teamtailor,seenconnects-1743434611,2,https://seenconnects-1743434611.teamtailor.com/
teamtailor,sekqatar,1,https://sekqatar.teamtailor.com/
teamtailor,selatek,6,https://selatek.teamtailor.com/
teamtailor,selectabv,12,https://selectabv.teamtailor.com/
teamtailor,selectafinland,1,https://selectafinland.teamtailor.com/
teamtailor,seletiaexecutivesearch,22,https://seletiaexecutivesearch.teamtailor.com/
teamtailor,sendsafely,1,https://sendsafely.teamtailor.com/
teamtailor,seneringenieria,100,https://seneringenieria.teamtailor.com/
teamtailor,seniormaterial,5,https://seniormaterial.teamtailor.com/
teamtailor,seniorstyrken,31,https://seniorstyrken.teamtailor.com/
teamtailor,sensiono,6,https://sensiono.teamtailor.com/
teamtailor,sententia,3,https://sententia.teamtailor.com/
teamtailor,seriosgroup,7,https://seriosgroup.teamtailor.com/
teamtailor,seurerekrytointi,5,https://seurerekrytointi.teamtailor.com/
teamtailor,sevr,15,https://sevr.teamtailor.com/
teamtailor,sh,7,https://sh.teamtailor.com/
teamtailor,sharkbemanning,4,https://sharkbemanning.teamtailor.com/
teamtailor,shoptet,6,https://shoptet.teamtailor.com/
teamtailor,sibylone,12,https://sibylone.teamtailor.com/
teamtailor,sidagroup,25,https://sidagroup.teamtailor.com/
teamtailor,siemersspezialistengmbh-1738597040,20,https://siemersspezialistengmbh-1738597040.teamtailor.com/
teamtailor,silentium-1747743065,5,https://silentium-1747743065.teamtailor.com/
teamtailor,silverspin,7,https://silverspin.teamtailor.com/
teamtailor,sireos-1729689904,23,https://sireos-1729689904.teamtailor.com/
teamtailor,sirona,2,https://sirona.teamtailor.com/
teamtailor,sitowise,6,https://sitowise.teamtailor.com/
teamtailor,sixhuntersconsultants,8,https://sixhuntersconsultants.teamtailor.com/
teamtailor,sjab,15,https://sjab.teamtailor.com/
teamtailor,skandiamaklarna,35,https://skandiamaklarna.teamtailor.com/
teamtailor,skibikehike,5,https://skibikehike.teamtailor.com/
teamtailor,skillity,1,https://skillity.teamtailor.com/
teamtailor,skillscandinavia-1737118918,2,https://skillscandinavia-1737118918.teamtailor.com/
teamtailor,skillyou,17,https://skillyou.teamtailor.com/
teamtailor,skyted,1,https://skyted.teamtailor.com/
teamtailor,sleepcycleab,1,https://sleepcycleab.teamtailor.com/
teamtailor,sllenergiinfrastruktur,7,https://sllenergiinfrastruktur.teamtailor.com/
teamtailor,smartdokas,1,https://smartdokas.teamtailor.com/
teamtailor,smithsgloucester,24,https://smithsgloucester.teamtailor.com/
teamtailor,snefsa-demo,100,https://snefsa-demo.teamtailor.com/
teamtailor,sodervidningebagaren,4,https://sodervidningebagaren.teamtailor.com/
teamtailor,sodrasandbox,1,https://sodrasandbox.teamtailor.com/
teamtailor,soeur-1711354805,52,https://soeur-1711354805.teamtailor.com/
teamtailor,sofigategroupoy,5,https://sofigategroupoy.teamtailor.com/
teamtailor,softhouse,9,https://softhouse.teamtailor.com/
teamtailor,sokigo,2,https://sokigo.teamtailor.com/
teamtailor,solohealth,68,https://solohealth.teamtailor.com/
teamtailor,somersetcricketclub,2,https://somersetcricketclub.teamtailor.com/
teamtailor,sonatas,2,https://sonatas.teamtailor.com/
teamtailor,sonergia-1732699776,6,https://sonergia-1732699776.teamtailor.com/
teamtailor,sospro,5,https://sospro.teamtailor.com/
teamtailor,sot,1,https://sot.teamtailor.com/
teamtailor,spacenk,86,https://spacenk.teamtailor.com/
teamtailor,sparbankenenkoping,1,https://sparbankenenkoping.teamtailor.com/
teamtailor,spawnpointmedia-1677622320,15,https://spawnpointmedia-1677622320.teamtailor.com/
teamtailor,spenst,22,https://spenst.teamtailor.com/
teamtailor,spoonas,1,https://spoonas.teamtailor.com/
teamtailor,sportproffsen,3,https://sportproffsen.teamtailor.com/
teamtailor,springbokproperties-1743070093,5,https://springbokproperties-1743070093.teamtailor.com/
teamtailor,sproud,1,https://sproud.teamtailor.com/
teamtailor,sps-demo,8,https://sps-demo.teamtailor.com/
teamtailor,squeeze,10,https://squeeze.teamtailor.com/
teamtailor,stadkonsult-1661844412,1,https://stadkonsult-1661844412.teamtailor.com/
teamtailor,staffconnectsa,2,https://staffconnectsa.teamtailor.com/
teamtailor,stardust,8,https://stardust.teamtailor.com/
teamtailor,staysuregroup,4,https://staysuregroup.teamtailor.com/
teamtailor,stena,2,https://stena.teamtailor.com/
teamtailor,stendahlsbil,2,https://stendahlsbil.teamtailor.com/
teamtailor,stendias,29,https://stendias.teamtailor.com/
teamtailor,stichtingtravers,33,https://stichtingtravers.teamtailor.com/
teamtailor,stichtingtravers-doomijn,30,https://stichtingtravers-doomijn.teamtailor.com/
teamtailor,stiltzhomeliftsusa,4,https://stiltzhomeliftsusa.teamtailor.com/
teamtailor,stim,1,https://stim.teamtailor.com/
teamtailor,storallearning,100,https://storallearning.teamtailor.com/
teamtailor,storenorskeas,3,https://storenorskeas.teamtailor.com/
teamtailor,stoten,1,https://stoten.teamtailor.com/
teamtailor,strategicmanagementpartners,4,https://strategicmanagementpartners.teamtailor.com/
teamtailor,stretch,18,https://stretch.teamtailor.com/
teamtailor,stretchdanmark,1,https://stretchdanmark.teamtailor.com/
teamtailor,stretchnorge,3,https://stretchnorge.teamtailor.com/
teamtailor,strongproductions,1,https://strongproductions.teamtailor.com/
teamtailor,strongproductionscareer,1,https://strongproductionscareer.teamtailor.com/
teamtailor,sts,1,https://sts.teamtailor.com/
teamtailor,sts-1734615159,6,https://sts-1734615159.teamtailor.com/
teamtailor,studioworks,1,https://studioworks.teamtailor.com/
teamtailor,suomenhenkilostopoolioy,1,https://suomenhenkilostopoolioy.teamtailor.com/
teamtailor,suomenrakennuskone,1,https://suomenrakennuskone.teamtailor.com/
teamtailor,suramagnets,1,https://suramagnets.teamtailor.com/
teamtailor,svealand,8,https://svealand.teamtailor.com/
teamtailor,svenskaturistforeningen-1692264274,9,https://svenskaturistforeningen-1692264274.teamtailor.com/
teamtailor,svenskavetcareers,17,https://svenskavetcareers.teamtailor.com/
teamtailor,svevia,20,https://svevia.teamtailor.com/
teamtailor,swedenhrgroup,3,https://swedenhrgroup.teamtailor.com/
teamtailor,swedlock,3,https://swedlock.teamtailor.com/
teamtailor,sweedbeauty,8,https://sweedbeauty.teamtailor.com/
teamtailor,sweetpunk-1672394585,1,https://sweetpunk-1672394585.teamtailor.com/
teamtailor,swegonitaly,4,https://swegonitaly.teamtailor.com/
teamtailor,swiftgames,1,https://swiftgames.teamtailor.com/
teamtailor,swooshsverige,11,https://swooshsverige.teamtailor.com/
teamtailor,syklo,1,https://syklo.teamtailor.com/
teamtailor,synapsis,2,https://synapsis.teamtailor.com/
teamtailor,syndicode,1,https://syndicode.teamtailor.com/
teamtailor,synertek,6,https://synertek.teamtailor.com/
teamtailor,synsamgroup,100,https://synsamgroup.teamtailor.com/
teamtailor,systemsaccountantsclient,11,https://systemsaccountantsclient.teamtailor.com/
teamtailor,tacticaladventures,2,https://tacticaladventures.teamtailor.com/
teamtailor,tahoetruckeeusd,42,https://tahoetruckeeusd.teamtailor.com/
teamtailor,tailscom,5,https://tailscom.teamtailor.com/
teamtailor,talenom,2,https://talenom.teamtailor.com/
teamtailor,talented-1629976478,7,https://talented-1629976478.teamtailor.com/
teamtailor,talentflow,18,https://talentflow.teamtailor.com/
teamtailor,talentiko-1700489625,2,https://talentiko-1700489625.teamtailor.com/
teamtailor,talentmatchmakerssrl,1,https://talentmatchmakerssrl.teamtailor.com/
teamtailor,talentpeople,4,https://talentpeople.teamtailor.com/
teamtailor,talentumpartners-1750142895,4,https://talentumpartners-1750142895.teamtailor.com/
teamtailor,talentx,9,https://talentx.teamtailor.com/
teamtailor,tamedia-demo,6,https://tamedia-demo.teamtailor.com/
teamtailor,tandgglobal,8,https://tandgglobal.teamtailor.com/
teamtailor,tandvardshusetab,3,https://tandvardshusetab.teamtailor.com/
teamtailor,targetitalia,42,https://targetitalia.teamtailor.com/
teamtailor,taxijobb,11,https://taxijobb.teamtailor.com/
teamtailor,tbgroupscandinavia,2,https://tbgroupscandinavia.teamtailor.com/
teamtailor,tcogroup,1,https://tcogroup.teamtailor.com/
teamtailor,teamblue,83,https://teamblue.teamtailor.com/
teamtailor,teambluehungary,1,https://teambluehungary.teamtailor.com/
teamtailor,teambluemaxcluster,1,https://teambluemaxcluster.teamtailor.com/
teamtailor,teamblueslovakia,4,https://teamblueslovakia.teamtailor.com/
teamtailor,teamlewis,29,https://teamlewis.teamtailor.com/
teamtailor,teamliquid,14,https://teamliquid.teamtailor.com/
teamtailor,techniquesolairesarl,42,https://techniquesolairesarl.teamtailor.com/
teamtailor,techsee,3,https://techsee.teamtailor.com/
teamtailor,telenorsweden,13,https://telenorsweden.teamtailor.com/
teamtailor,teleplanglobe,15,https://teleplanglobe.teamtailor.com/
teamtailor,teleserviceskane,1,https://teleserviceskane.teamtailor.com/
teamtailor,temporing,100,https://temporing.teamtailor.com/
teamtailor,tennaxia-1730368867,8,https://tennaxia-1730368867.teamtailor.com/
teamtailor,tersea,15,https://tersea.teamtailor.com/
teamtailor,tfscro,31,https://tfscro.teamtailor.com/
teamtailor,tgsfrance,45,https://tgsfrance.teamtailor.com/
teamtailor,thalamus,22,https://thalamus.teamtailor.com/
teamtailor,thales,21,https://thales.teamtailor.com/
teamtailor,thatchamresearch-1728053163,4,https://thatchamresearch-1728053163.teamtailor.com/
teamtailor,thecasumolimited,2,https://thecasumolimited.teamtailor.com/
teamtailor,thefirstimpressioncompany,2,https://thefirstimpressioncompany.teamtailor.com/
teamtailor,thefrenchbastards-1723124849,20,https://thefrenchbastards-1723124849.teamtailor.com/
teamtailor,theitaliangreyhound,3,https://theitaliangreyhound.teamtailor.com/
teamtailor,thekitefactory-1690189401,1,https://thekitefactory-1690189401.teamtailor.com/
teamtailor,thelodge,3,https://thelodge.teamtailor.com/
teamtailor,themissiongroup,10,https://themissiongroup.teamtailor.com/
teamtailor,thenewjob,15,https://thenewjob.teamtailor.com/
teamtailor,theprivateoffice,7,https://theprivateoffice.teamtailor.com/
teamtailor,theqrillcompanyas-1739371866,7,https://theqrillcompanyas-1739371866.teamtailor.com/
teamtailor,therapieclinic,78,https://therapieclinic.teamtailor.com/
teamtailor,therapieland,1,https://therapieland.teamtailor.com/
teamtailor,thesparrow,2,https://thesparrow.teamtailor.com/
teamtailor,thetonicconsultancy,6,https://thetonicconsultancy.teamtailor.com/
teamtailor,theunforgettableagency,2,https://theunforgettableagency.teamtailor.com/
teamtailor,theunlimited,10,https://theunlimited.teamtailor.com/
teamtailor,theworks,84,https://theworks.teamtailor.com/
teamtailor,thisplace,1,https://thisplace.teamtailor.com/
teamtailor,thomashardie,15,https://thomashardie.teamtailor.com/
teamtailor,tillvaxtbotkyrka,46,https://tillvaxtbotkyrka.teamtailor.com/
teamtailor,tinet,8,https://tinet.teamtailor.com/
teamtailor,tmforum-1690453371,8,https://tmforum-1690453371.teamtailor.com/
teamtailor,tmpo,2,https://tmpo.teamtailor.com/
teamtailor,tmvcapital,62,https://tmvcapital.teamtailor.com/
teamtailor,toimistomummola,1,https://toimistomummola.teamtailor.com/
teamtailor,topdoctors,14,https://topdoctors.teamtailor.com/
teamtailor,totalenvironmentalcomplianceltd,22,https://totalenvironmentalcomplianceltd.teamtailor.com/
teamtailor,toyotafinancialservices,1,https://toyotafinancialservices.teamtailor.com/
teamtailor,tquilaautomation-1717075446,4,https://tquilaautomation-1717075446.teamtailor.com/
teamtailor,traftec,5,https://traftec.teamtailor.com/
teamtailor,traineesor-1727441936,1,https://traineesor-1727441936.teamtailor.com/
teamtailor,trakkenwebservicesgmbh,6,https://trakkenwebservicesgmbh.teamtailor.com/
teamtailor,transatel,24,https://transatel.teamtailor.com/
teamtailor,transdev,26,https://transdev.teamtailor.com/
teamtailor,treatyoakcleanenergy,7,https://treatyoakcleanenergy.teamtailor.com/
teamtailor,treballaplataformaeducativa,16,https://treballaplataformaeducativa.teamtailor.com/
teamtailor,trecom,3,https://trecom.teamtailor.com/
teamtailor,trekoab,4,https://trekoab.teamtailor.com/
teamtailor,triggeroslo,2,https://triggeroslo.teamtailor.com/
teamtailor,trimero,6,https://trimero.teamtailor.com/
teamtailor,tripletexas,3,https://tripletexas.teamtailor.com/
teamtailor,tritecintervento,2,https://tritecintervento.teamtailor.com/
teamtailor,troot,4,https://troot.teamtailor.com/
teamtailor,truckforce,35,https://truckforce.teamtailor.com/
teamtailor,trustpair,14,https://trustpair.teamtailor.com/
teamtailor,tucswedeninternt,100,https://tucswedeninternt.teamtailor.com/
teamtailor,tunstallgermany,3,https://tunstallgermany.teamtailor.com/
teamtailor,tunstalloy,1,https://tunstalloy.teamtailor.com/
teamtailor,tv2,1,https://tv2.teamtailor.com/
teamtailor,twigeo,6,https://twigeo.teamtailor.com/
teamtailor,twitchhealthcapital,2,https://twitchhealthcapital.teamtailor.com/
teamtailor,twobirdssweden,2,https://twobirdssweden.teamtailor.com/
teamtailor,twodaynorway,13,https://twodaynorway.teamtailor.com/
teamtailor,twodayunitedarabemirates,2,https://twodayunitedarabemirates.teamtailor.com/
teamtailor,tykoflexab,3,https://tykoflexab.teamtailor.com/
teamtailor,ubiqaerospace,5,https://ubiqaerospace.teamtailor.com/
teamtailor,ucademy,52,https://ucademy.teamtailor.com/
teamtailor,uebrigegesellschaften,3,https://uebrigegesellschaften.teamtailor.com/
teamtailor,undiz,48,https://undiz.teamtailor.com/
teamtailor,ungdomskraftab,2,https://ungdomskraftab.teamtailor.com/
teamtailor,unilasalle,26,https://unilasalle.teamtailor.com/
teamtailor,uniqcompetence,11,https://uniqcompetence.teamtailor.com/
teamtailor,usgnorthamerica,50,https://usgnorthamerica.teamtailor.com/
teamtailor,vaccinationsgruppenab,2,https://vaccinationsgruppenab.teamtailor.com/
teamtailor,vaccindirektisverigeab,15,https://vaccindirektisverigeab.teamtailor.com/
teamtailor,vaccinova,11,https://vaccinova.teamtailor.com/
teamtailor,valianthr,2,https://valianthr.teamtailor.com/
teamtailor,valsea,6,https://valsea.teamtailor.com/
teamtailor,valuegroupas,1,https://valuegroupas.teamtailor.com/
teamtailor,values,2,https://values.teamtailor.com/
teamtailor,vandelanotte-1726559849,47,https://vandelanotte-1726559849.teamtailor.com/
teamtailor,vargroupspa-1735832549,63,https://vargroupspa-1735832549.teamtailor.com/
teamtailor,vasakronan,3,https://vasakronan.teamtailor.com/
teamtailor,vdlconseil-1703611437,17,https://vdlconseil-1703611437.teamtailor.com/
teamtailor,veesionvf,5,https://veesionvf.teamtailor.com/
teamtailor,veholithuania,1,https://veholithuania.teamtailor.com/
teamtailor,veidec,1,https://veidec.teamtailor.com/
teamtailor,veidekke,26,https://veidekke.teamtailor.com/
teamtailor,vektorconsultingas,3,https://vektorconsultingas.teamtailor.com/
teamtailor,vento,1,https://vento.teamtailor.com/
teamtailor,veo,5,https://veo.teamtailor.com/
teamtailor,veoneerfr,2,https://veoneerfr.teamtailor.com/
teamtailor,veoneerus,1,https://veoneerus.teamtailor.com/
teamtailor,veprox,7,https://veprox.teamtailor.com/
teamtailor,verahill,3,https://verahill.teamtailor.com/
teamtailor,vesiveksverige,1,https://vesiveksverige.teamtailor.com/
teamtailor,veterinaria,13,https://veterinaria.teamtailor.com/
teamtailor,vetmigo,9,https://vetmigo.teamtailor.com/
teamtailor,viajesparati,6,https://viajesparati.teamtailor.com/
teamtailor,vic,14,https://vic.teamtailor.com/
teamtailor,victoriahem,19,https://victoriahem.teamtailor.com/
teamtailor,viewgroupsverige,3,https://viewgroupsverige.teamtailor.com/
teamtailor,viewledger-1678201118,2,https://viewledger-1678201118.teamtailor.com/
teamtailor,viljaniof,12,https://viljaniof.teamtailor.com/
teamtailor,villafridhem,1,https://villafridhem.teamtailor.com/
teamtailor,villoid-1646735690,4,https://villoid-1646735690.teamtailor.com/
teamtailor,vincienergiesfinland,1,https://vincienergiesfinland.teamtailor.com/
teamtailor,vincienergiesuk,100,https://vincienergiesuk.teamtailor.com/
teamtailor,vincitoyj,8,https://vincitoyj.teamtailor.com/
teamtailor,vipas,13,https://vipas.teamtailor.com/
teamtailor,vipo,2,https://vipo.teamtailor.com/
teamtailor,viragames,11,https://viragames.teamtailor.com/
teamtailor,visere,16,https://visere.teamtailor.com/
teamtailor,viskoteepakbelgium,2,https://viskoteepakbelgium.teamtailor.com/
teamtailor,viskoteepakczechrepublic,2,https://viskoteepakczechrepublic.teamtailor.com/
teamtailor,viskoteepakglobal,7,https://viskoteepakglobal.teamtailor.com/
teamtailor,viskoteepakmexico,1,https://viskoteepakmexico.teamtailor.com/
teamtailor,viskoteepakpoland,1,https://viskoteepakpoland.teamtailor.com/
teamtailor,viskoteepakusa,1,https://viskoteepakusa.teamtailor.com/
teamtailor,vismaeconomic,6,https://vismaeconomic.teamtailor.com/
teamtailor,vismaenterpriseas,2,https://vismaenterpriseas.teamtailor.com/
teamtailor,vismafinland,2,https://vismafinland.teamtailor.com/
teamtailor,vismaflytas,2,https://vismaflytas.teamtailor.com/
teamtailor,visorai-1692009473,4,https://visorai-1692009473.teamtailor.com/
teamtailor,vistaverbundfurintegrativesozialeun,12,https://vistaverbundfurintegrativesozialeun.teamtailor.com/
teamtailor,visualised,1,https://visualised.teamtailor.com/
teamtailor,vitecinromania,1,https://vitecinromania.teamtailor.com/
teamtailor,vitecnetherlands,10,https://vitecnetherlands.teamtailor.com/
teamtailor,vivant,40,https://vivant.teamtailor.com/
teamtailor,vivat,64,https://vivat.teamtailor.com/
teamtailor,vividgamessa,1,https://vividgamessa.teamtailor.com/
teamtailor,vivobarefoot,13,https://vivobarefoot.teamtailor.com/
teamtailor,volkswagengroup,4,https://volkswagengroup.teamtailor.com/
teamtailor,volkswagengroupfrance,6,https://volkswagengroupfrance.teamtailor.com/
teamtailor,vroomly,17,https://vroomly.teamtailor.com/
teamtailor,vsvkonsernivakkasuomenvoima,4,https://vsvkonsernivakkasuomenvoima.teamtailor.com/
teamtailor,wallenstam,2,https://wallenstam.teamtailor.com/
teamtailor,walterlillycolimited,2,https://walterlillycolimited.teamtailor.com/
teamtailor,warnestadgruppen,2,https://warnestadgruppen.teamtailor.com/
teamtailor,wateraid,2,https://wateraid.teamtailor.com/
teamtailor,wattdb-demo,1,https://wattdb-demo.teamtailor.com/
teamtailor,wayoo,2,https://wayoo.teamtailor.com/
teamtailor,webbfontainegroup,7,https://webbfontainegroup.teamtailor.com/
teamtailor,webmasterybv,2,https://webmasterybv.teamtailor.com/
teamtailor,webstraining-1725448992,2,https://webstraining-1725448992.teamtailor.com/
teamtailor,webstrategies,2,https://webstrategies.teamtailor.com/
teamtailor,webworks,3,https://webworks.teamtailor.com/
teamtailor,weconoy,3,https://weconoy.teamtailor.com/
teamtailor,welnetworks,3,https://welnetworks.teamtailor.com/
teamtailor,werkstanorge,18,https://werkstanorge.teamtailor.com/
teamtailor,werkstasweden,32,https://werkstasweden.teamtailor.com/
teamtailor,westerberg,1,https://westerberg.teamtailor.com/
teamtailor,westinvestgroupoy,3,https://westinvestgroupoy.teamtailor.com/
teamtailor,whataventuregmbh-1715931124,7,https://whataventuregmbh-1715931124.teamtailor.com/
teamtailor,whitestuff,76,https://whitestuff.teamtailor.com/
teamtailor,whoz,10,https://whoz.teamtailor.com/
teamtailor,wihuri,4,https://wihuri.teamtailor.com/
teamtailor,winaparbeitsvermittlung,12,https://winaparbeitsvermittlung.teamtailor.com/
teamtailor,windyboats-1610111346,3,https://windyboats-1610111346.teamtailor.com/
teamtailor,winlas-1647260497,3,https://winlas-1647260497.teamtailor.com/
teamtailor,winrowrekrytering,2,https://winrowrekrytering.teamtailor.com/
teamtailor,wippiiwork,11,https://wippiiwork.teamtailor.com/
teamtailor,wiseandthrive,1,https://wiseandthrive.teamtailor.com/
teamtailor,wndyab,1,https://wndyab.teamtailor.com/
teamtailor,workationgroup,2,https://workationgroup.teamtailor.com/
teamtailor,workinquebec,52,https://workinquebec.teamtailor.com/
teamtailor,worknowoy,65,https://worknowoy.teamtailor.com/
teamtailor,workweb,24,https://workweb.teamtailor.com/
teamtailor,wsa1,45,https://wsa1.teamtailor.com/
teamtailor,wsa3,92,https://wsa3.teamtailor.com/
teamtailor,wspfinland,14,https://wspfinland.teamtailor.com/
teamtailor,wspnetherlands,41,https://wspnetherlands.teamtailor.com/
teamtailor,wurthempleos,25,https://wurthempleos.teamtailor.com/
teamtailor,wwfverdensnaturfond,2,https://wwfverdensnaturfond.teamtailor.com/
teamtailor,xeeda,3,https://xeeda.teamtailor.com/
teamtailor,xenit,6,https://xenit.teamtailor.com/
teamtailor,xrbolagenab,2,https://xrbolagenab.teamtailor.com/
teamtailor,xshore,2,https://xshore.teamtailor.com/
teamtailor,xxlfinland,6,https://xxlfinland.teamtailor.com/
teamtailor,xxlnorge,21,https://xxlnorge.teamtailor.com/
teamtailor,xxlsverige,30,https://xxlsverige.teamtailor.com/
teamtailor,yego,8,https://yego.teamtailor.com/
teamtailor,yooz-1699033978,6,https://yooz-1699033978.teamtailor.com/
teamtailor,yopa,50,https://yopa.teamtailor.com/
teamtailor,yoump-1740392732,14,https://yoump-1740392732.teamtailor.com/
teamtailor,yourstudio-1696416777,2,https://yourstudio-1696416777.teamtailor.com/
teamtailor,yoursurprise,12,https://yoursurprise.teamtailor.com/
teamtailor,ytdvincienergiesafriqueouest,74,https://ytdvincienergiesafriqueouest.teamtailor.com/
teamtailor,zaibatsuinteractiveoy,1,https://zaibatsuinteractiveoy.teamtailor.com/
teamtailor,zample,2,https://zample.teamtailor.com/
teamtailor,zanders,28,https://zanders.teamtailor.com/
teamtailor,zenitech,2,https://zenitech.teamtailor.com/
teamtailor,zeronbv,4,https://zeronbv.teamtailor.com/
teamtailor,zoey,7,https://zoey.teamtailor.com/
teamtailor,zozium,1,https://zozium.teamtailor.com/
teamtailor,zrive,13,https://zrive.teamtailor.com/
teamtailor,zynka,1,https://zynka.teamtailor.com/
breezy,021-strategic,4,https://021-strategic.breezy.hr/
breezy,1-grid,1,https://1-grid.breezy.hr/
breezy,1aes,2,https://1aes.breezy.hr/
breezy,1st-edge-llc,5,https://1st-edge-llc.breezy.hr/
breezy,25madison-llc,8,https://25madison-llc.breezy.hr/
breezy,2ulaundry,5,https://2ulaundry.breezy.hr/
breezy,3-forks-services,14,https://3-forks-services.breezy.hr/
breezy,3brasseurs,18,https://3brasseurs.breezy.hr/
breezy,75f,1,https://75f.breezy.hr/
breezy,75f-apac,10,https://75f-apac.breezy.hr/
breezy,a-core-concrete-specialists,47,https://a-core-concrete-specialists.breezy.hr/
breezy,a-merante-contracting-inc,7,https://a-merante-contracting-inc.breezy.hr/
breezy,abel-cole,3,https://abel-cole.breezy.hr/
breezy,aberdeen-home-care,1,https://aberdeen-home-care.breezy.hr/
breezy,absolute-security,5,https://absolute-security.breezy.hr/
breezy,accelone,9,https://accelone.breezy.hr/
breezy,access-inc,1,https://access-inc.breezy.hr/
breezy,accessed-space,1,https://accessed-space.breezy.hr/
breezy,accordus,3,https://accordus.breezy.hr/
breezy,aceandcompany,4,https://aceandcompany.breezy.hr/
breezy,acrow-limited,5,https://acrow-limited.breezy.hr/
breezy,actimage,1,https://actimage.breezy.hr/
breezy,actims,9,https://actims.breezy.hr/
breezy,activate-group-limited,49,https://activate-group-limited.breezy.hr/
breezy,adah-international-llc,7,https://adah-international-llc.breezy.hr/
breezy,adquick,3,https://adquick.breezy.hr/
breezy,advance-financial,1,https://advance-financial.breezy.hr/
breezy,advanced-computer-solutions,1,https://advanced-computer-solutions.breezy.hr/
breezy,advanced-crypto-services-inc,5,https://advanced-crypto-services-inc.breezy.hr/
breezy,advanced-dri,19,https://advanced-dri.breezy.hr/
breezy,advancing-beyond-the-spectrum,9,https://advancing-beyond-the-spectrum.breezy.hr/
breezy,advantage-design-group,4,https://advantage-design-group.breezy.hr/
breezy,advekit,1,https://advekit.breezy.hr/
breezy,af,4,https://af.breezy.hr/
breezy,africaworks,1,https://africaworks.breezy.hr/
breezy,agileone,3,https://agileone.breezy.hr/
breezy,agricapture,1,https://agricapture.breezy.hr/
breezy,agriterra-equipment,9,https://agriterra-equipment.breezy.hr/
breezy,aion,1,https://aion.breezy.hr/
breezy,air-hr,1,https://air-hr.breezy.hr/
breezy,airont-labs,1,https://airont-labs.breezy.hr/
breezy,airplus-refrigeration-inc,1,https://airplus-refrigeration-inc.breezy.hr/
breezy,akkarbakkar,1,https://akkarbakkar.breezy.hr/
breezy,al-j-mueller-construction-co,1,https://al-j-mueller-construction-co.breezy.hr/
breezy,alabama-oncology,19,https://alabama-oncology.breezy.hr/
breezy,alabaster-city-schools,205,https://alabaster-city-schools.breezy.hr/
breezy,alchemy-software,1,https://alchemy-software.breezy.hr/
breezy,alem-sistem,2,https://alem-sistem.breezy.hr/
breezy,alemhealth,1,https://alemhealth.breezy.hr/
breezy,alfabs,13,https://alfabs.breezy.hr/
breezy,align-custom-fit-footwear-footcare,5,https://align-custom-fit-footwear-footcare.breezy.hr/
breezy,all-about-kids,1,https://all-about-kids.breezy.hr/
breezy,allana-buick-bers,14,https://allana-buick-bers.breezy.hr/
breezy,alliance-coal-and-affiliates-internship-program,1,https://alliance-coal-and-affiliates-internship-program.breezy.hr/
breezy,alliance-resource-partners-lp,2,https://alliance-resource-partners-lp.breezy.hr/
breezy,allure-aesthetics,3,https://allure-aesthetics.breezy.hr/
breezy,alpin-gmbh,2,https://alpin-gmbh.breezy.hr/
breezy,altierra,1,https://altierra.breezy.hr/
breezy,altitude-roofing-ltd,1,https://altitude-roofing-ltd.breezy.hr/
breezy,altus-pediatric-billing,3,https://altus-pediatric-billing.breezy.hr/
breezy,american-academy,1,https://american-academy.breezy.hr/
breezy,american-antiquarian-society,1,https://american-antiquarian-society.breezy.hr/
breezy,american-council-of-engineering-companies,1,https://american-council-of-engineering-companies.breezy.hr/
breezy,american-income-life-zuzick-associates,1,https://american-income-life-zuzick-associates.breezy.hr/
breezy,american-transport-team,256,https://american-transport-team.breezy.hr/
breezy,amfg,7,https://amfg.breezy.hr/
breezy,amity-solutions,7,https://amity-solutions.breezy.hr/
breezy,amuse,2,https://amuse.breezy.hr/
breezy,analyse2-oy,1,https://analyse2-oy.breezy.hr/
breezy,ancient-crunch,14,https://ancient-crunch.breezy.hr/
breezy,andolini-s-llc,15,https://andolini-s-llc.breezy.hr/
breezy,andonovo,1,https://andonovo.breezy.hr/
breezy,andrews-senior-care,18,https://andrews-senior-care.breezy.hr/
breezy,animate-behavior-llc,2,https://animate-behavior-llc.breezy.hr/
breezy,answeraide,1,https://answeraide.breezy.hr/
breezy,anthem-engineering,7,https://anthem-engineering.breezy.hr/
breezy,anthemic-inc,1,https://anthemic-inc.breezy.hr/
breezy,antidote,1,https://antidote.breezy.hr/
breezy,apm-music,1,https://apm-music.breezy.hr/
breezy,apollo-after-school,19,https://apollo-after-school.breezy.hr/
breezy,appointedd,2,https://appointedd.breezy.hr/
breezy,apption,1,https://apption.breezy.hr/
breezy,april-health,1,https://april-health.breezy.hr/
breezy,apriorit,1,https://apriorit.breezy.hr/
breezy,aqua-blue-pools,16,https://aqua-blue-pools.breezy.hr/
breezy,aquino-capital-group-llc-empowered-by-nexa-mortgage-llc,1,https://aquino-capital-group-llc-empowered-by-nexa-mortgage-llc.breezy.hr/
breezy,arapahoe-fire,3,https://arapahoe-fire.breezy.hr/
breezy,archangellightworks,10,https://archangellightworks.breezy.hr/
breezy,arclight-painting-llc,1,https://arclight-painting-llc.breezy.hr/
breezy,arizona-zipline-adventures,1,https://arizona-zipline-adventures.breezy.hr/
breezy,arrcc,5,https://arrcc.breezy.hr/
breezy,artis-llc,1,https://artis-llc.breezy.hr/
breezy,asantegold,8,https://asantegold.breezy.hr/
breezy,ascent-robotics,3,https://ascent-robotics.breezy.hr/
breezy,assc-hes-apprentissage-hfr,2,https://assc-hes-apprentissage-hfr.breezy.hr/
breezy,assignar,2,https://assignar.breezy.hr/
breezy,at-work-cincy,16,https://at-work-cincy.breezy.hr/
breezy,atec-inc,25,https://atec-inc.breezy.hr/
breezy,athletes-first,14,https://athletes-first.breezy.hr/
breezy,atlanta-cycling,54,https://atlanta-cycling.breezy.hr/
breezy,atlanticoceansidehotel,7,https://atlanticoceansidehotel.breezy.hr/
breezy,atlas-rfid-solutions-store-llc,2,https://atlas-rfid-solutions-store-llc.breezy.hr/
breezy,atp-flight-school,14,https://atp-flight-school.breezy.hr/
breezy,augment-life,1,https://augment-life.breezy.hr/
breezy,auric,6,https://auric.breezy.hr/
breezy,aurora-consulting,1,https://aurora-consulting.breezy.hr/
breezy,austin-retina-associates,18,https://austin-retina-associates.breezy.hr/
breezy,authority-brands-woofies,1,https://authority-brands-woofies.breezy.hr/
breezy,autotiv,3,https://autotiv.breezy.hr/
breezy,avalon-salons-and-spa,3,https://avalon-salons-and-spa.breezy.hr/
breezy,aviation-technology-associates-llc,29,https://aviation-technology-associates-llc.breezy.hr/
breezy,awarri,6,https://awarri.breezy.hr/
breezy,b-spoke-studios,10,https://b-spoke-studios.breezy.hr/
breezy,babylonstoren,36,https://babylonstoren.breezy.hr/
breezy,baisch-engineering,5,https://baisch-engineering.breezy.hr/
breezy,baked-bros,1,https://baked-bros.breezy.hr/
breezy,balani-custom-clothiers,5,https://balani-custom-clothiers.breezy.hr/
breezy,barharborinn,7,https://barharborinn.breezy.hr/
breezy,barloworldequipment,10,https://barloworldequipment.breezy.hr/
breezy,basicblock-inc,4,https://basicblock-inc.breezy.hr/
breezy,bassgordon,1,https://bassgordon.breezy.hr/
breezy,baymeadows-movers,1,https://baymeadows-movers.breezy.hr/
breezy,bayside-fire-and-security,3,https://bayside-fire-and-security.breezy.hr/
breezy,be-caring-ltd,14,https://be-caring-ltd.breezy.hr/
breezy,beagle-services,1,https://beagle-services.breezy.hr/
breezy,beam,1,https://beam.breezy.hr/
breezy,bear-group,1,https://bear-group.breezy.hr/
breezy,bederr,1,https://bederr.breezy.hr/
breezy,bedford-commons-obgyn,5,https://bedford-commons-obgyn.breezy.hr/
breezy,behavior-intervention-group,6,https://behavior-intervention-group.breezy.hr/
breezy,behavior-treatment-analysis,18,https://behavior-treatment-analysis.breezy.hr/
breezy,behavioral-health-field-inc,8,https://behavioral-health-field-inc.breezy.hr/
breezy,bellesa,5,https://bellesa.breezy.hr/
breezy,bellhop,1,https://bellhop.breezy.hr/
breezy,bellows,50,https://bellows.breezy.hr/
breezy,beta-bionics-inc,26,https://beta-bionics-inc.breezy.hr/
breezy,beter,15,https://beter.breezy.hr/
breezy,bettermynd,1,https://bettermynd.breezy.hr/
breezy,bettersource,4,https://bettersource.breezy.hr/
breezy,bexorg,2,https://bexorg.breezy.hr/
breezy,beyondfs,2,https://beyondfs.breezy.hr/
breezy,beyondwow,12,https://beyondwow.breezy.hr/
breezy,bicom-systems,1,https://bicom-systems.breezy.hr/
breezy,big-fat-smile-group-ltd,49,https://big-fat-smile-group-ltd.breezy.hr/
breezy,big-picture,1,https://big-picture.breezy.hr/
breezy,birthday-capsule,1,https://birthday-capsule.breezy.hr/
breezy,bitfire-games,1,https://bitfire-games.breezy.hr/
breezy,bitwave,3,https://bitwave.breezy.hr/
breezy,bizintek-innova,1,https://bizintek-innova.breezy.hr/
breezy,black-airplane,1,https://black-airplane.breezy.hr/
breezy,black-ink-business-services,2,https://black-ink-business-services.breezy.hr/
breezy,black-mcdonald-francais,2,https://black-mcdonald-francais.breezy.hr/
breezy,blanton-peale-institute,3,https://blanton-peale-institute.breezy.hr/
breezy,blended,1,https://blended.breezy.hr/
breezy,blessings-in-a-backpack,3,https://blessings-in-a-backpack.breezy.hr/
breezy,blockchainspace,1,https://blockchainspace.breezy.hr/
breezy,blue-bean-software-207b3997d9d4,11,https://blue-bean-software-207b3997d9d4.breezy.hr/
breezy,blue-ocean-ideas,1,https://blue-ocean-ideas.breezy.hr/
breezy,blue-sky-pest-control,3,https://blue-sky-pest-control.breezy.hr/
breezy,blueconduit,2,https://blueconduit.breezy.hr/
breezy,bluegrass-technologies-pty-ltd,3,https://bluegrass-technologies-pty-ltd.breezy.hr/
breezy,blueprint-smiles,6,https://blueprint-smiles.breezy.hr/
breezy,bluestem-biosciences,10,https://bluestem-biosciences.breezy.hr/
breezy,bluetread,1,https://bluetread.breezy.hr/
breezy,bmoc-group,1,https://bmoc-group.breezy.hr/
breezy,boba-guys,25,https://boba-guys.breezy.hr/
breezy,bobcat-transport,292,https://bobcat-transport.breezy.hr/
breezy,bold-metrics,1,https://bold-metrics.breezy.hr/
breezy,boldare,10,https://boldare.breezy.hr/
breezy,boldceo,1,https://boldceo.breezy.hr/
breezy,boll-branch,22,https://boll-branch.breezy.hr/
breezy,bond,2,https://bond.breezy.hr/
breezy,bond-pro-inc,1,https://bond-pro-inc.breezy.hr/
breezy,boot-civil-llc,1,https://boot-civil-llc.breezy.hr/
breezy,boston-scally,1,https://boston-scally.breezy.hr/
breezy,bothar-inc,1,https://bothar-inc.breezy.hr/
breezy,bounce-therapy,9,https://bounce-therapy.breezy.hr/
breezy,boxbar-tech,12,https://boxbar-tech.breezy.hr/
breezy,boxknight,1,https://boxknight.breezy.hr/
breezy,boxtro,48,https://boxtro.breezy.hr/
breezy,bradshaw-home,12,https://bradshaw-home.breezy.hr/
breezy,brainscape,1,https://brainscape.breezy.hr/
breezy,brandcrops,1,https://brandcrops.breezy.hr/
breezy,brandista,1,https://brandista.breezy.hr/
breezy,brandlovrs,1,https://brandlovrs.breezy.hr/
breezy,brauntransitionteam,1,https://brauntransitionteam.breezy.hr/
breezy,breakthrough,1,https://breakthrough.breezy.hr/
breezy,bridgecomm,1,https://bridgecomm.breezy.hr/
breezy,bridger-aerospace,8,https://bridger-aerospace.breezy.hr/
breezy,brisbane-powerhouse,5,https://brisbane-powerhouse.breezy.hr/
breezy,bristow-and-sutor-group,8,https://bristow-and-sutor-group.breezy.hr/
breezy,brookside-church,1,https://brookside-church.breezy.hr/
breezy,budapest-school,12,https://budapest-school.breezy.hr/
breezy,budget-right-handyman,1,https://budget-right-handyman.breezy.hr/
breezy,business-staffing-of-america-inc,3,https://business-staffing-of-america-inc.breezy.hr/
breezy,business-system-solutions,4,https://business-system-solutions.breezy.hr/
breezy,buypower,1,https://buypower.breezy.hr/
breezy,by-appointment-africa,2,https://by-appointment-africa.breezy.hr/
breezy,cal-com,1,https://cal-com.breezy.hr/
breezy,caliber-fitness,1,https://caliber-fitness.breezy.hr/
breezy,cambridge-security-services,17,https://cambridge-security-services.breezy.hr/
breezy,canadian-base-operators,13,https://canadian-base-operators.breezy.hr/
breezy,capitolhill-consortium-for-consulting-consultation-llc-cccc-llc,9,https://capitolhill-consortium-for-consulting-consultation-llc-cccc-llc.breezy.hr/
breezy,captainbook,1,https://captainbook.breezy.hr/
breezy,carbonhound-inc,1,https://carbonhound-inc.breezy.hr/
breezy,cardax-b-v,1,https://cardax-b-v.breezy.hr/
breezy,cardiology-associates-of-altoona-l-l-p,1,https://cardiology-associates-of-altoona-l-l-p.breezy.hr/
breezy,careers-hankooktire,24,https://careers-hankooktire.breezy.hr/
breezy,casa-speech-and-development,19,https://casa-speech-and-development.breezy.hr/
breezy,cascade-biocatalysts,2,https://cascade-biocatalysts.breezy.hr/
breezy,casm-limitlessli,64,https://casm-limitlessli.breezy.hr/
breezy,catallaxy,1,https://catallaxy.breezy.hr/
breezy,catsci-ltd,1,https://catsci-ltd.breezy.hr/
breezy,cause-concierge,1,https://cause-concierge.breezy.hr/
breezy,caxy-interactive,2,https://caxy-interactive.breezy.hr/
breezy,cdpsupportcenter,2,https://cdpsupportcenter.breezy.hr/
breezy,cefaly-technology,6,https://cefaly-technology.breezy.hr/
breezy,center-for-a-new-american-security,1,https://center-for-a-new-american-security.breezy.hr/
breezy,center-for-care-innovations,1,https://center-for-care-innovations.breezy.hr/
breezy,center-for-responsive-schools,6,https://center-for-responsive-schools.breezy.hr/
breezy,centerbrite,5,https://centerbrite.breezy.hr/
breezy,central-snowsports,1,https://central-snowsports.breezy.hr/
breezy,centurion-information-security,1,https://centurion-information-security.breezy.hr/
breezy,century-consulting-services,4,https://century-consulting-services.breezy.hr/
breezy,cfs,20,https://cfs.breezy.hr/
breezy,chargespot,1,https://chargespot.breezy.hr/
breezy,chat-assassins,1,https://chat-assassins.breezy.hr/
breezy,chayn-cio,1,https://chayn-cio.breezy.hr/
breezy,chazin-company,1,https://chazin-company.breezy.hr/
breezy,chesapeake-specialty-care,12,https://chesapeake-specialty-care.breezy.hr/
breezy,chess-wizards,199,https://chess-wizards.breezy.hr/
breezy,chessmood-inc,1,https://chessmood-inc.breezy.hr/
breezy,chief-detective,2,https://chief-detective.breezy.hr/
breezy,child-communication-and-behavior-specialists,27,https://child-communication-and-behavior-specialists.breezy.hr/
breezy,children-s-dental-funzone,64,https://children-s-dental-funzone.breezy.hr/
breezy,chinook-systems,8,https://chinook-systems.breezy.hr/
breezy,christopher-o-keeffe-cpa-llc,1,https://christopher-o-keeffe-cpa-llc.breezy.hr/
breezy,chromepms,4,https://chromepms.breezy.hr/
breezy,cims,1,https://cims.breezy.hr/
breezy,circle-s-studio,1,https://circle-s-studio.breezy.hr/
breezy,citiside-property-management,14,https://citiside-property-management.breezy.hr/
breezy,city-of-blue-springs,17,https://city-of-blue-springs.breezy.hr/
breezy,city-of-moab,1,https://city-of-moab.breezy.hr/
breezy,city-report-inc,1,https://city-report-inc.breezy.hr/
breezy,ciyis-llc,5,https://ciyis-llc.breezy.hr/
breezy,clarity-rcm,5,https://clarity-rcm.breezy.hr/
breezy,clarke-consulting,1,https://clarke-consulting.breezy.hr/
breezy,clearview-landscaping-design-construction,1,https://clearview-landscaping-design-construction.breezy.hr/
breezy,cleverbee-academy-llc,28,https://cleverbee-academy-llc.breezy.hr/
breezy,cleverclicks,2,https://cleverclicks.breezy.hr/
breezy,click-tie,1,https://click-tie.breezy.hr/
breezy,climate-defiance,8,https://climate-defiance.breezy.hr/
breezy,climavision,1,https://climavision.breezy.hr/
breezy,cloudcommerce,23,https://cloudcommerce.breezy.hr/
breezy,cloudcure,3,https://cloudcure.breezy.hr/
breezy,cloverleaf-care,2,https://cloverleaf-care.breezy.hr/
breezy,clovyr,2,https://clovyr.breezy.hr/
breezy,clubrunner,2,https://clubrunner.breezy.hr/
breezy,cluster-1-sa,8,https://cluster-1-sa.breezy.hr/
breezy,coc-consulting,1,https://coc-consulting.breezy.hr/
breezy,cocktail-holidays,1,https://cocktail-holidays.breezy.hr/
breezy,codebase,9,https://codebase.breezy.hr/
breezy,codelearn,1,https://codelearn.breezy.hr/
breezy,codeminders,2,https://codeminders.breezy.hr/
breezy,cogentlabs,10,https://cogentlabs.breezy.hr/
breezy,cognizo,1,https://cognizo.breezy.hr/
breezy,collectiv,4,https://collectiv.breezy.hr/
breezy,college-contact,1,https://college-contact.breezy.hr/
breezy,colnago-ernesto-e-c-srl,4,https://colnago-ernesto-e-c-srl.breezy.hr/
breezy,colonial-surety-company,17,https://colonial-surety-company.breezy.hr/
breezy,colossus,1,https://colossus.breezy.hr/
breezy,commercial-cleaning-services,14,https://commercial-cleaning-services.breezy.hr/
breezy,commercialtribe-inc,1,https://commercialtribe-inc.breezy.hr/
breezy,commerzbank-poland,45,https://commerzbank-poland.breezy.hr/
breezy,commonwealth-institute,1,https://commonwealth-institute.breezy.hr/
breezy,community-health-net,11,https://community-health-net.breezy.hr/
breezy,community-influencer-r,1,https://community-influencer-r.breezy.hr/
breezy,commutatus,5,https://commutatus.breezy.hr/
breezy,compass-family-services,13,https://compass-family-services.breezy.hr/
breezy,competitive-range-solutions-llc,39,https://competitive-range-solutions-llc.breezy.hr/
breezy,conducive-consulting-inc,1,https://conducive-consulting-inc.breezy.hr/
breezy,confidence-health-resources,3,https://confidence-health-resources.breezy.hr/
breezy,connect2bpo-sas,1,https://connect2bpo-sas.breezy.hr/
breezy,connexio-health-llc,1,https://connexio-health-llc.breezy.hr/
breezy,consolidated-bus-transit,6,https://consolidated-bus-transit.breezy.hr/
breezy,contender-labs,1,https://contender-labs.breezy.hr/
breezy,contro,1,https://contro.breezy.hr/
breezy,controller-chaos,1,https://controller-chaos.breezy.hr/
breezy,controlpoint-technologies,10,https://controlpoint-technologies.breezy.hr/
breezy,converge-strategies,3,https://converge-strategies.breezy.hr/
breezy,conversal,1,https://conversal.breezy.hr/
breezy,cool-transports,2,https://cool-transports.breezy.hr/
breezy,core-mkt,1,https://core-mkt.breezy.hr/
breezy,cornerstone-christian-counseling,4,https://cornerstone-christian-counseling.breezy.hr/
breezy,corporate-traffic-logistics,4,https://corporate-traffic-logistics.breezy.hr/
breezy,cosmic-delivery,3,https://cosmic-delivery.breezy.hr/
breezy,council-for-professional-recognition,1,https://council-for-professional-recognition.breezy.hr/
breezy,cq-floors-llc,1,https://cq-floors-llc.breezy.hr/
breezy,cr-services-llc-of-ky,1,https://cr-services-llc-of-ky.breezy.hr/
breezy,creaholic-sa,1,https://creaholic-sa.breezy.hr/
breezy,creative-capsule,6,https://creative-capsule.breezy.hr/
breezy,creative-cube,1,https://creative-cube.breezy.hr/
breezy,creative-spirit,1,https://creative-spirit.breezy.hr/
breezy,cromwell-architects-engineers-inc-e1e86af4125f,11,https://cromwell-architects-engineers-inc-e1e86af4125f.breezy.hr/
breezy,crowd-cow,4,https://crowd-cow.breezy.hr/
breezy,ct-united-fc,12,https://ct-united-fc.breezy.hr/
breezy,ctcp,1,https://ctcp.breezy.hr/
breezy,culhane-premier-properties,1,https://culhane-premier-properties.breezy.hr/
breezy,cumplo,1,https://cumplo.breezy.hr/
breezy,cumula3,1,https://cumula3.breezy.hr/
breezy,customfoods,9,https://customfoods.breezy.hr/
breezy,customs-clear,1,https://customs-clear.breezy.hr/
breezy,cyber-advisors,4,https://cyber-advisors.breezy.hr/
breezy,cyberlogic,6,https://cyberlogic.breezy.hr/
breezy,cyberpuerta,3,https://cyberpuerta.breezy.hr/
breezy,cz-logistics,1,https://cz-logistics.breezy.hr/
breezy,dalespharmacy,4,https://dalespharmacy.breezy.hr/
breezy,dalet,1,https://dalet.breezy.hr/
breezy,damas-jewellery,5,https://damas-jewellery.breezy.hr/
breezy,dance-to-evolve,4,https://dance-to-evolve.breezy.hr/
breezy,dapi,1,https://dapi.breezy.hr/
breezy,daring-bit-assembly,1,https://daring-bit-assembly.breezy.hr/
breezy,data-sentinel-inc,1,https://data-sentinel-inc.breezy.hr/
breezy,datadocs,1,https://datadocs.breezy.hr/
breezy,datalere,1,https://datalere.breezy.hr/
breezy,datamap,12,https://datamap.breezy.hr/
breezy,dayton-granger-inc,22,https://dayton-granger-inc.breezy.hr/
breezy,ddrb,1,https://ddrb.breezy.hr/
breezy,de-young-properties,1,https://de-young-properties.breezy.hr/
breezy,dead-dog-saloon,9,https://dead-dog-saloon.breezy.hr/
breezy,dealercity,1,https://dealercity.breezy.hr/
breezy,dealmachine-llc,3,https://dealmachine-llc.breezy.hr/
breezy,deanhouston,2,https://deanhouston.breezy.hr/
breezy,deepar,4,https://deepar.breezy.hr/
breezy,deepx,1,https://deepx.breezy.hr/
breezy,degate,2,https://degate.breezy.hr/
breezy,delan-associates-inc,284,https://delan-associates-inc.breezy.hr/
breezy,dental-depot,1,https://dental-depot.breezy.hr/
breezy,desert-of-maine,2,https://desert-of-maine.breezy.hr/
breezy,dess,3,https://dess.breezy.hr/
breezy,destination-auto-group,17,https://destination-auto-group.breezy.hr/
breezy,developex,2,https://developex.breezy.hr/
breezy,development-gateway,1,https://development-gateway.breezy.hr/
breezy,developmentnow,2,https://developmentnow.breezy.hr/
breezy,device-insight,1,https://device-insight.breezy.hr/
breezy,diamond-assets,7,https://diamond-assets.breezy.hr/
breezy,digidoc-inc-dba-public-sector-solutions-group,1,https://digidoc-inc-dba-public-sector-solutions-group.breezy.hr/
breezy,digisay,7,https://digisay.breezy.hr/
breezy,digital-fast-forward,1,https://digital-fast-forward.breezy.hr/
breezy,digitus,1,https://digitus.breezy.hr/
breezy,dimercurio-advisors-llc,4,https://dimercurio-advisors-llc.breezy.hr/
breezy,divadance,83,https://divadance.breezy.hr/
breezy,djamo,6,https://djamo.breezy.hr/
breezy,dms-international,15,https://dms-international.breezy.hr/
breezy,dogdaycare,1,https://dogdaycare.breezy.hr/
breezy,dogma-alares,3,https://dogma-alares.breezy.hr/
breezy,dose-health,1,https://dose-health.breezy.hr/
breezy,douglass-runger-pllc,3,https://douglass-runger-pllc.breezy.hr/
breezy,dp-logistics,2,https://dp-logistics.breezy.hr/
breezy,drips,10,https://drips.breezy.hr/
breezy,driving-academy,23,https://driving-academy.breezy.hr/
breezy,drodex,1,https://drodex.breezy.hr/
breezy,drop-genie,1,https://drop-genie.breezy.hr/
breezy,dropit,1,https://dropit.breezy.hr/
breezy,ds2,8,https://ds2.breezy.hr/
breezy,duncan-family-farms-inc,4,https://duncan-family-farms-inc.breezy.hr/
breezy,eagle-technologies-llc,14,https://eagle-technologies-llc.breezy.hr/
breezy,earth-angels-home-care,17,https://earth-angels-home-care.breezy.hr/
breezy,east-boy-west-inc,1,https://east-boy-west-inc.breezy.hr/
breezy,easton--associates,1,https://easton--associates.breezy.hr/
breezy,ecare-vault-inc,1,https://ecare-vault-inc.breezy.hr/
breezy,echelon-solar-power,1,https://echelon-solar-power.breezy.hr/
breezy,ecic,2,https://ecic.breezy.hr/
breezy,ecore-services,2,https://ecore-services.breezy.hr/
breezy,edfpowersolutions,1,https://edfpowersolutions.breezy.hr/
breezy,edrolo,3,https://edrolo.breezy.hr/
breezy,eduevolve,8,https://eduevolve.breezy.hr/
breezy,eldercare-resource-planning,2,https://eldercare-resource-planning.breezy.hr/
breezy,elevate-commercial,1,https://elevate-commercial.breezy.hr/
breezy,elevate-counseling-wellness,3,https://elevate-counseling-wellness.breezy.hr/
breezy,elevation-worship,2,https://elevation-worship.breezy.hr/
breezy,ellsworthhamtptoninn,1,https://ellsworthhamtptoninn.breezy.hr/
breezy,elvis-eckardt-recruitment-sales-solutions-limited,36,https://elvis-eckardt-recruitment-sales-solutions-limited.breezy.hr/
breezy,emplicit-inc,1,https://emplicit-inc.breezy.hr/
breezy,empyrean-hospice,12,https://empyrean-hospice.breezy.hr/
breezy,enapter-gmbh,1,https://enapter-gmbh.breezy.hr/
breezy,endpass,1,https://endpass.breezy.hr/
breezy,english-musicals-korea,1,https://english-musicals-korea.breezy.hr/
breezy,ensemble-performing-arts,230,https://ensemble-performing-arts.breezy.hr/
breezy,enterprise-ventures-corporation,4,https://enterprise-ventures-corporation.breezy.hr/
breezy,envention,2,https://envention.breezy.hr/
breezy,envisio,2,https://envisio.breezy.hr/
breezy,eq3-ltd,20,https://eq3-ltd.breezy.hr/
breezy,equipment-sales-service-limited,10,https://equipment-sales-service-limited.breezy.hr/
breezy,erdman-anthony,33,https://erdman-anthony.breezy.hr/
breezy,ertms-solutions-srl,4,https://ertms-solutions-srl.breezy.hr/
breezy,essaymaster,1,https://essaymaster.breezy.hr/
breezy,etel-transformers,1,https://etel-transformers.breezy.hr/
breezy,eurekarobotics,13,https://eurekarobotics.breezy.hr/
breezy,european-pubs,2,https://european-pubs.breezy.hr/
breezy,euvori-aquatics,2,https://euvori-aquatics.breezy.hr/
breezy,everspring-inc,6,https://everspring-inc.breezy.hr/
breezy,everywhere-capital,1,https://everywhere-capital.breezy.hr/
breezy,evolvestudios,2,https://evolvestudios.breezy.hr/
breezy,excellent-recruitment,47,https://excellent-recruitment.breezy.hr/
breezy,exo-arnvind,8,https://exo-arnvind.breezy.hr/
breezy,experience-columbus,1,https://experience-columbus.breezy.hr/
breezy,expression-networks,19,https://expression-networks.breezy.hr/
breezy,eyesoneyecare,3,https://eyesoneyecare.breezy.hr/
breezy,fair-trade-outsourcing,11,https://fair-trade-outsourcing.breezy.hr/
breezy,fairsquare,4,https://fairsquare.breezy.hr/
breezy,farmshelf,1,https://farmshelf.breezy.hr/
breezy,fastenal,21,https://fastenal.breezy.hr/
breezy,fastship-co,1,https://fastship-co.breezy.hr/
breezy,fawkes,1,https://fawkes.breezy.hr/
breezy,fc-renew-llc,1,https://fc-renew-llc.breezy.hr/
breezy,fei,8,https://fei.breezy.hr/
breezy,felician-sisters-of-north-america,21,https://felician-sisters-of-north-america.breezy.hr/
breezy,fellowsprogram,1,https://fellowsprogram.breezy.hr/
breezy,firesafetyfirst,5,https://firesafetyfirst.breezy.hr/
breezy,first-first-consulting,1,https://first-first-consulting.breezy.hr/
breezy,first-priority-manufacturing,2,https://first-priority-manufacturing.breezy.hr/
breezy,fixmestick-technologies,1,https://fixmestick-technologies.breezy.hr/
breezy,flower-company,4,https://flower-company.breezy.hr/
breezy,focusnet-gmbh,1,https://focusnet-gmbh.breezy.hr/
breezy,forestown,1,https://forestown.breezy.hr/
breezy,forrest-technical-coatings,2,https://forrest-technical-coatings.breezy.hr/
breezy,fort-worth-steam-academy,4,https://fort-worth-steam-academy.breezy.hr/
breezy,fortyau,2,https://fortyau.breezy.hr/
breezy,foster-made,1,https://foster-made.breezy.hr/
breezy,four-eyes-financial,4,https://four-eyes-financial.breezy.hr/
breezy,fractal-river,1,https://fractal-river.breezy.hr/
breezy,frasal,1,https://frasal.breezy.hr/
breezy,freedom2o,1,https://freedom2o.breezy.hr/
breezy,freeman-herbs,2,https://freeman-herbs.breezy.hr/
breezy,freyer-laureta-inc,6,https://freyer-laureta-inc.breezy.hr/
breezy,freyssinet-incorporated,13,https://freyssinet-incorporated.breezy.hr/
breezy,fugo-games,15,https://fugo-games.breezy.hr/
breezy,galimberti,7,https://galimberti.breezy.hr/
breezy,gallahersafe,3,https://gallahersafe.breezy.hr/
breezy,galveston-county-health-district,13,https://galveston-county-health-district.breezy.hr/
breezy,gamut-behavioral-services,4,https://gamut-behavioral-services.breezy.hr/
breezy,gatewayshelter,1,https://gatewayshelter.breezy.hr/
breezy,gaycenter,2,https://gaycenter.breezy.hr/
breezy,gci-security-inc,4,https://gci-security-inc.breezy.hr/
breezy,gen-nine-inc,1,https://gen-nine-inc.breezy.hr/
breezy,genex-systems,15,https://genex-systems.breezy.hr/
breezy,george-f-young,11,https://george-f-young.breezy.hr/
breezy,george-s-tradition,1,https://george-s-tradition.breezy.hr/
breezy,getbridge,3,https://getbridge.breezy.hr/
breezy,gibson-county-coal-llc,3,https://gibson-county-coal-llc.breezy.hr/
breezy,gigalayer,1,https://gigalayer.breezy.hr/
breezy,gigsmart,1,https://gigsmart.breezy.hr/
breezy,glassman-wealth-services,1,https://glassman-wealth-services.breezy.hr/
breezy,global-charter-services-inc,1,https://global-charter-services-inc.breezy.hr/
breezy,global-financial-impact-ca,1,https://global-financial-impact-ca.breezy.hr/
breezy,global-fund-for-children,2,https://global-fund-for-children.breezy.hr/
breezy,global-health-investment-corporation,1,https://global-health-investment-corporation.breezy.hr/
breezy,gno-partners,4,https://gno-partners.breezy.hr/
breezy,gno-solutions-ltd,1,https://gno-solutions-ltd.breezy.hr/
breezy,gokada,1,https://gokada.breezy.hr/
breezy,golfnorth-properties-inc,49,https://golfnorth-properties-inc.breezy.hr/
breezy,good-company,16,https://good-company.breezy.hr/
breezy,good-life-sorted,1,https://good-life-sorted.breezy.hr/
breezy,goodplanet-vzw,5,https://goodplanet-vzw.breezy.hr/
breezy,gophermods,4,https://gophermods.breezy.hr/
breezy,gowrench,1,https://gowrench.breezy.hr/
breezy,gozio,1,https://gozio.breezy.hr/
breezy,granite-hills-group,14,https://granite-hills-group.breezy.hr/
breezy,great-keppel-island-hideaway,1,https://great-keppel-island-hideaway.breezy.hr/
breezy,greater-columbus-sports-commission,1,https://greater-columbus-sports-commission.breezy.hr/
breezy,green-bay-converting,5,https://green-bay-converting.breezy.hr/
breezy,greenbox-storage,2,https://greenbox-storage.breezy.hr/
breezy,greenline-apartment-management,4,https://greenline-apartment-management.breezy.hr/
breezy,grid-united,8,https://grid-united.breezy.hr/
breezy,grofin,1,https://grofin.breezy.hr/
breezy,ground-media,1,https://ground-media.breezy.hr/
breezy,groundswell-contact-llc,5,https://groundswell-contact-llc.breezy.hr/
breezy,groupe-unigesco,2,https://groupe-unigesco.breezy.hr/
breezy,growth-marketing-pro-llc,1,https://growth-marketing-pro-llc.breezy.hr/
breezy,guardian-fire-services,3,https://guardian-fire-services.breezy.hr/
breezy,guitar-shed,1,https://guitar-shed.breezy.hr/
breezy,haha-app,1,https://haha-app.breezy.hr/
breezy,hall-ambulance,8,https://hall-ambulance.breezy.hr/
breezy,hall-financial,1,https://hall-financial.breezy.hr/
breezy,hanlon-acoustical-ceilings,1,https://hanlon-acoustical-ceilings.breezy.hr/
breezy,happy-dad,1,https://happy-dad.breezy.hr/
breezy,happymed,1,https://happymed.breezy.hr/
breezy,harlem-lacrosse,2,https://harlem-lacrosse.breezy.hr/
breezy,harris-jones-staffing-recruiting-llc,39,https://harris-jones-staffing-recruiting-llc.breezy.hr/
breezy,hathor-network,1,https://hathor-network.breezy.hr/
breezy,haussmann-group-africa,1,https://haussmann-group-africa.breezy.hr/
breezy,haven-health-group-inc,2,https://haven-health-group-inc.breezy.hr/
breezy,heartland-womens-health,10,https://heartland-womens-health.breezy.hr/
breezy,heartwood-community-school,6,https://heartwood-community-school.breezy.hr/
breezy,heath-media,1,https://heath-media.breezy.hr/
breezy,hedgehog-technologies-inc,6,https://hedgehog-technologies-inc.breezy.hr/
breezy,helping-hand-nurse-llc,18,https://helping-hand-nurse-llc.breezy.hr/
breezy,hendriks-greenhouses,6,https://hendriks-greenhouses.breezy.hr/
breezy,heo,9,https://heo.breezy.hr/
breezy,heritage-roofing-and-construction,23,https://heritage-roofing-and-construction.breezy.hr/
breezy,hes-so-rectorat,4,https://hes-so-rectorat.breezy.hr/
breezy,hfi-llc-active,3,https://hfi-llc-active.breezy.hr/
breezy,hidden-talent,6,https://hidden-talent.breezy.hr/
breezy,high-output-ventures,1,https://high-output-ventures.breezy.hr/
breezy,home-maid-better,1,https://home-maid-better.breezy.hr/
breezy,home-spritz,8,https://home-spritz.breezy.hr/
breezy,homebuys-inc,17,https://homebuys-inc.breezy.hr/
breezy,hsp-direct,13,https://hsp-direct.breezy.hr/
breezy,http-lasallelumber-com,2,https://http-lasallelumber-com.breezy.hr/
breezy,https-jarrettfire-com,1,https://https-jarrettfire-com.breezy.hr/
breezy,https-tec-carolinas-com,2,https://https-tec-carolinas-com.breezy.hr/
breezy,hubbard-street-dance,1,https://hubbard-street-dance.breezy.hr/
breezy,hubble,3,https://hubble.breezy.hr/
breezy,huddex,1,https://huddex.breezy.hr/
breezy,human-capital-enterprises,3,https://human-capital-enterprises.breezy.hr/
breezy,hungerfreecolorado,1,https://hungerfreecolorado.breezy.hr/
breezy,hutwork,1,https://hutwork.breezy.hr/
breezy,hygienistcareers,22,https://hygienistcareers.breezy.hr/
breezy,ic-automation,10,https://ic-automation.breezy.hr/
breezy,icmec,1,https://icmec.breezy.hr/
breezy,ideascape,1,https://ideascape.breezy.hr/
breezy,ifixit,5,https://ifixit.breezy.hr/
breezy,ignite-hr-solutions,14,https://ignite-hr-solutions.breezy.hr/
breezy,img,8,https://img.breezy.hr/
breezy,inallmedia-llc,63,https://inallmedia-llc.breezy.hr/
breezy,incentify,1,https://incentify.breezy.hr/
breezy,infinit-us,1,https://infinit-us.breezy.hr/
breezy,infinite,4,https://infinite.breezy.hr/
breezy,infinity-generation-services-inc,1,https://infinity-generation-services-inc.breezy.hr/
breezy,informaticon,15,https://informaticon.breezy.hr/
breezy,infra-pipe-solutions,19,https://infra-pipe-solutions.breezy.hr/
breezy,inkr,1,https://inkr.breezy.hr/
breezy,ino-ca,7,https://ino-ca.breezy.hr/
breezy,inovues,1,https://inovues.breezy.hr/
breezy,insentra,6,https://insentra.breezy.hr/
breezy,insight-church,1,https://insight-church.breezy.hr/
breezy,insightful,5,https://insightful.breezy.hr/
breezy,inspire-direct-marketing,17,https://inspire-direct-marketing.breezy.hr/
breezy,instudent-group,2,https://instudent-group.breezy.hr/
breezy,insultech,4,https://insultech.breezy.hr/
breezy,insure-connect-services,3,https://insure-connect-services.breezy.hr/
breezy,intecon-llc,6,https://intecon-llc.breezy.hr/
breezy,international-association-of-islamic-psychology,1,https://international-association-of-islamic-psychology.breezy.hr/
breezy,invizio,1,https://invizio.breezy.hr/
breezy,iou-financial,4,https://iou-financial.breezy.hr/
breezy,ips-inc,1,https://ips-inc.breezy.hr/
breezy,islide,1,https://islide.breezy.hr/
breezy,its-inc,4,https://its-inc.breezy.hr/
breezy,ittude,5,https://ittude.breezy.hr/
breezy,jaba,4,https://jaba.breezy.hr/
breezy,jabu,7,https://jabu.breezy.hr/
breezy,jamaica-ssg,7,https://jamaica-ssg.breezy.hr/
breezy,jatheon-technologies-inc,1,https://jatheon-technologies-inc.breezy.hr/
breezy,jetthoughts-llc,1,https://jetthoughts-llc.breezy.hr/
breezy,jha-companies,2,https://jha-companies.breezy.hr/
breezy,jmi-reports,43,https://jmi-reports.breezy.hr/
breezy,jnd-inc,45,https://jnd-inc.breezy.hr/
breezy,joe-jr-landscapes,1,https://joe-jr-landscapes.breezy.hr/
breezy,joy-101,1,https://joy-101.breezy.hr/
breezy,jumpseat,1,https://jumpseat.breezy.hr/
breezy,jungsoft-io,1,https://jungsoft-io.breezy.hr/
breezy,juniper-design-build,2,https://juniper-design-build.breezy.hr/
breezy,justfix,2,https://justfix.breezy.hr/
breezy,jway-group,26,https://jway-group.breezy.hr/
breezy,kaleidocode,1,https://kaleidocode.breezy.hr/
breezy,kanter-auto,2,https://kanter-auto.breezy.hr/
breezy,karen-clark-company,7,https://karen-clark-company.breezy.hr/
breezy,katapult,21,https://katapult.breezy.hr/
breezy,kea,1,https://kea.breezy.hr/
breezy,keeper-solutions,1,https://keeper-solutions.breezy.hr/
breezy,keiki,1,https://keiki.breezy.hr/
breezy,kellymossinc,1,https://kellymossinc.breezy.hr/
breezy,kelsus-inc,6,https://kelsus-inc.breezy.hr/
breezy,keshet-inc,2,https://keshet-inc.breezy.hr/
breezy,kett-tool-company,1,https://kett-tool-company.breezy.hr/
breezy,keystoneadvisors,13,https://keystoneadvisors.breezy.hr/
breezy,kickstart-accounting-inc,4,https://kickstart-accounting-inc.breezy.hr/
breezy,kiira-health,1,https://kiira-health.breezy.hr/
breezy,kinco-csr-home-solutions,1,https://kinco-csr-home-solutions.breezy.hr/
breezy,kindred-bravely,2,https://kindred-bravely.breezy.hr/
breezy,kinetic-events,5,https://kinetic-events.breezy.hr/
breezy,kineticstrategies-us-l,1,https://kineticstrategies-us-l.breezy.hr/
breezy,kitchenmate,1,https://kitchenmate.breezy.hr/
breezy,kitsap-community-resources,4,https://kitsap-community-resources.breezy.hr/
breezy,kivo-inc,1,https://kivo-inc.breezy.hr/
breezy,kompasbank,1,https://kompasbank.breezy.hr/
breezy,kowalski-companies-inc,4,https://kowalski-companies-inc.breezy.hr/
breezy,kreative-technologies-llc,1,https://kreative-technologies-llc.breezy.hr/
breezy,ktc,1,https://ktc.breezy.hr/
breezy,kwik-lok,5,https://kwik-lok.breezy.hr/
breezy,kwil,1,https://kwil.breezy.hr/
breezy,labman-automation,13,https://labman-automation.breezy.hr/
breezy,landfriend,1,https://landfriend.breezy.hr/
breezy,latoken,1,https://latoken.breezy.hr/
breezy,lava,3,https://lava.breezy.hr/
breezy,leaddesk,1,https://leaddesk.breezy.hr/
breezy,leadfuze,1,https://leadfuze.breezy.hr/
breezy,leap-digital-marketing,11,https://leap-digital-marketing.breezy.hr/
breezy,learn-corporation,77,https://learn-corporation.breezy.hr/
breezy,learning-people,1,https://learning-people.breezy.hr/
breezy,ledgergurus,1,https://ledgergurus.breezy.hr/
breezy,leobit,5,https://leobit.breezy.hr/
breezy,lestars-management-consultancy-l-l-c,62,https://lestars-management-consultancy-l-l-c.breezy.hr/
breezy,levy-electric-inc,1,https://levy-electric-inc.breezy.hr/
breezy,lib-consulting-thailand-co-ltd,3,https://lib-consulting-thailand-co-ltd.breezy.hr/
breezy,lifebalancechiropractic,4,https://lifebalancechiropractic.breezy.hr/
breezy,lifespicecareers,1,https://lifespicecareers.breezy.hr/
breezy,lighting-new-york,1,https://lighting-new-york.breezy.hr/
breezy,liki-brand,1,https://liki-brand.breezy.hr/
breezy,lindt-sprunglicanada,61,https://lindt-sprunglicanada.breezy.hr/
breezy,lineleader,1,https://lineleader.breezy.hr/
breezy,linqd,3,https://linqd.breezy.hr/
breezy,lionsville,5,https://lionsville.breezy.hr/
breezy,lite-e-commerce,18,https://lite-e-commerce.breezy.hr/
breezy,litostroj-power,11,https://litostroj-power.breezy.hr/
breezy,logan-a-c-heat-services-b29ac6f9712d,46,https://logan-a-c-heat-services-b29ac6f9712d.breezy.hr/
breezy,lorain-county-commissioners,5,https://lorain-county-commissioners.breezy.hr/
breezy,lubet-engineering,1,https://lubet-engineering.breezy.hr/
breezy,lumina-corps,1,https://lumina-corps.breezy.hr/
breezy,lunajets-sa,2,https://lunajets-sa.breezy.hr/
breezy,lurecruiter,1,https://lurecruiter.breezy.hr/
breezy,luxury-living,1,https://luxury-living.breezy.hr/
breezy,lyra-technology-group,1,https://lyra-technology-group.breezy.hr/
breezy,ma-services,1,https://ma-services.breezy.hr/
breezy,madison-core-laboratories,19,https://madison-core-laboratories.breezy.hr/
breezy,magellan-ai,5,https://magellan-ai.breezy.hr/
breezy,magenta-consulting,5,https://magenta-consulting.breezy.hr/
breezy,magmod,1,https://magmod.breezy.hr/
breezy,mainstream-home-services,7,https://mainstream-home-services.breezy.hr/
breezy,mainstreaming-spa,7,https://mainstreaming-spa.breezy.hr/
breezy,makerkids,2,https://makerkids.breezy.hr/
breezy,manabie,8,https://manabie.breezy.hr/
breezy,manara,5,https://manara.breezy.hr/
breezy,mano-en-mano,4,https://mano-en-mano.breezy.hr/
breezy,mapon,10,https://mapon.breezy.hr/
breezy,mare-island-brewing-co,3,https://mare-island-brewing-co.breezy.hr/
breezy,marketdial,1,https://marketdial.breezy.hr/
breezy,marketview-education-technology,2,https://marketview-education-technology.breezy.hr/
breezy,marta-nores,1,https://marta-nores.breezy.hr/
breezy,martin-horn-inc,7,https://martin-horn-inc.breezy.hr/
breezy,martin-systems,12,https://martin-systems.breezy.hr/
breezy,matter-family-office,6,https://matter-family-office.breezy.hr/
breezy,maventri,2,https://maventri.breezy.hr/
breezy,mccarthy-uniforms,2,https://mccarthy-uniforms.breezy.hr/
breezy,mcguire-hester,20,https://mcguire-hester.breezy.hr/
breezy,mcsteen-land-surveyors,1,https://mcsteen-land-surveyors.breezy.hr/
breezy,meals-on-wheels-central-texas-in-home-care,6,https://meals-on-wheels-central-texas-in-home-care.breezy.hr/
breezy,megasol-energie-ag,15,https://megasol-energie-ag.breezy.hr/
breezy,mello,1,https://mello.breezy.hr/
breezy,melodyarc,5,https://melodyarc.breezy.hr/
breezy,mercy-street-inc,4,https://mercy-street-inc.breezy.hr/
breezy,meridian-university,3,https://meridian-university.breezy.hr/
breezy,meron-financial-agency,90,https://meron-financial-agency.breezy.hr/
breezy,methode,8,https://methode.breezy.hr/
breezy,metrum-research-group,2,https://metrum-research-group.breezy.hr/
breezy,mettiki-coal-llc,1,https://mettiki-coal-llc.breezy.hr/
breezy,mezzanine-ware,2,https://mezzanine-ware.breezy.hr/
breezy,midstate-spring-inc,5,https://midstate-spring-inc.breezy.hr/
breezy,midtown-home-improvements,27,https://midtown-home-improvements.breezy.hr/
breezy,midwest-catv,1,https://midwest-catv.breezy.hr/
breezy,mile-high-labs,2,https://mile-high-labs.breezy.hr/
breezy,mirkin-solutions-llc,1,https://mirkin-solutions-llc.breezy.hr/
breezy,miscrianti,1,https://miscrianti.breezy.hr/
breezy,mob-society,1,https://mob-society.breezy.hr/
breezy,mobilion-systems-inc,1,https://mobilion-systems-inc.breezy.hr/
breezy,mobilizejobs,9,https://mobilizejobs.breezy.hr/
breezy,modak-live,1,https://modak-live.breezy.hr/
breezy,modern-pediatrics,9,https://modern-pediatrics.breezy.hr/
breezy,mohawk-ambulance-service,7,https://mohawk-ambulance-service.breezy.hr/
breezy,moi-global,2,https://moi-global.breezy.hr/
breezy,monday-night-brewing,20,https://monday-night-brewing.breezy.hr/
breezy,montage-marketing,6,https://montage-marketing.breezy.hr/
breezy,mooncolony,1,https://mooncolony.breezy.hr/
breezy,motivosity,5,https://motivosity.breezy.hr/
breezy,mott-haven-academy-charter-school,1,https://mott-haven-academy-charter-school.breezy.hr/
breezy,movnhealth,5,https://movnhealth.breezy.hr/
breezy,mozaic,1,https://mozaic.breezy.hr/
breezy,msi-credit-solutions,1,https://msi-credit-solutions.breezy.hr/
breezy,mt-cuba-center,1,https://mt-cuba-center.breezy.hr/
breezy,mti-efc42e758443,3,https://mti-efc42e758443.breezy.hr/
breezy,murphy-s-pharmacies,19,https://murphy-s-pharmacies.breezy.hr/
breezy,my-burger,14,https://my-burger.breezy.hr/
breezy,my-naturi,1,https://my-naturi.breezy.hr/
breezy,nando-s,22,https://nando-s.breezy.hr/
breezy,napthens-llp,15,https://napthens-llp.breezy.hr/
breezy,national-energy-foundation,1,https://national-energy-foundation.breezy.hr/
breezy,nationsbenefits,230,https://nationsbenefits.breezy.hr/
breezy,naturecan-careers,3,https://naturecan-careers.breezy.hr/
breezy,natures-herbs-and-wellness,14,https://natures-herbs-and-wellness.breezy.hr/
breezy,nc-100,1,https://nc-100.breezy.hr/
breezy,needle,2,https://needle.breezy.hr/
breezy,nest,1,https://nest.breezy.hr/
breezy,netsync-network-solutions,21,https://netsync-network-solutions.breezy.hr/
breezy,new-england-science-sailing-foundation,2,https://new-england-science-sailing-foundation.breezy.hr/
breezy,new-era-adr,1,https://new-era-adr.breezy.hr/
breezy,new-horizon-services-inc,2,https://new-horizon-services-inc.breezy.hr/
breezy,new-riff-distillery,3,https://new-riff-distillery.breezy.hr/
breezy,newfangled-studios,1,https://newfangled-studios.breezy.hr/
breezy,newhouse-project-consulting,5,https://newhouse-project-consulting.breezy.hr/
breezy,nextec-group,1,https://nextec-group.breezy.hr/
breezy,nexu,17,https://nexu.breezy.hr/
breezy,ngc-transmission-equipment-america-inc,7,https://ngc-transmission-equipment-america-inc.breezy.hr/
breezy,niceplay-games,1,https://niceplay-games.breezy.hr/
breezy,nimble-group,9,https://nimble-group.breezy.hr/
breezy,norred-fire,5,https://norred-fire.breezy.hr/
breezy,nortedigital,8,https://nortedigital.breezy.hr/
breezy,north-east-transportation-company,4,https://north-east-transportation-company.breezy.hr/
breezy,north-river-home-care,7,https://north-river-home-care.breezy.hr/
breezy,northland-area-fcu,7,https://northland-area-fcu.breezy.hr/
breezy,northpoint-development,1,https://northpoint-development.breezy.hr/
breezy,northwest-connecticut-transit-district,1,https://northwest-connecticut-transit-district.breezy.hr/
breezy,nova-plastic-surgery,1,https://nova-plastic-surgery.breezy.hr/
breezy,novaces-llc,22,https://novaces-llc.breezy.hr/
breezy,noventech-inc,1,https://noventech-inc.breezy.hr/
breezy,noze,1,https://noze.breezy.hr/
breezy,nubinary,1,https://nubinary.breezy.hr/
breezy,numrah,2,https://numrah.breezy.hr/
breezy,nuspine-chiropractic,39,https://nuspine-chiropractic.breezy.hr/
breezy,o-m-plumbing-services-inc,1,https://o-m-plumbing-services-inc.breezy.hr/
breezy,o8,1,https://o8.breezy.hr/
breezy,oak-tenn,5,https://oak-tenn.breezy.hr/
breezy,oasis-golf-center,1,https://oasis-golf-center.breezy.hr/
breezy,observador,5,https://observador.breezy.hr/
breezy,ocean-visions,1,https://ocean-visions.breezy.hr/
breezy,octav,1,https://octav.breezy.hr/
breezy,office-puzzle,1,https://office-puzzle.breezy.hr/
breezy,officetotal-food-brands-lda,4,https://officetotal-food-brands-lda.breezy.hr/
breezy,offit-kurman,19,https://offit-kurman.breezy.hr/
breezy,offwego,1,https://offwego.breezy.hr/
breezy,ohnstad-twichell,3,https://ohnstad-twichell.breezy.hr/
breezy,oil-changers,86,https://oil-changers.breezy.hr/
breezy,ondas-networks,3,https://ondas-networks.breezy.hr/
breezy,one-dynamic,1,https://one-dynamic.breezy.hr/
breezy,one-step,6,https://one-step.breezy.hr/
breezy,oneport-365,2,https://oneport-365.breezy.hr/
breezy,online-labels,11,https://online-labels.breezy.hr/
breezy,opendrives-llc,1,https://opendrives-llc.breezy.hr/
breezy,openresearch-gmbh,2,https://openresearch-gmbh.breezy.hr/
breezy,opentent,3,https://opentent.breezy.hr/
breezy,opexpert-consulting,1,https://opexpert-consulting.breezy.hr/
breezy,optieum,1,https://optieum.breezy.hr/
breezy,orange-talent-group,62,https://orange-talent-group.breezy.hr/
breezy,orbital-kitchens,11,https://orbital-kitchens.breezy.hr/
breezy,organization-for-research-and-learning,3,https://organization-for-research-and-learning.breezy.hr/
breezy,orthodontist,1,https://orthodontist.breezy.hr/
breezy,ourassistants,36,https://ourassistants.breezy.hr/
breezy,outform-consulting,6,https://outform-consulting.breezy.hr/
breezy,paintjet,1,https://paintjet.breezy.hr/
breezy,pallisercareers,1,https://pallisercareers.breezy.hr/
breezy,palo-verde-painting-llc,1,https://palo-verde-painting-llc.breezy.hr/
breezy,pals-home-health,6,https://pals-home-health.breezy.hr/
breezy,parentpossible,1,https://parentpossible.breezy.hr/
breezy,park-avenue-center,7,https://park-avenue-center.breezy.hr/
breezy,park-west-gallery,4,https://park-west-gallery.breezy.hr/
breezy,pathspot,1,https://pathspot.breezy.hr/
breezy,pbc,1,https://pbc.breezy.hr/
breezy,pcn-entertainment-group-inc,1,https://pcn-entertainment-group-inc.breezy.hr/
breezy,pediatric-dentist,1,https://pediatric-dentist.breezy.hr/
breezy,pensa-labs,1,https://pensa-labs.breezy.hr/
breezy,percival-engineering,3,https://percival-engineering.breezy.hr/
breezy,petite-plume,5,https://petite-plume.breezy.hr/
breezy,pickering-creek-audubon-center,1,https://pickering-creek-audubon-center.breezy.hr/
breezy,pillar-properties,4,https://pillar-properties.breezy.hr/
breezy,pillrhealth,3,https://pillrhealth.breezy.hr/
breezy,pinnacle-cares,1,https://pinnacle-cares.breezy.hr/
breezy,pipo-saude,1,https://pipo-saude.breezy.hr/
breezy,pixel,1,https://pixel.breezy.hr/
breezy,pizza-luce,11,https://pizza-luce.breezy.hr/
breezy,plan-consultoria-e-pesquisa-em-ci-ncias-sociais-ltda,1,https://plan-consultoria-e-pesquisa-em-ci-ncias-sociais-ltda.breezy.hr/
breezy,plan-left-llc,9,https://plan-left-llc.breezy.hr/
breezy,platinum-fundraising,3,https://platinum-fundraising.breezy.hr/
breezy,playbookux,1,https://playbookux.breezy.hr/
breezy,playdead,13,https://playdead.breezy.hr/
breezy,playme-studio,4,https://playme-studio.breezy.hr/
breezy,playvalve-s-l,1,https://playvalve-s-l.breezy.hr/
breezy,plexxis-software,4,https://plexxis-software.breezy.hr/
breezy,point-out,1,https://point-out.breezy.hr/
breezy,port-side-logistics-llc,1,https://port-side-logistics-llc.breezy.hr/
breezy,positrigo-ag,2,https://positrigo-ag.breezy.hr/
breezy,pr-volt,1,https://pr-volt.breezy.hr/
breezy,practice-positions,41,https://practice-positions.breezy.hr/
breezy,precursive,3,https://precursive.breezy.hr/
breezy,predictiva,1,https://predictiva.breezy.hr/
breezy,preloaded,1,https://preloaded.breezy.hr/
breezy,prelude-prep,4,https://prelude-prep.breezy.hr/
breezy,premier-dialysis,3,https://premier-dialysis.breezy.hr/
breezy,premier-health-group,2,https://premier-health-group.breezy.hr/
breezy,preventia-group-llc,1,https://preventia-group-llc.breezy.hr/
breezy,pri,14,https://pri.breezy.hr/
breezy,primeforge,6,https://primeforge.breezy.hr/
breezy,privacyworks-consulting-inc,1,https://privacyworks-consulting-inc.breezy.hr/
breezy,prodev,5,https://prodev.breezy.hr/
breezy,production-club,1,https://production-club.breezy.hr/
breezy,progesys-inc,30,https://progesys-inc.breezy.hr/
breezy,proquest-consulting,3,https://proquest-consulting.breezy.hr/
breezy,prospa,1,https://prospa.breezy.hr/
breezy,protection-by-defta,1,https://protection-by-defta.breezy.hr/
breezy,pse-healthy-energy,1,https://pse-healthy-energy.breezy.hr/
breezy,pulse-id,5,https://pulse-id.breezy.hr/
breezy,puma-telecom,1,https://puma-telecom.breezy.hr/
breezy,punch-cyber-analytics-group,3,https://punch-cyber-analytics-group.breezy.hr/
breezy,qps-works,1,https://qps-works.breezy.hr/
breezy,quantios,9,https://quantios.breezy.hr/
breezy,quantori,1,https://quantori.breezy.hr/
breezy,quantum-sports-entertainment,2,https://quantum-sports-entertainment.breezy.hr/
breezy,queens-carbon,4,https://queens-carbon.breezy.hr/
breezy,quinn-co-of-ny-ltd,5,https://quinn-co-of-ny-ltd.breezy.hr/
breezy,quintessential-health,1,https://quintessential-health.breezy.hr/
breezy,qwqer-eu,3,https://qwqer-eu.breezy.hr/
breezy,raco-manufacturing-engineering-co,3,https://raco-manufacturing-engineering-co.breezy.hr/
breezy,radiant-church,1,https://radiant-church.breezy.hr/
breezy,radiant-plumbing-and-air-conditioning,19,https://radiant-plumbing-and-air-conditioning.breezy.hr/
breezy,radically,1,https://radically.breezy.hr/
breezy,rainforest-action-network,1,https://rainforest-action-network.breezy.hr/
breezy,ramptalentjobs,1,https://ramptalentjobs.breezy.hr/
breezy,rapid-delivery-solutions,1,https://rapid-delivery-solutions.breezy.hr/
breezy,raysaco,1,https://raysaco.breezy.hr/
breezy,rcm-fire,5,https://rcm-fire.breezy.hr/
breezy,re-fab,1,https://re-fab.breezy.hr/
breezy,real-estate-webmasters,2,https://real-estate-webmasters.breezy.hr/
breezy,reamcare,5,https://reamcare.breezy.hr/
breezy,rebel-staffing-llc,3,https://rebel-staffing-llc.breezy.hr/
breezy,rechat-inc,1,https://rechat-inc.breezy.hr/
breezy,red-rocks-church,1,https://red-rocks-church.breezy.hr/
breezy,redial-bpo,21,https://redial-bpo.breezy.hr/
breezy,redwood-day-school,1,https://redwood-day-school.breezy.hr/
breezy,reel-father-s-rights,11,https://reel-father-s-rights.breezy.hr/
breezy,reface,1,https://reface.breezy.hr/
breezy,regionalfp,6,https://regionalfp.breezy.hr/
breezy,reguwise-llc,1,https://reguwise-llc.breezy.hr/
breezy,reliant-credit-repair,1,https://reliant-credit-repair.breezy.hr/
breezy,reliant-intl,2,https://reliant-intl.breezy.hr/
breezy,reliant-mission,3,https://reliant-mission.breezy.hr/
breezy,remedy-plumbing,1,https://remedy-plumbing.breezy.hr/
breezy,remerge,2,https://remerge.breezy.hr/
breezy,remote-craft,15,https://remote-craft.breezy.hr/
breezy,rentengine,1,https://rentengine.breezy.hr/
breezy,replayed,1,https://replayed.breezy.hr/
breezy,resilient-minds-on-the-front-lines,1,https://resilient-minds-on-the-front-lines.breezy.hr/
breezy,respond-io,21,https://respond-io.breezy.hr/
breezy,resultslab,1,https://resultslab.breezy.hr/
breezy,resupply,3,https://resupply.breezy.hr/
breezy,reveille-group,1,https://reveille-group.breezy.hr/
breezy,revendo-new,5,https://revendo-new.breezy.hr/
breezy,revenued,1,https://revenued.breezy.hr/
breezy,revenued-albania,5,https://revenued-albania.breezy.hr/
breezy,review-wave,2,https://review-wave.breezy.hr/
breezy,revops-inc,1,https://revops-inc.breezy.hr/
breezy,rhythmscience,4,https://rhythmscience.breezy.hr/
breezy,ricart-automotive,23,https://ricart-automotive.breezy.hr/
breezy,right-hires-global-recruitment,1,https://right-hires-global-recruitment.breezy.hr/
breezy,ritholtz-wealth-management,3,https://ritholtz-wealth-management.breezy.hr/
breezy,rivet-work,6,https://rivet-work.breezy.hr/
breezy,rmc-events-inc,7,https://rmc-events-inc.breezy.hr/
breezy,robbins-children-s-programs,3,https://robbins-children-s-programs.breezy.hr/
breezy,robbins-research-international,1,https://robbins-research-international.breezy.hr/
breezy,robertplumbmanagement,6,https://robertplumbmanagement.breezy.hr/
breezy,rockcruit,15,https://rockcruit.breezy.hr/
breezy,rohloff-group,12,https://rohloff-group.breezy.hr/
breezy,rootstock-software,4,https://rootstock-software.breezy.hr/
breezy,routeware-inc,1,https://routeware-inc.breezy.hr/
breezy,rph,2,https://rph.breezy.hr/
breezy,rubicon-group,9,https://rubicon-group.breezy.hr/
breezy,rubris-inc,1,https://rubris-inc.breezy.hr/
breezy,rule4,1,https://rule4.breezy.hr/
breezy,s-b-technical-products,7,https://s-b-technical-products.breezy.hr/
breezy,sales-excellence-institute,1,https://sales-excellence-institute.breezy.hr/
breezy,salesberry-group,1,https://salesberry-group.breezy.hr/
breezy,salt-city-trucking,90,https://salt-city-trucking.breezy.hr/
breezy,salt-home-services,14,https://salt-home-services.breezy.hr/
breezy,sankofa-school-of-success,1,https://sankofa-school-of-success.breezy.hr/
breezy,santa-barbara-sparky,1,https://santa-barbara-sparky.breezy.hr/
breezy,saota,13,https://saota.breezy.hr/
breezy,sawyer-staffing,15,https://sawyer-staffing.breezy.hr/
breezy,sayway-gmbh,1,https://sayway-gmbh.breezy.hr/
breezy,schauenburgsystems,12,https://schauenburgsystems.breezy.hr/
breezy,school-of-the-nations,5,https://school-of-the-nations.breezy.hr/
breezy,school-portraits,1,https://school-portraits.breezy.hr/
breezy,sciencebuzz,1,https://sciencebuzz.breezy.hr/
breezy,sdv-construction-inc,8,https://sdv-construction-inc.breezy.hr/
breezy,sealing-technologies-inc,10,https://sealing-technologies-inc.breezy.hr/
breezy,securespace-self-storage,17,https://securespace-self-storage.breezy.hr/
breezy,seidor,5,https://seidor.breezy.hr/
breezy,selectstar-solutions,1,https://selectstar-solutions.breezy.hr/
breezy,senesco-marine,10,https://senesco-marine.breezy.hr/
breezy,serent-capital,1,https://serent-capital.breezy.hr/
breezy,seven-arrows-recovery,1,https://seven-arrows-recovery.breezy.hr/
breezy,seven-hills,1,https://seven-hills.breezy.hr/
breezy,seventy,2,https://seventy.breezy.hr/
breezy,sfermion,1,https://sfermion.breezy.hr/
breezy,shamil-translation,1,https://shamil-translation.breezy.hr/
breezy,share-local-media,5,https://share-local-media.breezy.hr/
breezy,sharesource,1,https://sharesource.breezy.hr/
breezy,shpdc,1,https://shpdc.breezy.hr/
breezy,shyftoff,3,https://shyftoff.breezy.hr/
breezy,sideworxconnect,56,https://sideworxconnect.breezy.hr/
breezy,siebert-williams-shank-co,1,https://siebert-williams-shank-co.breezy.hr/
breezy,sigao-studios,1,https://sigao-studios.breezy.hr/
breezy,signatureaviation,3,https://signatureaviation.breezy.hr/
breezy,sikhri,5,https://sikhri.breezy.hr/
breezy,sinai,1,https://sinai.breezy.hr/
breezy,sine-education,3,https://sine-education.breezy.hr/
breezy,sistemica-gmbh,1,https://sistemica-gmbh.breezy.hr/
breezy,skilldlabs,1,https://skilldlabs.breezy.hr/
breezy,skilled-trades-partners,91,https://skilled-trades-partners.breezy.hr/
breezy,skipper,10,https://skipper.breezy.hr/
breezy,skoah,21,https://skoah.breezy.hr/
breezy,skynano,1,https://skynano.breezy.hr/
breezy,skywirenetworks,3,https://skywirenetworks.breezy.hr/
breezy,sleeping-duck,1,https://sleeping-duck.breezy.hr/
breezy,smaa,2,https://smaa.breezy.hr/
breezy,small-potato-trucking,149,https://small-potato-trucking.breezy.hr/
breezy,smart-codes-eae513730598,28,https://smart-codes-eae513730598.breezy.hr/
breezy,smart-role,1,https://smart-role.breezy.hr/
breezy,smarthires,1,https://smarthires.breezy.hr/
breezy,smyrna-police-department,1,https://smyrna-police-department.breezy.hr/
breezy,snake-oil-cocktail-company,5,https://snake-oil-cocktail-company.breezy.hr/
breezy,social-currant,1,https://social-currant.breezy.hr/
breezy,social-nature,1,https://social-nature.breezy.hr/
breezy,soliant-consulting,1,https://soliant-consulting.breezy.hr/
breezy,solidum-sverige-ab,66,https://solidum-sverige-ab.breezy.hr/
breezy,solomons-europe,7,https://solomons-europe.breezy.hr/
breezy,sonno-malaysia,1,https://sonno-malaysia.breezy.hr/
breezy,sotatek,1,https://sotatek.breezy.hr/
breezy,source-1-solutions,6,https://source-1-solutions.breezy.hr/
breezy,sourcefin,5,https://sourcefin.breezy.hr/
breezy,sourcemap-inc,1,https://sourcemap-inc.breezy.hr/
breezy,sourceworx,3,https://sourceworx.breezy.hr/
breezy,south-african-graduate-employers-association,1,https://south-african-graduate-employers-association.breezy.hr/
breezy,south-mountain-company,2,https://south-mountain-company.breezy.hr/
breezy,southern-california-institute-of-technology,10,https://southern-california-institute-of-technology.breezy.hr/
breezy,southland-therapy-services,14,https://southland-therapy-services.breezy.hr/
breezy,sown-to-grow,1,https://sown-to-grow.breezy.hr/
breezy,spacewell,11,https://spacewell.breezy.hr/
breezy,span-construction-engineering-inc,17,https://span-construction-engineering-inc.breezy.hr/
breezy,sparkle-freshness,8,https://sparkle-freshness.breezy.hr/
breezy,sparx-hockey,5,https://sparx-hockey.breezy.hr/
breezy,special-x,1,https://special-x.breezy.hr/
breezy,spin-global,1,https://spin-global.breezy.hr/
breezy,spoke-phone,1,https://spoke-phone.breezy.hr/
breezy,sponsorunited,6,https://sponsorunited.breezy.hr/
breezy,sports-reference-llc,1,https://sports-reference-llc.breezy.hr/
breezy,squam-supply,1,https://squam-supply.breezy.hr/
breezy,ssg-cr,4,https://ssg-cr.breezy.hr/
breezy,ssg-dr,3,https://ssg-dr.breezy.hr/
breezy,ssg-nova-scotia,3,https://ssg-nova-scotia.breezy.hr/
breezy,st-julian,6,https://st-julian.breezy.hr/
breezy,st-mark-s-school,1,https://st-mark-s-school.breezy.hr/
breezy,st-martin-parish-sheriff-office,2,https://st-martin-parish-sheriff-office.breezy.hr/
breezy,stacklet,1,https://stacklet.breezy.hr/
breezy,staffmill-oy,157,https://staffmill-oy.breezy.hr/
breezy,stake,18,https://stake.breezy.hr/
breezy,stake-capital-group,1,https://stake-capital-group.breezy.hr/
breezy,starbucks-south-africa,8,https://starbucks-south-africa.breezy.hr/
breezy,startup-wonders,1,https://startup-wonders.breezy.hr/
breezy,stateline-family-ymca,22,https://stateline-family-ymca.breezy.hr/
breezy,stego-industries,2,https://stego-industries.breezy.hr/
breezy,step-up-team,1,https://step-up-team.breezy.hr/
breezy,sterling-fleet-outfitters,4,https://sterling-fleet-outfitters.breezy.hr/
breezy,stjohnsdsg,2,https://stjohnsdsg.breezy.hr/
breezy,stoss-inc,5,https://stoss-inc.breezy.hr/
breezy,strata-g-llc,32,https://strata-g-llc.breezy.hr/
breezy,stratos-solutions,12,https://stratos-solutions.breezy.hr/
breezy,straub-collaborative,11,https://straub-collaborative.breezy.hr/
breezy,strive,1,https://strive.breezy.hr/
breezy,study-association-star,1,https://study-association-star.breezy.hr/
breezy,subscribe,6,https://subscribe.breezy.hr/
breezy,subtext,1,https://subtext.breezy.hr/
breezy,sultans,1,https://sultans.breezy.hr/
breezy,sumeru-equity-partners,2,https://sumeru-equity-partners.breezy.hr/
breezy,summit-medical-consultants-llc,1,https://summit-medical-consultants-llc.breezy.hr/
breezy,sunway-landscape-services,1,https://sunway-landscape-services.breezy.hr/
breezy,suricats-consulting,5,https://suricats-consulting.breezy.hr/
breezy,surrey-choices,33,https://surrey-choices.breezy.hr/
breezy,swa-group,21,https://swa-group.breezy.hr/
breezy,swing-left,2,https://swing-left.breezy.hr/
breezy,swipejobs,8,https://swipejobs.breezy.hr/
breezy,swivl,1,https://swivl.breezy.hr/
breezy,symetria-recovery,12,https://symetria-recovery.breezy.hr/
breezy,synergetics,1,https://synergetics.breezy.hr/
breezy,synergy-inc,1,https://synergy-inc.breezy.hr/
breezy,synnefa,1,https://synnefa.breezy.hr/
breezy,tactibit-technologies-llc,11,https://tactibit-technologies-llc.breezy.hr/
breezy,tagsforhope,3,https://tagsforhope.breezy.hr/
breezy,talent-acquisition-concepts,28,https://talent-acquisition-concepts.breezy.hr/
breezy,talentuch,27,https://talentuch.breezy.hr/
breezy,talk-recruitment-limited,8,https://talk-recruitment-limited.breezy.hr/
breezy,talleco,1,https://talleco.breezy.hr/
breezy,tau-six,3,https://tau-six.breezy.hr/
breezy,tawk-to,9,https://tawk-to.breezy.hr/
breezy,teach-llc,3,https://teach-llc.breezy.hr/
breezy,teach-your-monster,1,https://teach-your-monster.breezy.hr/
breezy,teacher-s-pension-services-inc,1,https://teacher-s-pension-services-inc.breezy.hr/
breezy,team-201,1,https://team-201.breezy.hr/
breezy,team-uis,5,https://team-uis.breezy.hr/
breezy,techiia,1,https://techiia.breezy.hr/
breezy,technica-mining,33,https://technica-mining.breezy.hr/
breezy,techsmart,1,https://techsmart.breezy.hr/
breezy,ten-fifteen,1,https://ten-fifteen.breezy.hr/
breezy,testcode-inc,1,https://testcode-inc.breezy.hr/
breezy,texada-software,5,https://texada-software.breezy.hr/
breezy,texas-campaign-for-the-environment,1,https://texas-campaign-for-the-environment.breezy.hr/
breezy,tezzro,1,https://tezzro.breezy.hr/
breezy,the-assistant,5,https://the-assistant.breezy.hr/
breezy,the-berkeley,6,https://the-berkeley.breezy.hr/
breezy,the-borgen-project,1,https://the-borgen-project.breezy.hr/
breezy,the-campbell-foundation,1,https://the-campbell-foundation.breezy.hr/
breezy,the-care-bureau,10,https://the-care-bureau.breezy.hr/
breezy,the-court-reporting-academy,1,https://the-court-reporting-academy.breezy.hr/
breezy,the-croghan-colonial-bank,6,https://the-croghan-colonial-bank.breezy.hr/
breezy,the-educator-s-room,1,https://the-educator-s-room.breezy.hr/
breezy,the-engineering-society-of-queen-s-university,30,https://the-engineering-society-of-queen-s-university.breezy.hr/
breezy,the-garden-foundation,1,https://the-garden-foundation.breezy.hr/
breezy,the-gateway-group,1,https://the-gateway-group.breezy.hr/
breezy,the-international-data-organization-for-transport,3,https://the-international-data-organization-for-transport.breezy.hr/
breezy,the-kidney-experts-pllc,5,https://the-kidney-experts-pllc.breezy.hr/
breezy,the-moran-group,4,https://the-moran-group.breezy.hr/
breezy,the-musicianship,1,https://the-musicianship.breezy.hr/
breezy,the-pros-weddings,47,https://the-pros-weddings.breezy.hr/
breezy,the-san-francisco-standard,8,https://the-san-francisco-standard.breezy.hr/
breezy,the-story-church,1,https://the-story-church.breezy.hr/
breezy,the-swim-squad,1,https://the-swim-squad.breezy.hr/
breezy,the-tustin-group,21,https://the-tustin-group.breezy.hr/
breezy,the-tutorverse,5,https://the-tutorverse.breezy.hr/
breezy,the-wash-shop,17,https://the-wash-shop.breezy.hr/
breezy,thecrossing,10,https://thecrossing.breezy.hr/
breezy,theegg,2,https://theegg.breezy.hr/
breezy,themesphere,1,https://themesphere.breezy.hr/
breezy,therapia,25,https://therapia.breezy.hr/
breezy,therapy-associates,15,https://therapy-associates.breezy.hr/
breezy,there-is-talent,13,https://there-is-talent.breezy.hr/
breezy,thermosoft,1,https://thermosoft.breezy.hr/
breezy,thirdwave,1,https://thirdwave.breezy.hr/
breezy,thoroughbred-express,60,https://thoroughbred-express.breezy.hr/
breezy,three-point-capital-llc,1,https://three-point-capital-llc.breezy.hr/
breezy,tiamat-sciences-corp,1,https://tiamat-sciences-corp.breezy.hr/
breezy,tie-bar,1,https://tie-bar.breezy.hr/
breezy,tigo,72,https://tigo.breezy.hr/
breezy,tiktak,2,https://tiktak.breezy.hr/
breezy,time-4-change-global,1,https://time-4-change-global.breezy.hr/
breezy,timeless-select-llc,38,https://timeless-select-llc.breezy.hr/
breezy,tmtg,3,https://tmtg.breezy.hr/
breezy,toker-s-guide,1,https://toker-s-guide.breezy.hr/
breezy,tonti-properties,13,https://tonti-properties.breezy.hr/
breezy,tooth-and-coin,1,https://tooth-and-coin.breezy.hr/
breezy,topmark-funding,3,https://topmark-funding.breezy.hr/
breezy,trailmix,1,https://trailmix.breezy.hr/
breezy,transak-inc,7,https://transak-inc.breezy.hr/
breezy,transequality,1,https://transequality.breezy.hr/
breezy,transita,1,https://transita.breezy.hr/
breezy,travellab,6,https://travellab.breezy.hr/
breezy,tri-county-mennonite-homes,6,https://tri-county-mennonite-homes.breezy.hr/
breezy,triad-electronic-technologies,3,https://triad-electronic-technologies.breezy.hr/
breezy,triocompany,1,https://triocompany.breezy.hr/
breezy,triple-cities-network-solutions,5,https://triple-cities-network-solutions.breezy.hr/
breezy,truck-driver-nation,99,https://truck-driver-nation.breezy.hr/
breezy,true-tape-sports-gmbh,1,https://true-tape-sports-gmbh.breezy.hr/
breezy,tunnel-ridge-llc,1,https://tunnel-ridge-llc.breezy.hr/
breezy,turbulent,1,https://turbulent.breezy.hr/
breezy,turnerstaffing,1,https://turnerstaffing.breezy.hr/
breezy,tushy,1,https://tushy.breezy.hr/
breezy,tuyo,4,https://tuyo.breezy.hr/
breezy,twinstate-technologies,1,https://twinstate-technologies.breezy.hr/
breezy,tyton-partners,4,https://tyton-partners.breezy.hr/
breezy,udext,1,https://udext.breezy.hr/
breezy,umai,5,https://umai.breezy.hr/
breezy,uncle-mike-s,17,https://uncle-mike-s.breezy.hr/
breezy,uniconcepts,8,https://uniconcepts.breezy.hr/
breezy,unifin-inc,11,https://unifin-inc.breezy.hr/
breezy,unitarian-universalist-association,22,https://unitarian-universalist-association.breezy.hr/
breezy,unlimited-biking,34,https://unlimited-biking.breezy.hr/
breezy,upgrow,1,https://upgrow.breezy.hr/
breezy,upskillable,1,https://upskillable.breezy.hr/
breezy,upsourced-accounting,5,https://upsourced-accounting.breezy.hr/
breezy,us-inspect,20,https://us-inspect.breezy.hr/
breezy,uuabc,1,https://uuabc.breezy.hr/
breezy,v-thru,6,https://v-thru.breezy.hr/
breezy,vagaro,9,https://vagaro.breezy.hr/
breezy,vahura,1,https://vahura.breezy.hr/
breezy,vale-concepts,22,https://vale-concepts.breezy.hr/
breezy,value-virtual-assistants,6,https://value-virtual-assistants.breezy.hr/
breezy,van-clemens-co-inc,1,https://van-clemens-co-inc.breezy.hr/
breezy,vancouver-foundation,1,https://vancouver-foundation.breezy.hr/
breezy,vanguard-college-prep,56,https://vanguard-college-prep.breezy.hr/
breezy,vaporus-inc,2,https://vaporus-inc.breezy.hr/
breezy,vawaa,2,https://vawaa.breezy.hr/
breezy,vector-trading,3,https://vector-trading.breezy.hr/
breezy,vectorvms,1,https://vectorvms.breezy.hr/
breezy,velomedi,76,https://velomedi.breezy.hr/
breezy,velox,11,https://velox.breezy.hr/
breezy,venturx,1,https://venturx.breezy.hr/
breezy,veridian,4,https://veridian.breezy.hr/
breezy,verity-ag,4,https://verity-ag.breezy.hr/
breezy,verity-it,1,https://verity-it.breezy.hr/
breezy,versus-socks-pty-ltd,1,https://versus-socks-pty-ltd.breezy.hr/
breezy,viamo-inc,1,https://viamo-inc.breezy.hr/
breezy,vianai-systems,4,https://vianai-systems.breezy.hr/
breezy,vigil-global,13,https://vigil-global.breezy.hr/
breezy,virtual-construction-assistants,12,https://virtual-construction-assistants.breezy.hr/
breezy,visolis,1,https://visolis.breezy.hr/
breezy,vitra-health,19,https://vitra-health.breezy.hr/
breezy,vodworks,1,https://vodworks.breezy.hr/
breezy,volca,1,https://volca.breezy.hr/
breezy,volley-llc,1,https://volley-llc.breezy.hr/
breezy,voltpost,1,https://voltpost.breezy.hr/
breezy,voteamerica,1,https://voteamerica.breezy.hr/
breezy,voters-of-tomorrow,9,https://voters-of-tomorrow.breezy.hr/
breezy,votingworks,1,https://votingworks.breezy.hr/
breezy,voxeet,1,https://voxeet.breezy.hr/
breezy,vsa,13,https://vsa.breezy.hr/
breezy,wabo-roofing-systems,1,https://wabo-roofing-systems.breezy.hr/
breezy,wagomu,1,https://wagomu.breezy.hr/
breezy,walters-gilbreath-pllc,3,https://walters-gilbreath-pllc.breezy.hr/
breezy,warhorsestudios,4,https://warhorsestudios.breezy.hr/
breezy,wash-associates,6,https://wash-associates.breezy.hr/
breezy,washu-carwash,14,https://washu-carwash.breezy.hr/
breezy,waves-express-car-wash,19,https://waves-express-car-wash.breezy.hr/
breezy,wawoo-staffing,1,https://wawoo-staffing.breezy.hr/
breezy,waystocap,1,https://waystocap.breezy.hr/
breezy,we-solve-problems,1,https://we-solve-problems.breezy.hr/
breezy,web3-talent-collective,1,https://web3-talent-collective.breezy.hr/
breezy,welby-health-inc,8,https://welby-health-inc.breezy.hr/
breezy,weldaloy-specialty-forgings,4,https://weldaloy-specialty-forgings.breezy.hr/
breezy,welink,3,https://welink.breezy.hr/
breezy,welld-sagl,1,https://welld-sagl.breezy.hr/
breezy,west-side-campaign-against-hunger,1,https://west-side-campaign-against-hunger.breezy.hr/
breezy,west-tech-shipping,1,https://west-tech-shipping.breezy.hr/
breezy,westairgroupofcompanies,7,https://westairgroupofcompanies.breezy.hr/
breezy,wevo,1,https://wevo.breezy.hr/
breezy,wheelsonsite-usa,28,https://wheelsonsite-usa.breezy.hr/
breezy,whirl-i-gig,1,https://whirl-i-gig.breezy.hr/
breezy,whitlock-company-p-c,1,https://whitlock-company-p-c.breezy.hr/
breezy,whym,1,https://whym.breezy.hr/
breezy,wilhelm,1,https://wilhelm.breezy.hr/
breezy,william-thomas-digital-inc,5,https://william-thomas-digital-inc.breezy.hr/
breezy,wimzee,1,https://wimzee.breezy.hr/
breezy,winedirect,5,https://winedirect.breezy.hr/
breezy,wingman,1,https://wingman.breezy.hr/
breezy,witham-family-hotels,23,https://witham-family-hotels.breezy.hr/
breezy,wknd-digital,1,https://wknd-digital.breezy.hr/
breezy,wmc,5,https://wmc.breezy.hr/
breezy,wnnlaf,1,https://wnnlaf.breezy.hr/
breezy,wonder-works-studio-inc,1,https://wonder-works-studio-inc.breezy.hr/
breezy,wootware-computers,1,https://wootware-computers.breezy.hr/
breezy,world-renew,2,https://world-renew.breezy.hr/
breezy,wsna,3,https://wsna.breezy.hr/
breezy,wurk,1,https://wurk.breezy.hr/
breezy,www-timezest-com,1,https://www-timezest-com.breezy.hr/
breezy,wyze-labs,1,https://wyze-labs.breezy.hr/
breezy,xclusive-lifestyle-group,1,https://xclusive-lifestyle-group.breezy.hr/
breezy,xperteks,6,https://xperteks.breezy.hr/
breezy,xplor-education,4,https://xplor-education.breezy.hr/
breezy,xrex,2,https://xrex.breezy.hr/
breezy,yellow-labs-software-inc,1,https://yellow-labs-software-inc.breezy.hr/
breezy,yonkers-industries-inc,1,https://yonkers-industries-inc.breezy.hr/
breezy,young-basile,1,https://young-basile.breezy.hr/
breezy,young-storytellers,1,https://young-storytellers.breezy.hr/
breezy,yourstake,1,https://yourstake.breezy.hr/
breezy,youset,1,https://youset.breezy.hr/
breezy,youthfully,1,https://youthfully.breezy.hr/
breezy,ywca-cass-clay,3,https://ywca-cass-clay.breezy.hr/
breezy,zameen,66,https://zameen.breezy.hr/
breezy,zedge,1,https://zedge.breezy.hr/
breezy,zeus-fire-and-security,9,https://zeus-fire-and-security.breezy.hr/
breezy,zl-technologies-inc,11,https://zl-technologies-inc.breezy.hr/
breezy,zuul,1,https://zuul.breezy.hr/
