provider,token,open_postings,board_url,api_url
recruitee,sterkinmatches,709,https://sterkinmatches.recruitee.com/,"https://sterkinmatches.recruitee.com/api/offers/"
recruitee,vdkgroep,657,https://vdkgroep.recruitee.com/,"https://vdkgroep.recruitee.com/api/offers/"
recruitee,hudsonmanpower,618,https://hudsonmanpower.recruitee.com/,"https://hudsonmanpower.recruitee.com/api/offers/"
recruitee,tgs,590,https://tgs.recruitee.com/,"https://tgs.recruitee.com/api/offers/"
recruitee,transperfect,590,https://transperfect.recruitee.com/,"https://transperfect.recruitee.com/api/offers/"
recruitee,duravermeer,354,https://duravermeer.recruitee.com/,"https://duravermeer.recruitee.com/api/offers/"
recruitee,vanmossel,334,https://vanmossel.recruitee.com/,"https://vanmossel.recruitee.com/api/offers/"
recruitee,vanmosselgroep,334,https://vanmosselgroep.recruitee.com/,"https://vanmosselgroep.recruitee.com/api/offers/"
recruitee,aaff,332,https://aaff.recruitee.com/,"https://aaff.recruitee.com/api/offers/"
recruitee,vluchtelingenwerkvrijwilligers,319,https://vluchtelingenwerkvrijwilligers.recruitee.com/,"https://vluchtelingenwerkvrijwilligers.recruitee.com/api/offers/"
recruitee,tabmed,293,https://tabmed.recruitee.com/,"https://tabmed.recruitee.com/api/offers/"
recruitee,polytalentgmbh,278,https://polytalentgmbh.recruitee.com/,"https://polytalentgmbh.recruitee.com/api/offers/"
recruitee,sparcareers,268,https://sparcareers.recruitee.com/,"https://sparcareers.recruitee.com/api/offers/"
recruitee,yellowstone,260,https://yellowstone.recruitee.com/,"https://yellowstone.recruitee.com/api/offers/"
recruitee,diegrenze,252,https://diegrenze.recruitee.com/,"https://diegrenze.recruitee.com/api/offers/"
recruitee,medikamentediegrenze,252,https://medikamentediegrenze.recruitee.com/,"https://medikamentediegrenze.recruitee.com/api/offers/"
recruitee,rivierduinen,209,https://rivierduinen.recruitee.com/,"https://rivierduinen.recruitee.com/api/offers/"
recruitee,dckgroup,203,https://dckgroup.recruitee.com/,"https://dckgroup.recruitee.com/api/offers/"
recruitee,techbizglobal,203,https://techbizglobal.recruitee.com/,"https://techbizglobal.recruitee.com/api/offers/"
recruitee,easyapplyrekluti,201,https://easyapplyrekluti.recruitee.com/,"https://easyapplyrekluti.recruitee.com/api/offers/"
recruitee,easyapplyrimutee,201,https://easyapplyrimutee.recruitee.com/,"https://easyapplyrimutee.recruitee.com/api/offers/"
recruitee,rimutee,201,https://rimutee.recruitee.com/,"https://rimutee.recruitee.com/api/offers/"
recruitee,nlmentalcaregroup,194,https://nlmentalcaregroup.recruitee.com/,"https://nlmentalcaregroup.recruitee.com/api/offers/"
recruitee,decircletalentpartner,193,https://decircletalentpartner.recruitee.com/,"https://decircletalentpartner.recruitee.com/api/offers/"
recruitee,cbsconsulting,183,https://cbsconsulting.recruitee.com/,"https://cbsconsulting.recruitee.com/api/offers/"
recruitee,deintraumjobwartet,183,https://deintraumjobwartet.recruitee.com/,"https://deintraumjobwartet.recruitee.com/api/offers/"
recruitee,kws,180,https://kws.recruitee.com/,"https://kws.recruitee.com/api/offers/"
recruitee,huaweicanada,179,https://huaweicanada.recruitee.com/,"https://huaweicanada.recruitee.com/api/offers/"
recruitee,avedo,178,https://avedo.recruitee.com/,"https://avedo.recruitee.com/api/offers/"
recruitee,sweco,174,https://sweco.recruitee.com/,"https://sweco.recruitee.com/api/offers/"
recruitee,mooremkw,166,https://mooremkw.recruitee.com/,"https://mooremkw.recruitee.com/api/offers/"
recruitee,florence,158,https://florence.recruitee.com/,"https://florence.recruitee.com/api/offers/"
recruitee,tether,158,https://tether.recruitee.com/,"https://tether.recruitee.com/api/offers/"
recruitee,yourpersonalai,158,https://yourpersonalai.recruitee.com/,"https://yourpersonalai.recruitee.com/api/offers/"
recruitee,quantumsystemsgmbh,157,https://quantumsystemsgmbh.recruitee.com/,"https://quantumsystemsgmbh.recruitee.com/api/offers/"
recruitee,cordaan,156,https://cordaan.recruitee.com/,"https://cordaan.recruitee.com/api/offers/"
recruitee,bakertilly,155,https://bakertilly.recruitee.com/,"https://bakertilly.recruitee.com/api/offers/"
recruitee,vanwijnen1,154,https://vanwijnen1.recruitee.com/,"https://vanwijnen1.recruitee.com/api/offers/"
recruitee,ballastnedam,147,https://ballastnedam.recruitee.com/,"https://ballastnedam.recruitee.com/api/offers/"
recruitee,conclusion,142,https://conclusion.recruitee.com/,"https://conclusion.recruitee.com/api/offers/"
recruitee,madsacklogistik,142,https://madsacklogistik.recruitee.com/,"https://madsacklogistik.recruitee.com/api/offers/"
recruitee,piagroupnetherlands,141,https://piagroupnetherlands.recruitee.com/,"https://piagroupnetherlands.recruitee.com/api/offers/"
recruitee,nozrecrute,140,https://nozrecrute.recruitee.com/,"https://nozrecrute.recruitee.com/api/offers/"
recruitee,louwman,137,https://louwman.recruitee.com/,"https://louwman.recruitee.com/api/offers/"
recruitee,xiaorestaurant,134,https://xiaorestaurant.recruitee.com/,"https://xiaorestaurant.recruitee.com/api/offers/"
recruitee,silverein,133,https://silverein.recruitee.com/,"https://silverein.recruitee.com/api/offers/"
recruitee,ggzingeest,122,https://ggzingeest.recruitee.com/,"https://ggzingeest.recruitee.com/api/offers/"
recruitee,stichtingkwintes,122,https://stichtingkwintes.recruitee.com/,"https://stichtingkwintes.recruitee.com/api/offers/"
recruitee,ggzbreburg,121,https://ggzbreburg.recruitee.com/,"https://ggzbreburg.recruitee.com/api/offers/"
recruitee,primegateconsultinggmbh,120,https://primegateconsultinggmbh.recruitee.com/,"https://primegateconsultinggmbh.recruitee.com/api/offers/"
recruitee,fridayrecruitment,117,https://fridayrecruitment.recruitee.com/,"https://fridayrecruitment.recruitee.com/api/offers/"
recruitee,valleifinancegroup,117,https://valleifinancegroup.recruitee.com/,"https://valleifinancegroup.recruitee.com/api/offers/"
recruitee,werkenbijfivoor,117,https://werkenbijfivoor.recruitee.com/,"https://werkenbijfivoor.recruitee.com/api/offers/"
recruitee,edenhotels,116,https://edenhotels.recruitee.com/,"https://edenhotels.recruitee.com/api/offers/"
recruitee,onstweedethuis,115,https://onstweedethuis.recruitee.com/,"https://onstweedethuis.recruitee.com/api/offers/"
recruitee,anteagroup,111,https://anteagroup.recruitee.com/,"https://anteagroup.recruitee.com/api/offers/"
recruitee,maximizd1,111,https://maximizd1.recruitee.com/,"https://maximizd1.recruitee.com/api/offers/"
recruitee,caritasgesundheitberlinggmbh,110,https://caritasgesundheitberlinggmbh.recruitee.com/,"https://caritasgesundheitberlinggmbh.recruitee.com/api/offers/"
recruitee,altrecht,108,https://altrecht.recruitee.com/,"https://altrecht.recruitee.com/api/offers/"
recruitee,collins,105,https://collins.recruitee.com/,"https://collins.recruitee.com/api/offers/"
recruitee,theentouragegroup,105,https://theentouragegroup.recruitee.com/,"https://theentouragegroup.recruitee.com/api/offers/"
recruitee,tabelpersonal,100,https://tabelpersonal.recruitee.com/,"https://tabelpersonal.recruitee.com/api/offers/"
recruitee,devfinders,99,https://devfinders.recruitee.com/,"https://devfinders.recruitee.com/api/offers/"
recruitee,emplyfy,99,https://emplyfy.recruitee.com/,"https://emplyfy.recruitee.com/api/offers/"
recruitee,vionfoodgroup,99,https://vionfoodgroup.recruitee.com/,"https://vionfoodgroup.recruitee.com/api/offers/"
recruitee,arsipa,97,https://arsipa.recruitee.com/,"https://arsipa.recruitee.com/api/offers/"
recruitee,boggimilano,97,https://boggimilano.recruitee.com/,"https://boggimilano.recruitee.com/api/offers/"
recruitee,boggimilano1,97,https://boggimilano1.recruitee.com/,"https://boggimilano1.recruitee.com/api/offers/"
recruitee,schenk,97,https://schenk.recruitee.com/,"https://schenk.recruitee.com/api/offers/"
recruitee,schenktanktransport,97,https://schenktanktransport.recruitee.com/,"https://schenktanktransport.recruitee.com/api/offers/"
recruitee,werkenbijvigogroep,95,https://werkenbijvigogroep.recruitee.com/,"https://werkenbijvigogroep.recruitee.com/api/offers/"
recruitee,reinaerde,94,https://reinaerde.recruitee.com/,"https://reinaerde.recruitee.com/api/offers/"
recruitee,cordesconsulting,93,https://cordesconsulting.recruitee.com/,"https://cordesconsulting.recruitee.com/api/offers/"
recruitee,60secondstonapoli,91,https://60secondstonapoli.recruitee.com/,"https://60secondstonapoli.recruitee.com/api/offers/"
recruitee,baeckergoertz,89,https://baeckergoertz.recruitee.com/,"https://baeckergoertz.recruitee.com/api/offers/"
recruitee,voortman,88,https://voortman.recruitee.com/,"https://voortman.recruitee.com/api/offers/"
recruitee,myjewellery,86,https://myjewellery.recruitee.com/,"https://myjewellery.recruitee.com/api/offers/"
recruitee,wwd,86,https://wwd.recruitee.com/,"https://wwd.recruitee.com/api/offers/"
recruitee,ggzoostbrabant,85,https://ggzoostbrabant.recruitee.com/,"https://ggzoostbrabant.recruitee.com/api/offers/"
recruitee,lenskartcareers,85,https://lenskartcareers.recruitee.com/,"https://lenskartcareers.recruitee.com/api/offers/"
recruitee,macecareers,84,https://macecareers.recruitee.com/,"https://macecareers.recruitee.com/api/offers/"
recruitee,cello1,83,https://cello1.recruitee.com/,"https://cello1.recruitee.com/api/offers/"
recruitee,miepbv,83,https://miepbv.recruitee.com/,"https://miepbv.recruitee.com/api/offers/"
recruitee,basgroup,82,https://basgroup.recruitee.com/,"https://basgroup.recruitee.com/api/offers/"
recruitee,raphaelstichting,82,https://raphaelstichting.recruitee.com/,"https://raphaelstichting.recruitee.com/api/offers/"
recruitee,jpweltersgorgensgmbhcobekleidungskg,79,https://jpweltersgorgensgmbhcobekleidungskg.recruitee.com/,"https://jpweltersgorgensgmbhcobekleidungskg.recruitee.com/api/offers/"
recruitee,kultolymphades,79,https://kultolymphades.recruitee.com/,"https://kultolymphades.recruitee.com/api/offers/"
recruitee,mumc,79,https://mumc.recruitee.com/,"https://mumc.recruitee.com/api/offers/"
recruitee,rhpartners,79,https://rhpartners.recruitee.com/,"https://rhpartners.recruitee.com/api/offers/"
recruitee,unitedalsaqergroup,79,https://unitedalsaqergroup.recruitee.com/,"https://unitedalsaqergroup.recruitee.com/api/offers/"
recruitee,jobsdeerns,78,https://jobsdeerns.recruitee.com/,"https://jobsdeerns.recruitee.com/api/offers/"
recruitee,pmpg,78,https://pmpg.recruitee.com/,"https://pmpg.recruitee.com/api/offers/"
recruitee,8advisory,77,https://8advisory.recruitee.com/,"https://8advisory.recruitee.com/api/offers/"
recruitee,bergmanclinics,76,https://bergmanclinics.recruitee.com/,"https://bergmanclinics.recruitee.com/api/offers/"
recruitee,bidfood,74,https://bidfood.recruitee.com/,"https://bidfood.recruitee.com/api/offers/"
recruitee,hascoinvest,74,https://hascoinvest.recruitee.com/,"https://hascoinvest.recruitee.com/api/offers/"
recruitee,tabelgruppe,74,https://tabelgruppe.recruitee.com/,"https://tabelgruppe.recruitee.com/api/offers/"
recruitee,feenstra,73,https://feenstra.recruitee.com/,"https://feenstra.recruitee.com/api/offers/"
recruitee,umane,73,https://umane.recruitee.com/,"https://umane.recruitee.com/api/offers/"
recruitee,affideaitaly,72,https://affideaitaly.recruitee.com/,"https://affideaitaly.recruitee.com/api/offers/"
recruitee,altiussearchgroup,71,https://altiussearchgroup.recruitee.com/,"https://altiussearchgroup.recruitee.com/api/offers/"
recruitee,welcomemonchasseurimmo,71,https://welcomemonchasseurimmo.recruitee.com/,"https://welcomemonchasseurimmo.recruitee.com/api/offers/"
recruitee,aikidosecurity,70,https://aikidosecurity.recruitee.com/,"https://aikidosecurity.recruitee.com/api/offers/"
recruitee,gaevdental,70,https://gaevdental.recruitee.com/,"https://gaevdental.recruitee.com/api/offers/"
recruitee,pflegedienstkremer,69,https://pflegedienstkremer.recruitee.com/,"https://pflegedienstkremer.recruitee.com/api/offers/"
recruitee,careersdeltacapita,68,https://careersdeltacapita.recruitee.com/,"https://careersdeltacapita.recruitee.com/api/offers/"
recruitee,gustileder,68,https://gustileder.recruitee.com/,"https://gustileder.recruitee.com/api/offers/"
recruitee,centric,66,https://centric.recruitee.com/,"https://centric.recruitee.com/api/offers/"
recruitee,werkenbijvancranenbroek,66,https://werkenbijvancranenbroek.recruitee.com/,"https://werkenbijvancranenbroek.recruitee.com/api/offers/"
recruitee,metyisag,65,https://metyisag.recruitee.com/,"https://metyisag.recruitee.com/api/offers/"
recruitee,nts,65,https://nts.recruitee.com/,"https://nts.recruitee.com/api/offers/"
recruitee,waardeburgh,65,https://waardeburgh.recruitee.com/,"https://waardeburgh.recruitee.com/api/offers/"
recruitee,londiscareers,64,https://londiscareers.recruitee.com/,"https://londiscareers.recruitee.com/api/offers/"
recruitee,deutschespromotionszentrum,63,https://deutschespromotionszentrum.recruitee.com/,"https://deutschespromotionszentrum.recruitee.com/api/offers/"
recruitee,noackconsulting,63,https://noackconsulting.recruitee.com/,"https://noackconsulting.recruitee.com/api/offers/"
recruitee,rosebelgoldmines,63,https://rosebelgoldmines.recruitee.com/,"https://rosebelgoldmines.recruitee.com/api/offers/"
recruitee,nwsgmbh,61,https://nwsgmbh.recruitee.com/,"https://nwsgmbh.recruitee.com/api/offers/"
recruitee,veocareers,61,https://veocareers.recruitee.com/,"https://veocareers.recruitee.com/api/offers/"
recruitee,anciapersonnelinc,60,https://anciapersonnelinc.recruitee.com/,"https://anciapersonnelinc.recruitee.com/api/offers/"
recruitee,andreasschmid,60,https://andreasschmid.recruitee.com/,"https://andreasschmid.recruitee.com/api/offers/"
recruitee,chg,60,https://chg.recruitee.com/,"https://chg.recruitee.com/api/offers/"
recruitee,chgcareers,60,https://chgcareers.recruitee.com/,"https://chgcareers.recruitee.com/api/offers/"
recruitee,kodland,60,https://kodland.recruitee.com/,"https://kodland.recruitee.com/api/offers/"
recruitee,planethomegroupgmbh,60,https://planethomegroupgmbh.recruitee.com/,"https://planethomegroupgmbh.recruitee.com/api/offers/"
recruitee,savantzorg,60,https://savantzorg.recruitee.com/,"https://savantzorg.recruitee.com/api/offers/"
recruitee,igh,59,https://igh.recruitee.com/,"https://igh.recruitee.com/api/offers/"
recruitee,natuvion,59,https://natuvion.recruitee.com/,"https://natuvion.recruitee.com/api/offers/"
recruitee,nearfieldinstruments1,59,https://nearfieldinstruments1.recruitee.com/,"https://nearfieldinstruments1.recruitee.com/api/offers/"
recruitee,cvonlinelatvia,58,https://cvonlinelatvia.recruitee.com/,"https://cvonlinelatvia.recruitee.com/api/offers/"
recruitee,qnis,58,https://qnis.recruitee.com/,"https://qnis.recruitee.com/api/offers/"
recruitee,steuerberatende,58,https://steuerberatende.recruitee.com/,"https://steuerberatende.recruitee.com/api/offers/"
recruitee,tbibank,58,https://tbibank.recruitee.com/,"https://tbibank.recruitee.com/api/offers/"
recruitee,techpartnerships,58,https://techpartnerships.recruitee.com/,"https://techpartnerships.recruitee.com/api/offers/"
recruitee,thehospitalityrecruiters,58,https://thehospitalityrecruiters.recruitee.com/,"https://thehospitalityrecruiters.recruitee.com/api/offers/"
recruitee,customssupport,57,https://customssupport.recruitee.com/,"https://customssupport.recruitee.com/api/offers/"
recruitee,omeris,57,https://omeris.recruitee.com/,"https://omeris.recruitee.com/api/offers/"
recruitee,gsbsolutions1,56,https://gsbsolutions1.recruitee.com/,"https://gsbsolutions1.recruitee.com/api/offers/"
recruitee,hardrockdigital,56,https://hardrockdigital.recruitee.com/,"https://hardrockdigital.recruitee.com/api/offers/"
recruitee,zozijn,55,https://zozijn.recruitee.com/,"https://zozijn.recruitee.com/api/offers/"
recruitee,antonivanleeuwenhoek,54,https://antonivanleeuwenhoek.recruitee.com/,"https://antonivanleeuwenhoek.recruitee.com/api/offers/"
recruitee,axivatehoreca,54,https://axivatehoreca.recruitee.com/,"https://axivatehoreca.recruitee.com/api/offers/"
recruitee,berenschot,54,https://berenschot.recruitee.com/,"https://berenschot.recruitee.com/api/offers/"
recruitee,fleurymichon,54,https://fleurymichon.recruitee.com/,"https://fleurymichon.recruitee.com/api/offers/"
recruitee,humanispartners,54,https://humanispartners.recruitee.com/,"https://humanispartners.recruitee.com/api/offers/"
recruitee,detandartsengroep,53,https://detandartsengroep.recruitee.com/,"https://detandartsengroep.recruitee.com/api/offers/"
recruitee,itxuklimited,53,https://itxuklimited.recruitee.com/,"https://itxuklimited.recruitee.com/api/offers/"
recruitee,lammhr,53,https://lammhr.recruitee.com/,"https://lammhr.recruitee.com/api/offers/"
recruitee,neokanzlei,53,https://neokanzlei.recruitee.com/,"https://neokanzlei.recruitee.com/api/offers/"
recruitee,odysseyhotelgroup,53,https://odysseyhotelgroup.recruitee.com/,"https://odysseyhotelgroup.recruitee.com/api/offers/"
recruitee,provalliance1,53,https://provalliance1.recruitee.com/,"https://provalliance1.recruitee.com/api/offers/"
recruitee,werkenbijbrainwash,53,https://werkenbijbrainwash.recruitee.com/,"https://werkenbijbrainwash.recruitee.com/api/offers/"
recruitee,zonnehuisgroepamstelland,53,https://zonnehuisgroepamstelland.recruitee.com/,"https://zonnehuisgroepamstelland.recruitee.com/api/offers/"
recruitee,boldteam,51,https://boldteam.recruitee.com/,"https://boldteam.recruitee.com/api/offers/"
recruitee,cigusgmbh,51,https://cigusgmbh.recruitee.com/,"https://cigusgmbh.recruitee.com/api/offers/"
recruitee,muttifreutsich,51,https://muttifreutsich.recruitee.com/,"https://muttifreutsich.recruitee.com/api/offers/"
recruitee,synspective,51,https://synspective.recruitee.com/,"https://synspective.recruitee.com/api/offers/"
recruitee,vandervalkdeutschland,51,https://vandervalkdeutschland.recruitee.com/,"https://vandervalkdeutschland.recruitee.com/api/offers/"
recruitee,bukoinfrasupport,50,https://bukoinfrasupport.recruitee.com/,"https://bukoinfrasupport.recruitee.com/api/offers/"
recruitee,framestore,50,https://framestore.recruitee.com/,"https://framestore.recruitee.com/api/offers/"
recruitee,movares,50,https://movares.recruitee.com/,"https://movares.recruitee.com/api/offers/"
recruitee,dwsi,49,https://dwsi.recruitee.com/,"https://dwsi.recruitee.com/api/offers/"
recruitee,detron,48,https://detron.recruitee.com/,"https://detron.recruitee.com/api/offers/"
recruitee,vechtenijssel,48,https://vechtenijssel.recruitee.com/,"https://vechtenijssel.recruitee.com/api/offers/"
recruitee,werkenbijespritict,48,https://werkenbijespritict.recruitee.com/,"https://werkenbijespritict.recruitee.com/api/offers/"
recruitee,circetbenelux,47,https://circetbenelux.recruitee.com/,"https://circetbenelux.recruitee.com/api/offers/"
recruitee,petcitygroup,47,https://petcitygroup.recruitee.com/,"https://petcitygroup.recruitee.com/api/offers/"
recruitee,youngtalents,47,https://youngtalents.recruitee.com/,"https://youngtalents.recruitee.com/api/offers/"
recruitee,ballysintralotsa,46,https://ballysintralotsa.recruitee.com/,"https://ballysintralotsa.recruitee.com/api/offers/"
recruitee,cornelissentransportbv,46,https://cornelissentransportbv.recruitee.com/,"https://cornelissentransportbv.recruitee.com/api/offers/"
recruitee,infoprolearning,46,https://infoprolearning.recruitee.com/,"https://infoprolearning.recruitee.com/api/offers/"
recruitee,intralot,46,https://intralot.recruitee.com/,"https://intralot.recruitee.com/api/offers/"
recruitee,stichtingpergamijn,46,https://stichtingpergamijn.recruitee.com/,"https://stichtingpergamijn.recruitee.com/api/offers/"
recruitee,jobsger,45,https://jobsger.recruitee.com/,"https://jobsger.recruitee.com/api/offers/"
recruitee,socialdeal,45,https://socialdeal.recruitee.com/,"https://socialdeal.recruitee.com/api/offers/"
recruitee,datashift,44,https://datashift.recruitee.com/,"https://datashift.recruitee.com/api/offers/"
recruitee,imbgmbh,44,https://imbgmbh.recruitee.com/,"https://imbgmbh.recruitee.com/api/offers/"
recruitee,kdci1,44,https://kdci1.recruitee.com/,"https://kdci1.recruitee.com/api/offers/"
recruitee,labeyriefinefoods,44,https://labeyriefinefoods.recruitee.com/,"https://labeyriefinefoods.recruitee.com/api/offers/"
recruitee,stjansdal,44,https://stjansdal.recruitee.com/,"https://stjansdal.recruitee.com/api/offers/"
recruitee,trafilea,44,https://trafilea.recruitee.com/,"https://trafilea.recruitee.com/api/offers/"
recruitee,zelh,43,https://zelh.recruitee.com/,"https://zelh.recruitee.com/api/offers/"
recruitee,bedachungenschmidtgmbh,42,https://bedachungenschmidtgmbh.recruitee.com/,"https://bedachungenschmidtgmbh.recruitee.com/api/offers/"
recruitee,mayflower,42,https://mayflower.recruitee.com/,"https://mayflower.recruitee.com/api/offers/"
recruitee,odion,42,https://odion.recruitee.com/,"https://odion.recruitee.com/api/offers/"
recruitee,vermetten,42,https://vermetten.recruitee.com/,"https://vermetten.recruitee.com/api/offers/"
recruitee,alewijnse,41,https://alewijnse.recruitee.com/,"https://alewijnse.recruitee.com/api/offers/"
recruitee,consultdss,41,https://consultdss.recruitee.com/,"https://consultdss.recruitee.com/api/offers/"
recruitee,xebiacareers,41,https://xebiacareers.recruitee.com/,"https://xebiacareers.recruitee.com/api/offers/"
recruitee,cloval,40,https://cloval.recruitee.com/,"https://cloval.recruitee.com/api/offers/"
recruitee,eurosparcareers,40,https://eurosparcareers.recruitee.com/,"https://eurosparcareers.recruitee.com/api/offers/"
recruitee,grantthorntonbelgium,40,https://grantthorntonbelgium.recruitee.com/,"https://grantthorntonbelgium.recruitee.com/api/offers/"
recruitee,palazzoversacedubai,40,https://palazzoversacedubai.recruitee.com/,"https://palazzoversacedubai.recruitee.com/api/offers/"
recruitee,saffier,40,https://saffier.recruitee.com/,"https://saffier.recruitee.com/api/offers/"
recruitee,sopranapersonell,40,https://sopranapersonell.recruitee.com/,"https://sopranapersonell.recruitee.com/api/offers/"
recruitee,adj,39,https://adj.recruitee.com/,"https://adj.recruitee.com/api/offers/"
recruitee,bestpeople,39,https://bestpeople.recruitee.com/,"https://bestpeople.recruitee.com/api/offers/"
recruitee,bluecrux,39,https://bluecrux.recruitee.com/,"https://bluecrux.recruitee.com/api/offers/"
recruitee,dnata,39,https://dnata.recruitee.com/,"https://dnata.recruitee.com/api/offers/"
recruitee,evreuxportesdenormandie,39,https://evreuxportesdenormandie.recruitee.com/,"https://evreuxportesdenormandie.recruitee.com/api/offers/"
recruitee,alliade,38,https://alliade.recruitee.com/,"https://alliade.recruitee.com/api/offers/"
recruitee,coloriet,38,https://coloriet.recruitee.com/,"https://coloriet.recruitee.com/api/offers/"
recruitee,interbrandsmarketingdistributionsrl,38,https://interbrandsmarketingdistributionsrl.recruitee.com/,"https://interbrandsmarketingdistributionsrl.recruitee.com/api/offers/"
recruitee,interbrandsorbico,38,https://interbrandsorbico.recruitee.com/,"https://interbrandsorbico.recruitee.com/api/offers/"
recruitee,kiesertrainingag,38,https://kiesertrainingag.recruitee.com/,"https://kiesertrainingag.recruitee.com/api/offers/"
recruitee,socialfind,38,https://socialfind.recruitee.com/,"https://socialfind.recruitee.com/api/offers/"
recruitee,trackman,38,https://trackman.recruitee.com/,"https://trackman.recruitee.com/api/offers/"
recruitee,werkenbijattentzorgenbehandeling,38,https://werkenbijattentzorgenbehandeling.recruitee.com/,"https://werkenbijattentzorgenbehandeling.recruitee.com/api/offers/"
recruitee,bambinos,37,https://bambinos.recruitee.com/,"https://bambinos.recruitee.com/api/offers/"
recruitee,bartimeus,37,https://bartimeus.recruitee.com/,"https://bartimeus.recruitee.com/api/offers/"
recruitee,egroup,37,https://egroup.recruitee.com/,"https://egroup.recruitee.com/api/offers/"
recruitee,gbu,37,https://gbu.recruitee.com/,"https://gbu.recruitee.com/api/offers/"
recruitee,hvg,37,https://hvg.recruitee.com/,"https://hvg.recruitee.com/api/offers/"
recruitee,interstellargroup,37,https://interstellargroup.recruitee.com/,"https://interstellargroup.recruitee.com/api/offers/"
recruitee,quirlsberg,37,https://quirlsberg.recruitee.com/,"https://quirlsberg.recruitee.com/api/offers/"
recruitee,stibbebv,37,https://stibbebv.recruitee.com/,"https://stibbebv.recruitee.com/api/offers/"
recruitee,triangulargroup,37,https://triangulargroup.recruitee.com/,"https://triangulargroup.recruitee.com/api/offers/"
recruitee,entyre,36,https://entyre.recruitee.com/,"https://entyre.recruitee.com/api/offers/"
recruitee,lister,36,https://lister.recruitee.com/,"https://lister.recruitee.com/api/offers/"
recruitee,normecsunl,36,https://normecsunl.recruitee.com/,"https://normecsunl.recruitee.com/api/offers/"
recruitee,skkarriere,36,https://skkarriere.recruitee.com/,"https://skkarriere.recruitee.com/api/offers/"
recruitee,vilgain,36,https://vilgain.recruitee.com/,"https://vilgain.recruitee.com/api/offers/"
recruitee,yellowtail,36,https://yellowtail.recruitee.com/,"https://yellowtail.recruitee.com/api/offers/"
recruitee,aidigital,35,https://aidigital.recruitee.com/,"https://aidigital.recruitee.com/api/offers/"
recruitee,bahmanncoaching,35,https://bahmanncoaching.recruitee.com/,"https://bahmanncoaching.recruitee.com/api/offers/"
recruitee,exp1consulting,35,https://exp1consulting.recruitee.com/,"https://exp1consulting.recruitee.com/api/offers/"
recruitee,hamma,35,https://hamma.recruitee.com/,"https://hamma.recruitee.com/api/offers/"
recruitee,janbahmann,35,https://janbahmann.recruitee.com/,"https://janbahmann.recruitee.com/api/offers/"
recruitee,lomography,35,https://lomography.recruitee.com/,"https://lomography.recruitee.com/api/offers/"
recruitee,medischspectrumtwente,35,https://medischspectrumtwente.recruitee.com/,"https://medischspectrumtwente.recruitee.com/api/offers/"
recruitee,werkenviaforp,35,https://werkenviaforp.recruitee.com/,"https://werkenviaforp.recruitee.com/api/offers/"
recruitee,adesso1,34,https://adesso1.recruitee.com/,"https://adesso1.recruitee.com/api/offers/"
recruitee,baeckereisipl,34,https://baeckereisipl.recruitee.com/,"https://baeckereisipl.recruitee.com/api/offers/"
recruitee,currentagruppe,34,https://currentagruppe.recruitee.com/,"https://currentagruppe.recruitee.com/api/offers/"
recruitee,digitalforms,34,https://digitalforms.recruitee.com/,"https://digitalforms.recruitee.com/api/offers/"
recruitee,institutminestelecom,34,https://institutminestelecom.recruitee.com/,"https://institutminestelecom.recruitee.com/api/offers/"
recruitee,recrutementmondialtissus,34,https://recrutementmondialtissus.recruitee.com/,"https://recrutementmondialtissus.recruitee.com/api/offers/"
recruitee,signode,34,https://signode.recruitee.com/,"https://signode.recruitee.com/api/offers/"
recruitee,swordservices,34,https://swordservices.recruitee.com/,"https://swordservices.recruitee.com/api/offers/"
recruitee,thebellezzagroup,34,https://thebellezzagroup.recruitee.com/,"https://thebellezzagroup.recruitee.com/api/offers/"
recruitee,goodseedcommunitydevelopmentcorporation,33,https://goodseedcommunitydevelopmentcorporation.recruitee.com/,"https://goodseedcommunitydevelopmentcorporation.recruitee.com/api/offers/"
recruitee,jeugdprofessionalsnederland,33,https://jeugdprofessionalsnederland.recruitee.com/,"https://jeugdprofessionalsnederland.recruitee.com/api/offers/"
recruitee,kwadraad,33,https://kwadraad.recruitee.com/,"https://kwadraad.recruitee.com/api/offers/"
recruitee,palazzohospitality,33,https://palazzohospitality.recruitee.com/,"https://palazzohospitality.recruitee.com/api/offers/"
recruitee,wimexgruppe,33,https://wimexgruppe.recruitee.com/,"https://wimexgruppe.recruitee.com/api/offers/"
recruitee,azubi,32,https://azubi.recruitee.com/,"https://azubi.recruitee.com/api/offers/"
recruitee,castellumsecurity,32,https://castellumsecurity.recruitee.com/,"https://castellumsecurity.recruitee.com/api/offers/"
recruitee,crop,32,https://crop.recruitee.com/,"https://crop.recruitee.com/api/offers/"
recruitee,heembouw,32,https://heembouw.recruitee.com/,"https://heembouw.recruitee.com/api/offers/"
recruitee,hemeriagroup,32,https://hemeriagroup.recruitee.com/,"https://hemeriagroup.recruitee.com/api/offers/"
recruitee,juliusbergerinternationalgmbh,32,https://juliusbergerinternationalgmbh.recruitee.com/,"https://juliusbergerinternationalgmbh.recruitee.com/api/offers/"
recruitee,scioteq,32,https://scioteq.recruitee.com/,"https://scioteq.recruitee.com/api/offers/"
recruitee,tacobellnederland,32,https://tacobellnederland.recruitee.com/,"https://tacobellnederland.recruitee.com/api/offers/"
recruitee,thesafetynetwork,32,https://thesafetynetwork.recruitee.com/,"https://thesafetynetwork.recruitee.com/api/offers/"
recruitee,emploisepicura,31,https://emploisepicura.recruitee.com/,"https://emploisepicura.recruitee.com/api/offers/"
recruitee,flextrade,31,https://flextrade.recruitee.com/,"https://flextrade.recruitee.com/api/offers/"
recruitee,intersnackdeutschlandse,31,https://intersnackdeutschlandse.recruitee.com/,"https://intersnackdeutschlandse.recruitee.com/api/offers/"
recruitee,royalswinkels,31,https://royalswinkels.recruitee.com/,"https://royalswinkels.recruitee.com/api/offers/"
recruitee,werkenbijnlr,31,https://werkenbijnlr.recruitee.com/,"https://werkenbijnlr.recruitee.com/api/offers/"
recruitee,chmedia,30,https://chmedia.recruitee.com/,"https://chmedia.recruitee.com/api/offers/"
recruitee,dresselimmobiliengmbh,30,https://dresselimmobiliengmbh.recruitee.com/,"https://dresselimmobiliengmbh.recruitee.com/api/offers/"
recruitee,energyking,30,https://energyking.recruitee.com/,"https://energyking.recruitee.com/api/offers/"
recruitee,hamelin,30,https://hamelin.recruitee.com/,"https://hamelin.recruitee.com/api/offers/"
recruitee,heidelbergcementbenelux,30,https://heidelbergcementbenelux.recruitee.com/,"https://heidelbergcementbenelux.recruitee.com/api/offers/"
recruitee,heidelbergmaterialsbenelux,30,https://heidelbergmaterialsbenelux.recruitee.com/,"https://heidelbergmaterialsbenelux.recruitee.com/api/offers/"
recruitee,verbundhaushaltshilfe,30,https://verbundhaushaltshilfe.recruitee.com/,"https://verbundhaushaltshilfe.recruitee.com/api/offers/"
recruitee,wingmangroup,30,https://wingmangroup.recruitee.com/,"https://wingmangroup.recruitee.com/api/offers/"
recruitee,adjust,29,https://adjust.recruitee.com/,"https://adjust.recruitee.com/api/offers/"
recruitee,basefit,29,https://basefit.recruitee.com/,"https://basefit.recruitee.com/api/offers/"
recruitee,designeroutletluxembourg,29,https://designeroutletluxembourg.recruitee.com/,"https://designeroutletluxembourg.recruitee.com/api/offers/"
recruitee,digitalhoneycomb,29,https://digitalhoneycomb.recruitee.com/,"https://digitalhoneycomb.recruitee.com/api/offers/"
recruitee,dreizen,29,https://dreizen.recruitee.com/,"https://dreizen.recruitee.com/api/offers/"
recruitee,enerviesudwestfalenenergieundwasserag,29,https://enerviesudwestfalenenergieundwasserag.recruitee.com/,"https://enerviesudwestfalenenergieundwasserag.recruitee.com/api/offers/"
recruitee,exner,29,https://exner.recruitee.com/,"https://exner.recruitee.com/api/offers/"
recruitee,iliabeauty,29,https://iliabeauty.recruitee.com/,"https://iliabeauty.recruitee.com/api/offers/"
recruitee,kaptenandson,29,https://kaptenandson.recruitee.com/,"https://kaptenandson.recruitee.com/api/offers/"
recruitee,keolis,29,https://keolis.recruitee.com/,"https://keolis.recruitee.com/api/offers/"
recruitee,mcb,29,https://mcb.recruitee.com/,"https://mcb.recruitee.com/api/offers/"
recruitee,skylift,29,https://skylift.recruitee.com/,"https://skylift.recruitee.com/api/offers/"
recruitee,connectpeople,28,https://connectpeople.recruitee.com/,"https://connectpeople.recruitee.com/api/offers/"
recruitee,ensup,28,https://ensup.recruitee.com/,"https://ensup.recruitee.com/api/offers/"
recruitee,greatminds,28,https://greatminds.recruitee.com/,"https://greatminds.recruitee.com/api/offers/"
recruitee,holzlandbecker,28,https://holzlandbecker.recruitee.com/,"https://holzlandbecker.recruitee.com/api/offers/"
recruitee,lumc,28,https://lumc.recruitee.com/,"https://lumc.recruitee.com/api/offers/"
recruitee,nvjuva,28,https://nvjuva.recruitee.com/,"https://nvjuva.recruitee.com/api/offers/"
recruitee,paralucent,28,https://paralucent.recruitee.com/,"https://paralucent.recruitee.com/api/offers/"
recruitee,puregymswiss,28,https://puregymswiss.recruitee.com/,"https://puregymswiss.recruitee.com/api/offers/"
recruitee,rooysewissel,28,https://rooysewissel.recruitee.com/,"https://rooysewissel.recruitee.com/api/offers/"
recruitee,saudigeophysical,28,https://saudigeophysical.recruitee.com/,"https://saudigeophysical.recruitee.com/api/offers/"
recruitee,affideaireland,27,https://affideaireland.recruitee.com/,"https://affideaireland.recruitee.com/api/offers/"
recruitee,boekenvoordeel,27,https://boekenvoordeel.recruitee.com/,"https://boekenvoordeel.recruitee.com/api/offers/"
recruitee,distribusion,27,https://distribusion.recruitee.com/,"https://distribusion.recruitee.com/api/offers/"
recruitee,distribusiontechnologies,27,https://distribusiontechnologies.recruitee.com/,"https://distribusiontechnologies.recruitee.com/api/offers/"
recruitee,eraneos,27,https://eraneos.recruitee.com/,"https://eraneos.recruitee.com/api/offers/"
recruitee,gerardbertrand,27,https://gerardbertrand.recruitee.com/,"https://gerardbertrand.recruitee.com/api/offers/"
recruitee,globalwindservice,27,https://globalwindservice.recruitee.com/,"https://globalwindservice.recruitee.com/api/offers/"
recruitee,infomedics,27,https://infomedics.recruitee.com/,"https://infomedics.recruitee.com/api/offers/"
recruitee,loisium,27,https://loisium.recruitee.com/,"https://loisium.recruitee.com/api/offers/"
recruitee,matera,27,https://matera.recruitee.com/,"https://matera.recruitee.com/api/offers/"
recruitee,portalp,27,https://portalp.recruitee.com/,"https://portalp.recruitee.com/api/offers/"
recruitee,stelz,27,https://stelz.recruitee.com/,"https://stelz.recruitee.com/api/offers/"
recruitee,talentsam,27,https://talentsam.recruitee.com/,"https://talentsam.recruitee.com/api/offers/"
recruitee,tepass,27,https://tepass.recruitee.com/,"https://tepass.recruitee.com/api/offers/"
recruitee,blackdiamond,26,https://blackdiamond.recruitee.com/,"https://blackdiamond.recruitee.com/api/offers/"
recruitee,britsafe,26,https://britsafe.recruitee.com/,"https://britsafe.recruitee.com/api/offers/"
recruitee,bta,26,https://bta.recruitee.com/,"https://bta.recruitee.com/api/offers/"
recruitee,chrhautesenne,26,https://chrhautesenne.recruitee.com/,"https://chrhautesenne.recruitee.com/api/offers/"
recruitee,clbr,26,https://clbr.recruitee.com/,"https://clbr.recruitee.com/api/offers/"
recruitee,erstedigital,26,https://erstedigital.recruitee.com/,"https://erstedigital.recruitee.com/api/offers/"
recruitee,fastned,26,https://fastned.recruitee.com/,"https://fastned.recruitee.com/api/offers/"
recruitee,gmk,26,https://gmk.recruitee.com/,"https://gmk.recruitee.com/api/offers/"
recruitee,impulsakros,26,https://impulsakros.recruitee.com/,"https://impulsakros.recruitee.com/api/offers/"
recruitee,jobstailormadecatering,26,https://jobstailormadecatering.recruitee.com/,"https://jobstailormadecatering.recruitee.com/api/offers/"
recruitee,karatefachsportschule,26,https://karatefachsportschule.recruitee.com/,"https://karatefachsportschule.recruitee.com/api/offers/"
recruitee,nepocon,26,https://nepocon.recruitee.com/,"https://nepocon.recruitee.com/api/offers/"
recruitee,proforto,26,https://proforto.recruitee.com/,"https://proforto.recruitee.com/api/offers/"
recruitee,rupfindustries,26,https://rupfindustries.recruitee.com/,"https://rupfindustries.recruitee.com/api/offers/"
recruitee,swisselect,26,https://swisselect.recruitee.com/,"https://swisselect.recruitee.com/api/offers/"
recruitee,villaprovidenceshediacinc,26,https://villaprovidenceshediacinc.recruitee.com/,"https://villaprovidenceshediacinc.recruitee.com/api/offers/"
recruitee,affideagreece,25,https://affideagreece.recruitee.com/,"https://affideagreece.recruitee.com/api/offers/"
recruitee,apoint,25,https://apoint.recruitee.com/,"https://apoint.recruitee.com/api/offers/"
recruitee,bernardgruppe,25,https://bernardgruppe.recruitee.com/,"https://bernardgruppe.recruitee.com/api/offers/"
recruitee,bussolagroep,25,https://bussolagroep.recruitee.com/,"https://bussolagroep.recruitee.com/api/offers/"
recruitee,cesi,25,https://cesi.recruitee.com/,"https://cesi.recruitee.com/api/offers/"
recruitee,clay,25,https://clay.recruitee.com/,"https://clay.recruitee.com/api/offers/"
recruitee,greeceg4s,25,https://greeceg4s.recruitee.com/,"https://greeceg4s.recruitee.com/api/offers/"
recruitee,lg2,25,https://lg2.recruitee.com/,"https://lg2.recruitee.com/api/offers/"
recruitee,livio,25,https://livio.recruitee.com/,"https://livio.recruitee.com/api/offers/"
recruitee,normechcbe,25,https://normechcbe.recruitee.com/,"https://normechcbe.recruitee.com/api/offers/"
recruitee,novacard,25,https://novacard.recruitee.com/,"https://novacard.recruitee.com/api/offers/"
recruitee,sovak3,25,https://sovak3.recruitee.com/,"https://sovak3.recruitee.com/api/offers/"
recruitee,tbibankro,25,https://tbibankro.recruitee.com/,"https://tbibankro.recruitee.com/api/offers/"
recruitee,truckland,25,https://truckland.recruitee.com/,"https://truckland.recruitee.com/api/offers/"
recruitee,warande,25,https://warande.recruitee.com/,"https://warande.recruitee.com/api/offers/"
recruitee,wasabit,25,https://wasabit.recruitee.com/,"https://wasabit.recruitee.com/api/offers/"
recruitee,werkeninsuriname,25,https://werkeninsuriname.recruitee.com/,"https://werkeninsuriname.recruitee.com/api/offers/"
recruitee,barentskrans,24,https://barentskrans.recruitee.com/,"https://barentskrans.recruitee.com/api/offers/"
recruitee,clanx,24,https://clanx.recruitee.com/,"https://clanx.recruitee.com/api/offers/"
recruitee,dbsgroep,24,https://dbsgroep.recruitee.com/,"https://dbsgroep.recruitee.com/api/offers/"
recruitee,deleuropeamsterdam,24,https://deleuropeamsterdam.recruitee.com/,"https://deleuropeamsterdam.recruitee.com/api/offers/"
recruitee,flyingbisons,24,https://flyingbisons.recruitee.com/,"https://flyingbisons.recruitee.com/api/offers/"
recruitee,fundamentalhospitality,24,https://fundamentalhospitality.recruitee.com/,"https://fundamentalhospitality.recruitee.com/api/offers/"
recruitee,hoteltwentyseven,24,https://hoteltwentyseven.recruitee.com/,"https://hoteltwentyseven.recruitee.com/api/offers/"
recruitee,molenqindustrialservices,24,https://molenqindustrialservices.recruitee.com/,"https://molenqindustrialservices.recruitee.com/api/offers/"
recruitee,onemobility,24,https://onemobility.recruitee.com/,"https://onemobility.recruitee.com/api/offers/"
recruitee,reco,24,https://reco.recruitee.com/,"https://reco.recruitee.com/api/offers/"
recruitee,twynstragudde,24,https://twynstragudde.recruitee.com/,"https://twynstragudde.recruitee.com/api/offers/"
recruitee,vandevelde,24,https://vandevelde.recruitee.com/,"https://vandevelde.recruitee.com/api/offers/"
recruitee,voltaira,24,https://voltaira.recruitee.com/,"https://voltaira.recruitee.com/api/offers/"
recruitee,werkenbijp1,24,https://werkenbijp1.recruitee.com/,"https://werkenbijp1.recruitee.com/api/offers/"
recruitee,willibrord,24,https://willibrord.recruitee.com/,"https://willibrord.recruitee.com/api/offers/"
recruitee,zwarttechniek,24,https://zwarttechniek.recruitee.com/,"https://zwarttechniek.recruitee.com/api/offers/"
recruitee,athora,23,https://athora.recruitee.com/,"https://athora.recruitee.com/api/offers/"
recruitee,aubay,23,https://aubay.recruitee.com/,"https://aubay.recruitee.com/api/offers/"
recruitee,bnlaltradservices,23,https://bnlaltradservices.recruitee.com/,"https://bnlaltradservices.recruitee.com/api/offers/"
recruitee,hollandia,23,https://hollandia.recruitee.com/,"https://hollandia.recruitee.com/api/offers/"
recruitee,humhome,23,https://humhome.recruitee.com/,"https://humhome.recruitee.com/api/offers/"
recruitee,karriereboeckelsbestede,23,https://karriereboeckelsbestede.recruitee.com/,"https://karriereboeckelsbestede.recruitee.com/api/offers/"
recruitee,kloseconsulting,23,https://kloseconsulting.recruitee.com/,"https://kloseconsulting.recruitee.com/api/offers/"
recruitee,merkur,23,https://merkur.recruitee.com/,"https://merkur.recruitee.com/api/offers/"
recruitee,mondaymerch,23,https://mondaymerch.recruitee.com/,"https://mondaymerch.recruitee.com/api/offers/"
recruitee,riozorg,23,https://riozorg.recruitee.com/,"https://riozorg.recruitee.com/api/offers/"
recruitee,stayery,23,https://stayery.recruitee.com/,"https://stayery.recruitee.com/api/offers/"
recruitee,strautmannhydraulik,23,https://strautmannhydraulik.recruitee.com/,"https://strautmannhydraulik.recruitee.com/api/offers/"
recruitee,supremesportshospitality,23,https://supremesportshospitality.recruitee.com/,"https://supremesportshospitality.recruitee.com/api/offers/"
recruitee,vergersgazeauvergersdevendee,23,https://vergersgazeauvergersdevendee.recruitee.com/,"https://vergersgazeauvergersdevendee.recruitee.com/api/offers/"
recruitee,yourcompany,23,https://yourcompany.recruitee.com/,"https://yourcompany.recruitee.com/api/offers/"
recruitee,aidence,22,https://aidence.recruitee.com/,"https://aidence.recruitee.com/api/offers/"
recruitee,crossing,22,https://crossing.recruitee.com/,"https://crossing.recruitee.com/api/offers/"
recruitee,deephealth,22,https://deephealth.recruitee.com/,"https://deephealth.recruitee.com/api/offers/"
recruitee,ember,22,https://ember.recruitee.com/,"https://ember.recruitee.com/api/offers/"
recruitee,headfirst,22,https://headfirst.recruitee.com/,"https://headfirst.recruitee.com/api/offers/"
recruitee,heuschenschrouff,22,https://heuschenschrouff.recruitee.com/,"https://heuschenschrouff.recruitee.com/api/offers/"
recruitee,infomedijidoo,22,https://infomedijidoo.recruitee.com/,"https://infomedijidoo.recruitee.com/api/offers/"
recruitee,kjldtgfh,22,https://kjldtgfh.recruitee.com/,"https://kjldtgfh.recruitee.com/api/offers/"
recruitee,normecfcnl,22,https://normecfcnl.recruitee.com/,"https://normecfcnl.recruitee.com/api/offers/"
recruitee,redsky,22,https://redsky.recruitee.com/,"https://redsky.recruitee.com/api/offers/"
recruitee,strata,22,https://strata.recruitee.com/,"https://strata.recruitee.com/api/offers/"
recruitee,valeuriad,22,https://valeuriad.recruitee.com/,"https://valeuriad.recruitee.com/api/offers/"
recruitee,vbtgroep,22,https://vbtgroep.recruitee.com/,"https://vbtgroep.recruitee.com/api/offers/"
recruitee,wilcoxflegel,22,https://wilcoxflegel.recruitee.com/,"https://wilcoxflegel.recruitee.com/api/offers/"
recruitee,xalholdinggmbh,22,https://xalholdinggmbh.recruitee.com/,"https://xalholdinggmbh.recruitee.com/api/offers/"
recruitee,amiparis,21,https://amiparis.recruitee.com/,"https://amiparis.recruitee.com/api/offers/"
recruitee,fluxpartners,21,https://fluxpartners.recruitee.com/,"https://fluxpartners.recruitee.com/api/offers/"
recruitee,inovex,21,https://inovex.recruitee.com/,"https://inovex.recruitee.com/api/offers/"
recruitee,internetwerving,21,https://internetwerving.recruitee.com/,"https://internetwerving.recruitee.com/api/offers/"
recruitee,jeffjill,21,https://jeffjill.recruitee.com/,"https://jeffjill.recruitee.com/api/offers/"
recruitee,kfzteile24,21,https://kfzteile24.recruitee.com/,"https://kfzteile24.recruitee.com/api/offers/"
recruitee,kikomilano,21,https://kikomilano.recruitee.com/,"https://kikomilano.recruitee.com/api/offers/"
recruitee,kinly,21,https://kinly.recruitee.com/,"https://kinly.recruitee.com/api/offers/"
recruitee,kpsnacks,21,https://kpsnacks.recruitee.com/,"https://kpsnacks.recruitee.com/api/offers/"
recruitee,optics11,21,https://optics11.recruitee.com/,"https://optics11.recruitee.com/api/offers/"
recruitee,opus,21,https://opus.recruitee.com/,"https://opus.recruitee.com/api/offers/"
recruitee,otovo,21,https://otovo.recruitee.com/,"https://otovo.recruitee.com/api/offers/"
recruitee,pacificoenergy,21,https://pacificoenergy.recruitee.com/,"https://pacificoenergy.recruitee.com/api/offers/"
recruitee,perspectief,21,https://perspectief.recruitee.com/,"https://perspectief.recruitee.com/api/offers/"
recruitee,peterson,21,https://peterson.recruitee.com/,"https://peterson.recruitee.com/api/offers/"
recruitee,prijsvrijvakanties,21,https://prijsvrijvakanties.recruitee.com/,"https://prijsvrijvakanties.recruitee.com/api/offers/"
recruitee,thesupernicepeople,21,https://thesupernicepeople.recruitee.com/,"https://thesupernicepeople.recruitee.com/api/offers/"
recruitee,thetotalgroupofcompanies,21,https://thetotalgroupofcompanies.recruitee.com/,"https://thetotalgroupofcompanies.recruitee.com/api/offers/"
recruitee,uhlenhaus,21,https://uhlenhaus.recruitee.com/,"https://uhlenhaus.recruitee.com/api/offers/"
recruitee,unaferm,21,https://unaferm.recruitee.com/,"https://unaferm.recruitee.com/api/offers/"
recruitee,werkenbijedco,21,https://werkenbijedco.recruitee.com/,"https://werkenbijedco.recruitee.com/api/offers/"
recruitee,zideris,21,https://zideris.recruitee.com/,"https://zideris.recruitee.com/api/offers/"
recruitee,axi,20,https://axi.recruitee.com/,"https://axi.recruitee.com/api/offers/"
recruitee,change,20,https://change.recruitee.com/,"https://change.recruitee.com/api/offers/"
recruitee,dvt,20,https://dvt.recruitee.com/,"https://dvt.recruitee.com/api/offers/"
recruitee,dvtcareers,20,https://dvtcareers.recruitee.com/,"https://dvtcareers.recruitee.com/api/offers/"
recruitee,indg,20,https://indg.recruitee.com/,"https://indg.recruitee.com/api/offers/"
recruitee,intescia,20,https://intescia.recruitee.com/,"https://intescia.recruitee.com/api/offers/"
recruitee,iprofilegmbh,20,https://iprofilegmbh.recruitee.com/,"https://iprofilegmbh.recruitee.com/api/offers/"
recruitee,jex,20,https://jex.recruitee.com/,"https://jex.recruitee.com/api/offers/"
recruitee,kravet,20,https://kravet.recruitee.com/,"https://kravet.recruitee.com/api/offers/"
recruitee,maco,20,https://maco.recruitee.com/,"https://maco.recruitee.com/api/offers/"
recruitee,myflexbox,20,https://myflexbox.recruitee.com/,"https://myflexbox.recruitee.com/api/offers/"
recruitee,odnzkg,20,https://odnzkg.recruitee.com/,"https://odnzkg.recruitee.com/api/offers/"
recruitee,svnl,20,https://svnl.recruitee.com/,"https://svnl.recruitee.com/api/offers/"
recruitee,thollembeek,20,https://thollembeek.recruitee.com/,"https://thollembeek.recruitee.com/api/offers/"
recruitee,trustedshops,20,https://trustedshops.recruitee.com/,"https://trustedshops.recruitee.com/api/offers/"
recruitee,unstudio,20,https://unstudio.recruitee.com/,"https://unstudio.recruitee.com/api/offers/"
recruitee,vandervalkhoteleindhoven,20,https://vandervalkhoteleindhoven.recruitee.com/,"https://vandervalkhoteleindhoven.recruitee.com/api/offers/"
recruitee,abriogmbh,19,https://abriogmbh.recruitee.com/,"https://abriogmbh.recruitee.com/api/offers/"
recruitee,arcus,19,https://arcus.recruitee.com/,"https://arcus.recruitee.com/api/offers/"
recruitee,battassocies,19,https://battassocies.recruitee.com/,"https://battassocies.recruitee.com/api/offers/"
recruitee,caesar,19,https://caesar.recruitee.com/,"https://caesar.recruitee.com/api/offers/"
recruitee,cbsapac,19,https://cbsapac.recruitee.com/,"https://cbsapac.recruitee.com/api/offers/"
recruitee,depiergroep,19,https://depiergroep.recruitee.com/,"https://depiergroep.recruitee.com/api/offers/"
recruitee,forvismazars,19,https://forvismazars.recruitee.com/,"https://forvismazars.recruitee.com/api/offers/"
recruitee,karrierehall,19,https://karrierehall.recruitee.com/,"https://karrierehall.recruitee.com/api/offers/"
recruitee,kenter,19,https://kenter.recruitee.com/,"https://kenter.recruitee.com/api/offers/"
recruitee,leadershippathway,19,https://leadershippathway.recruitee.com/,"https://leadershippathway.recruitee.com/api/offers/"
recruitee,mazars,19,https://mazars.recruitee.com/,"https://mazars.recruitee.com/api/offers/"
recruitee,meerotterdamrijnmond,19,https://meerotterdamrijnmond.recruitee.com/,"https://meerotterdamrijnmond.recruitee.com/api/offers/"
recruitee,montrieurs,19,https://montrieurs.recruitee.com/,"https://montrieurs.recruitee.com/api/offers/"
recruitee,pineapple,19,https://pineapple.recruitee.com/,"https://pineapple.recruitee.com/api/offers/"
recruitee,pum,19,https://pum.recruitee.com/,"https://pum.recruitee.com/api/offers/"
recruitee,sennasearch,19,https://sennasearch.recruitee.com/,"https://sennasearch.recruitee.com/api/offers/"
recruitee,sensornetherlandsbv,19,https://sensornetherlandsbv.recruitee.com/,"https://sensornetherlandsbv.recruitee.com/api/offers/"
recruitee,stadtverwaltungdorsten,19,https://stadtverwaltungdorsten.recruitee.com/,"https://stadtverwaltungdorsten.recruitee.com/api/offers/"
recruitee,stagebijvandervalk,19,https://stagebijvandervalk.recruitee.com/,"https://stagebijvandervalk.recruitee.com/api/offers/"
recruitee,stichtingsprank,19,https://stichtingsprank.recruitee.com/,"https://stichtingsprank.recruitee.com/api/offers/"
recruitee,thecodest,19,https://thecodest.recruitee.com/,"https://thecodest.recruitee.com/api/offers/"
recruitee,transavia,19,https://transavia.recruitee.com/,"https://transavia.recruitee.com/api/offers/"
recruitee,vangelder,19,https://vangelder.recruitee.com/,"https://vangelder.recruitee.com/api/offers/"
recruitee,verdigroep,19,https://verdigroep.recruitee.com/,"https://verdigroep.recruitee.com/api/offers/"
recruitee,vertigis,19,https://vertigis.recruitee.com/,"https://vertigis.recruitee.com/api/offers/"
recruitee,wellis,19,https://wellis.recruitee.com/,"https://wellis.recruitee.com/api/offers/"
recruitee,werkenbijamarosa,19,https://werkenbijamarosa.recruitee.com/,"https://werkenbijamarosa.recruitee.com/api/offers/"
recruitee,werkenbijdeafm,19,https://werkenbijdeafm.recruitee.com/,"https://werkenbijdeafm.recruitee.com/api/offers/"
recruitee,werkenbijmaxaro,19,https://werkenbijmaxaro.recruitee.com/,"https://werkenbijmaxaro.recruitee.com/api/offers/"
recruitee,whitevision,19,https://whitevision.recruitee.com/,"https://whitevision.recruitee.com/api/offers/"
recruitee,younggroup,19,https://younggroup.recruitee.com/,"https://younggroup.recruitee.com/api/offers/"
recruitee,123fahrschule,18,https://123fahrschule.recruitee.com/,"https://123fahrschule.recruitee.com/api/offers/"
recruitee,accso,18,https://accso.recruitee.com/,"https://accso.recruitee.com/api/offers/"
recruitee,bergbahnkarriere,18,https://bergbahnkarriere.recruitee.com/,"https://bergbahnkarriere.recruitee.com/api/offers/"
recruitee,curotec,18,https://curotec.recruitee.com/,"https://curotec.recruitee.com/api/offers/"
recruitee,degraafbakeries,18,https://degraafbakeries.recruitee.com/,"https://degraafbakeries.recruitee.com/api/offers/"
recruitee,diakonieauerbachev,18,https://diakonieauerbachev.recruitee.com/,"https://diakonieauerbachev.recruitee.com/api/offers/"
recruitee,hotelzuidbroek,18,https://hotelzuidbroek.recruitee.com/,"https://hotelzuidbroek.recruitee.com/api/offers/"
recruitee,hyand,18,https://hyand.recruitee.com/,"https://hyand.recruitee.com/api/offers/"
recruitee,koklinikgmbh,18,https://koklinikgmbh.recruitee.com/,"https://koklinikgmbh.recruitee.com/api/offers/"
recruitee,lippepersonal,18,https://lippepersonal.recruitee.com/,"https://lippepersonal.recruitee.com/api/offers/"
recruitee,maierheiztechnikgmbh,18,https://maierheiztechnikgmbh.recruitee.com/,"https://maierheiztechnikgmbh.recruitee.com/api/offers/"
recruitee,medspapartnersinc,18,https://medspapartnersinc.recruitee.com/,"https://medspapartnersinc.recruitee.com/api/offers/"
recruitee,normeclsbe,18,https://normeclsbe.recruitee.com/,"https://normeclsbe.recruitee.com/api/offers/"
recruitee,pon22,18,https://pon22.recruitee.com/,"https://pon22.recruitee.com/api/offers/"
recruitee,prinsenstichting,18,https://prinsenstichting.recruitee.com/,"https://prinsenstichting.recruitee.com/api/offers/"
recruitee,reploidgroupag,18,https://reploidgroupag.recruitee.com/,"https://reploidgroupag.recruitee.com/api/offers/"
recruitee,resourcefultalentgroup,18,https://resourcefultalentgroup.recruitee.com/,"https://resourcefultalentgroup.recruitee.com/api/offers/"
recruitee,rocketsourcers,18,https://rocketsourcers.recruitee.com/,"https://rocketsourcers.recruitee.com/api/offers/"
recruitee,roseplasticag,18,https://roseplasticag.recruitee.com/,"https://roseplasticag.recruitee.com/api/offers/"
recruitee,snapp,18,https://snapp.recruitee.com/,"https://snapp.recruitee.com/api/offers/"
recruitee,superp,18,https://superp.recruitee.com/,"https://superp.recruitee.com/api/offers/"
recruitee,werkenbijhiltermann,18,https://werkenbijhiltermann.recruitee.com/,"https://werkenbijhiltermann.recruitee.com/api/offers/"
recruitee,advancy,17,https://advancy.recruitee.com/,"https://advancy.recruitee.com/api/offers/"
recruitee,aquablu,17,https://aquablu.recruitee.com/,"https://aquablu.recruitee.com/api/offers/"
recruitee,armstarkhandelsgmbh,17,https://armstarkhandelsgmbh.recruitee.com/,"https://armstarkhandelsgmbh.recruitee.com/api/offers/"
recruitee,backereikonditoreibuschgmbh,17,https://backereikonditoreibuschgmbh.recruitee.com/,"https://backereikonditoreibuschgmbh.recruitee.com/api/offers/"
recruitee,eyewatchsecuritygroupbv,17,https://eyewatchsecuritygroupbv.recruitee.com/,"https://eyewatchsecuritygroupbv.recruitee.com/api/offers/"
recruitee,festgmbh,17,https://festgmbh.recruitee.com/,"https://festgmbh.recruitee.com/api/offers/"
recruitee,gemcorehealth,17,https://gemcorehealth.recruitee.com/,"https://gemcorehealth.recruitee.com/api/offers/"
recruitee,globaljetluxembourg,17,https://globaljetluxembourg.recruitee.com/,"https://globaljetluxembourg.recruitee.com/api/offers/"
recruitee,huizingharvest,17,https://huizingharvest.recruitee.com/,"https://huizingharvest.recruitee.com/api/offers/"
recruitee,litit,17,https://litit.recruitee.com/,"https://litit.recruitee.com/api/offers/"
recruitee,lss,17,https://lss.recruitee.com/,"https://lss.recruitee.com/api/offers/"
recruitee,mrmarinegroup,17,https://mrmarinegroup.recruitee.com/,"https://mrmarinegroup.recruitee.com/api/offers/"
recruitee,omniconsultcorp,17,https://omniconsultcorp.recruitee.com/,"https://omniconsultcorp.recruitee.com/api/offers/"
recruitee,recruitingfabrik,17,https://recruitingfabrik.recruitee.com/,"https://recruitingfabrik.recruitee.com/api/offers/"
recruitee,rsmaustriaconsultinggmbh,17,https://rsmaustriaconsultinggmbh.recruitee.com/,"https://rsmaustriaconsultinggmbh.recruitee.com/api/offers/"
recruitee,seederdeboer,17,https://seederdeboer.recruitee.com/,"https://seederdeboer.recruitee.com/api/offers/"
recruitee,starservice,17,https://starservice.recruitee.com/,"https://starservice.recruitee.com/api/offers/"
recruitee,tierklinikoberhaching,17,https://tierklinikoberhaching.recruitee.com/,"https://tierklinikoberhaching.recruitee.com/api/offers/"
recruitee,vandervalkdienstencentrum,17,https://vandervalkdienstencentrum.recruitee.com/,"https://vandervalkdienstencentrum.recruitee.com/api/offers/"
recruitee,walibiholland,17,https://walibiholland.recruitee.com/,"https://walibiholland.recruitee.com/api/offers/"
recruitee,werkenbijnedcargo,17,https://werkenbijnedcargo.recruitee.com/,"https://werkenbijnedcargo.recruitee.com/api/offers/"
recruitee,academyofdigitalindustries,16,https://academyofdigitalindustries.recruitee.com/,"https://academyofdigitalindustries.recruitee.com/api/offers/"
recruitee,auxilajobsandmore,16,https://auxilajobsandmore.recruitee.com/,"https://auxilajobsandmore.recruitee.com/api/offers/"
recruitee,biscuitinternational,16,https://biscuitinternational.recruitee.com/,"https://biscuitinternational.recruitee.com/api/offers/"
recruitee,blackforestproduction,16,https://blackforestproduction.recruitee.com/,"https://blackforestproduction.recruitee.com/api/offers/"
recruitee,cefetragroup,16,https://cefetragroup.recruitee.com/,"https://cefetragroup.recruitee.com/api/offers/"
recruitee,craftzing,16,https://craftzing.recruitee.com/,"https://craftzing.recruitee.com/api/offers/"
recruitee,creativeclicks,16,https://creativeclicks.recruitee.com/,"https://creativeclicks.recruitee.com/api/offers/"
recruitee,drrichard,16,https://drrichard.recruitee.com/,"https://drrichard.recruitee.com/api/offers/"
recruitee,experience,16,https://experience.recruitee.com/,"https://experience.recruitee.com/api/offers/"
recruitee,fortius,16,https://fortius.recruitee.com/,"https://fortius.recruitee.com/api/offers/"
recruitee,gemeentecapelleaandenijssel,16,https://gemeentecapelleaandenijssel.recruitee.com/,"https://gemeentecapelleaandenijssel.recruitee.com/api/offers/"
recruitee,gevgroupltd,16,https://gevgroupltd.recruitee.com/,"https://gevgroupltd.recruitee.com/api/offers/"
recruitee,greenchoice,16,https://greenchoice.recruitee.com/,"https://greenchoice.recruitee.com/api/offers/"
recruitee,hotelgilze,16,https://hotelgilze.recruitee.com/,"https://hotelgilze.recruitee.com/api/offers/"
recruitee,krikri,16,https://krikri.recruitee.com/,"https://krikri.recruitee.com/api/offers/"
recruitee,manual,16,https://manual.recruitee.com/,"https://manual.recruitee.com/api/offers/"
recruitee,nacardesign,16,https://nacardesign.recruitee.com/,"https://nacardesign.recruitee.com/api/offers/"
recruitee,novakidschool,16,https://novakidschool.recruitee.com/,"https://novakidschool.recruitee.com/api/offers/"
recruitee,pdkarriere,16,https://pdkarriere.recruitee.com/,"https://pdkarriere.recruitee.com/api/offers/"
recruitee,personeelszaken,16,https://personeelszaken.recruitee.com/,"https://personeelszaken.recruitee.com/api/offers/"
recruitee,sioux,16,https://sioux.recruitee.com/,"https://sioux.recruitee.com/api/offers/"
recruitee,soundcareers,16,https://soundcareers.recruitee.com/,"https://soundcareers.recruitee.com/api/offers/"
recruitee,vandervalkplazaresortbonaire,16,https://vandervalkplazaresortbonaire.recruitee.com/,"https://vandervalkplazaresortbonaire.recruitee.com/api/offers/"
recruitee,vbkvacatures,16,https://vbkvacatures.recruitee.com/,"https://vbkvacatures.recruitee.com/api/offers/"
recruitee,vicentra,16,https://vicentra.recruitee.com/,"https://vicentra.recruitee.com/api/offers/"
recruitee,12build,15,https://12build.recruitee.com/,"https://12build.recruitee.com/api/offers/"
recruitee,advancedforcesgroup,15,https://advancedforcesgroup.recruitee.com/,"https://advancedforcesgroup.recruitee.com/api/offers/"
recruitee,albax,15,https://albax.recruitee.com/,"https://albax.recruitee.com/api/offers/"
recruitee,ambaflex,15,https://ambaflex.recruitee.com/,"https://ambaflex.recruitee.com/api/offers/"
recruitee,autohaushermann,15,https://autohaushermann.recruitee.com/,"https://autohaushermann.recruitee.com/api/offers/"
recruitee,baeckermueller,15,https://baeckermueller.recruitee.com/,"https://baeckermueller.recruitee.com/api/offers/"
recruitee,bakkergoedhartbroodspecialiteiten,15,https://bakkergoedhartbroodspecialiteiten.recruitee.com/,"https://bakkergoedhartbroodspecialiteiten.recruitee.com/api/offers/"
recruitee,befood,15,https://befood.recruitee.com/,"https://befood.recruitee.com/api/offers/"
recruitee,bettercollective,15,https://bettercollective.recruitee.com/,"https://bettercollective.recruitee.com/api/offers/"
recruitee,bruneundcompany,15,https://bruneundcompany.recruitee.com/,"https://bruneundcompany.recruitee.com/api/offers/"
recruitee,bwgfoods,15,https://bwgfoods.recruitee.com/,"https://bwgfoods.recruitee.com/api/offers/"
recruitee,cedarpointhealth,15,https://cedarpointhealth.recruitee.com/,"https://cedarpointhealth.recruitee.com/api/offers/"
recruitee,dommelvallei,15,https://dommelvallei.recruitee.com/,"https://dommelvallei.recruitee.com/api/offers/"
recruitee,emdeautomationgmbh,15,https://emdeautomationgmbh.recruitee.com/,"https://emdeautomationgmbh.recruitee.com/api/offers/"
recruitee,envipco,15,https://envipco.recruitee.com/,"https://envipco.recruitee.com/api/offers/"
recruitee,griffinfundinginc,15,https://griffinfundinginc.recruitee.com/,"https://griffinfundinginc.recruitee.com/api/offers/"
recruitee,happycapitalhrm,15,https://happycapitalhrm.recruitee.com/,"https://happycapitalhrm.recruitee.com/api/offers/"
recruitee,houthoff,15,https://houthoff.recruitee.com/,"https://houthoff.recruitee.com/api/offers/"
recruitee,innovam,15,https://innovam.recruitee.com/,"https://innovam.recruitee.com/api/offers/"
recruitee,luminus,15,https://luminus.recruitee.com/,"https://luminus.recruitee.com/api/offers/"
recruitee,mcdglobalhealth,15,https://mcdglobalhealth.recruitee.com/,"https://mcdglobalhealth.recruitee.com/api/offers/"
recruitee,mgid,15,https://mgid.recruitee.com/,"https://mgid.recruitee.com/api/offers/"
recruitee,nextenergy,15,https://nextenergy.recruitee.com/,"https://nextenergy.recruitee.com/api/offers/"
recruitee,numans,15,https://numans.recruitee.com/,"https://numans.recruitee.com/api/offers/"
recruitee,nysingh,15,https://nysingh.recruitee.com/,"https://nysingh.recruitee.com/api/offers/"
recruitee,octiva,15,https://octiva.recruitee.com/,"https://octiva.recruitee.com/api/offers/"
recruitee,onlinedialog,15,https://onlinedialog.recruitee.com/,"https://onlinedialog.recruitee.com/api/offers/"
recruitee,pelsrijcken,15,https://pelsrijcken.recruitee.com/,"https://pelsrijcken.recruitee.com/api/offers/"
recruitee,polaroid,15,https://polaroid.recruitee.com/,"https://polaroid.recruitee.com/api/offers/"
recruitee,primion,15,https://primion.recruitee.com/,"https://primion.recruitee.com/api/offers/"
recruitee,pvcase,15,https://pvcase.recruitee.com/,"https://pvcase.recruitee.com/api/offers/"
recruitee,radiologischeallianz,15,https://radiologischeallianz.recruitee.com/,"https://radiologischeallianz.recruitee.com/api/offers/"
recruitee,srahiring,15,https://srahiring.recruitee.com/,"https://srahiring.recruitee.com/api/offers/"
recruitee,theaterhotelalmelo,15,https://theaterhotelalmelo.recruitee.com/,"https://theaterhotelalmelo.recruitee.com/api/offers/"
recruitee,tnp,15,https://tnp.recruitee.com/,"https://tnp.recruitee.com/api/offers/"
recruitee,werkenbijdecantharel,15,https://werkenbijdecantharel.recruitee.com/,"https://werkenbijdecantharel.recruitee.com/api/offers/"
recruitee,werkenbijons,15,https://werkenbijons.recruitee.com/,"https://werkenbijons.recruitee.com/api/offers/"
recruitee,werkenbijpsyned,15,https://werkenbijpsyned.recruitee.com/,"https://werkenbijpsyned.recruitee.com/api/offers/"
recruitee,advancedprotectionsystems,14,https://advancedprotectionsystems.recruitee.com/,"https://advancedprotectionsystems.recruitee.com/api/offers/"
recruitee,bcngroup,14,https://bcngroup.recruitee.com/,"https://bcngroup.recruitee.com/api/offers/"
recruitee,cotap,14,https://cotap.recruitee.com/,"https://cotap.recruitee.com/api/offers/"
recruitee,desocialemaatschap,14,https://desocialemaatschap.recruitee.com/,"https://desocialemaatschap.recruitee.com/api/offers/"
recruitee,diponteducation,14,https://diponteducation.recruitee.com/,"https://diponteducation.recruitee.com/api/offers/"
recruitee,enseradesign,14,https://enseradesign.recruitee.com/,"https://enseradesign.recruitee.com/api/offers/"
recruitee,entyreinc,14,https://entyreinc.recruitee.com/,"https://entyreinc.recruitee.com/api/offers/"
recruitee,faktionbv1,14,https://faktionbv1.recruitee.com/,"https://faktionbv1.recruitee.com/api/offers/"
recruitee,falkberberich,14,https://falkberberich.recruitee.com/,"https://falkberberich.recruitee.com/api/offers/"
recruitee,franzzielgmbh,14,https://franzzielgmbh.recruitee.com/,"https://franzzielgmbh.recruitee.com/api/offers/"
recruitee,gain,14,https://gain.recruitee.com/,"https://gain.recruitee.com/api/offers/"
recruitee,goldmantax,14,https://goldmantax.recruitee.com/,"https://goldmantax.recruitee.com/api/offers/"
recruitee,guidion6,14,https://guidion6.recruitee.com/,"https://guidion6.recruitee.com/api/offers/"
recruitee,halbersbacherhospitalitygroup,14,https://halbersbacherhospitalitygroup.recruitee.com/,"https://halbersbacherhospitalitygroup.recruitee.com/api/offers/"
recruitee,holded,14,https://holded.recruitee.com/,"https://holded.recruitee.com/api/offers/"
recruitee,livezoku,14,https://livezoku.recruitee.com/,"https://livezoku.recruitee.com/api/offers/"
recruitee,melislogistics,14,https://melislogistics.recruitee.com/,"https://melislogistics.recruitee.com/api/offers/"
recruitee,moweryschoenfeldllc,14,https://moweryschoenfeldllc.recruitee.com/,"https://moweryschoenfeldllc.recruitee.com/api/offers/"
recruitee,netconomy,14,https://netconomy.recruitee.com/,"https://netconomy.recruitee.com/api/offers/"
recruitee,obilet,14,https://obilet.recruitee.com/,"https://obilet.recruitee.com/api/offers/"
recruitee,palebluedotrecruitment,14,https://palebluedotrecruitment.recruitee.com/,"https://palebluedotrecruitment.recruitee.com/api/offers/"
recruitee,partejobs,14,https://partejobs.recruitee.com/,"https://partejobs.recruitee.com/api/offers/"
recruitee,pivotandedge,14,https://pivotandedge.recruitee.com/,"https://pivotandedge.recruitee.com/api/offers/"
recruitee,routesin1,14,https://routesin1.recruitee.com/,"https://routesin1.recruitee.com/api/offers/"
recruitee,salesup,14,https://salesup.recruitee.com/,"https://salesup.recruitee.com/api/offers/"
recruitee,smartrecruiting,14,https://smartrecruiting.recruitee.com/,"https://smartrecruiting.recruitee.com/api/offers/"
recruitee,talland,14,https://talland.recruitee.com/,"https://talland.recruitee.com/api/offers/"
recruitee,vandervalkroermond,14,https://vandervalkroermond.recruitee.com/,"https://vandervalkroermond.recruitee.com/api/offers/"
recruitee,veaxo,14,https://veaxo.recruitee.com/,"https://veaxo.recruitee.com/api/offers/"
recruitee,vrtlinzbachloecherbachundpartner,14,https://vrtlinzbachloecherbachundpartner.recruitee.com/,"https://vrtlinzbachloecherbachundpartner.recruitee.com/api/offers/"
recruitee,almavivadebelgique,13,https://almavivadebelgique.recruitee.com/,"https://almavivadebelgique.recruitee.com/api/offers/"
recruitee,apotal,13,https://apotal.recruitee.com/,"https://apotal.recruitee.com/api/offers/"
recruitee,aveniq,13,https://aveniq.recruitee.com/,"https://aveniq.recruitee.com/api/offers/"
recruitee,baeckereiwerning,13,https://baeckereiwerning.recruitee.com/,"https://baeckereiwerning.recruitee.com/api/offers/"
recruitee,basalt,13,https://basalt.recruitee.com/,"https://basalt.recruitee.com/api/offers/"
recruitee,beautyholic,13,https://beautyholic.recruitee.com/,"https://beautyholic.recruitee.com/api/offers/"
recruitee,boborykin,13,https://boborykin.recruitee.com/,"https://boborykin.recruitee.com/api/offers/"
recruitee,bunq,13,https://bunq.recruitee.com/,"https://bunq.recruitee.com/api/offers/"
recruitee,bushburgpropertiesinc,13,https://bushburgpropertiesinc.recruitee.com/,"https://bushburgpropertiesinc.recruitee.com/api/offers/"
recruitee,callista,13,https://callista.recruitee.com/,"https://callista.recruitee.com/api/offers/"
recruitee,claus,13,https://claus.recruitee.com/,"https://claus.recruitee.com/api/offers/"
recruitee,comhard,13,https://comhard.recruitee.com/,"https://comhard.recruitee.com/api/offers/"
recruitee,dawntechnology,13,https://dawntechnology.recruitee.com/,"https://dawntechnology.recruitee.com/api/offers/"
recruitee,detalentpoolnederland,13,https://detalentpoolnederland.recruitee.com/,"https://detalentpoolnederland.recruitee.com/api/offers/"
recruitee,dteconsultgmbh,13,https://dteconsultgmbh.recruitee.com/,"https://dteconsultgmbh.recruitee.com/api/offers/"
recruitee,egalazorg,13,https://egalazorg.recruitee.com/,"https://egalazorg.recruitee.com/api/offers/"
recruitee,ennatuurlijkbv,13,https://ennatuurlijkbv.recruitee.com/,"https://ennatuurlijkbv.recruitee.com/api/offers/"
recruitee,enstaparis,13,https://enstaparis.recruitee.com/,"https://enstaparis.recruitee.com/api/offers/"
recruitee,epilot,13,https://epilot.recruitee.com/,"https://epilot.recruitee.com/api/offers/"
recruitee,fonteynenburg,13,https://fonteynenburg.recruitee.com/,"https://fonteynenburg.recruitee.com/api/offers/"
recruitee,forensischcentrumteylingereind,13,https://forensischcentrumteylingereind.recruitee.com/,"https://forensischcentrumteylingereind.recruitee.com/api/offers/"
recruitee,freshminds,13,https://freshminds.recruitee.com/,"https://freshminds.recruitee.com/api/offers/"
recruitee,groupehrconseilcie,13,https://groupehrconseilcie.recruitee.com/,"https://groupehrconseilcie.recruitee.com/api/offers/"
recruitee,highspiritshospitality,13,https://highspiritshospitality.recruitee.com/,"https://highspiritshospitality.recruitee.com/api/offers/"
recruitee,hiring,13,https://hiring.recruitee.com/,"https://hiring.recruitee.com/api/offers/"
recruitee,hived,13,https://hived.recruitee.com/,"https://hived.recruitee.com/api/offers/"
recruitee,intent,13,https://intent.recruitee.com/,"https://intent.recruitee.com/api/offers/"
recruitee,isabellapatisserie,13,https://isabellapatisserie.recruitee.com/,"https://isabellapatisserie.recruitee.com/api/offers/"
recruitee,karriererheinzeitung,13,https://karriererheinzeitung.recruitee.com/,"https://karriererheinzeitung.recruitee.com/api/offers/"
recruitee,machinelearningreply,13,https://machinelearningreply.recruitee.com/,"https://machinelearningreply.recruitee.com/api/offers/"
recruitee,medica,13,https://medica.recruitee.com/,"https://medica.recruitee.com/api/offers/"
recruitee,novityrecrute,13,https://novityrecrute.recruitee.com/,"https://novityrecrute.recruitee.com/api/offers/"
recruitee,nsecure,13,https://nsecure.recruitee.com/,"https://nsecure.recruitee.com/api/offers/"
recruitee,openrole,13,https://openrole.recruitee.com/,"https://openrole.recruitee.com/api/offers/"
recruitee,pipelife,13,https://pipelife.recruitee.com/,"https://pipelife.recruitee.com/api/offers/"
recruitee,precedence,13,https://precedence.recruitee.com/,"https://precedence.recruitee.com/api/offers/"
recruitee,psv,13,https://psv.recruitee.com/,"https://psv.recruitee.com/api/offers/"
recruitee,rewire,13,https://rewire.recruitee.com/,"https://rewire.recruitee.com/api/offers/"
recruitee,sequra,13,https://sequra.recruitee.com/,"https://sequra.recruitee.com/api/offers/"
recruitee,smedleygroup,13,https://smedleygroup.recruitee.com/,"https://smedleygroup.recruitee.com/api/offers/"
recruitee,sobinco,13,https://sobinco.recruitee.com/,"https://sobinco.recruitee.com/api/offers/"
recruitee,tylko,13,https://tylko.recruitee.com/,"https://tylko.recruitee.com/api/offers/"
recruitee,uniprometdoocacak,13,https://uniprometdoocacak.recruitee.com/,"https://uniprometdoocacak.recruitee.com/api/offers/"
recruitee,varef,13,https://varef.recruitee.com/,"https://varef.recruitee.com/api/offers/"
recruitee,werkenbijpinkelephant,13,https://werkenbijpinkelephant.recruitee.com/,"https://werkenbijpinkelephant.recruitee.com/api/offers/"
recruitee,xalution,13,https://xalution.recruitee.com/,"https://xalution.recruitee.com/api/offers/"
recruitee,accilium,12,https://accilium.recruitee.com/,"https://accilium.recruitee.com/api/offers/"
recruitee,affideaportugal,12,https://affideaportugal.recruitee.com/,"https://affideaportugal.recruitee.com/api/offers/"
recruitee,ajwalter,12,https://ajwalter.recruitee.com/,"https://ajwalter.recruitee.com/api/offers/"
recruitee,anywhere365,12,https://anywhere365.recruitee.com/,"https://anywhere365.recruitee.com/api/offers/"
recruitee,anywherenow,12,https://anywherenow.recruitee.com/,"https://anywherenow.recruitee.com/api/offers/"
recruitee,argentenergylimited,12,https://argentenergylimited.recruitee.com/,"https://argentenergylimited.recruitee.com/api/offers/"
recruitee,avisia,12,https://avisia.recruitee.com/,"https://avisia.recruitee.com/api/offers/"
recruitee,baeckereimoss,12,https://baeckereimoss.recruitee.com/,"https://baeckereimoss.recruitee.com/api/offers/"
recruitee,bowlingroom,12,https://bowlingroom.recruitee.com/,"https://bowlingroom.recruitee.com/api/offers/"
recruitee,cainwattersassociates,12,https://cainwattersassociates.recruitee.com/,"https://cainwattersassociates.recruitee.com/api/offers/"
recruitee,ccmeurope,12,https://ccmeurope.recruitee.com/,"https://ccmeurope.recruitee.com/api/offers/"
recruitee,cerfrancemayennesarthe,12,https://cerfrancemayennesarthe.recruitee.com/,"https://cerfrancemayennesarthe.recruitee.com/api/offers/"
recruitee,chowco,12,https://chowco.recruitee.com/,"https://chowco.recruitee.com/api/offers/"
recruitee,companiongroupltd,12,https://companiongroupltd.recruitee.com/,"https://companiongroupltd.recruitee.com/api/offers/"
recruitee,cowmanager,12,https://cowmanager.recruitee.com/,"https://cowmanager.recruitee.com/api/offers/"
recruitee,cvjmsozialwerkwesermarschev,12,https://cvjmsozialwerkwesermarschev.recruitee.com/,"https://cvjmsozialwerkwesermarschev.recruitee.com/api/offers/"
recruitee,disabatino,12,https://disabatino.recruitee.com/,"https://disabatino.recruitee.com/api/offers/"
recruitee,elfinsolutions,12,https://elfinsolutions.recruitee.com/,"https://elfinsolutions.recruitee.com/api/offers/"
recruitee,exsos,12,https://exsos.recruitee.com/,"https://exsos.recruitee.com/api/offers/"
recruitee,foodlabs,12,https://foodlabs.recruitee.com/,"https://foodlabs.recruitee.com/api/offers/"
recruitee,hotelwesterbroek,12,https://hotelwesterbroek.recruitee.com/,"https://hotelwesterbroek.recruitee.com/api/offers/"
recruitee,innovativebeautygroup,12,https://innovativebeautygroup.recruitee.com/,"https://innovativebeautygroup.recruitee.com/api/offers/"
recruitee,instagrid,12,https://instagrid.recruitee.com/,"https://instagrid.recruitee.com/api/offers/"
recruitee,intermategroupgmbh,12,https://intermategroupgmbh.recruitee.com/,"https://intermategroupgmbh.recruitee.com/api/offers/"
recruitee,jobsatlanticlabsfoodlabs,12,https://jobsatlanticlabsfoodlabs.recruitee.com/,"https://jobsatlanticlabsfoodlabs.recruitee.com/api/offers/"
recruitee,jobsatlanticvcfoodlabs,12,https://jobsatlanticvcfoodlabs.recruitee.com/,"https://jobsatlanticvcfoodlabs.recruitee.com/api/offers/"
recruitee,kti,12,https://kti.recruitee.com/,"https://kti.recruitee.com/api/offers/"
recruitee,landbaeckereigrube,12,https://landbaeckereigrube.recruitee.com/,"https://landbaeckereigrube.recruitee.com/api/offers/"
recruitee,maerkischerevision,12,https://maerkischerevision.recruitee.com/,"https://maerkischerevision.recruitee.com/api/offers/"
recruitee,malersammerjobs,12,https://malersammerjobs.recruitee.com/,"https://malersammerjobs.recruitee.com/api/offers/"
recruitee,medischekliniekvelsen,12,https://medischekliniekvelsen.recruitee.com/,"https://medischekliniekvelsen.recruitee.com/api/offers/"
recruitee,megagroupinternational,12,https://megagroupinternational.recruitee.com/,"https://megagroupinternational.recruitee.com/api/offers/"
recruitee,miebachconsulting,12,https://miebachconsulting.recruitee.com/,"https://miebachconsulting.recruitee.com/api/offers/"
recruitee,myrunway,12,https://myrunway.recruitee.com/,"https://myrunway.recruitee.com/api/offers/"
recruitee,nucsai,12,https://nucsai.recruitee.com/,"https://nucsai.recruitee.com/api/offers/"
recruitee,nyrahealth,12,https://nyrahealth.recruitee.com/,"https://nyrahealth.recruitee.com/api/offers/"
recruitee,pileje1,12,https://pileje1.recruitee.com/,"https://pileje1.recruitee.com/api/offers/"
recruitee,pragmaticcoders,12,https://pragmaticcoders.recruitee.com/,"https://pragmaticcoders.recruitee.com/api/offers/"
recruitee,pszelectronicgmbh,12,https://pszelectronicgmbh.recruitee.com/,"https://pszelectronicgmbh.recruitee.com/api/offers/"
recruitee,riverflex,12,https://riverflex.recruitee.com/,"https://riverflex.recruitee.com/api/offers/"
recruitee,swordtechnologies,12,https://swordtechnologies.recruitee.com/,"https://swordtechnologies.recruitee.com/api/offers/"
recruitee,synapseanalytics,12,https://synapseanalytics.recruitee.com/,"https://synapseanalytics.recruitee.com/api/offers/"
recruitee,technicaengineeringgmbh,12,https://technicaengineeringgmbh.recruitee.com/,"https://technicaengineeringgmbh.recruitee.com/api/offers/"
recruitee,tecosim,12,https://tecosim.recruitee.com/,"https://tecosim.recruitee.com/api/offers/"
recruitee,werkenbijklimaatroute,12,https://werkenbijklimaatroute.recruitee.com/,"https://werkenbijklimaatroute.recruitee.com/api/offers/"
recruitee,werkenbijqterminals,12,https://werkenbijqterminals.recruitee.com/,"https://werkenbijqterminals.recruitee.com/api/offers/"
recruitee,affidearomania,11,https://affidearomania.recruitee.com/,"https://affidearomania.recruitee.com/api/offers/"
recruitee,agriplace,11,https://agriplace.recruitee.com/,"https://agriplace.recruitee.com/api/offers/"
recruitee,agriplace1,11,https://agriplace1.recruitee.com/,"https://agriplace1.recruitee.com/api/offers/"
recruitee,amfbakerysystemseurope,11,https://amfbakerysystemseurope.recruitee.com/,"https://amfbakerysystemseurope.recruitee.com/api/offers/"
recruitee,anantaragroup,11,https://anantaragroup.recruitee.com/,"https://anantaragroup.recruitee.com/api/offers/"
recruitee,asmpthk,11,https://asmpthk.recruitee.com/,"https://asmpthk.recruitee.com/api/offers/"
recruitee,azumuta,11,https://azumuta.recruitee.com/,"https://azumuta.recruitee.com/api/offers/"
recruitee,bearingpointnl,11,https://bearingpointnl.recruitee.com/,"https://bearingpointnl.recruitee.com/api/offers/"
recruitee,budgetthuis,11,https://budgetthuis.recruitee.com/,"https://budgetthuis.recruitee.com/api/offers/"
recruitee,controlunion,11,https://controlunion.recruitee.com/,"https://controlunion.recruitee.com/api/offers/"
recruitee,cpqd,11,https://cpqd.recruitee.com/,"https://cpqd.recruitee.com/api/offers/"
recruitee,customconnect,11,https://customconnect.recruitee.com/,"https://customconnect.recruitee.com/api/offers/"
recruitee,dataline,11,https://dataline.recruitee.com/,"https://dataline.recruitee.com/api/offers/"
recruitee,delkeskampverpackungswerke,11,https://delkeskampverpackungswerke.recruitee.com/,"https://delkeskampverpackungswerke.recruitee.com/api/offers/"
recruitee,denieuwezaak,11,https://denieuwezaak.recruitee.com/,"https://denieuwezaak.recruitee.com/api/offers/"
recruitee,eurosortsystems,11,https://eurosortsystems.recruitee.com/,"https://eurosortsystems.recruitee.com/api/offers/"
recruitee,evofenedex,11,https://evofenedex.recruitee.com/,"https://evofenedex.recruitee.com/api/offers/"
recruitee,gateway,11,https://gateway.recruitee.com/,"https://gateway.recruitee.com/api/offers/"
recruitee,geissgruppe,11,https://geissgruppe.recruitee.com/,"https://geissgruppe.recruitee.com/api/offers/"
recruitee,gravity9,11,https://gravity9.recruitee.com/,"https://gravity9.recruitee.com/api/offers/"
recruitee,hotelgroningenhoogkerk,11,https://hotelgroningenhoogkerk.recruitee.com/,"https://hotelgroningenhoogkerk.recruitee.com/api/offers/"
recruitee,hugopfohegmbh,11,https://hugopfohegmbh.recruitee.com/,"https://hugopfohegmbh.recruitee.com/api/offers/"
recruitee,immoexperten,11,https://immoexperten.recruitee.com/,"https://immoexperten.recruitee.com/api/offers/"
recruitee,jobsatlanticvc,11,https://jobsatlanticvc.recruitee.com/,"https://jobsatlanticvc.recruitee.com/api/offers/"
recruitee,jobsmistertemp,11,https://jobsmistertemp.recruitee.com/,"https://jobsmistertemp.recruitee.com/api/offers/"
recruitee,kcoverseaseducation,11,https://kcoverseaseducation.recruitee.com/,"https://kcoverseaseducation.recruitee.com/api/offers/"
recruitee,keunecareers,11,https://keunecareers.recruitee.com/,"https://keunecareers.recruitee.com/api/offers/"
recruitee,keunehaircosmetics,11,https://keunehaircosmetics.recruitee.com/,"https://keunehaircosmetics.recruitee.com/api/offers/"
recruitee,klompbv,11,https://klompbv.recruitee.com/,"https://klompbv.recruitee.com/api/offers/"
recruitee,konicaminolta,11,https://konicaminolta.recruitee.com/,"https://konicaminolta.recruitee.com/api/offers/"
recruitee,legalfly,11,https://legalfly.recruitee.com/,"https://legalfly.recruitee.com/api/offers/"
recruitee,leogistics,11,https://leogistics.recruitee.com/,"https://leogistics.recruitee.com/api/offers/"
recruitee,loadingsystems,11,https://loadingsystems.recruitee.com/,"https://loadingsystems.recruitee.com/api/offers/"
recruitee,luminussolutions,11,https://luminussolutions.recruitee.com/,"https://luminussolutions.recruitee.com/api/offers/"
recruitee,m3immobilien,11,https://m3immobilien.recruitee.com/,"https://m3immobilien.recruitee.com/api/offers/"
recruitee,mcdugaldsteele,11,https://mcdugaldsteele.recruitee.com/,"https://mcdugaldsteele.recruitee.com/api/offers/"
recruitee,medasportakademiegmbh,11,https://medasportakademiegmbh.recruitee.com/,"https://medasportakademiegmbh.recruitee.com/api/offers/"
recruitee,medmehealth,11,https://medmehealth.recruitee.com/,"https://medmehealth.recruitee.com/api/offers/"
recruitee,mercesbv,11,https://mercesbv.recruitee.com/,"https://mercesbv.recruitee.com/api/offers/"
recruitee,momomedical,11,https://momomedical.recruitee.com/,"https://momomedical.recruitee.com/api/offers/"
recruitee,momomedicalbv,11,https://momomedicalbv.recruitee.com/,"https://momomedicalbv.recruitee.com/api/offers/"
recruitee,monsterscore,11,https://monsterscore.recruitee.com/,"https://monsterscore.recruitee.com/api/offers/"
recruitee,nutsgroep,11,https://nutsgroep.recruitee.com/,"https://nutsgroep.recruitee.com/api/offers/"
recruitee,olenex,11,https://olenex.recruitee.com/,"https://olenex.recruitee.com/api/offers/"
recruitee,on2it,11,https://on2it.recruitee.com/,"https://on2it.recruitee.com/api/offers/"
recruitee,opengovernmentproducts,11,https://opengovernmentproducts.recruitee.com/,"https://opengovernmentproducts.recruitee.com/api/offers/"
recruitee,payter,11,https://payter.recruitee.com/,"https://payter.recruitee.com/api/offers/"
recruitee,peripass,11,https://peripass.recruitee.com/,"https://peripass.recruitee.com/api/offers/"
recruitee,proindividuum,11,https://proindividuum.recruitee.com/,"https://proindividuum.recruitee.com/api/offers/"
recruitee,railinnovatorsgroup,11,https://railinnovatorsgroup.recruitee.com/,"https://railinnovatorsgroup.recruitee.com/api/offers/"
recruitee,shopwareag,11,https://shopwareag.recruitee.com/,"https://shopwareag.recruitee.com/api/offers/"
recruitee,simvia,11,https://simvia.recruitee.com/,"https://simvia.recruitee.com/api/offers/"
recruitee,talenco,11,https://talenco.recruitee.com/,"https://talenco.recruitee.com/api/offers/"
recruitee,theconfigteamcareers,11,https://theconfigteamcareers.recruitee.com/,"https://theconfigteamcareers.recruitee.com/api/offers/"
recruitee,thermotraffichollandbv,11,https://thermotraffichollandbv.recruitee.com/,"https://thermotraffichollandbv.recruitee.com/api/offers/"
recruitee,vacaturesvandervalk,11,https://vacaturesvandervalk.recruitee.com/,"https://vacaturesvandervalk.recruitee.com/api/offers/"
recruitee,vandervalkluxembourg,11,https://vandervalkluxembourg.recruitee.com/,"https://vandervalkluxembourg.recruitee.com/api/offers/"
recruitee,vandervenautos,11,https://vandervenautos.recruitee.com/,"https://vandervenautos.recruitee.com/api/offers/"
recruitee,vluchtelingenwerknederland,11,https://vluchtelingenwerknederland.recruitee.com/,"https://vluchtelingenwerknederland.recruitee.com/api/offers/"
recruitee,werkenbijexcluton,11,https://werkenbijexcluton.recruitee.com/,"https://werkenbijexcluton.recruitee.com/api/offers/"
recruitee,werkenbijpijnackernootdorp,11,https://werkenbijpijnackernootdorp.recruitee.com/,"https://werkenbijpijnackernootdorp.recruitee.com/api/offers/"
recruitee,werkenbijtrip,11,https://werkenbijtrip.recruitee.com/,"https://werkenbijtrip.recruitee.com/api/offers/"
recruitee,werkenbijxonar,11,https://werkenbijxonar.recruitee.com/,"https://werkenbijxonar.recruitee.com/api/offers/"
recruitee,werkeninhaaglanden,11,https://werkeninhaaglanden.recruitee.com/,"https://werkeninhaaglanden.recruitee.com/api/offers/"
recruitee,yearthacademy,11,https://yearthacademy.recruitee.com/,"https://yearthacademy.recruitee.com/api/offers/"
recruitee,yopeso,11,https://yopeso.recruitee.com/,"https://yopeso.recruitee.com/api/offers/"
recruitee,ypto,11,https://ypto.recruitee.com/,"https://ypto.recruitee.com/api/offers/"
recruitee,addepto,10,https://addepto.recruitee.com/,"https://addepto.recruitee.com/api/offers/"
recruitee,affideaspain,10,https://affideaspain.recruitee.com/,"https://affideaspain.recruitee.com/api/offers/"
recruitee,ahcgmbh,10,https://ahcgmbh.recruitee.com/,"https://ahcgmbh.recruitee.com/api/offers/"
recruitee,bbht,10,https://bbht.recruitee.com/,"https://bbht.recruitee.com/api/offers/"
recruitee,benutagmbh,10,https://benutagmbh.recruitee.com/,"https://benutagmbh.recruitee.com/api/offers/"
recruitee,bonial,10,https://bonial.recruitee.com/,"https://bonial.recruitee.com/api/offers/"
recruitee,bucherinvestgmbh,10,https://bucherinvestgmbh.recruitee.com/,"https://bucherinvestgmbh.recruitee.com/api/offers/"
recruitee,candidatsrha,10,https://candidatsrha.recruitee.com/,"https://candidatsrha.recruitee.com/api/offers/"
recruitee,caretochange,10,https://caretochange.recruitee.com/,"https://caretochange.recruitee.com/api/offers/"
recruitee,cb,10,https://cb.recruitee.com/,"https://cb.recruitee.com/api/offers/"
recruitee,climeworks,10,https://climeworks.recruitee.com/,"https://climeworks.recruitee.com/api/offers/"
recruitee,cyclomediatechnology,10,https://cyclomediatechnology.recruitee.com/,"https://cyclomediatechnology.recruitee.com/api/offers/"
recruitee,diggmbh,10,https://diggmbh.recruitee.com/,"https://diggmbh.recruitee.com/api/offers/"
recruitee,driestroom,10,https://driestroom.recruitee.com/,"https://driestroom.recruitee.com/api/offers/"
recruitee,dtc,10,https://dtc.recruitee.com/,"https://dtc.recruitee.com/api/offers/"
recruitee,emergentsoftware,10,https://emergentsoftware.recruitee.com/,"https://emergentsoftware.recruitee.com/api/offers/"
recruitee,everdrop,10,https://everdrop.recruitee.com/,"https://everdrop.recruitee.com/api/offers/"
recruitee,ferpalinfrastructure,10,https://ferpalinfrastructure.recruitee.com/,"https://ferpalinfrastructure.recruitee.com/api/offers/"
recruitee,freiheitmedia,10,https://freiheitmedia.recruitee.com/,"https://freiheitmedia.recruitee.com/api/offers/"
recruitee,fullcreative,10,https://fullcreative.recruitee.com/,"https://fullcreative.recruitee.com/api/offers/"
recruitee,funzone,10,https://funzone.recruitee.com/,"https://funzone.recruitee.com/api/offers/"
recruitee,gemeentelansingerland,10,https://gemeentelansingerland.recruitee.com/,"https://gemeentelansingerland.recruitee.com/api/offers/"
recruitee,grantthorntonaustria,10,https://grantthorntonaustria.recruitee.com/,"https://grantthorntonaustria.recruitee.com/api/offers/"
recruitee,grid,10,https://grid.recruitee.com/,"https://grid.recruitee.com/api/offers/"
recruitee,hmp,10,https://hmp.recruitee.com/,"https://hmp.recruitee.com/api/offers/"
recruitee,hoteldemolenhoek,10,https://hoteldemolenhoek.recruitee.com/,"https://hoteldemolenhoek.recruitee.com/api/offers/"
recruitee,hoteldewittebergen,10,https://hoteldewittebergen.recruitee.com/,"https://hoteldewittebergen.recruitee.com/api/offers/"
recruitee,intersnackitkg,10,https://intersnackitkg.recruitee.com/,"https://intersnackitkg.recruitee.com/api/offers/"
recruitee,intersnacknederlandbv,10,https://intersnacknederlandbv.recruitee.com/,"https://intersnacknederlandbv.recruitee.com/api/offers/"
recruitee,jobspeakcoaching,10,https://jobspeakcoaching.recruitee.com/,"https://jobspeakcoaching.recruitee.com/api/offers/"
recruitee,kantega,10,https://kantega.recruitee.com/,"https://kantega.recruitee.com/api/offers/"
recruitee,kigroup,10,https://kigroup.recruitee.com/,"https://kigroup.recruitee.com/api/offers/"
recruitee,kingkongclubgmbh,10,https://kingkongclubgmbh.recruitee.com/,"https://kingkongclubgmbh.recruitee.com/api/offers/"
recruitee,kornerrealestategmbh,10,https://kornerrealestategmbh.recruitee.com/,"https://kornerrealestategmbh.recruitee.com/api/offers/"
recruitee,kriegersteuerberatungsgesellschaft,10,https://kriegersteuerberatungsgesellschaft.recruitee.com/,"https://kriegersteuerberatungsgesellschaft.recruitee.com/api/offers/"
recruitee,lamanufacturerh,10,https://lamanufacturerh.recruitee.com/,"https://lamanufacturerh.recruitee.com/api/offers/"
recruitee,learned,10,https://learned.recruitee.com/,"https://learned.recruitee.com/api/offers/"
recruitee,leaseabike,10,https://leaseabike.recruitee.com/,"https://leaseabike.recruitee.com/api/offers/"
recruitee,lecoq,10,https://lecoq.recruitee.com/,"https://lecoq.recruitee.com/api/offers/"
recruitee,lesbonsprofils,10,https://lesbonsprofils.recruitee.com/,"https://lesbonsprofils.recruitee.com/api/offers/"
recruitee,lincolnksa,10,https://lincolnksa.recruitee.com/,"https://lincolnksa.recruitee.com/api/offers/"
recruitee,logex,10,https://logex.recruitee.com/,"https://logex.recruitee.com/api/offers/"
recruitee,maartenskliniek,10,https://maartenskliniek.recruitee.com/,"https://maartenskliniek.recruitee.com/api/offers/"
recruitee,merford,10,https://merford.recruitee.com/,"https://merford.recruitee.com/api/offers/"
recruitee,msfmenaamman,10,https://msfmenaamman.recruitee.com/,"https://msfmenaamman.recruitee.com/api/offers/"
recruitee,oejab,10,https://oejab.recruitee.com/,"https://oejab.recruitee.com/api/offers/"
recruitee,performancemanagement,10,https://performancemanagement.recruitee.com/,"https://performancemanagement.recruitee.com/api/offers/"
recruitee,ploegkozijnenbv,10,https://ploegkozijnenbv.recruitee.com/,"https://ploegkozijnenbv.recruitee.com/api/offers/"
recruitee,plusadvise,10,https://plusadvise.recruitee.com/,"https://plusadvise.recruitee.com/api/offers/"
recruitee,proxsys,10,https://proxsys.recruitee.com/,"https://proxsys.recruitee.com/api/offers/"
recruitee,pulsschlag,10,https://pulsschlag.recruitee.com/,"https://pulsschlag.recruitee.com/api/offers/"
recruitee,qualifyzegmbh,10,https://qualifyzegmbh.recruitee.com/,"https://qualifyzegmbh.recruitee.com/api/offers/"
recruitee,raumheizlastdeplanungsburotga,10,https://raumheizlastdeplanungsburotga.recruitee.com/,"https://raumheizlastdeplanungsburotga.recruitee.com/api/offers/"
recruitee,riveseteaux,10,https://riveseteaux.recruitee.com/,"https://riveseteaux.recruitee.com/api/offers/"
recruitee,roucoucou,10,https://roucoucou.recruitee.com/,"https://roucoucou.recruitee.com/api/offers/"
recruitee,rudolfweber,10,https://rudolfweber.recruitee.com/,"https://rudolfweber.recruitee.com/api/offers/"
recruitee,s4d,10,https://s4d.recruitee.com/,"https://s4d.recruitee.com/api/offers/"
recruitee,shypple,10,https://shypple.recruitee.com/,"https://shypple.recruitee.com/api/offers/"
recruitee,sinnexinnenausbaugmbh,10,https://sinnexinnenausbaugmbh.recruitee.com/,"https://sinnexinnenausbaugmbh.recruitee.com/api/offers/"
recruitee,spontexlogisticsgmbh,10,https://spontexlogisticsgmbh.recruitee.com/,"https://spontexlogisticsgmbh.recruitee.com/api/offers/"
recruitee,sspcs,10,https://sspcs.recruitee.com/,"https://sspcs.recruitee.com/api/offers/"
recruitee,steinemann,10,https://steinemann.recruitee.com/,"https://steinemann.recruitee.com/api/offers/"
recruitee,tes,10,https://tes.recruitee.com/,"https://tes.recruitee.com/api/offers/"
recruitee,testerwork,10,https://testerwork.recruitee.com/,"https://testerwork.recruitee.com/api/offers/"
recruitee,vandervalkhotelvenlo,10,https://vandervalkhotelvenlo.recruitee.com/,"https://vandervalkhotelvenlo.recruitee.com/api/offers/"
recruitee,werdezusteller,10,https://werdezusteller.recruitee.com/,"https://werdezusteller.recruitee.com/api/offers/"
recruitee,werkenbijbrandnewday,10,https://werkenbijbrandnewday.recruitee.com/,"https://werkenbijbrandnewday.recruitee.com/api/offers/"
recruitee,werkenbijvanberlo,10,https://werkenbijvanberlo.recruitee.com/,"https://werkenbijvanberlo.recruitee.com/api/offers/"
recruitee,zara,10,https://zara.recruitee.com/,"https://zara.recruitee.com/api/offers/"
recruitee,zeromotorcycles,10,https://zeromotorcycles.recruitee.com/,"https://zeromotorcycles.recruitee.com/api/offers/"
recruitee,aerodesignworksgmbh,9,https://aerodesignworksgmbh.recruitee.com/,"https://aerodesignworksgmbh.recruitee.com/api/offers/"
recruitee,blauwtrust,9,https://blauwtrust.recruitee.com/,"https://blauwtrust.recruitee.com/api/offers/"
recruitee,brainstack,9,https://brainstack.recruitee.com/,"https://brainstack.recruitee.com/api/offers/"
recruitee,brandmr,9,https://brandmr.recruitee.com/,"https://brandmr.recruitee.com/api/offers/"
recruitee,castolin,9,https://castolin.recruitee.com/,"https://castolin.recruitee.com/api/offers/"
recruitee,christiaensgroup,9,https://christiaensgroup.recruitee.com/,"https://christiaensgroup.recruitee.com/api/offers/"
recruitee,civiltecengineering,9,https://civiltecengineering.recruitee.com/,"https://civiltecengineering.recruitee.com/api/offers/"
recruitee,compelson,9,https://compelson.recruitee.com/,"https://compelson.recruitee.com/api/offers/"
recruitee,contextand,9,https://contextand.recruitee.com/,"https://contextand.recruitee.com/api/offers/"
recruitee,cosun,9,https://cosun.recruitee.com/,"https://cosun.recruitee.com/api/offers/"
recruitee,deutscheextraktkaffeegmbh,9,https://deutscheextraktkaffeegmbh.recruitee.com/,"https://deutscheextraktkaffeegmbh.recruitee.com/api/offers/"
recruitee,distilled,9,https://distilled.recruitee.com/,"https://distilled.recruitee.com/api/offers/"
recruitee,ebro,9,https://ebro.recruitee.com/,"https://ebro.recruitee.com/api/offers/"
recruitee,ecolecentraledelyon,9,https://ecolecentraledelyon.recruitee.com/,"https://ecolecentraledelyon.recruitee.com/api/offers/"
recruitee,eleqtron,9,https://eleqtron.recruitee.com/,"https://eleqtron.recruitee.com/api/offers/"
recruitee,elockers,9,https://elockers.recruitee.com/,"https://elockers.recruitee.com/api/offers/"
recruitee,etlheimfarthgruppe,9,https://etlheimfarthgruppe.recruitee.com/,"https://etlheimfarthgruppe.recruitee.com/api/offers/"
recruitee,euroeyes,9,https://euroeyes.recruitee.com/,"https://euroeyes.recruitee.com/api/offers/"
recruitee,extrashop,9,https://extrashop.recruitee.com/,"https://extrashop.recruitee.com/api/offers/"
recruitee,famly,9,https://famly.recruitee.com/,"https://famly.recruitee.com/api/offers/"
recruitee,fidusheinenoord,9,https://fidusheinenoord.recruitee.com/,"https://fidusheinenoord.recruitee.com/api/offers/"
recruitee,finnovasia,9,https://finnovasia.recruitee.com/,"https://finnovasia.recruitee.com/api/offers/"
recruitee,finoverse,9,https://finoverse.recruitee.com/,"https://finoverse.recruitee.com/api/offers/"
recruitee,fixico,9,https://fixico.recruitee.com/,"https://fixico.recruitee.com/api/offers/"
recruitee,foodji,9,https://foodji.recruitee.com/,"https://foodji.recruitee.com/api/offers/"
recruitee,getransports,9,https://getransports.recruitee.com/,"https://getransports.recruitee.com/api/offers/"
recruitee,gpvmexico,9,https://gpvmexico.recruitee.com/,"https://gpvmexico.recruitee.com/api/offers/"
recruitee,h2r,9,https://h2r.recruitee.com/,"https://h2r.recruitee.com/api/offers/"
recruitee,hotelmelle,9,https://hotelmelle.recruitee.com/,"https://hotelmelle.recruitee.com/api/offers/"
recruitee,innovamarketinsights,9,https://innovamarketinsights.recruitee.com/,"https://innovamarketinsights.recruitee.com/api/offers/"
recruitee,irimed,9,https://irimed.recruitee.com/,"https://irimed.recruitee.com/api/offers/"
recruitee,itsynergy,9,https://itsynergy.recruitee.com/,"https://itsynergy.recruitee.com/api/offers/"
recruitee,jobninobv,9,https://jobninobv.recruitee.com/,"https://jobninobv.recruitee.com/api/offers/"
recruitee,kodify,9,https://kodify.recruitee.com/,"https://kodify.recruitee.com/api/offers/"
recruitee,kraaijeveldgroentenenfruit,9,https://kraaijeveldgroentenenfruit.recruitee.com/,"https://kraaijeveldgroentenenfruit.recruitee.com/api/offers/"
recruitee,leoderbacker,9,https://leoderbacker.recruitee.com/,"https://leoderbacker.recruitee.com/api/offers/"
recruitee,leoderbaecker,9,https://leoderbaecker.recruitee.com/,"https://leoderbaecker.recruitee.com/api/offers/"
recruitee,lifeoutdoorliving,9,https://lifeoutdoorliving.recruitee.com/,"https://lifeoutdoorliving.recruitee.com/api/offers/"
recruitee,lorenzkunststofftechnik,9,https://lorenzkunststofftechnik.recruitee.com/,"https://lorenzkunststofftechnik.recruitee.com/api/offers/"
recruitee,mathrix,9,https://mathrix.recruitee.com/,"https://mathrix.recruitee.com/api/offers/"
recruitee,meinmakler,9,https://meinmakler.recruitee.com/,"https://meinmakler.recruitee.com/api/offers/"
recruitee,microampsolutions,9,https://microampsolutions.recruitee.com/,"https://microampsolutions.recruitee.com/api/offers/"
recruitee,neovagroup,9,https://neovagroup.recruitee.com/,"https://neovagroup.recruitee.com/api/offers/"
recruitee,novoferm,9,https://novoferm.recruitee.com/,"https://novoferm.recruitee.com/api/offers/"
recruitee,omroepgelderland,9,https://omroepgelderland.recruitee.com/,"https://omroepgelderland.recruitee.com/api/offers/"
recruitee,opsbrasil,9,https://opsbrasil.recruitee.com/,"https://opsbrasil.recruitee.com/api/offers/"
recruitee,payflows,9,https://payflows.recruitee.com/,"https://payflows.recruitee.com/api/offers/"
recruitee,peopleand,9,https://peopleand.recruitee.com/,"https://peopleand.recruitee.com/api/offers/"
recruitee,premiersystems1,9,https://premiersystems1.recruitee.com/,"https://premiersystems1.recruitee.com/api/offers/"
recruitee,pwrpackinternational,9,https://pwrpackinternational.recruitee.com/,"https://pwrpackinternational.recruitee.com/api/offers/"
recruitee,qinx,9,https://qinx.recruitee.com/,"https://qinx.recruitee.com/api/offers/"
recruitee,qualifio1,9,https://qualifio1.recruitee.com/,"https://qualifio1.recruitee.com/api/offers/"
recruitee,rcube,9,https://rcube.recruitee.com/,"https://rcube.recruitee.com/api/offers/"
recruitee,relevancedigitalagency,9,https://relevancedigitalagency.recruitee.com/,"https://relevancedigitalagency.recruitee.com/api/offers/"
recruitee,riderlevettbucknall,9,https://riderlevettbucknall.recruitee.com/,"https://riderlevettbucknall.recruitee.com/api/offers/"
recruitee,shalestone,9,https://shalestone.recruitee.com/,"https://shalestone.recruitee.com/api/offers/"
recruitee,spectrumam,9,https://spectrumam.recruitee.com/,"https://spectrumam.recruitee.com/api/offers/"
recruitee,spinninrecordsandwmgbenelux,9,https://spinninrecordsandwmgbenelux.recruitee.com/,"https://spinninrecordsandwmgbenelux.recruitee.com/api/offers/"
recruitee,sri,9,https://sri.recruitee.com/,"https://sri.recruitee.com/api/offers/"
recruitee,sustainablecomfort,9,https://sustainablecomfort.recruitee.com/,"https://sustainablecomfort.recruitee.com/api/offers/"
recruitee,swdigitaltaxgmbh,9,https://swdigitaltaxgmbh.recruitee.com/,"https://swdigitaltaxgmbh.recruitee.com/api/offers/"
recruitee,tagaviation3,9,https://tagaviation3.recruitee.com/,"https://tagaviation3.recruitee.com/api/offers/"
recruitee,tbibankgr,9,https://tbibankgr.recruitee.com/,"https://tbibankgr.recruitee.com/api/offers/"
recruitee,tereos,9,https://tereos.recruitee.com/,"https://tereos.recruitee.com/api/offers/"
recruitee,tfpfertilitygroup,9,https://tfpfertilitygroup.recruitee.com/,"https://tfpfertilitygroup.recruitee.com/api/offers/"
recruitee,thefertilitypartnership,9,https://thefertilitypartnership.recruitee.com/,"https://thefertilitypartnership.recruitee.com/api/offers/"
recruitee,thesjefgroup,9,https://thesjefgroup.recruitee.com/,"https://thesjefgroup.recruitee.com/api/offers/"
recruitee,timeoutstiftungggmbh,9,https://timeoutstiftungggmbh.recruitee.com/,"https://timeoutstiftungggmbh.recruitee.com/api/offers/"
recruitee,tradinorganic,9,https://tradinorganic.recruitee.com/,"https://tradinorganic.recruitee.com/api/offers/"
recruitee,uneedgmbh,9,https://uneedgmbh.recruitee.com/,"https://uneedgmbh.recruitee.com/api/offers/"
recruitee,upslide,9,https://upslide.recruitee.com/,"https://upslide.recruitee.com/api/offers/"
recruitee,veneficusbv,9,https://veneficusbv.recruitee.com/,"https://veneficusbv.recruitee.com/api/offers/"
recruitee,virtual7jobs,9,https://virtual7jobs.recruitee.com/,"https://virtual7jobs.recruitee.com/api/offers/"
recruitee,waynedoor,9,https://waynedoor.recruitee.com/,"https://waynedoor.recruitee.com/api/offers/"
recruitee,wearekeen,9,https://wearekeen.recruitee.com/,"https://wearekeen.recruitee.com/api/offers/"
recruitee,werkenbijedelman,9,https://werkenbijedelman.recruitee.com/,"https://werkenbijedelman.recruitee.com/api/offers/"
recruitee,wewow,9,https://wewow.recruitee.com/,"https://wewow.recruitee.com/api/offers/"
recruitee,wgalegacypropertymanagement,9,https://wgalegacypropertymanagement.recruitee.com/,"https://wgalegacypropertymanagement.recruitee.com/api/offers/"
recruitee,woonplusschiedam,9,https://woonplusschiedam.recruitee.com/,"https://woonplusschiedam.recruitee.com/api/offers/"
recruitee,xylos,9,https://xylos.recruitee.com/,"https://xylos.recruitee.com/api/offers/"
recruitee,3h18,8,https://3h18.recruitee.com/,"https://3h18.recruitee.com/api/offers/"
recruitee,achmeainnovationhub,8,https://achmeainnovationhub.recruitee.com/,"https://achmeainnovationhub.recruitee.com/api/offers/"
recruitee,agaseurope,8,https://agaseurope.recruitee.com/,"https://agaseurope.recruitee.com/api/offers/"
recruitee,allredi,8,https://allredi.recruitee.com/,"https://allredi.recruitee.com/api/offers/"
recruitee,angelicoussisgroup,8,https://angelicoussisgroup.recruitee.com/,"https://angelicoussisgroup.recruitee.com/api/offers/"
recruitee,argumentorikakademiegmbh1,8,https://argumentorikakademiegmbh1.recruitee.com/,"https://argumentorikakademiegmbh1.recruitee.com/api/offers/"
recruitee,asksuite,8,https://asksuite.recruitee.com/,"https://asksuite.recruitee.com/api/offers/"
recruitee,atosborne,8,https://atosborne.recruitee.com/,"https://atosborne.recruitee.com/api/offers/"
recruitee,badischebackstub,8,https://badischebackstub.recruitee.com/,"https://badischebackstub.recruitee.com/api/offers/"
recruitee,bbkampfsport,8,https://bbkampfsport.recruitee.com/,"https://bbkampfsport.recruitee.com/api/offers/"
recruitee,biolectric,8,https://biolectric.recruitee.com/,"https://biolectric.recruitee.com/api/offers/"
recruitee,bti,8,https://bti.recruitee.com/,"https://bti.recruitee.com/api/offers/"
recruitee,caelisticgroup,8,https://caelisticgroup.recruitee.com/,"https://caelisticgroup.recruitee.com/api/offers/"
recruitee,cf2i,8,https://cf2i.recruitee.com/,"https://cf2i.recruitee.com/api/offers/"
recruitee,cjbarrymores,8,https://cjbarrymores.recruitee.com/,"https://cjbarrymores.recruitee.com/api/offers/"
recruitee,codepepper,8,https://codepepper.recruitee.com/,"https://codepepper.recruitee.com/api/offers/"
recruitee,compliancechamps,8,https://compliancechamps.recruitee.com/,"https://compliancechamps.recruitee.com/api/offers/"
recruitee,consultport,8,https://consultport.recruitee.com/,"https://consultport.recruitee.com/api/offers/"
recruitee,corygroup,8,https://corygroup.recruitee.com/,"https://corygroup.recruitee.com/api/offers/"
recruitee,crowepeak1,8,https://crowepeak1.recruitee.com/,"https://crowepeak1.recruitee.com/api/offers/"
recruitee,debitosgmbh,8,https://debitosgmbh.recruitee.com/,"https://debitosgmbh.recruitee.com/api/offers/"
recruitee,decoded,8,https://decoded.recruitee.com/,"https://decoded.recruitee.com/api/offers/"
recruitee,dejagerdetacheringbv,8,https://dejagerdetacheringbv.recruitee.com/,"https://dejagerdetacheringbv.recruitee.com/api/offers/"
recruitee,dekarbogmbh,8,https://dekarbogmbh.recruitee.com/,"https://dekarbogmbh.recruitee.com/api/offers/"
recruitee,devissergroep,8,https://devissergroep.recruitee.com/,"https://devissergroep.recruitee.com/api/offers/"
recruitee,doss2,8,https://doss2.recruitee.com/,"https://doss2.recruitee.com/api/offers/"
recruitee,drsussmanngmbh,8,https://drsussmanngmbh.recruitee.com/,"https://drsussmanngmbh.recruitee.com/api/offers/"
recruitee,dtx,8,https://dtx.recruitee.com/,"https://dtx.recruitee.com/api/offers/"
recruitee,emmington,8,https://emmington.recruitee.com/,"https://emmington.recruitee.com/api/offers/"
recruitee,fonky,8,https://fonky.recruitee.com/,"https://fonky.recruitee.com/api/offers/"
recruitee,fonkysales,8,https://fonkysales.recruitee.com/,"https://fonkysales.recruitee.com/api/offers/"
recruitee,futurewhiz,8,https://futurewhiz.recruitee.com/,"https://futurewhiz.recruitee.com/api/offers/"
recruitee,gemeindelilienthal,8,https://gemeindelilienthal.recruitee.com/,"https://gemeindelilienthal.recruitee.com/api/offers/"
recruitee,greenflux,8,https://greenflux.recruitee.com/,"https://greenflux.recruitee.com/api/offers/"
recruitee,grupoespiral,8,https://grupoespiral.recruitee.com/,"https://grupoespiral.recruitee.com/api/offers/"
recruitee,gs,8,https://gs.recruitee.com/,"https://gs.recruitee.com/api/offers/"
recruitee,hauptstadtfloss,8,https://hauptstadtfloss.recruitee.com/,"https://hauptstadtfloss.recruitee.com/api/offers/"
recruitee,hilpertaktiengesellschaft,8,https://hilpertaktiengesellschaft.recruitee.com/,"https://hilpertaktiengesellschaft.recruitee.com/api/offers/"
recruitee,hotelantwerpen,8,https://hotelantwerpen.recruitee.com/,"https://hotelantwerpen.recruitee.com/api/offers/"
recruitee,hotelcuijk,8,https://hotelcuijk.recruitee.com/,"https://hotelcuijk.recruitee.com/api/offers/"
recruitee,hotelpariscdgairport,8,https://hotelpariscdgairport.recruitee.com/,"https://hotelpariscdgairport.recruitee.com/api/offers/"
recruitee,hotelzaltbommel,8,https://hotelzaltbommel.recruitee.com/,"https://hotelzaltbommel.recruitee.com/api/offers/"
recruitee,hqengineeringitalia,8,https://hqengineeringitalia.recruitee.com/,"https://hqengineeringitalia.recruitee.com/api/offers/"
recruitee,huetthalerkg,8,https://huetthalerkg.recruitee.com/,"https://huetthalerkg.recruitee.com/api/offers/"
recruitee,innovadis,8,https://innovadis.recruitee.com/,"https://innovadis.recruitee.com/api/offers/"
recruitee,internationaledeutscheschulebrussel,8,https://internationaledeutscheschulebrussel.recruitee.com/,"https://internationaledeutscheschulebrussel.recruitee.com/api/offers/"
recruitee,ixonbv,8,https://ixonbv.recruitee.com/,"https://ixonbv.recruitee.com/api/offers/"
recruitee,jensrabe,8,https://jensrabe.recruitee.com/,"https://jensrabe.recruitee.com/api/offers/"
recruitee,jeranexbp,8,https://jeranexbp.recruitee.com/,"https://jeranexbp.recruitee.com/api/offers/"
recruitee,jumpfactor,8,https://jumpfactor.recruitee.com/,"https://jumpfactor.recruitee.com/api/offers/"
recruitee,justrussel,8,https://justrussel.recruitee.com/,"https://justrussel.recruitee.com/api/offers/"
recruitee,kampfsporttrainer,8,https://kampfsporttrainer.recruitee.com/,"https://kampfsporttrainer.recruitee.com/api/offers/"
recruitee,klymagmbh1,8,https://klymagmbh1.recruitee.com/,"https://klymagmbh1.recruitee.com/api/offers/"
recruitee,leha,8,https://leha.recruitee.com/,"https://leha.recruitee.com/api/offers/"
recruitee,lemonwayjobcareers,8,https://lemonwayjobcareers.recruitee.com/,"https://lemonwayjobcareers.recruitee.com/api/offers/"
recruitee,lionelbruder,8,https://lionelbruder.recruitee.com/,"https://lionelbruder.recruitee.com/api/offers/"
recruitee,mainstream,8,https://mainstream.recruitee.com/,"https://mainstream.recruitee.com/api/offers/"
recruitee,marleenkookt,8,https://marleenkookt.recruitee.com/,"https://marleenkookt.recruitee.com/api/offers/"
recruitee,masttrucking,8,https://masttrucking.recruitee.com/,"https://masttrucking.recruitee.com/api/offers/"
recruitee,matresearch,8,https://matresearch.recruitee.com/,"https://matresearch.recruitee.com/api/offers/"
recruitee,matt,8,https://matt.recruitee.com/,"https://matt.recruitee.com/api/offers/"
recruitee,metzgereischafergmbh,8,https://metzgereischafergmbh.recruitee.com/,"https://metzgereischafergmbh.recruitee.com/api/offers/"
recruitee,mikroyazilim,8,https://mikroyazilim.recruitee.com/,"https://mikroyazilim.recruitee.com/api/offers/"
recruitee,minimalist,8,https://minimalist.recruitee.com/,"https://minimalist.recruitee.com/api/offers/"
recruitee,n2jsoft,8,https://n2jsoft.recruitee.com/,"https://n2jsoft.recruitee.com/api/offers/"
recruitee,nachburag,8,https://nachburag.recruitee.com/,"https://nachburag.recruitee.com/api/offers/"
recruitee,oldael,8,https://oldael.recruitee.com/,"https://oldael.recruitee.com/api/offers/"
recruitee,ontarget,8,https://ontarget.recruitee.com/,"https://ontarget.recruitee.com/api/offers/"
recruitee,ouderenmondzorgpraktijk,8,https://ouderenmondzorgpraktijk.recruitee.com/,"https://ouderenmondzorgpraktijk.recruitee.com/api/offers/"
recruitee,parkwind,8,https://parkwind.recruitee.com/,"https://parkwind.recruitee.com/api/offers/"
recruitee,pixalione,8,https://pixalione.recruitee.com/,"https://pixalione.recruitee.com/api/offers/"
recruitee,plukonfoodgroupdenmark,8,https://plukonfoodgroupdenmark.recruitee.com/,"https://plukonfoodgroupdenmark.recruitee.com/api/offers/"
recruitee,powerprozesse,8,https://powerprozesse.recruitee.com/,"https://powerprozesse.recruitee.com/api/offers/"
recruitee,primeworks,8,https://primeworks.recruitee.com/,"https://primeworks.recruitee.com/api/offers/"
recruitee,primo,8,https://primo.recruitee.com/,"https://primo.recruitee.com/api/offers/"
recruitee,properfood,8,https://properfood.recruitee.com/,"https://properfood.recruitee.com/api/offers/"
recruitee,purna,8,https://purna.recruitee.com/,"https://purna.recruitee.com/api/offers/"
recruitee,qualinx,8,https://qualinx.recruitee.com/,"https://qualinx.recruitee.com/api/offers/"
recruitee,rtl,8,https://rtl.recruitee.com/,"https://rtl.recruitee.com/api/offers/"
recruitee,rwdsystemreinigunggmbh,8,https://rwdsystemreinigunggmbh.recruitee.com/,"https://rwdsystemreinigunggmbh.recruitee.com/api/offers/"
recruitee,seabournegroup,8,https://seabournegroup.recruitee.com/,"https://seabournegroup.recruitee.com/api/offers/"
recruitee,shopmanufaktur,8,https://shopmanufaktur.recruitee.com/,"https://shopmanufaktur.recruitee.com/api/offers/"
recruitee,signifly,8,https://signifly.recruitee.com/,"https://signifly.recruitee.com/api/offers/"
recruitee,skygeo,8,https://skygeo.recruitee.com/,"https://skygeo.recruitee.com/api/offers/"
recruitee,solvinity,8,https://solvinity.recruitee.com/,"https://solvinity.recruitee.com/api/offers/"
recruitee,spedination,8,https://spedination.recruitee.com/,"https://spedination.recruitee.com/api/offers/"
recruitee,speditiondecker,8,https://speditiondecker.recruitee.com/,"https://speditiondecker.recruitee.com/api/offers/"
recruitee,speedlinehub,8,https://speedlinehub.recruitee.com/,"https://speedlinehub.recruitee.com/api/offers/"
recruitee,spotlab,8,https://spotlab.recruitee.com/,"https://spotlab.recruitee.com/api/offers/"
recruitee,statuscag,8,https://statuscag.recruitee.com/,"https://statuscag.recruitee.com/api/offers/"
recruitee,stbingenieure,8,https://stbingenieure.recruitee.com/,"https://stbingenieure.recruitee.com/api/offers/"
recruitee,strategyeng,8,https://strategyeng.recruitee.com/,"https://strategyeng.recruitee.com/api/offers/"
recruitee,theras,8,https://theras.recruitee.com/,"https://theras.recruitee.com/api/offers/"
recruitee,therasgroupcom,8,https://therasgroupcom.recruitee.com/,"https://therasgroupcom.recruitee.com/api/offers/"
recruitee,tidiocareer,8,https://tidiocareer.recruitee.com/,"https://tidiocareer.recruitee.com/api/offers/"
recruitee,topchrono,8,https://topchrono.recruitee.com/,"https://topchrono.recruitee.com/api/offers/"
recruitee,trp,8,https://trp.recruitee.com/,"https://trp.recruitee.com/api/offers/"
recruitee,trunkrs,8,https://trunkrs.recruitee.com/,"https://trunkrs.recruitee.com/api/offers/"
recruitee,veratronag,8,https://veratronag.recruitee.com/,"https://veratronag.recruitee.com/api/offers/"
recruitee,vertuoza,8,https://vertuoza.recruitee.com/,"https://vertuoza.recruitee.com/api/offers/"
recruitee,warmtefonds,8,https://warmtefonds.recruitee.com/,"https://warmtefonds.recruitee.com/api/offers/"
recruitee,watchvice,8,https://watchvice.recruitee.com/,"https://watchvice.recruitee.com/api/offers/"
recruitee,webbtraders,8,https://webbtraders.recruitee.com/,"https://webbtraders.recruitee.com/api/offers/"
recruitee,werkenbijalanluca,8,https://werkenbijalanluca.recruitee.com/,"https://werkenbijalanluca.recruitee.com/api/offers/"
recruitee,werkenbijseabournelogistics,8,https://werkenbijseabournelogistics.recruitee.com/,"https://werkenbijseabournelogistics.recruitee.com/api/offers/"
recruitee,werkeninleisure,8,https://werkeninleisure.recruitee.com/,"https://werkeninleisure.recruitee.com/api/offers/"
recruitee,wertconceptinvestmentgroupgmbh,8,https://wertconceptinvestmentgroupgmbh.recruitee.com/,"https://wertconceptinvestmentgroupgmbh.recruitee.com/api/offers/"
recruitee,whello,8,https://whello.recruitee.com/,"https://whello.recruitee.com/api/offers/"
recruitee,wilhelmmayerbaugmbh,8,https://wilhelmmayerbaugmbh.recruitee.com/,"https://wilhelmmayerbaugmbh.recruitee.com/api/offers/"
recruitee,winparts,8,https://winparts.recruitee.com/,"https://winparts.recruitee.com/api/offers/"
recruitee,wjgruppe,8,https://wjgruppe.recruitee.com/,"https://wjgruppe.recruitee.com/api/offers/"
recruitee,wsdmv,8,https://wsdmv.recruitee.com/,"https://wsdmv.recruitee.com/api/offers/"
recruitee,zadragruppe,8,https://zadragruppe.recruitee.com/,"https://zadragruppe.recruitee.com/api/offers/"
recruitee,zteam,8,https://zteam.recruitee.com/,"https://zteam.recruitee.com/api/offers/"
recruitee,4cee,7,https://4cee.recruitee.com/,"https://4cee.recruitee.com/api/offers/"
recruitee,anchr,7,https://anchr.recruitee.com/,"https://anchr.recruitee.com/api/offers/"
recruitee,aneo,7,https://aneo.recruitee.com/,"https://aneo.recruitee.com/api/offers/"
recruitee,antverpianv,7,https://antverpianv.recruitee.com/,"https://antverpianv.recruitee.com/api/offers/"
recruitee,avenircollective,7,https://avenircollective.recruitee.com/,"https://avenircollective.recruitee.com/api/offers/"
recruitee,bestlogisticsgroup,7,https://bestlogisticsgroup.recruitee.com/,"https://bestlogisticsgroup.recruitee.com/api/offers/"
recruitee,biroha,7,https://biroha.recruitee.com/,"https://biroha.recruitee.com/api/offers/"
recruitee,bungemagdeburggmbh,7,https://bungemagdeburggmbh.recruitee.com/,"https://bungemagdeburggmbh.recruitee.com/api/offers/"
recruitee,bytecode,7,https://bytecode.recruitee.com/,"https://bytecode.recruitee.com/api/offers/"
recruitee,citonl,7,https://citonl.recruitee.com/,"https://citonl.recruitee.com/api/offers/"
recruitee,demvsystems,7,https://demvsystems.recruitee.com/,"https://demvsystems.recruitee.com/api/offers/"
recruitee,diebayerische,7,https://diebayerische.recruitee.com/,"https://diebayerische.recruitee.com/api/offers/"
recruitee,easypaletten,7,https://easypaletten.recruitee.com/,"https://easypaletten.recruitee.com/api/offers/"
recruitee,econocomnederland,7,https://econocomnederland.recruitee.com/,"https://econocomnederland.recruitee.com/api/offers/"
recruitee,effectory,7,https://effectory.recruitee.com/,"https://effectory.recruitee.com/api/offers/"
recruitee,eluscious,7,https://eluscious.recruitee.com/,"https://eluscious.recruitee.com/api/offers/"
recruitee,emerse,7,https://emerse.recruitee.com/,"https://emerse.recruitee.com/api/offers/"
recruitee,emersesalesusinc,7,https://emersesalesusinc.recruitee.com/,"https://emersesalesusinc.recruitee.com/api/offers/"
recruitee,emetriq,7,https://emetriq.recruitee.com/,"https://emetriq.recruitee.com/api/offers/"
recruitee,enomyc,7,https://enomyc.recruitee.com/,"https://enomyc.recruitee.com/api/offers/"
recruitee,enterprise,7,https://enterprise.recruitee.com/,"https://enterprise.recruitee.com/api/offers/"
recruitee,eventix,7,https://eventix.recruitee.com/,"https://eventix.recruitee.com/api/offers/"
recruitee,ewald,7,https://ewald.recruitee.com/,"https://ewald.recruitee.com/api/offers/"
recruitee,farogruppe,7,https://farogruppe.recruitee.com/,"https://farogruppe.recruitee.com/api/offers/"
recruitee,flexitgo,7,https://flexitgo.recruitee.com/,"https://flexitgo.recruitee.com/api/offers/"
recruitee,flowfactor,7,https://flowfactor.recruitee.com/,"https://flowfactor.recruitee.com/api/offers/"
recruitee,gardec,7,https://gardec.recruitee.com/,"https://gardec.recruitee.com/api/offers/"
recruitee,gateterminal,7,https://gateterminal.recruitee.com/,"https://gateterminal.recruitee.com/api/offers/"
recruitee,gfbigmbh,7,https://gfbigmbh.recruitee.com/,"https://gfbigmbh.recruitee.com/api/offers/"
recruitee,ginmon,7,https://ginmon.recruitee.com/,"https://ginmon.recruitee.com/api/offers/"
recruitee,goeckeumformtechnik,7,https://goeckeumformtechnik.recruitee.com/,"https://goeckeumformtechnik.recruitee.com/api/offers/"
recruitee,hainmueller,7,https://hainmueller.recruitee.com/,"https://hainmueller.recruitee.com/api/offers/"
recruitee,hostaway,7,https://hostaway.recruitee.com/,"https://hostaway.recruitee.com/api/offers/"
recruitee,hotelarnhem,7,https://hotelarnhem.recruitee.com/,"https://hotelarnhem.recruitee.com/api/offers/"
recruitee,hoteldenhaagwassenaar,7,https://hoteldenhaagwassenaar.recruitee.com/,"https://hoteldenhaagwassenaar.recruitee.com/api/offers/"
recruitee,hotelhildesheim,7,https://hotelhildesheim.recruitee.com/,"https://hotelhildesheim.recruitee.com/api/offers/"
recruitee,hubertvesterautogroup,7,https://hubertvesterautogroup.recruitee.com/,"https://hubertvesterautogroup.recruitee.com/api/offers/"
recruitee,huuuge,7,https://huuuge.recruitee.com/,"https://huuuge.recruitee.com/api/offers/"
recruitee,hybrid,7,https://hybrid.recruitee.com/,"https://hybrid.recruitee.com/api/offers/"
recruitee,inovabusiness,7,https://inovabusiness.recruitee.com/,"https://inovabusiness.recruitee.com/api/offers/"
recruitee,italconsult,7,https://italconsult.recruitee.com/,"https://italconsult.recruitee.com/api/offers/"
recruitee,iverwind,7,https://iverwind.recruitee.com/,"https://iverwind.recruitee.com/api/offers/"
recruitee,jobsdrlauterbachklinik,7,https://jobsdrlauterbachklinik.recruitee.com/,"https://jobsdrlauterbachklinik.recruitee.com/api/offers/"
recruitee,koninklijkegazelle,7,https://koninklijkegazelle.recruitee.com/,"https://koninklijkegazelle.recruitee.com/api/offers/"
recruitee,luscii,7,https://luscii.recruitee.com/,"https://luscii.recruitee.com/api/offers/"
recruitee,mbdsteuern,7,https://mbdsteuern.recruitee.com/,"https://mbdsteuern.recruitee.com/api/offers/"
recruitee,morentz,7,https://morentz.recruitee.com/,"https://morentz.recruitee.com/api/offers/"
recruitee,nawirigroup,7,https://nawirigroup.recruitee.com/,"https://nawirigroup.recruitee.com/api/offers/"
recruitee,newrest,7,https://newrest.recruitee.com/,"https://newrest.recruitee.com/api/offers/"
recruitee,nicsystemhausgmbh,7,https://nicsystemhausgmbh.recruitee.com/,"https://nicsystemhausgmbh.recruitee.com/api/offers/"
recruitee,nlc,7,https://nlc.recruitee.com/,"https://nlc.recruitee.com/api/offers/"
recruitee,normecsuuk,7,https://normecsuuk.recruitee.com/,"https://normecsuuk.recruitee.com/api/offers/"
recruitee,novritschtrading,7,https://novritschtrading.recruitee.com/,"https://novritschtrading.recruitee.com/api/offers/"
recruitee,ogcglobal,7,https://ogcglobal.recruitee.com/,"https://ogcglobal.recruitee.com/api/offers/"
recruitee,olsamgroup,7,https://olsamgroup.recruitee.com/,"https://olsamgroup.recruitee.com/api/offers/"
recruitee,oneworks,7,https://oneworks.recruitee.com/,"https://oneworks.recruitee.com/api/offers/"
recruitee,opentag,7,https://opentag.recruitee.com/,"https://opentag.recruitee.com/api/offers/"
recruitee,opergraz,7,https://opergraz.recruitee.com/,"https://opergraz.recruitee.com/api/offers/"
recruitee,ormitbelgium,7,https://ormitbelgium.recruitee.com/,"https://ormitbelgium.recruitee.com/api/offers/"
recruitee,precoroinc,7,https://precoroinc.recruitee.com/,"https://precoroinc.recruitee.com/api/offers/"
recruitee,proximusnxt,7,https://proximusnxt.recruitee.com/,"https://proximusnxt.recruitee.com/api/offers/"
recruitee,recaregmbh,7,https://recaregmbh.recruitee.com/,"https://recaregmbh.recruitee.com/api/offers/"
recruitee,rhunternehmerwissengmbh,7,https://rhunternehmerwissengmbh.recruitee.com/,"https://rhunternehmerwissengmbh.recruitee.com/api/offers/"
recruitee,rwc,7,https://rwc.recruitee.com/,"https://rwc.recruitee.com/api/offers/"
recruitee,salzburgglobalseminar,7,https://salzburgglobalseminar.recruitee.com/,"https://salzburgglobalseminar.recruitee.com/api/offers/"
recruitee,schaefergmbh,7,https://schaefergmbh.recruitee.com/,"https://schaefergmbh.recruitee.com/api/offers/"
recruitee,schemam,7,https://schemam.recruitee.com/,"https://schemam.recruitee.com/api/offers/"
recruitee,schemamgmbh3,7,https://schemamgmbh3.recruitee.com/,"https://schemamgmbh3.recruitee.com/api/offers/"
recruitee,scholarshipowl,7,https://scholarshipowl.recruitee.com/,"https://scholarshipowl.recruitee.com/api/offers/"
recruitee,seafarnv,7,https://seafarnv.recruitee.com/,"https://seafarnv.recruitee.com/api/offers/"
recruitee,sgbsmitgroup,7,https://sgbsmitgroup.recruitee.com/,"https://sgbsmitgroup.recruitee.com/api/offers/"
recruitee,skytree,7,https://skytree.recruitee.com/,"https://skytree.recruitee.com/api/offers/"
recruitee,snapsoft,7,https://snapsoft.recruitee.com/,"https://snapsoft.recruitee.com/api/offers/"
recruitee,spectoaerospace,7,https://spectoaerospace.recruitee.com/,"https://spectoaerospace.recruitee.com/api/offers/"
recruitee,stasinc,7,https://stasinc.recruitee.com/,"https://stasinc.recruitee.com/api/offers/"
recruitee,tecclegroup,7,https://tecclegroup.recruitee.com/,"https://tecclegroup.recruitee.com/api/offers/"
recruitee,technomar,7,https://technomar.recruitee.com/,"https://technomar.recruitee.com/api/offers/"
recruitee,telindus,7,https://telindus.recruitee.com/,"https://telindus.recruitee.com/api/offers/"
recruitee,thehoteltaskforce,7,https://thehoteltaskforce.recruitee.com/,"https://thehoteltaskforce.recruitee.com/api/offers/"
recruitee,themortgagetalentnetwork,7,https://themortgagetalentnetwork.recruitee.com/,"https://themortgagetalentnetwork.recruitee.com/api/offers/"
recruitee,unu,7,https://unu.recruitee.com/,"https://unu.recruitee.com/api/offers/"
recruitee,vebegoosterreich,7,https://vebegoosterreich.recruitee.com/,"https://vebegoosterreich.recruitee.com/api/offers/"
recruitee,vervoerregio,7,https://vervoerregio.recruitee.com/,"https://vervoerregio.recruitee.com/api/offers/"
recruitee,victussales,7,https://victussales.recruitee.com/,"https://victussales.recruitee.com/api/offers/"
recruitee,viderity,7,https://viderity.recruitee.com/,"https://viderity.recruitee.com/api/offers/"
recruitee,viterramagdeburggmbh,7,https://viterramagdeburggmbh.recruitee.com/,"https://viterramagdeburggmbh.recruitee.com/api/offers/"
recruitee,weeztix,7,https://weeztix.recruitee.com/,"https://weeztix.recruitee.com/api/offers/"
recruitee,welexgroupbv,7,https://welexgroupbv.recruitee.com/,"https://welexgroupbv.recruitee.com/api/offers/"
recruitee,werkenbijmig,7,https://werkenbijmig.recruitee.com/,"https://werkenbijmig.recruitee.com/api/offers/"
recruitee,werkenbijreisbalans,7,https://werkenbijreisbalans.recruitee.com/,"https://werkenbijreisbalans.recruitee.com/api/offers/"
recruitee,werkenbijrs,7,https://werkenbijrs.recruitee.com/,"https://werkenbijrs.recruitee.com/api/offers/"
recruitee,werraenergie,7,https://werraenergie.recruitee.com/,"https://werraenergie.recruitee.com/api/offers/"
recruitee,youngcolfield,7,https://youngcolfield.recruitee.com/,"https://youngcolfield.recruitee.com/api/offers/"
recruitee,zenozorg,7,https://zenozorg.recruitee.com/,"https://zenozorg.recruitee.com/api/offers/"
recruitee,zuidplas1,7,https://zuidplas1.recruitee.com/,"https://zuidplas1.recruitee.com/api/offers/"
recruitee,aceofperformance,6,https://aceofperformance.recruitee.com/,"https://aceofperformance.recruitee.com/api/offers/"
recruitee,adamsmithinternational1,6,https://adamsmithinternational1.recruitee.com/,"https://adamsmithinternational1.recruitee.com/api/offers/"
recruitee,advantive,6,https://advantive.recruitee.com/,"https://advantive.recruitee.com/api/offers/"
recruitee,aetherflux,6,https://aetherflux.recruitee.com/,"https://aetherflux.recruitee.com/api/offers/"
recruitee,airborne,6,https://airborne.recruitee.com/,"https://airborne.recruitee.com/api/offers/"
recruitee,americansafetycouncil,6,https://americansafetycouncil.recruitee.com/,"https://americansafetycouncil.recruitee.com/api/offers/"
recruitee,appliedvalue,6,https://appliedvalue.recruitee.com/,"https://appliedvalue.recruitee.com/api/offers/"
recruitee,aptitudesoftware1,6,https://aptitudesoftware1.recruitee.com/,"https://aptitudesoftware1.recruitee.com/api/offers/"
recruitee,arealytics,6,https://arealytics.recruitee.com/,"https://arealytics.recruitee.com/api/offers/"
recruitee,asap,6,https://asap.recruitee.com/,"https://asap.recruitee.com/api/offers/"
recruitee,astonjet,6,https://astonjet.recruitee.com/,"https://astonjet.recruitee.com/api/offers/"
recruitee,astrolabs,6,https://astrolabs.recruitee.com/,"https://astrolabs.recruitee.com/api/offers/"
recruitee,attendi,6,https://attendi.recruitee.com/,"https://attendi.recruitee.com/api/offers/"
recruitee,automation,6,https://automation.recruitee.com/,"https://automation.recruitee.com/api/offers/"
recruitee,backereievertzberg,6,https://backereievertzberg.recruitee.com/,"https://backereievertzberg.recruitee.com/api/offers/"
recruitee,balogisticsgmbh,6,https://balogisticsgmbh.recruitee.com/,"https://balogisticsgmbh.recruitee.com/api/offers/"
recruitee,bluefield,6,https://bluefield.recruitee.com/,"https://bluefield.recruitee.com/api/offers/"
recruitee,blueskygroup,6,https://blueskygroup.recruitee.com/,"https://blueskygroup.recruitee.com/api/offers/"
recruitee,brain,6,https://brain.recruitee.com/,"https://brain.recruitee.com/api/offers/"
recruitee,brainsquare,6,https://brainsquare.recruitee.com/,"https://brainsquare.recruitee.com/api/offers/"
recruitee,brollikarriere,6,https://brollikarriere.recruitee.com/,"https://brollikarriere.recruitee.com/api/offers/"
recruitee,bssgmbh,6,https://bssgmbh.recruitee.com/,"https://bssgmbh.recruitee.com/api/offers/"
recruitee,bundl,6,https://bundl.recruitee.com/,"https://bundl.recruitee.com/api/offers/"
recruitee,bunkerdb,6,https://bunkerdb.recruitee.com/,"https://bunkerdb.recruitee.com/api/offers/"
recruitee,burgbedrijven,6,https://burgbedrijven.recruitee.com/,"https://burgbedrijven.recruitee.com/api/offers/"
recruitee,bwkduisburggmbh,6,https://bwkduisburggmbh.recruitee.com/,"https://bwkduisburggmbh.recruitee.com/api/offers/"
recruitee,celebratecompany,6,https://celebratecompany.recruitee.com/,"https://celebratecompany.recruitee.com/api/offers/"
recruitee,certus,6,https://certus.recruitee.com/,"https://certus.recruitee.com/api/offers/"
recruitee,certuss,6,https://certuss.recruitee.com/,"https://certuss.recruitee.com/api/offers/"
recruitee,circetschweizag,6,https://circetschweizag.recruitee.com/,"https://circetschweizag.recruitee.com/api/offers/"
recruitee,citizenlab,6,https://citizenlab.recruitee.com/,"https://citizenlab.recruitee.com/api/offers/"
recruitee,clockworks,6,https://clockworks.recruitee.com/,"https://clockworks.recruitee.com/api/offers/"
recruitee,conpearl,6,https://conpearl.recruitee.com/,"https://conpearl.recruitee.com/api/offers/"
recruitee,convotis,6,https://convotis.recruitee.com/,"https://convotis.recruitee.com/api/offers/"
recruitee,corebackbone,6,https://corebackbone.recruitee.com/,"https://corebackbone.recruitee.com/api/offers/"
recruitee,corebackbonegmbh1,6,https://corebackbonegmbh1.recruitee.com/,"https://corebackbonegmbh1.recruitee.com/api/offers/"
recruitee,corex,6,https://corex.recruitee.com/,"https://corex.recruitee.com/api/offers/"
recruitee,ctscompositetechnologiesystemegmbh,6,https://ctscompositetechnologiesystemegmbh.recruitee.com/,"https://ctscompositetechnologiesystemegmbh.recruitee.com/api/offers/"
recruitee,cycle,6,https://cycle.recruitee.com/,"https://cycle.recruitee.com/api/offers/"
recruitee,debthammer,6,https://debthammer.recruitee.com/,"https://debthammer.recruitee.com/api/offers/"
recruitee,degustabox,6,https://degustabox.recruitee.com/,"https://degustabox.recruitee.com/api/offers/"
recruitee,demoupcliplister,6,https://demoupcliplister.recruitee.com/,"https://demoupcliplister.recruitee.com/api/offers/"
recruitee,doccheckgroup,6,https://doccheckgroup.recruitee.com/,"https://doccheckgroup.recruitee.com/api/offers/"
recruitee,droppie,6,https://droppie.recruitee.com/,"https://droppie.recruitee.com/api/offers/"
recruitee,energy21,6,https://energy21.recruitee.com/,"https://energy21.recruitee.com/api/offers/"
recruitee,eneve,6,https://eneve.recruitee.com/,"https://eneve.recruitee.com/api/offers/"
recruitee,enjoygaming,6,https://enjoygaming.recruitee.com/,"https://enjoygaming.recruitee.com/api/offers/"
recruitee,equalsmoney,6,https://equalsmoney.recruitee.com/,"https://equalsmoney.recruitee.com/api/offers/"
recruitee,eternalsungroupbv,6,https://eternalsungroupbv.recruitee.com/,"https://eternalsungroupbv.recruitee.com/api/offers/"
recruitee,europizzaproducts,6,https://europizzaproducts.recruitee.com/,"https://europizzaproducts.recruitee.com/api/offers/"
recruitee,exelab,6,https://exelab.recruitee.com/,"https://exelab.recruitee.com/api/offers/"
recruitee,fastems,6,https://fastems.recruitee.com/,"https://fastems.recruitee.com/api/offers/"
recruitee,fibrorundtischegmbh,6,https://fibrorundtischegmbh.recruitee.com/,"https://fibrorundtischegmbh.recruitee.com/api/offers/"
recruitee,focusentertainment,6,https://focusentertainment.recruitee.com/,"https://focusentertainment.recruitee.com/api/offers/"
recruitee,focushomeinteractive,6,https://focushomeinteractive.recruitee.com/,"https://focushomeinteractive.recruitee.com/api/offers/"
recruitee,foxelligroup,6,https://foxelligroup.recruitee.com/,"https://foxelligroup.recruitee.com/api/offers/"
recruitee,fuldwerk,6,https://fuldwerk.recruitee.com/,"https://fuldwerk.recruitee.com/api/offers/"
recruitee,gemeenteachtkarspelen,6,https://gemeenteachtkarspelen.recruitee.com/,"https://gemeenteachtkarspelen.recruitee.com/api/offers/"
recruitee,germanzeroev,6,https://germanzeroev.recruitee.com/,"https://germanzeroev.recruitee.com/api/offers/"
recruitee,gigastorage,6,https://gigastorage.recruitee.com/,"https://gigastorage.recruitee.com/api/offers/"
recruitee,govocal,6,https://govocal.recruitee.com/,"https://govocal.recruitee.com/api/offers/"
recruitee,gracechurch,6,https://gracechurch.recruitee.com/,"https://gracechurch.recruitee.com/api/offers/"
recruitee,heilindelectronicseurope,6,https://heilindelectronicseurope.recruitee.com/,"https://heilindelectronicseurope.recruitee.com/api/offers/"
recruitee,heim,6,https://heim.recruitee.com/,"https://heim.recruitee.com/api/offers/"
recruitee,homodea,6,https://homodea.recruitee.com/,"https://homodea.recruitee.com/api/offers/"
recruitee,hotelgent,6,https://hotelgent.recruitee.com/,"https://hotelgent.recruitee.com/api/offers/"
recruitee,hotelsteinurmond,6,https://hotelsteinurmond.recruitee.com/,"https://hotelsteinurmond.recruitee.com/api/offers/"
recruitee,hoteltexel,6,https://hoteltexel.recruitee.com/,"https://hoteltexel.recruitee.com/api/offers/"
recruitee,hotelveenendaal,6,https://hotelveenendaal.recruitee.com/,"https://hotelveenendaal.recruitee.com/api/offers/"
recruitee,hrspecialist,6,https://hrspecialist.recruitee.com/,"https://hrspecialist.recruitee.com/api/offers/"
recruitee,hydriveengineeringgmbh,6,https://hydriveengineeringgmbh.recruitee.com/,"https://hydriveengineeringgmbh.recruitee.com/api/offers/"
recruitee,impactbrands,6,https://impactbrands.recruitee.com/,"https://impactbrands.recruitee.com/api/offers/"
recruitee,interdambv,6,https://interdambv.recruitee.com/,"https://interdambv.recruitee.com/api/offers/"
recruitee,irisvanherpen,6,https://irisvanherpen.recruitee.com/,"https://irisvanherpen.recruitee.com/api/offers/"
recruitee,jcdecauxnederland,6,https://jcdecauxnederland.recruitee.com/,"https://jcdecauxnederland.recruitee.com/api/offers/"
recruitee,johnhowardsocietyofokanagankootenay,6,https://johnhowardsocietyofokanagankootenay.recruitee.com/,"https://johnhowardsocietyofokanagankootenay.recruitee.com/api/offers/"
recruitee,johogroup,6,https://johogroup.recruitee.com/,"https://johogroup.recruitee.com/api/offers/"
recruitee,juvisepharmaceuticals,6,https://juvisepharmaceuticals.recruitee.com/,"https://juvisepharmaceuticals.recruitee.com/api/offers/"
recruitee,karriereteachingsocials,6,https://karriereteachingsocials.recruitee.com/,"https://karriereteachingsocials.recruitee.com/api/offers/"
recruitee,kompassgroup,6,https://kompassgroup.recruitee.com/,"https://kompassgroup.recruitee.com/api/offers/"
recruitee,kompassgruppe,6,https://kompassgruppe.recruitee.com/,"https://kompassgruppe.recruitee.com/api/offers/"
recruitee,leydenjar,6,https://leydenjar.recruitee.com/,"https://leydenjar.recruitee.com/api/offers/"
recruitee,loftfilm,6,https://loftfilm.recruitee.com/,"https://loftfilm.recruitee.com/api/offers/"
recruitee,manhattanspecialtycare,6,https://manhattanspecialtycare.recruitee.com/,"https://manhattanspecialtycare.recruitee.com/api/offers/"
recruitee,manrolandgoss,6,https://manrolandgoss.recruitee.com/,"https://manrolandgoss.recruitee.com/api/offers/"
recruitee,melitaltd,6,https://melitaltd.recruitee.com/,"https://melitaltd.recruitee.com/api/offers/"
recruitee,mobipium,6,https://mobipium.recruitee.com/,"https://mobipium.recruitee.com/api/offers/"
recruitee,mobipium2,6,https://mobipium2.recruitee.com/,"https://mobipium2.recruitee.com/api/offers/"
recruitee,msf,6,https://msf.recruitee.com/,"https://msf.recruitee.com/api/offers/"
recruitee,mstgroep,6,https://mstgroep.recruitee.com/,"https://mstgroep.recruitee.com/api/offers/"
recruitee,mstudio,6,https://mstudio.recruitee.com/,"https://mstudio.recruitee.com/api/offers/"
recruitee,newpharmagroup,6,https://newpharmagroup.recruitee.com/,"https://newpharmagroup.recruitee.com/api/offers/"
recruitee,nmbrs,6,https://nmbrs.recruitee.com/,"https://nmbrs.recruitee.com/api/offers/"
recruitee,nussbaumer,6,https://nussbaumer.recruitee.com/,"https://nussbaumer.recruitee.com/api/offers/"
recruitee,nypfranchise,6,https://nypfranchise.recruitee.com/,"https://nypfranchise.recruitee.com/api/offers/"
recruitee,ockto,6,https://ockto.recruitee.com/,"https://ockto.recruitee.com/api/offers/"
recruitee,opennl,6,https://opennl.recruitee.com/,"https://opennl.recruitee.com/api/offers/"
recruitee,openvpn,6,https://openvpn.recruitee.com/,"https://openvpn.recruitee.com/api/offers/"
recruitee,orangeworks,6,https://orangeworks.recruitee.com/,"https://orangeworks.recruitee.com/api/offers/"
recruitee,panoramaresortspa,6,https://panoramaresortspa.recruitee.com/,"https://panoramaresortspa.recruitee.com/api/offers/"
recruitee,paragongermany,6,https://paragongermany.recruitee.com/,"https://paragongermany.recruitee.com/api/offers/"
recruitee,parfumado,6,https://parfumado.recruitee.com/,"https://parfumado.recruitee.com/api/offers/"
recruitee,partof,6,https://partof.recruitee.com/,"https://partof.recruitee.com/api/offers/"
recruitee,plenetude,6,https://plenetude.recruitee.com/,"https://plenetude.recruitee.com/api/offers/"
recruitee,pluecker,6,https://pluecker.recruitee.com/,"https://pluecker.recruitee.com/api/offers/"
recruitee,propertyone,6,https://propertyone.recruitee.com/,"https://propertyone.recruitee.com/api/offers/"
recruitee,puhlgmbhcokg,6,https://puhlgmbhcokg.recruitee.com/,"https://puhlgmbhcokg.recruitee.com/api/offers/"
recruitee,qts,6,https://qts.recruitee.com/,"https://qts.recruitee.com/api/offers/"
recruitee,riedmair,6,https://riedmair.recruitee.com/,"https://riedmair.recruitee.com/api/offers/"
recruitee,rift,6,https://rift.recruitee.com/,"https://rift.recruitee.com/api/offers/"
recruitee,sahl,6,https://sahl.recruitee.com/,"https://sahl.recruitee.com/api/offers/"
recruitee,schmittkanzlei,6,https://schmittkanzlei.recruitee.com/,"https://schmittkanzlei.recruitee.com/api/offers/"
recruitee,sportschuledorsten,6,https://sportschuledorsten.recruitee.com/,"https://sportschuledorsten.recruitee.com/api/offers/"
recruitee,stilwelten,6,https://stilwelten.recruitee.com/,"https://stilwelten.recruitee.com/api/offers/"
recruitee,strictbv,6,https://strictbv.recruitee.com/,"https://strictbv.recruitee.com/api/offers/"
recruitee,sunrock,6,https://sunrock.recruitee.com/,"https://sunrock.recruitee.com/api/offers/"
recruitee,suttons,6,https://suttons.recruitee.com/,"https://suttons.recruitee.com/api/offers/"
recruitee,swabianinstruments,6,https://swabianinstruments.recruitee.com/,"https://swabianinstruments.recruitee.com/api/offers/"
recruitee,tdfitnessperformance,6,https://tdfitnessperformance.recruitee.com/,"https://tdfitnessperformance.recruitee.com/api/offers/"
recruitee,theconsultusinternationalgroup,6,https://theconsultusinternationalgroup.recruitee.com/,"https://theconsultusinternationalgroup.recruitee.com/api/offers/"
recruitee,tiugotech,6,https://tiugotech.recruitee.com/,"https://tiugotech.recruitee.com/api/offers/"
recruitee,triffterer,6,https://triffterer.recruitee.com/,"https://triffterer.recruitee.com/api/offers/"
recruitee,twipe,6,https://twipe.recruitee.com/,"https://twipe.recruitee.com/api/offers/"
recruitee,ubuntusport,6,https://ubuntusport.recruitee.com/,"https://ubuntusport.recruitee.com/api/offers/"
recruitee,vacaturesapb,6,https://vacaturesapb.recruitee.com/,"https://vacaturesapb.recruitee.com/api/offers/"
recruitee,valanticbe,6,https://valanticbe.recruitee.com/,"https://valanticbe.recruitee.com/api/offers/"
recruitee,valsight,6,https://valsight.recruitee.com/,"https://valsight.recruitee.com/api/offers/"
recruitee,vanbeestbv,6,https://vanbeestbv.recruitee.com/,"https://vanbeestbv.recruitee.com/api/offers/"
recruitee,vitestro,6,https://vitestro.recruitee.com/,"https://vitestro.recruitee.com/api/offers/"
recruitee,vlyfoods,6,https://vlyfoods.recruitee.com/,"https://vlyfoods.recruitee.com/api/offers/"
recruitee,vpteam,6,https://vpteam.recruitee.com/,"https://vpteam.recruitee.com/api/offers/"
recruitee,wallramgroup,6,https://wallramgroup.recruitee.com/,"https://wallramgroup.recruitee.com/api/offers/"
recruitee,wallramwerkzeugtechnikgmbh,6,https://wallramwerkzeugtechnikgmbh.recruitee.com/,"https://wallramwerkzeugtechnikgmbh.recruitee.com/api/offers/"
recruitee,wandelwerker,6,https://wandelwerker.recruitee.com/,"https://wandelwerker.recruitee.com/api/offers/"
recruitee,werkenbijbluecurrent,6,https://werkenbijbluecurrent.recruitee.com/,"https://werkenbijbluecurrent.recruitee.com/api/offers/"
recruitee,werkenbijdebeyart,6,https://werkenbijdebeyart.recruitee.com/,"https://werkenbijdebeyart.recruitee.com/api/offers/"
recruitee,werkenbijflagshipamsterdam,6,https://werkenbijflagshipamsterdam.recruitee.com/,"https://werkenbijflagshipamsterdam.recruitee.com/api/offers/"
recruitee,werkenbijvanwanrooij,6,https://werkenbijvanwanrooij.recruitee.com/,"https://werkenbijvanwanrooij.recruitee.com/api/offers/"
recruitee,whoon,6,https://whoon.recruitee.com/,"https://whoon.recruitee.com/api/offers/"
recruitee,woonzorgnederland,6,https://woonzorgnederland.recruitee.com/,"https://woonzorgnederland.recruitee.com/api/offers/"
recruitee,workingthedots,6,https://workingthedots.recruitee.com/,"https://workingthedots.recruitee.com/api/offers/"
recruitee,yellowcircle,6,https://yellowcircle.recruitee.com/,"https://yellowcircle.recruitee.com/api/offers/"
recruitee,11bitstudios,5,https://11bitstudios.recruitee.com/,"https://11bitstudios.recruitee.com/api/offers/"
recruitee,abfgroup,5,https://abfgroup.recruitee.com/,"https://abfgroup.recruitee.com/api/offers/"
recruitee,ace,5,https://ace.recruitee.com/,"https://ace.recruitee.com/api/offers/"
recruitee,acsl,5,https://acsl.recruitee.com/,"https://acsl.recruitee.com/api/offers/"
recruitee,adeleexpressfr,5,https://adeleexpressfr.recruitee.com/,"https://adeleexpressfr.recruitee.com/api/offers/"
recruitee,adelesurdemande,5,https://adelesurdemande.recruitee.com/,"https://adelesurdemande.recruitee.com/api/offers/"
recruitee,adstronauts,5,https://adstronauts.recruitee.com/,"https://adstronauts.recruitee.com/api/offers/"
recruitee,afsenergy,5,https://afsenergy.recruitee.com/,"https://afsenergy.recruitee.com/api/offers/"
recruitee,afsgroup,5,https://afsgroup.recruitee.com/,"https://afsgroup.recruitee.com/api/offers/"
recruitee,agiledss,5,https://agiledss.recruitee.com/,"https://agiledss.recruitee.com/api/offers/"
recruitee,andmore,5,https://andmore.recruitee.com/,"https://andmore.recruitee.com/api/offers/"
recruitee,antenno,5,https://antenno.recruitee.com/,"https://antenno.recruitee.com/api/offers/"
recruitee,antire,5,https://antire.recruitee.com/,"https://antire.recruitee.com/api/offers/"
recruitee,apcorp,5,https://apcorp.recruitee.com/,"https://apcorp.recruitee.com/api/offers/"
recruitee,apptweak,5,https://apptweak.recruitee.com/,"https://apptweak.recruitee.com/api/offers/"
recruitee,artifactsa,5,https://artifactsa.recruitee.com/,"https://artifactsa.recruitee.com/api/offers/"
recruitee,autohausduennes,5,https://autohausduennes.recruitee.com/,"https://autohausduennes.recruitee.com/api/offers/"
recruitee,baeckereiburger,5,https://baeckereiburger.recruitee.com/,"https://baeckereiburger.recruitee.com/api/offers/"
recruitee,baeckertrunk,5,https://baeckertrunk.recruitee.com/,"https://baeckertrunk.recruitee.com/api/offers/"
recruitee,balchem,5,https://balchem.recruitee.com/,"https://balchem.recruitee.com/api/offers/"
recruitee,barrickgoldcorporation,5,https://barrickgoldcorporation.recruitee.com/,"https://barrickgoldcorporation.recruitee.com/api/offers/"
recruitee,beinguser,5,https://beinguser.recruitee.com/,"https://beinguser.recruitee.com/api/offers/"
recruitee,benslips,5,https://benslips.recruitee.com/,"https://benslips.recruitee.com/api/offers/"
recruitee,bergerspartner,5,https://bergerspartner.recruitee.com/,"https://bergerspartner.recruitee.com/api/offers/"
recruitee,bergtoys,5,https://bergtoys.recruitee.com/,"https://bergtoys.recruitee.com/api/offers/"
recruitee,berlinmetropolitanschool,5,https://berlinmetropolitanschool.recruitee.com/,"https://berlinmetropolitanschool.recruitee.com/api/offers/"
recruitee,bespokebritannia,5,https://bespokebritannia.recruitee.com/,"https://bespokebritannia.recruitee.com/api/offers/"
recruitee,bevametal,5,https://bevametal.recruitee.com/,"https://bevametal.recruitee.com/api/offers/"
recruitee,bghaccountants,5,https://bghaccountants.recruitee.com/,"https://bghaccountants.recruitee.com/api/offers/"
recruitee,bloem,5,https://bloem.recruitee.com/,"https://bloem.recruitee.com/api/offers/"
recruitee,bodymasters,5,https://bodymasters.recruitee.com/,"https://bodymasters.recruitee.com/api/offers/"
recruitee,brpsteuerberatung,5,https://brpsteuerberatung.recruitee.com/,"https://brpsteuerberatung.recruitee.com/api/offers/"
recruitee,brpsteuernrecht,5,https://brpsteuernrecht.recruitee.com/,"https://brpsteuernrecht.recruitee.com/api/offers/"
recruitee,bruggindustrysolutionsgmbh1,5,https://bruggindustrysolutionsgmbh1.recruitee.com/,"https://bruggindustrysolutionsgmbh1.recruitee.com/api/offers/"
recruitee,btiimmobiliengmbh,5,https://btiimmobiliengmbh.recruitee.com/,"https://btiimmobiliengmbh.recruitee.com/api/offers/"
recruitee,churchdesk,5,https://churchdesk.recruitee.com/,"https://churchdesk.recruitee.com/api/offers/"
recruitee,cleverit,5,https://cleverit.recruitee.com/,"https://cleverit.recruitee.com/api/offers/"
recruitee,comtest,5,https://comtest.recruitee.com/,"https://comtest.recruitee.com/api/offers/"
recruitee,conformanv,5,https://conformanv.recruitee.com/,"https://conformanv.recruitee.com/api/offers/"
recruitee,consulting1x1,5,https://consulting1x1.recruitee.com/,"https://consulting1x1.recruitee.com/api/offers/"
recruitee,cortexreply,5,https://cortexreply.recruitee.com/,"https://cortexreply.recruitee.com/api/offers/"
recruitee,cpasdewoluwesaintlambert,5,https://cpasdewoluwesaintlambert.recruitee.com/,"https://cpasdewoluwesaintlambert.recruitee.com/api/offers/"
recruitee,dailysales,5,https://dailysales.recruitee.com/,"https://dailysales.recruitee.com/api/offers/"
recruitee,dekdeutscheextraktkaffeegmbh,5,https://dekdeutscheextraktkaffeegmbh.recruitee.com/,"https://dekdeutscheextraktkaffeegmbh.recruitee.com/api/offers/"
recruitee,desapflegeeinrichtungengmbh,5,https://desapflegeeinrichtungengmbh.recruitee.com/,"https://desapflegeeinrichtungengmbh.recruitee.com/api/offers/"
recruitee,digitalpayrollservices,5,https://digitalpayrollservices.recruitee.com/,"https://digitalpayrollservices.recruitee.com/api/offers/"
recruitee,dle,5,https://dle.recruitee.com/,"https://dle.recruitee.com/api/offers/"
recruitee,domusvita,5,https://domusvita.recruitee.com/,"https://domusvita.recruitee.com/api/offers/"
recruitee,donna,5,https://donna.recruitee.com/,"https://donna.recruitee.com/api/offers/"
recruitee,drahtkrippnergmbh,5,https://drahtkrippnergmbh.recruitee.com/,"https://drahtkrippnergmbh.recruitee.com/api/offers/"
recruitee,dwf,5,https://dwf.recruitee.com/,"https://dwf.recruitee.com/api/offers/"
recruitee,easelogistics,5,https://easelogistics.recruitee.com/,"https://easelogistics.recruitee.com/api/offers/"
recruitee,eichholtz,5,https://eichholtz.recruitee.com/,"https://eichholtz.recruitee.com/api/offers/"
recruitee,elan,5,https://elan.recruitee.com/,"https://elan.recruitee.com/api/offers/"
recruitee,electro80,5,https://electro80.recruitee.com/,"https://electro80.recruitee.com/api/offers/"
recruitee,emrunternehmensberatung,5,https://emrunternehmensberatung.recruitee.com/,"https://emrunternehmensberatung.recruitee.com/api/offers/"
recruitee,enersee,5,https://enersee.recruitee.com/,"https://enersee.recruitee.com/api/offers/"
recruitee,epicfusion,5,https://epicfusion.recruitee.com/,"https://epicfusion.recruitee.com/api/offers/"
recruitee,eraneosiberia,5,https://eraneosiberia.recruitee.com/,"https://eraneosiberia.recruitee.com/api/offers/"
recruitee,eskandary,5,https://eskandary.recruitee.com/,"https://eskandary.recruitee.com/api/offers/"
recruitee,fabianbuenker,5,https://fabianbuenker.recruitee.com/,"https://fabianbuenker.recruitee.com/api/offers/"
recruitee,fermedelamotte,5,https://fermedelamotte.recruitee.com/,"https://fermedelamotte.recruitee.com/api/offers/"
recruitee,fiedler,5,https://fiedler.recruitee.com/,"https://fiedler.recruitee.com/api/offers/"
recruitee,filmlagune,5,https://filmlagune.recruitee.com/,"https://filmlagune.recruitee.com/api/offers/"
recruitee,friedrichpicardgmbhcokg,5,https://friedrichpicardgmbhcokg.recruitee.com/,"https://friedrichpicardgmbhcokg.recruitee.com/api/offers/"
recruitee,fumo,5,https://fumo.recruitee.com/,"https://fumo.recruitee.com/api/offers/"
recruitee,gemusehandelhaggegmbh,5,https://gemusehandelhaggegmbh.recruitee.com/,"https://gemusehandelhaggegmbh.recruitee.com/api/offers/"
recruitee,gogoprint,5,https://gogoprint.recruitee.com/,"https://gogoprint.recruitee.com/api/offers/"
recruitee,golmedgmbh,5,https://golmedgmbh.recruitee.com/,"https://golmedgmbh.recruitee.com/api/offers/"
recruitee,gong,5,https://gong.recruitee.com/,"https://gong.recruitee.com/api/offers/"
recruitee,gpbullhound,5,https://gpbullhound.recruitee.com/,"https://gpbullhound.recruitee.com/api/offers/"
recruitee,gpvgermany,5,https://gpvgermany.recruitee.com/,"https://gpvgermany.recruitee.com/api/offers/"
recruitee,guarana,5,https://guarana.recruitee.com/,"https://guarana.recruitee.com/api/offers/"
recruitee,hamburgcare,5,https://hamburgcare.recruitee.com/,"https://hamburgcare.recruitee.com/api/offers/"
recruitee,helloprint,5,https://helloprint.recruitee.com/,"https://helloprint.recruitee.com/api/offers/"
recruitee,heydayfm,5,https://heydayfm.recruitee.com/,"https://heydayfm.recruitee.com/api/offers/"
recruitee,hhsalesconsultinggmbhgermany,5,https://hhsalesconsultinggmbhgermany.recruitee.com/,"https://hhsalesconsultinggmbhgermany.recruitee.com/api/offers/"
recruitee,hike2,5,https://hike2.recruitee.com/,"https://hike2.recruitee.com/api/offers/"
recruitee,hittechmultin,5,https://hittechmultin.recruitee.com/,"https://hittechmultin.recruitee.com/api/offers/"
recruitee,hoffmannproductions,5,https://hoffmannproductions.recruitee.com/,"https://hoffmannproductions.recruitee.com/api/offers/"
recruitee,hotelgorinchema27,5,https://hotelgorinchema27.recruitee.com/,"https://hotelgorinchema27.recruitee.com/api/offers/"
recruitee,hotelnazareth,5,https://hotelnazareth.recruitee.com/,"https://hotelnazareth.recruitee.com/api/offers/"
recruitee,hotelvught,5,https://hotelvught.recruitee.com/,"https://hotelvught.recruitee.com/api/offers/"
recruitee,ias,5,https://ias.recruitee.com/,"https://ias.recruitee.com/api/offers/"
recruitee,icuitservices,5,https://icuitservices.recruitee.com/,"https://icuitservices.recruitee.com/api/offers/"
recruitee,impactkravmaga,5,https://impactkravmaga.recruitee.com/,"https://impactkravmaga.recruitee.com/api/offers/"
recruitee,inconed,5,https://inconed.recruitee.com/,"https://inconed.recruitee.com/api/offers/"
recruitee,ineg,5,https://ineg.recruitee.com/,"https://ineg.recruitee.com/api/offers/"
recruitee,inepro,5,https://inepro.recruitee.com/,"https://inepro.recruitee.com/api/offers/"
recruitee,insanitygroup,5,https://insanitygroup.recruitee.com/,"https://insanitygroup.recruitee.com/api/offers/"
recruitee,intelic,5,https://intelic.recruitee.com/,"https://intelic.recruitee.com/api/offers/"
recruitee,intersnackgroupgmbhcokg,5,https://intersnackgroupgmbhcokg.recruitee.com/,"https://intersnackgroupgmbhcokg.recruitee.com/api/offers/"
recruitee,investnl,5,https://investnl.recruitee.com/,"https://investnl.recruitee.com/api/offers/"
recruitee,isken,5,https://isken.recruitee.com/,"https://isken.recruitee.com/api/offers/"
recruitee,kaizo,5,https://kaizo.recruitee.com/,"https://kaizo.recruitee.com/api/offers/"
recruitee,kallebaecker,5,https://kallebaecker.recruitee.com/,"https://kallebaecker.recruitee.com/api/offers/"
recruitee,kampfsportgmbh,5,https://kampfsportgmbh.recruitee.com/,"https://kampfsportgmbh.recruitee.com/api/offers/"
recruitee,karaktertraprenovaties,5,https://karaktertraprenovaties.recruitee.com/,"https://karaktertraprenovaties.recruitee.com/api/offers/"
recruitee,karriereblaugold,5,https://karriereblaugold.recruitee.com/,"https://karriereblaugold.recruitee.com/api/offers/"
recruitee,kesslerhirsch,5,https://kesslerhirsch.recruitee.com/,"https://kesslerhirsch.recruitee.com/api/offers/"
recruitee,kimplusdelta,5,https://kimplusdelta.recruitee.com/,"https://kimplusdelta.recruitee.com/api/offers/"
recruitee,knuddels,5,https://knuddels.recruitee.com/,"https://knuddels.recruitee.com/api/offers/"
recruitee,koninklijktheatercarre,5,https://koninklijktheatercarre.recruitee.com/,"https://koninklijktheatercarre.recruitee.com/api/offers/"
recruitee,korton,5,https://korton.recruitee.com/,"https://korton.recruitee.com/api/offers/"
recruitee,kraamzorgvda,5,https://kraamzorgvda.recruitee.com/,"https://kraamzorgvda.recruitee.com/api/offers/"
recruitee,kybunjoyaretail,5,https://kybunjoyaretail.recruitee.com/,"https://kybunjoyaretail.recruitee.com/api/offers/"
recruitee,l3ggroupe,5,https://l3ggroupe.recruitee.com/,"https://l3ggroupe.recruitee.com/api/offers/"
recruitee,lassnerkarriere,5,https://lassnerkarriere.recruitee.com/,"https://lassnerkarriere.recruitee.com/api/offers/"
recruitee,laveste,5,https://laveste.recruitee.com/,"https://laveste.recruitee.com/api/offers/"
recruitee,legionelladossierjobs,5,https://legionelladossierjobs.recruitee.com/,"https://legionelladossierjobs.recruitee.com/api/offers/"
recruitee,liebscherbracht,5,https://liebscherbracht.recruitee.com/,"https://liebscherbracht.recruitee.com/api/offers/"
recruitee,lookup,5,https://lookup.recruitee.com/,"https://lookup.recruitee.com/api/offers/"
recruitee,m1,5,https://m1.recruitee.com/,"https://m1.recruitee.com/api/offers/"
recruitee,madebytalents,5,https://madebytalents.recruitee.com/,"https://madebytalents.recruitee.com/api/offers/"
recruitee,manikonailsgmbh,5,https://manikonailsgmbh.recruitee.com/,"https://manikonailsgmbh.recruitee.com/api/offers/"
recruitee,marvu,5,https://marvu.recruitee.com/,"https://marvu.recruitee.com/api/offers/"
recruitee,mec,5,https://mec.recruitee.com/,"https://mec.recruitee.com/api/offers/"
recruitee,medialo,5,https://medialo.recruitee.com/,"https://medialo.recruitee.com/api/offers/"
recruitee,meliorate,5,https://meliorate.recruitee.com/,"https://meliorate.recruitee.com/api/offers/"
recruitee,meliorategmbh1,5,https://meliorategmbh1.recruitee.com/,"https://meliorategmbh1.recruitee.com/api/offers/"
recruitee,metamundo,5,https://metamundo.recruitee.com/,"https://metamundo.recruitee.com/api/offers/"
recruitee,miaplatform,5,https://miaplatform.recruitee.com/,"https://miaplatform.recruitee.com/api/offers/"
recruitee,miladeus,5,https://miladeus.recruitee.com/,"https://miladeus.recruitee.com/api/offers/"
recruitee,mimiruth,5,https://mimiruth.recruitee.com/,"https://mimiruth.recruitee.com/api/offers/"
recruitee,missionmitglieder,5,https://missionmitglieder.recruitee.com/,"https://missionmitglieder.recruitee.com/api/offers/"
recruitee,momentumdata,5,https://momentumdata.recruitee.com/,"https://momentumdata.recruitee.com/api/offers/"
recruitee,monizze,5,https://monizze.recruitee.com/,"https://monizze.recruitee.com/api/offers/"
recruitee,muellerprien,5,https://muellerprien.recruitee.com/,"https://muellerprien.recruitee.com/api/offers/"
recruitee,muellerundkollegen,5,https://muellerundkollegen.recruitee.com/,"https://muellerundkollegen.recruitee.com/api/offers/"
recruitee,mycashcollector,5,https://mycashcollector.recruitee.com/,"https://mycashcollector.recruitee.com/api/offers/"
recruitee,natilik,5,https://natilik.recruitee.com/,"https://natilik.recruitee.com/api/offers/"
recruitee,nemenergy,5,https://nemenergy.recruitee.com/,"https://nemenergy.recruitee.com/api/offers/"
recruitee,neoday,5,https://neoday.recruitee.com/,"https://neoday.recruitee.com/api/offers/"
recruitee,newelec,5,https://newelec.recruitee.com/,"https://newelec.recruitee.com/api/offers/"
recruitee,nexioprojects1,5,https://nexioprojects1.recruitee.com/,"https://nexioprojects1.recruitee.com/api/offers/"
recruitee,ntm,5,https://ntm.recruitee.com/,"https://ntm.recruitee.com/api/offers/"
recruitee,nvb,5,https://nvb.recruitee.com/,"https://nvb.recruitee.com/api/offers/"
recruitee,nvm,5,https://nvm.recruitee.com/,"https://nvm.recruitee.com/api/offers/"
recruitee,nxfiltration,5,https://nxfiltration.recruitee.com/,"https://nxfiltration.recruitee.com/api/offers/"
recruitee,oneventproductionco,5,https://oneventproductionco.recruitee.com/,"https://oneventproductionco.recruitee.com/api/offers/"
recruitee,pag,5,https://pag.recruitee.com/,"https://pag.recruitee.com/api/offers/"
recruitee,peddler,5,https://peddler.recruitee.com/,"https://peddler.recruitee.com/api/offers/"
recruitee,pevo,5,https://pevo.recruitee.com/,"https://pevo.recruitee.com/api/offers/"
recruitee,picard,5,https://picard.recruitee.com/,"https://picard.recruitee.com/api/offers/"
recruitee,pizzabeppe,5,https://pizzabeppe.recruitee.com/,"https://pizzabeppe.recruitee.com/api/offers/"
recruitee,planeground,5,https://planeground.recruitee.com/,"https://planeground.recruitee.com/api/offers/"
recruitee,polytek,5,https://polytek.recruitee.com/,"https://polytek.recruitee.com/api/offers/"
recruitee,primomarine,5,https://primomarine.recruitee.com/,"https://primomarine.recruitee.com/api/offers/"
recruitee,pro4dynamixgmbh,5,https://pro4dynamixgmbh.recruitee.com/,"https://pro4dynamixgmbh.recruitee.com/api/offers/"
recruitee,protectdemocracy,5,https://protectdemocracy.recruitee.com/,"https://protectdemocracy.recruitee.com/api/offers/"
recruitee,protiviti,5,https://protiviti.recruitee.com/,"https://protiviti.recruitee.com/api/offers/"
recruitee,qfin,5,https://qfin.recruitee.com/,"https://qfin.recruitee.com/api/offers/"
recruitee,quatra,5,https://quatra.recruitee.com/,"https://quatra.recruitee.com/api/offers/"
recruitee,rdao,5,https://rdao.recruitee.com/,"https://rdao.recruitee.com/api/offers/"
recruitee,rebuy,5,https://rebuy.recruitee.com/,"https://rebuy.recruitee.com/api/offers/"
recruitee,recruitsa,5,https://recruitsa.recruitee.com/,"https://recruitsa.recruitee.com/api/offers/"
recruitee,regionaljetcenter,5,https://regionaljetcenter.recruitee.com/,"https://regionaljetcenter.recruitee.com/api/offers/"
recruitee,rmnolscherumweltservicegmbh,5,https://rmnolscherumweltservicegmbh.recruitee.com/,"https://rmnolscherumweltservicegmbh.recruitee.com/api/offers/"
recruitee,rocsys,5,https://rocsys.recruitee.com/,"https://rocsys.recruitee.com/api/offers/"
recruitee,rosval,5,https://rosval.recruitee.com/,"https://rosval.recruitee.com/api/offers/"
recruitee,rovcfreelance,5,https://rovcfreelance.recruitee.com/,"https://rovcfreelance.recruitee.com/api/offers/"
recruitee,royallemkes,5,https://royallemkes.recruitee.com/,"https://royallemkes.recruitee.com/api/offers/"
recruitee,scallent,5,https://scallent.recruitee.com/,"https://scallent.recruitee.com/api/offers/"
recruitee,schambeckgroup,5,https://schambeckgroup.recruitee.com/,"https://schambeckgroup.recruitee.com/api/offers/"
recruitee,scheunpflugwirpflegen,5,https://scheunpflugwirpflegen.recruitee.com/,"https://scheunpflugwirpflegen.recruitee.com/api/offers/"
recruitee,schneidermarketing,5,https://schneidermarketing.recruitee.com/,"https://schneidermarketing.recruitee.com/api/offers/"
recruitee,schweinertperters,5,https://schweinertperters.recruitee.com/,"https://schweinertperters.recruitee.com/api/offers/"
recruitee,schweinertpeters,5,https://schweinertpeters.recruitee.com/,"https://schweinertpeters.recruitee.com/api/offers/"
recruitee,scodelft,5,https://scodelft.recruitee.com/,"https://scodelft.recruitee.com/api/offers/"
recruitee,sereni,5,https://sereni.recruitee.com/,"https://sereni.recruitee.com/api/offers/"
recruitee,shippingtechnology,5,https://shippingtechnology.recruitee.com/,"https://shippingtechnology.recruitee.com/api/offers/"
recruitee,smskarriere,5,https://smskarriere.recruitee.com/,"https://smskarriere.recruitee.com/api/offers/"
recruitee,societycollege,5,https://societycollege.recruitee.com/,"https://societycollege.recruitee.com/api/offers/"
recruitee,softgames,5,https://softgames.recruitee.com/,"https://softgames.recruitee.com/api/offers/"
recruitee,soravia,5,https://soravia.recruitee.com/,"https://soravia.recruitee.com/api/offers/"
recruitee,sozialgruppekasselev,5,https://sozialgruppekasselev.recruitee.com/,"https://sozialgruppekasselev.recruitee.com/api/offers/"
recruitee,spletnik,5,https://spletnik.recruitee.com/,"https://spletnik.recruitee.com/api/offers/"
recruitee,sportparkgruppe,5,https://sportparkgruppe.recruitee.com/,"https://sportparkgruppe.recruitee.com/api/offers/"
recruitee,spotzer,5,https://spotzer.recruitee.com/,"https://spotzer.recruitee.com/api/offers/"
recruitee,spreadgroup,5,https://spreadgroup.recruitee.com/,"https://spreadgroup.recruitee.com/api/offers/"
recruitee,sqe,5,https://sqe.recruitee.com/,"https://sqe.recruitee.com/api/offers/"
recruitee,stacvalley,5,https://stacvalley.recruitee.com/,"https://stacvalley.recruitee.com/api/offers/"
recruitee,starr,5,https://starr.recruitee.com/,"https://starr.recruitee.com/api/offers/"
recruitee,sterlingfabricationtechnology,5,https://sterlingfabricationtechnology.recruitee.com/,"https://sterlingfabricationtechnology.recruitee.com/api/offers/"
recruitee,steudatsteuerberatungsgesellschaftmbh,5,https://steudatsteuerberatungsgesellschaftmbh.recruitee.com/,"https://steudatsteuerberatungsgesellschaftmbh.recruitee.com/api/offers/"
recruitee,studiodott,5,https://studiodott.recruitee.com/,"https://studiodott.recruitee.com/api/offers/"
recruitee,sureal,5,https://sureal.recruitee.com/,"https://sureal.recruitee.com/api/offers/"
recruitee,swordtech,5,https://swordtech.recruitee.com/,"https://swordtech.recruitee.com/api/offers/"
recruitee,teamfortheplanet1,5,https://teamfortheplanet1.recruitee.com/,"https://teamfortheplanet1.recruitee.com/api/offers/"
recruitee,thatworks,5,https://thatworks.recruitee.com/,"https://thatworks.recruitee.com/api/offers/"
recruitee,thecareercentrett,5,https://thecareercentrett.recruitee.com/,"https://thecareercentrett.recruitee.com/api/offers/"
recruitee,thecareersteam,5,https://thecareersteam.recruitee.com/,"https://thecareersteam.recruitee.com/api/offers/"
recruitee,thecrazyseller,5,https://thecrazyseller.recruitee.com/,"https://thecrazyseller.recruitee.com/api/offers/"
recruitee,thercon,5,https://thercon.recruitee.com/,"https://thercon.recruitee.com/api/offers/"
recruitee,thesalescentre,5,https://thesalescentre.recruitee.com/,"https://thesalescentre.recruitee.com/api/offers/"
recruitee,thiemt,5,https://thiemt.recruitee.com/,"https://thiemt.recruitee.com/api/offers/"
recruitee,thomasklitzkesteuerberater,5,https://thomasklitzkesteuerberater.recruitee.com/,"https://thomasklitzkesteuerberater.recruitee.com/api/offers/"
recruitee,thorensenergies,5,https://thorensenergies.recruitee.com/,"https://thorensenergies.recruitee.com/api/offers/"
recruitee,toepferart,5,https://toepferart.recruitee.com/,"https://toepferart.recruitee.com/api/offers/"
recruitee,transmission,5,https://transmission.recruitee.com/,"https://transmission.recruitee.com/api/offers/"
recruitee,tritilitylimited,5,https://tritilitylimited.recruitee.com/,"https://tritilitylimited.recruitee.com/api/offers/"
recruitee,tutordoctorfv,5,https://tutordoctorfv.recruitee.com/,"https://tutordoctorfv.recruitee.com/api/offers/"
recruitee,upside,5,https://upside.recruitee.com/,"https://upside.recruitee.com/api/offers/"
recruitee,variondgruppe,5,https://variondgruppe.recruitee.com/,"https://variondgruppe.recruitee.com/api/offers/"
recruitee,veloretti,5,https://veloretti.recruitee.com/,"https://veloretti.recruitee.com/api/offers/"
recruitee,verkaufspsychologie,5,https://verkaufspsychologie.recruitee.com/,"https://verkaufspsychologie.recruitee.com/api/offers/"
recruitee,vianenflowers,5,https://vianenflowers.recruitee.com/,"https://vianenflowers.recruitee.com/api/offers/"
recruitee,vincentiushausbadenbadenggmbh,5,https://vincentiushausbadenbadenggmbh.recruitee.com/,"https://vincentiushausbadenbadenggmbh.recruitee.com/api/offers/"
recruitee,wakuli,5,https://wakuli.recruitee.com/,"https://wakuli.recruitee.com/api/offers/"
recruitee,werkenbijsnijder,5,https://werkenbijsnijder.recruitee.com/,"https://werkenbijsnijder.recruitee.com/api/offers/"
recruitee,wernergiessler,5,https://wernergiessler.recruitee.com/,"https://wernergiessler.recruitee.com/api/offers/"
recruitee,wmreplyjobs,5,https://wmreplyjobs.recruitee.com/,"https://wmreplyjobs.recruitee.com/api/offers/"
recruitee,wordbank,5,https://wordbank.recruitee.com/,"https://wordbank.recruitee.com/api/offers/"
recruitee,wordbankllc,5,https://wordbankllc.recruitee.com/,"https://wordbankllc.recruitee.com/api/offers/"
recruitee,work4inventum,5,https://work4inventum.recruitee.com/,"https://work4inventum.recruitee.com/api/offers/"
recruitee,wtt,5,https://wtt.recruitee.com/,"https://wtt.recruitee.com/api/offers/"
recruitee,zerofriction,5,https://zerofriction.recruitee.com/,"https://zerofriction.recruitee.com/api/offers/"
recruitee,24loggmbh,4,https://24loggmbh.recruitee.com/,"https://24loggmbh.recruitee.com/api/offers/"
recruitee,aajt,4,https://aajt.recruitee.com/,"https://aajt.recruitee.com/api/offers/"
recruitee,aboutobjects,4,https://aboutobjects.recruitee.com/,"https://aboutobjects.recruitee.com/api/offers/"
recruitee,acomo,4,https://acomo.recruitee.com/,"https://acomo.recruitee.com/api/offers/"
recruitee,adarga,4,https://adarga.recruitee.com/,"https://adarga.recruitee.com/api/offers/"
recruitee,admindagency,4,https://admindagency.recruitee.com/,"https://admindagency.recruitee.com/api/offers/"
recruitee,aichingergastro,4,https://aichingergastro.recruitee.com/,"https://aichingergastro.recruitee.com/api/offers/"
recruitee,airworks,4,https://airworks.recruitee.com/,"https://airworks.recruitee.com/api/offers/"
recruitee,amcjobs,4,https://amcjobs.recruitee.com/,"https://amcjobs.recruitee.com/api/offers/"
recruitee,antadis,4,https://antadis.recruitee.com/,"https://antadis.recruitee.com/api/offers/"
recruitee,apexenergies,4,https://apexenergies.recruitee.com/,"https://apexenergies.recruitee.com/api/offers/"
recruitee,areitimanagement,4,https://areitimanagement.recruitee.com/,"https://areitimanagement.recruitee.com/api/offers/"
recruitee,arq,4,https://arq.recruitee.com/,"https://arq.recruitee.com/api/offers/"
recruitee,aumanngrunag,4,https://aumanngrunag.recruitee.com/,"https://aumanngrunag.recruitee.com/api/offers/"
recruitee,baeckereiwalter,4,https://baeckereiwalter.recruitee.com/,"https://baeckereiwalter.recruitee.com/api/offers/"
recruitee,bauersohnegmbhcokg,4,https://bauersohnegmbhcokg.recruitee.com/,"https://bauersohnegmbhcokg.recruitee.com/api/offers/"
recruitee,baxmetaal,4,https://baxmetaal.recruitee.com/,"https://baxmetaal.recruitee.com/api/offers/"
recruitee,beckerbetzinstitute,4,https://beckerbetzinstitute.recruitee.com/,"https://beckerbetzinstitute.recruitee.com/api/offers/"
recruitee,behfarchitects,4,https://behfarchitects.recruitee.com/,"https://behfarchitects.recruitee.com/api/offers/"
recruitee,billink,4,https://billink.recruitee.com/,"https://billink.recruitee.com/api/offers/"
recruitee,blitzblank,4,https://blitzblank.recruitee.com/,"https://blitzblank.recruitee.com/api/offers/"
recruitee,blooberteam,4,https://blooberteam.recruitee.com/,"https://blooberteam.recruitee.com/api/offers/"
recruitee,breople,4,https://breople.recruitee.com/,"https://breople.recruitee.com/api/offers/"
recruitee,bridgefund,4,https://bridgefund.recruitee.com/,"https://bridgefund.recruitee.com/api/offers/"
recruitee,brlriskconsulting,4,https://brlriskconsulting.recruitee.com/,"https://brlriskconsulting.recruitee.com/api/offers/"
recruitee,bsi,4,https://bsi.recruitee.com/,"https://bsi.recruitee.com/api/offers/"
recruitee,by433,4,https://by433.recruitee.com/,"https://by433.recruitee.com/api/offers/"
recruitee,car24gmbh,4,https://car24gmbh.recruitee.com/,"https://car24gmbh.recruitee.com/api/offers/"
recruitee,carlfriedrik,4,https://carlfriedrik.recruitee.com/,"https://carlfriedrik.recruitee.com/api/offers/"
recruitee,cartelligent,4,https://cartelligent.recruitee.com/,"https://cartelligent.recruitee.com/api/offers/"
recruitee,cerbaresearch,4,https://cerbaresearch.recruitee.com/,"https://cerbaresearch.recruitee.com/api/offers/"
recruitee,cerbaresearchnl,4,https://cerbaresearchnl.recruitee.com/,"https://cerbaresearchnl.recruitee.com/api/offers/"
recruitee,cloudbilling,4,https://cloudbilling.recruitee.com/,"https://cloudbilling.recruitee.com/api/offers/"
recruitee,confirmo,4,https://confirmo.recruitee.com/,"https://confirmo.recruitee.com/api/offers/"
recruitee,congreshotelliege,4,https://congreshotelliege.recruitee.com/,"https://congreshotelliege.recruitee.com/api/offers/"
recruitee,copasystemegmbhcokg,4,https://copasystemegmbhcokg.recruitee.com/,"https://copasystemegmbhcokg.recruitee.com/api/offers/"
recruitee,coverworks,4,https://coverworks.recruitee.com/,"https://coverworks.recruitee.com/api/offers/"
recruitee,crestadvanceddrycleaners,4,https://crestadvanceddrycleaners.recruitee.com/,"https://crestadvanceddrycleaners.recruitee.com/api/offers/"
recruitee,cruisechicago,4,https://cruisechicago.recruitee.com/,"https://cruisechicago.recruitee.com/api/offers/"
recruitee,cybermason,4,https://cybermason.recruitee.com/,"https://cybermason.recruitee.com/api/offers/"
recruitee,dailyinternship,4,https://dailyinternship.recruitee.com/,"https://dailyinternship.recruitee.com/api/offers/"
recruitee,dailyinternshipcareers,4,https://dailyinternshipcareers.recruitee.com/,"https://dailyinternshipcareers.recruitee.com/api/offers/"
recruitee,dats24,4,https://dats24.recruitee.com/,"https://dats24.recruitee.com/api/offers/"
recruitee,dcaviationgmbh,4,https://dcaviationgmbh.recruitee.com/,"https://dcaviationgmbh.recruitee.com/api/offers/"
recruitee,delfsteam,4,https://delfsteam.recruitee.com/,"https://delfsteam.recruitee.com/api/offers/"
recruitee,delfsundpartner,4,https://delfsundpartner.recruitee.com/,"https://delfsundpartner.recruitee.com/api/offers/"
recruitee,digitalminds1,4,https://digitalminds1.recruitee.com/,"https://digitalminds1.recruitee.com/api/offers/"
recruitee,dpi,4,https://dpi.recruitee.com/,"https://dpi.recruitee.com/api/offers/"
recruitee,driezestig,4,https://driezestig.recruitee.com/,"https://driezestig.recruitee.com/api/offers/"
recruitee,drivvn,4,https://drivvn.recruitee.com/,"https://drivvn.recruitee.com/api/offers/"
recruitee,dwkkurierdienstgmbh,4,https://dwkkurierdienstgmbh.recruitee.com/,"https://dwkkurierdienstgmbh.recruitee.com/api/offers/"
recruitee,easyconnectundkulturplanner,4,https://easyconnectundkulturplanner.recruitee.com/,"https://easyconnectundkulturplanner.recruitee.com/api/offers/"
recruitee,ecocert,4,https://ecocert.recruitee.com/,"https://ecocert.recruitee.com/api/offers/"
recruitee,ecomtrading,4,https://ecomtrading.recruitee.com/,"https://ecomtrading.recruitee.com/api/offers/"
recruitee,economicsecurityproject,4,https://economicsecurityproject.recruitee.com/,"https://economicsecurityproject.recruitee.com/api/offers/"
recruitee,ecorushome,4,https://ecorushome.recruitee.com/,"https://ecorushome.recruitee.com/api/offers/"
recruitee,effecty,4,https://effecty.recruitee.com/,"https://effecty.recruitee.com/api/offers/"
recruitee,egeria,4,https://egeria.recruitee.com/,"https://egeria.recruitee.com/api/offers/"
recruitee,elektrosupersaxoag,4,https://elektrosupersaxoag.recruitee.com/,"https://elektrosupersaxoag.recruitee.com/api/offers/"
recruitee,elmleigh,4,https://elmleigh.recruitee.com/,"https://elmleigh.recruitee.com/api/offers/"
recruitee,ethonai,4,https://ethonai.recruitee.com/,"https://ethonai.recruitee.com/api/offers/"
recruitee,ferillis,4,https://ferillis.recruitee.com/,"https://ferillis.recruitee.com/api/offers/"
recruitee,fhpsteuerberatungsgesellschaft,4,https://fhpsteuerberatungsgesellschaft.recruitee.com/,"https://fhpsteuerberatungsgesellschaft.recruitee.com/api/offers/"
recruitee,fineco,4,https://fineco.recruitee.com/,"https://fineco.recruitee.com/api/offers/"
recruitee,forcyd,4,https://forcyd.recruitee.com/,"https://forcyd.recruitee.com/api/offers/"
recruitee,formo,4,https://formo.recruitee.com/,"https://formo.recruitee.com/api/offers/"
recruitee,formofoodsgmbh,4,https://formofoodsgmbh.recruitee.com/,"https://formofoodsgmbh.recruitee.com/api/offers/"
recruitee,formzeuggmbhcokg,4,https://formzeuggmbhcokg.recruitee.com/,"https://formzeuggmbhcokg.recruitee.com/api/offers/"
recruitee,freeday,4,https://freeday.recruitee.com/,"https://freeday.recruitee.com/api/offers/"
recruitee,frisseblikken,4,https://frisseblikken.recruitee.com/,"https://frisseblikken.recruitee.com/api/offers/"
recruitee,frontierautoparts,4,https://frontierautoparts.recruitee.com/,"https://frontierautoparts.recruitee.com/api/offers/"
recruitee,gemeentestaphorst,4,https://gemeentestaphorst.recruitee.com/,"https://gemeentestaphorst.recruitee.com/api/offers/"
recruitee,gemeentetytsjerksteradiel,4,https://gemeentetytsjerksteradiel.recruitee.com/,"https://gemeentetytsjerksteradiel.recruitee.com/api/offers/"
recruitee,getontop,4,https://getontop.recruitee.com/,"https://getontop.recruitee.com/api/offers/"
recruitee,giocoffee,4,https://giocoffee.recruitee.com/,"https://giocoffee.recruitee.com/api/offers/"
recruitee,globalsupportcompanybv,4,https://globalsupportcompanybv.recruitee.com/,"https://globalsupportcompanybv.recruitee.com/api/offers/"
recruitee,greenpeacebelgium,4,https://greenpeacebelgium.recruitee.com/,"https://greenpeacebelgium.recruitee.com/api/offers/"
recruitee,greenpeacecee,4,https://greenpeacecee.recruitee.com/,"https://greenpeacecee.recruitee.com/api/offers/"
recruitee,groenhart,4,https://groenhart.recruitee.com/,"https://groenhart.recruitee.com/api/offers/"
recruitee,groupemarval,4,https://groupemarval.recruitee.com/,"https://groupemarval.recruitee.com/api/offers/"
recruitee,groupesuffren,4,https://groupesuffren.recruitee.com/,"https://groupesuffren.recruitee.com/api/offers/"
recruitee,grunraumplanunggmbh,4,https://grunraumplanunggmbh.recruitee.com/,"https://grunraumplanunggmbh.recruitee.com/api/offers/"
recruitee,hausfursicherheit,4,https://hausfursicherheit.recruitee.com/,"https://hausfursicherheit.recruitee.com/api/offers/"
recruitee,hauteaviation,4,https://hauteaviation.recruitee.com/,"https://hauteaviation.recruitee.com/api/offers/"
recruitee,healthyworkers,4,https://healthyworkers.recruitee.com/,"https://healthyworkers.recruitee.com/api/offers/"
recruitee,heattransformers,4,https://heattransformers.recruitee.com/,"https://heattransformers.recruitee.com/api/offers/"
recruitee,hermosautomation,4,https://hermosautomation.recruitee.com/,"https://hermosautomation.recruitee.com/api/offers/"
recruitee,hginternational,4,https://hginternational.recruitee.com/,"https://hginternational.recruitee.com/api/offers/"
recruitee,highlandersolutions,4,https://highlandersolutions.recruitee.com/,"https://highlandersolutions.recruitee.com/api/offers/"
recruitee,hoteldrachten,4,https://hoteldrachten.recruitee.com/,"https://hoteldrachten.recruitee.com/api/offers/"
recruitee,hotelhardegarijp,4,https://hotelhardegarijp.recruitee.com/,"https://hotelhardegarijp.recruitee.com/api/offers/"
recruitee,hotelprinceville,4,https://hotelprinceville.recruitee.com/,"https://hotelprinceville.recruitee.com/api/offers/"
recruitee,ib1,4,https://ib1.recruitee.com/,"https://ib1.recruitee.com/api/offers/"
recruitee,ickert,4,https://ickert.recruitee.com/,"https://ickert.recruitee.com/api/offers/"
recruitee,illinoisenergywindowsandsidinginc,4,https://illinoisenergywindowsandsidinginc.recruitee.com/,"https://illinoisenergywindowsandsidinginc.recruitee.com/api/offers/"
recruitee,immoinvestankara,4,https://immoinvestankara.recruitee.com/,"https://immoinvestankara.recruitee.com/api/offers/"
recruitee,imnoo,4,https://imnoo.recruitee.com/,"https://imnoo.recruitee.com/api/offers/"
recruitee,incoresolutions1,4,https://incoresolutions1.recruitee.com/,"https://incoresolutions1.recruitee.com/api/offers/"
recruitee,inretail,4,https://inretail.recruitee.com/,"https://inretail.recruitee.com/api/offers/"
recruitee,integragmbh,4,https://integragmbh.recruitee.com/,"https://integragmbh.recruitee.com/api/offers/"
recruitee,intuitionstaffing,4,https://intuitionstaffing.recruitee.com/,"https://intuitionstaffing.recruitee.com/api/offers/"
recruitee,invitejobs,4,https://invitejobs.recruitee.com/,"https://invitejobs.recruitee.com/api/offers/"
recruitee,jedowski,4,https://jedowski.recruitee.com/,"https://jedowski.recruitee.com/api/offers/"
recruitee,jobsetl,4,https://jobsetl.recruitee.com/,"https://jobsetl.recruitee.com/api/offers/"
recruitee,josefheuelgmbh,4,https://josefheuelgmbh.recruitee.com/,"https://josefheuelgmbh.recruitee.com/api/offers/"
recruitee,junolegal,4,https://junolegal.recruitee.com/,"https://junolegal.recruitee.com/api/offers/"
recruitee,karriere,4,https://karriere.recruitee.com/,"https://karriere.recruitee.com/api/offers/"
recruitee,klshsteuerberatungsgesellschaft,4,https://klshsteuerberatungsgesellschaft.recruitee.com/,"https://klshsteuerberatungsgesellschaft.recruitee.com/api/offers/"
recruitee,kpsteuerberatung,4,https://kpsteuerberatung.recruitee.com/,"https://kpsteuerberatung.recruitee.com/api/offers/"
recruitee,ksverlichting,4,https://ksverlichting.recruitee.com/,"https://ksverlichting.recruitee.com/api/offers/"
recruitee,landbaeckereischmidt,4,https://landbaeckereischmidt.recruitee.com/,"https://landbaeckereischmidt.recruitee.com/api/offers/"
recruitee,laserparts,4,https://laserparts.recruitee.com/,"https://laserparts.recruitee.com/api/offers/"
recruitee,littledutch,4,https://littledutch.recruitee.com/,"https://littledutch.recruitee.com/api/offers/"
recruitee,loavies,4,https://loavies.recruitee.com/,"https://loavies.recruitee.com/api/offers/"
recruitee,lotterobjekt,4,https://lotterobjekt.recruitee.com/,"https://lotterobjekt.recruitee.com/api/offers/"
recruitee,lovebetter,4,https://lovebetter.recruitee.com/,"https://lovebetter.recruitee.com/api/offers/"
recruitee,mosquitopestauthority,4,https://mosquitopestauthority.recruitee.com/,"https://mosquitopestauthority.recruitee.com/api/offers/"
recruitee,mott,4,https://mott.recruitee.com/,"https://mott.recruitee.com/api/offers/"
recruitee,moveup,4,https://moveup.recruitee.com/,"https://moveup.recruitee.com/api/offers/"
recruitee,multiminds,4,https://multiminds.recruitee.com/,"https://multiminds.recruitee.com/api/offers/"
recruitee,nortex,4,https://nortex.recruitee.com/,"https://nortex.recruitee.com/api/offers/"
recruitee,novutech,4,https://novutech.recruitee.com/,"https://novutech.recruitee.com/api/offers/"
recruitee,nuuvem,4,https://nuuvem.recruitee.com/,"https://nuuvem.recruitee.com/api/offers/"
recruitee,oba,4,https://oba.recruitee.com/,"https://oba.recruitee.com/api/offers/"
recruitee,onemediasolution,4,https://onemediasolution.recruitee.com/,"https://onemediasolution.recruitee.com/api/offers/"
recruitee,ottawasafetycouncil,4,https://ottawasafetycouncil.recruitee.com/,"https://ottawasafetycouncil.recruitee.com/api/offers/"
recruitee,oxygenhouse,4,https://oxygenhouse.recruitee.com/,"https://oxygenhouse.recruitee.com/api/offers/"
recruitee,panteiabv,4,https://panteiabv.recruitee.com/,"https://panteiabv.recruitee.com/api/offers/"
recruitee,petalmd,4,https://petalmd.recruitee.com/,"https://petalmd.recruitee.com/api/offers/"
recruitee,physioteamfulda,4,https://physioteamfulda.recruitee.com/,"https://physioteamfulda.recruitee.com/api/offers/"
recruitee,pitecag,4,https://pitecag.recruitee.com/,"https://pitecag.recruitee.com/api/offers/"
recruitee,pockee,4,https://pockee.recruitee.com/,"https://pockee.recruitee.com/api/offers/"
recruitee,practical,4,https://practical.recruitee.com/,"https://practical.recruitee.com/api/offers/"
recruitee,priestley,4,https://priestley.recruitee.com/,"https://priestley.recruitee.com/api/offers/"
recruitee,protexthesecuritycompany,4,https://protexthesecuritycompany.recruitee.com/,"https://protexthesecuritycompany.recruitee.com/api/offers/"
recruitee,provement,4,https://provement.recruitee.com/,"https://provement.recruitee.com/api/offers/"
recruitee,pwcgmbh,4,https://pwcgmbh.recruitee.com/,"https://pwcgmbh.recruitee.com/api/offers/"
recruitee,racketcenternulochgmbhcokg,4,https://racketcenternulochgmbhcokg.recruitee.com/,"https://racketcenternulochgmbhcokg.recruitee.com/api/offers/"
recruitee,radishlab,4,https://radishlab.recruitee.com/,"https://radishlab.recruitee.com/api/offers/"
recruitee,raketech,4,https://raketech.recruitee.com/,"https://raketech.recruitee.com/api/offers/"
recruitee,rbr,4,https://rbr.recruitee.com/,"https://rbr.recruitee.com/api/offers/"
recruitee,rocketwerkz,4,https://rocketwerkz.recruitee.com/,"https://rocketwerkz.recruitee.com/api/offers/"
recruitee,rosenfeldexecutivesearch,4,https://rosenfeldexecutivesearch.recruitee.com/,"https://rosenfeldexecutivesearch.recruitee.com/api/offers/"
recruitee,rvsfinish,4,https://rvsfinish.recruitee.com/,"https://rvsfinish.recruitee.com/api/offers/"
recruitee,samotics,4,https://samotics.recruitee.com/,"https://samotics.recruitee.com/api/offers/"
recruitee,saubercaservicegmbh,4,https://saubercaservicegmbh.recruitee.com/,"https://saubercaservicegmbh.recruitee.com/api/offers/"
recruitee,sbessteuer,4,https://sbessteuer.recruitee.com/,"https://sbessteuer.recruitee.com/api/offers/"
recruitee,scalygmbh,4,https://scalygmbh.recruitee.com/,"https://scalygmbh.recruitee.com/api/offers/"
recruitee,schimmerpartner,4,https://schimmerpartner.recruitee.com/,"https://schimmerpartner.recruitee.com/api/offers/"
recruitee,sidelineswap,4,https://sidelineswap.recruitee.com/,"https://sidelineswap.recruitee.com/api/offers/"
recruitee,sorgente,4,https://sorgente.recruitee.com/,"https://sorgente.recruitee.com/api/offers/"
recruitee,sportschuledefconleipzig,4,https://sportschuledefconleipzig.recruitee.com/,"https://sportschuledefconleipzig.recruitee.com/api/offers/"
recruitee,staxxer,4,https://staxxer.recruitee.com/,"https://staxxer.recruitee.com/api/offers/"
recruitee,stefphilips,4,https://stefphilips.recruitee.com/,"https://stefphilips.recruitee.com/api/offers/"
recruitee,steuerberaterkrausedittmar,4,https://steuerberaterkrausedittmar.recruitee.com/,"https://steuerberaterkrausedittmar.recruitee.com/api/offers/"
recruitee,stichtingvoorieder1,4,https://stichtingvoorieder1.recruitee.com/,"https://stichtingvoorieder1.recruitee.com/api/offers/"
recruitee,stiftungmariaebene,4,https://stiftungmariaebene.recruitee.com/,"https://stiftungmariaebene.recruitee.com/api/offers/"
recruitee,sunroom,4,https://sunroom.recruitee.com/,"https://sunroom.recruitee.com/api/offers/"
recruitee,switchojob,4,https://switchojob.recruitee.com/,"https://switchojob.recruitee.com/api/offers/"
recruitee,swlog,4,https://swlog.recruitee.com/,"https://swlog.recruitee.com/api/offers/"
recruitee,syntho,4,https://syntho.recruitee.com/,"https://syntho.recruitee.com/api/offers/"
recruitee,temicongmbh,4,https://temicongmbh.recruitee.com/,"https://temicongmbh.recruitee.com/api/offers/"
recruitee,thegarlandcompany,4,https://thegarlandcompany.recruitee.com/,"https://thegarlandcompany.recruitee.com/api/offers/"
recruitee,thirdway,4,https://thirdway.recruitee.com/,"https://thirdway.recruitee.com/api/offers/"
recruitee,timedoctor,4,https://timedoctor.recruitee.com/,"https://timedoctor.recruitee.com/api/offers/"
recruitee,traceair,4,https://traceair.recruitee.com/,"https://traceair.recruitee.com/api/offers/"
recruitee,treasuryspring,4,https://treasuryspring.recruitee.com/,"https://treasuryspring.recruitee.com/api/offers/"
recruitee,trimetis,4,https://trimetis.recruitee.com/,"https://trimetis.recruitee.com/api/offers/"
recruitee,tropos,4,https://tropos.recruitee.com/,"https://tropos.recruitee.com/api/offers/"
recruitee,ukeventmedicalserviceslimited,4,https://ukeventmedicalserviceslimited.recruitee.com/,"https://ukeventmedicalserviceslimited.recruitee.com/api/offers/"
recruitee,ullrichkollegen,4,https://ullrichkollegen.recruitee.com/,"https://ullrichkollegen.recruitee.com/api/offers/"
recruitee,ultimategymaugsburg,4,https://ultimategymaugsburg.recruitee.com/,"https://ultimategymaugsburg.recruitee.com/api/offers/"
recruitee,umbreit,4,https://umbreit.recruitee.com/,"https://umbreit.recruitee.com/api/offers/"
recruitee,unitycommunications,4,https://unitycommunications.recruitee.com/,"https://unitycommunications.recruitee.com/api/offers/"
recruitee,urbanarrow,4,https://urbanarrow.recruitee.com/,"https://urbanarrow.recruitee.com/api/offers/"
recruitee,urbaplan,4,https://urbaplan.recruitee.com/,"https://urbaplan.recruitee.com/api/offers/"
recruitee,utilityprofit,4,https://utilityprofit.recruitee.com/,"https://utilityprofit.recruitee.com/api/offers/"
recruitee,vacatureswerkgeluk,4,https://vacatureswerkgeluk.recruitee.com/,"https://vacatureswerkgeluk.recruitee.com/api/offers/"
recruitee,ventekarmaturen,4,https://ventekarmaturen.recruitee.com/,"https://ventekarmaturen.recruitee.com/api/offers/"
recruitee,ventiontechnologies,4,https://ventiontechnologies.recruitee.com/,"https://ventiontechnologies.recruitee.com/api/offers/"
recruitee,vigere,4,https://vigere.recruitee.com/,"https://vigere.recruitee.com/api/offers/"
recruitee,vikingmalt,4,https://vikingmalt.recruitee.com/,"https://vikingmalt.recruitee.com/api/offers/"
recruitee,viroclinicsddl,4,https://viroclinicsddl.recruitee.com/,"https://viroclinicsddl.recruitee.com/api/offers/"
recruitee,viryaenergy,4,https://viryaenergy.recruitee.com/,"https://viryaenergy.recruitee.com/api/offers/"
recruitee,visaandeschelde,4,https://visaandeschelde.recruitee.com/,"https://visaandeschelde.recruitee.com/api/offers/"
recruitee,vitaminstore,4,https://vitaminstore.recruitee.com/,"https://vitaminstore.recruitee.com/api/offers/"
recruitee,wegnerstahrpartner,4,https://wegnerstahrpartner.recruitee.com/,"https://wegnerstahrpartner.recruitee.com/api/offers/"
recruitee,werkenbijbufabflos,4,https://werkenbijbufabflos.recruitee.com/,"https://werkenbijbufabflos.recruitee.com/api/offers/"
recruitee,werkenbijcontestyachts,4,https://werkenbijcontestyachts.recruitee.com/,"https://werkenbijcontestyachts.recruitee.com/api/offers/"
recruitee,werkenbijduyvenvoorde,4,https://werkenbijduyvenvoorde.recruitee.com/,"https://werkenbijduyvenvoorde.recruitee.com/api/offers/"
recruitee,werkenbijfinehotels,4,https://werkenbijfinehotels.recruitee.com/,"https://werkenbijfinehotels.recruitee.com/api/offers/"
recruitee,werkenbijsalco,4,https://werkenbijsalco.recruitee.com/,"https://werkenbijsalco.recruitee.com/api/offers/"
recruitee,werkenbijstichtingmeerscholen,4,https://werkenbijstichtingmeerscholen.recruitee.com/,"https://werkenbijstichtingmeerscholen.recruitee.com/api/offers/"
recruitee,werkenbijyouvia,4,https://werkenbijyouvia.recruitee.com/,"https://werkenbijyouvia.recruitee.com/api/offers/"
recruitee,westerhorstmann,4,https://westerhorstmann.recruitee.com/,"https://westerhorstmann.recruitee.com/api/offers/"
recruitee,williamsburgcharterhighschool,4,https://williamsburgcharterhighschool.recruitee.com/,"https://williamsburgcharterhighschool.recruitee.com/api/offers/"
recruitee,winterhoffedelstahl,4,https://winterhoffedelstahl.recruitee.com/,"https://winterhoffedelstahl.recruitee.com/api/offers/"
recruitee,wisemen,4,https://wisemen.recruitee.com/,"https://wisemen.recruitee.com/api/offers/"
recruitee,wohlbehagen,4,https://wohlbehagen.recruitee.com/,"https://wohlbehagen.recruitee.com/api/offers/"
recruitee,wolfpackit,4,https://wolfpackit.recruitee.com/,"https://wolfpackit.recruitee.com/api/offers/"
recruitee,wolthersbrotkate,4,https://wolthersbrotkate.recruitee.com/,"https://wolthersbrotkate.recruitee.com/api/offers/"
recruitee,wuesthof,4,https://wuesthof.recruitee.com/,"https://wuesthof.recruitee.com/api/offers/"
recruitee,wusthof,4,https://wusthof.recruitee.com/,"https://wusthof.recruitee.com/api/offers/"
recruitee,xmco,4,https://xmco.recruitee.com/,"https://xmco.recruitee.com/api/offers/"
recruitee,xogene,4,https://xogene.recruitee.com/,"https://xogene.recruitee.com/api/offers/"
recruitee,youngandlaramore,4,https://youngandlaramore.recruitee.com/,"https://youngandlaramore.recruitee.com/api/offers/"
recruitee,zapnussloch,4,https://zapnussloch.recruitee.com/,"https://zapnussloch.recruitee.com/api/offers/"
recruitee,zetax,4,https://zetax.recruitee.com/,"https://zetax.recruitee.com/api/offers/"
recruitee,zintri,4,https://zintri.recruitee.com/,"https://zintri.recruitee.com/api/offers/"
recruitee,zpvgmbhcokg,4,https://zpvgmbhcokg.recruitee.com/,"https://zpvgmbhcokg.recruitee.com/api/offers/"
recruitee,2am,3,https://2am.recruitee.com/,"https://2am.recruitee.com/api/offers/"
recruitee,accelecom,3,https://accelecom.recruitee.com/,"https://accelecom.recruitee.com/api/offers/"
recruitee,adams,3,https://adams.recruitee.com/,"https://adams.recruitee.com/api/offers/"
recruitee,aegirmarine,3,https://aegirmarine.recruitee.com/,"https://aegirmarine.recruitee.com/api/offers/"
recruitee,aerolab,3,https://aerolab.recruitee.com/,"https://aerolab.recruitee.com/api/offers/"
recruitee,albertbraunsteuerberatung,3,https://albertbraunsteuerberatung.recruitee.com/,"https://albertbraunsteuerberatung.recruitee.com/api/offers/"
recruitee,allyourbi,3,https://allyourbi.recruitee.com/,"https://allyourbi.recruitee.com/api/offers/"
recruitee,alphorm,3,https://alphorm.recruitee.com/,"https://alphorm.recruitee.com/api/offers/"
recruitee,alsachimie,3,https://alsachimie.recruitee.com/,"https://alsachimie.recruitee.com/api/offers/"
recruitee,anywhereworks,3,https://anywhereworks.recruitee.com/,"https://anywhereworks.recruitee.com/api/offers/"
recruitee,asbnordwest,3,https://asbnordwest.recruitee.com/,"https://asbnordwest.recruitee.com/api/offers/"
recruitee,backspielhaus,3,https://backspielhaus.recruitee.com/,"https://backspielhaus.recruitee.com/api/offers/"
recruitee,bakkersteamservicesbv,3,https://bakkersteamservicesbv.recruitee.com/,"https://bakkersteamservicesbv.recruitee.com/api/offers/"
recruitee,baobabinsurancegmbh,3,https://baobabinsurancegmbh.recruitee.com/,"https://baobabinsurancegmbh.recruitee.com/api/offers/"
recruitee,bdairy,3,https://bdairy.recruitee.com/,"https://bdairy.recruitee.com/api/offers/"
recruitee,bellevueresidenzag,3,https://bellevueresidenzag.recruitee.com/,"https://bellevueresidenzag.recruitee.com/api/offers/"
recruitee,billwerk,3,https://billwerk.recruitee.com/,"https://billwerk.recruitee.com/api/offers/"
recruitee,blackbelt,3,https://blackbelt.recruitee.com/,"https://blackbelt.recruitee.com/api/offers/"
recruitee,blueearthcapitalag,3,https://blueearthcapitalag.recruitee.com/,"https://blueearthcapitalag.recruitee.com/api/offers/"
recruitee,bolster,3,https://bolster.recruitee.com/,"https://bolster.recruitee.com/api/offers/"
recruitee,box8,3,https://box8.recruitee.com/,"https://box8.recruitee.com/api/offers/"
recruitee,brayht,3,https://brayht.recruitee.com/,"https://brayht.recruitee.com/api/offers/"
recruitee,brenger,3,https://brenger.recruitee.com/,"https://brenger.recruitee.com/api/offers/"
recruitee,brighterly,3,https://brighterly.recruitee.com/,"https://brighterly.recruitee.com/api/offers/"
recruitee,btgbadischetreuhandgesellschaftmbh,3,https://btgbadischetreuhandgesellschaftmbh.recruitee.com/,"https://btgbadischetreuhandgesellschaftmbh.recruitee.com/api/offers/"
recruitee,bukowaakt,3,https://bukowaakt.recruitee.com/,"https://bukowaakt.recruitee.com/api/offers/"
recruitee,burgersverhuur,3,https://burgersverhuur.recruitee.com/,"https://burgersverhuur.recruitee.com/api/offers/"
recruitee,capriconsultgmbh,3,https://capriconsultgmbh.recruitee.com/,"https://capriconsultgmbh.recruitee.com/api/offers/"
recruitee,carbonbetter,3,https://carbonbetter.recruitee.com/,"https://carbonbetter.recruitee.com/api/offers/"
recruitee,careexpert,3,https://careexpert.recruitee.com/,"https://careexpert.recruitee.com/api/offers/"
recruitee,causalens,3,https://causalens.recruitee.com/,"https://causalens.recruitee.com/api/offers/"
recruitee,cc7europebv,3,https://cc7europebv.recruitee.com/,"https://cc7europebv.recruitee.com/api/offers/"
recruitee,chiropractiecentraal,3,https://chiropractiecentraal.recruitee.com/,"https://chiropractiecentraal.recruitee.com/api/offers/"
recruitee,cloudmuscle,3,https://cloudmuscle.recruitee.com/,"https://cloudmuscle.recruitee.com/api/offers/"
recruitee,codelessinteractivellc,3,https://codelessinteractivellc.recruitee.com/,"https://codelessinteractivellc.recruitee.com/api/offers/"
recruitee,concertgebouw,3,https://concertgebouw.recruitee.com/,"https://concertgebouw.recruitee.com/api/offers/"
recruitee,constructivedialogue,3,https://constructivedialogue.recruitee.com/,"https://constructivedialogue.recruitee.com/api/offers/"
recruitee,contactcare,3,https://contactcare.recruitee.com/,"https://contactcare.recruitee.com/api/offers/"
recruitee,convoicar1,3,https://convoicar1.recruitee.com/,"https://convoicar1.recruitee.com/api/offers/"
recruitee,cpitechnologiesgmbh,3,https://cpitechnologiesgmbh.recruitee.com/,"https://cpitechnologiesgmbh.recruitee.com/api/offers/"
recruitee,cremerspeciaalmachinesbv,3,https://cremerspeciaalmachinesbv.recruitee.com/,"https://cremerspeciaalmachinesbv.recruitee.com/api/offers/"
recruitee,cscfi,3,https://cscfi.recruitee.com/,"https://cscfi.recruitee.com/api/offers/"
recruitee,cuccibu,3,https://cuccibu.recruitee.com/,"https://cuccibu.recruitee.com/api/offers/"
recruitee,cvonwf,3,https://cvonwf.recruitee.com/,"https://cvonwf.recruitee.com/api/offers/"
recruitee,dance,3,https://dance.recruitee.com/,"https://dance.recruitee.com/api/offers/"
recruitee,daskampfkunstzentrum,3,https://daskampfkunstzentrum.recruitee.com/,"https://daskampfkunstzentrum.recruitee.com/api/offers/"
recruitee,debatrix,3,https://debatrix.recruitee.com/,"https://debatrix.recruitee.com/api/offers/"
recruitee,debrug,3,https://debrug.recruitee.com/,"https://debrug.recruitee.com/api/offers/"
recruitee,deepdsg,3,https://deepdsg.recruitee.com/,"https://deepdsg.recruitee.com/api/offers/"
recruitee,deepsea,3,https://deepsea.recruitee.com/,"https://deepsea.recruitee.com/api/offers/"
recruitee,dekkerchrysanten,3,https://dekkerchrysanten.recruitee.com/,"https://dekkerchrysanten.recruitee.com/api/offers/"
recruitee,delonghigroup,3,https://delonghigroup.recruitee.com/,"https://delonghigroup.recruitee.com/api/offers/"
recruitee,demaco,3,https://demaco.recruitee.com/,"https://demaco.recruitee.com/api/offers/"
recruitee,devleaps,3,https://devleaps.recruitee.com/,"https://devleaps.recruitee.com/api/offers/"
recruitee,digitickets,3,https://digitickets.recruitee.com/,"https://digitickets.recruitee.com/api/offers/"
recruitee,dillinggroup,3,https://dillinggroup.recruitee.com/,"https://dillinggroup.recruitee.com/api/offers/"
recruitee,diversitytravel,3,https://diversitytravel.recruitee.com/,"https://diversitytravel.recruitee.com/api/offers/"
recruitee,doctenasa,3,https://doctenasa.recruitee.com/,"https://doctenasa.recruitee.com/api/offers/"
recruitee,dransay,3,https://dransay.recruitee.com/,"https://dransay.recruitee.com/api/offers/"
recruitee,dreamhost,3,https://dreamhost.recruitee.com/,"https://dreamhost.recruitee.com/api/offers/"
recruitee,edubilygmbh,3,https://edubilygmbh.recruitee.com/,"https://edubilygmbh.recruitee.com/api/offers/"
recruitee,elanwonen,3,https://elanwonen.recruitee.com/,"https://elanwonen.recruitee.com/api/offers/"
recruitee,endterengineeringgmbh,3,https://endterengineeringgmbh.recruitee.com/,"https://endterengineeringgmbh.recruitee.com/api/offers/"
recruitee,enticonretail,3,https://enticonretail.recruitee.com/,"https://enticonretail.recruitee.com/api/offers/"
recruitee,epab,3,https://epab.recruitee.com/,"https://epab.recruitee.com/api/offers/"
recruitee,equito,3,https://equito.recruitee.com/,"https://equito.recruitee.com/api/offers/"
recruitee,excap,3,https://excap.recruitee.com/,"https://excap.recruitee.com/api/offers/"
recruitee,executivesentinels,3,https://executivesentinels.recruitee.com/,"https://executivesentinels.recruitee.com/api/offers/"
recruitee,exeon,3,https://exeon.recruitee.com/,"https://exeon.recruitee.com/api/offers/"
recruitee,exeonanalytics,3,https://exeonanalytics.recruitee.com/,"https://exeonanalytics.recruitee.com/api/offers/"
recruitee,ferryscanner,3,https://ferryscanner.recruitee.com/,"https://ferryscanner.recruitee.com/api/offers/"
recruitee,fieldbuddy,3,https://fieldbuddy.recruitee.com/,"https://fieldbuddy.recruitee.com/api/offers/"
recruitee,fjernvarmefynkarriere,3,https://fjernvarmefynkarriere.recruitee.com/,"https://fjernvarmefynkarriere.recruitee.com/api/offers/"
recruitee,fmrecruiting,3,https://fmrecruiting.recruitee.com/,"https://fmrecruiting.recruitee.com/api/offers/"
recruitee,foerschnerundpartner,3,https://foerschnerundpartner.recruitee.com/,"https://foerschnerundpartner.recruitee.com/api/offers/"
recruitee,formelio,3,https://formelio.recruitee.com/,"https://formelio.recruitee.com/api/offers/"
recruitee,forwardearth,3,https://forwardearth.recruitee.com/,"https://forwardearth.recruitee.com/api/offers/"
recruitee,frisbii,3,https://frisbii.recruitee.com/,"https://frisbii.recruitee.com/api/offers/"
recruitee,funex,3,https://funex.recruitee.com/,"https://funex.recruitee.com/api/offers/"
recruitee,futurefeed,3,https://futurefeed.recruitee.com/,"https://futurefeed.recruitee.com/api/offers/"
recruitee,galeniccarriererecrutement,3,https://galeniccarriererecrutement.recruitee.com/,"https://galeniccarriererecrutement.recruitee.com/api/offers/"
recruitee,gallaghereurope,3,https://gallaghereurope.recruitee.com/,"https://gallaghereurope.recruitee.com/api/offers/"
recruitee,genomescan,3,https://genomescan.recruitee.com/,"https://genomescan.recruitee.com/api/offers/"
recruitee,globaldata,3,https://globaldata.recruitee.com/,"https://globaldata.recruitee.com/api/offers/"
recruitee,goodturn,3,https://goodturn.recruitee.com/,"https://goodturn.recruitee.com/api/offers/"
recruitee,gpvdenmark,3,https://gpvdenmark.recruitee.com/,"https://gpvdenmark.recruitee.com/api/offers/"
recruitee,gpvslovakia,3,https://gpvslovakia.recruitee.com/,"https://gpvslovakia.recruitee.com/api/offers/"
recruitee,gracemedia,3,https://gracemedia.recruitee.com/,"https://gracemedia.recruitee.com/api/offers/"
recruitee,greenpeace1,3,https://greenpeace1.recruitee.com/,"https://greenpeace1.recruitee.com/api/offers/"
recruitee,greenpeaceinternational,3,https://greenpeaceinternational.recruitee.com/,"https://greenpeaceinternational.recruitee.com/api/offers/"
recruitee,greyparrotai,3,https://greyparrotai.recruitee.com/,"https://greyparrotai.recruitee.com/api/offers/"
recruitee,hatchtech,3,https://hatchtech.recruitee.com/,"https://hatchtech.recruitee.com/api/offers/"
recruitee,heliumdoc,3,https://heliumdoc.recruitee.com/,"https://heliumdoc.recruitee.com/api/offers/"
recruitee,heuserimmobilien,3,https://heuserimmobilien.recruitee.com/,"https://heuserimmobilien.recruitee.com/api/offers/"
recruitee,heyharper,3,https://heyharper.recruitee.com/,"https://heyharper.recruitee.com/api/offers/"
recruitee,hotelberlinbrandenburg,3,https://hotelberlinbrandenburg.recruitee.com/,"https://hotelberlinbrandenburg.recruitee.com/api/offers/"
recruitee,hotelbrusselsairport,3,https://hotelbrusselsairport.recruitee.com/,"https://hotelbrusselsairport.recruitee.com/api/offers/"
recruitee,hotelmechelen,3,https://hotelmechelen.recruitee.com/,"https://hotelmechelen.recruitee.com/api/offers/"
recruitee,hotelmons,3,https://hotelmons.recruitee.com/,"https://hotelmons.recruitee.com/api/offers/"
recruitee,hotelverviers,3,https://hotelverviers.recruitee.com/,"https://hotelverviers.recruitee.com/api/offers/"
recruitee,hylinegroup,3,https://hylinegroup.recruitee.com/,"https://hylinegroup.recruitee.com/api/offers/"
recruitee,hzt,3,https://hzt.recruitee.com/,"https://hzt.recruitee.com/api/offers/"
recruitee,ideenionautomobilag,3,https://ideenionautomobilag.recruitee.com/,"https://ideenionautomobilag.recruitee.com/api/offers/"
recruitee,ikbenfrits,3,https://ikbenfrits.recruitee.com/,"https://ikbenfrits.recruitee.com/api/offers/"
recruitee,impactvaluationgroup,3,https://impactvaluationgroup.recruitee.com/,"https://impactvaluationgroup.recruitee.com/api/offers/"
recruitee,informationfactory,3,https://informationfactory.recruitee.com/,"https://informationfactory.recruitee.com/api/offers/"
recruitee,innercrowd,3,https://innercrowd.recruitee.com/,"https://innercrowd.recruitee.com/api/offers/"
recruitee,innovencio,3,https://innovencio.recruitee.com/,"https://innovencio.recruitee.com/api/offers/"
recruitee,insait,3,https://insait.recruitee.com/,"https://insait.recruitee.com/api/offers/"
recruitee,instantsystem,3,https://instantsystem.recruitee.com/,"https://instantsystem.recruitee.com/api/offers/"
recruitee,interpool,3,https://interpool.recruitee.com/,"https://interpool.recruitee.com/api/offers/"
recruitee,intouch,3,https://intouch.recruitee.com/,"https://intouch.recruitee.com/api/offers/"
recruitee,investmentpunk,3,https://investmentpunk.recruitee.com/,"https://investmentpunk.recruitee.com/api/offers/"
recruitee,jump,3,https://jump.recruitee.com/,"https://jump.recruitee.com/api/offers/"
recruitee,junto,3,https://junto.recruitee.com/,"https://junto.recruitee.com/api/offers/"
recruitee,kaliop,3,https://kaliop.recruitee.com/,"https://kaliop.recruitee.com/api/offers/"
recruitee,karrierebeimunsch,3,https://karrierebeimunsch.recruitee.com/,"https://karrierebeimunsch.recruitee.com/api/offers/"
recruitee,kbonnabfallwirtschaftsgmbhcokg,3,https://kbonnabfallwirtschaftsgmbhcokg.recruitee.com/,"https://kbonnabfallwirtschaftsgmbhcokg.recruitee.com/api/offers/"
recruitee,keyencecanadainc,3,https://keyencecanadainc.recruitee.com/,"https://keyencecanadainc.recruitee.com/api/offers/"
recruitee,khelektrotechnik,3,https://khelektrotechnik.recruitee.com/,"https://khelektrotechnik.recruitee.com/api/offers/"
recruitee,khonraad,3,https://khonraad.recruitee.com/,"https://khonraad.recruitee.com/api/offers/"
recruitee,kolpingschulenfellbach,3,https://kolpingschulenfellbach.recruitee.com/,"https://kolpingschulenfellbach.recruitee.com/api/offers/"
recruitee,levieuxmenuisiers,3,https://levieuxmenuisiers.recruitee.com/,"https://levieuxmenuisiers.recruitee.com/api/offers/"
recruitee,leydenlabs,3,https://leydenlabs.recruitee.com/,"https://leydenlabs.recruitee.com/api/offers/"
recruitee,lfeddersenbaugesellschaftmbh,3,https://lfeddersenbaugesellschaftmbh.recruitee.com/,"https://lfeddersenbaugesellschaftmbh.recruitee.com/api/offers/"
recruitee,limagrainingredients,3,https://limagrainingredients.recruitee.com/,"https://limagrainingredients.recruitee.com/api/offers/"
recruitee,lleverage,3,https://lleverage.recruitee.com/,"https://lleverage.recruitee.com/api/offers/"
recruitee,lockamp,3,https://lockamp.recruitee.com/,"https://lockamp.recruitee.com/api/offers/"
recruitee,loyaltykey,3,https://loyaltykey.recruitee.com/,"https://loyaltykey.recruitee.com/api/offers/"
recruitee,lxt,3,https://lxt.recruitee.com/,"https://lxt.recruitee.com/api/offers/"
recruitee,mactwinsecurity,3,https://mactwinsecurity.recruitee.com/,"https://mactwinsecurity.recruitee.com/api/offers/"
recruitee,madlergmbh,3,https://madlergmbh.recruitee.com/,"https://madlergmbh.recruitee.com/api/offers/"
recruitee,mailerlite,3,https://mailerlite.recruitee.com/,"https://mailerlite.recruitee.com/api/offers/"
recruitee,make,3,https://make.recruitee.com/,"https://make.recruitee.com/api/offers/"
recruitee,martinmathysnv,3,https://martinmathysnv.recruitee.com/,"https://martinmathysnv.recruitee.com/api/offers/"
recruitee,maxgrip,3,https://maxgrip.recruitee.com/,"https://maxgrip.recruitee.com/api/offers/"
recruitee,mbio,3,https://mbio.recruitee.com/,"https://mbio.recruitee.com/api/offers/"
recruitee,mbw,3,https://mbw.recruitee.com/,"https://mbw.recruitee.com/api/offers/"
recruitee,mdlbeast,3,https://mdlbeast.recruitee.com/,"https://mdlbeast.recruitee.com/api/offers/"
recruitee,meddy1,3,https://meddy1.recruitee.com/,"https://meddy1.recruitee.com/api/offers/"
recruitee,medecinssansfrontieressuisse,3,https://medecinssansfrontieressuisse.recruitee.com/,"https://medecinssansfrontieressuisse.recruitee.com/api/offers/"
recruitee,mehrgeschaeft,3,https://mehrgeschaeft.recruitee.com/,"https://mehrgeschaeft.recruitee.com/api/offers/"
recruitee,miaplaza,3,https://miaplaza.recruitee.com/,"https://miaplaza.recruitee.com/api/offers/"
recruitee,milcafeagmbh,3,https://milcafeagmbh.recruitee.com/,"https://milcafeagmbh.recruitee.com/api/offers/"
recruitee,mirka,3,https://mirka.recruitee.com/,"https://mirka.recruitee.com/api/offers/"
recruitee,mobilityplus,3,https://mobilityplus.recruitee.com/,"https://mobilityplus.recruitee.com/api/offers/"
recruitee,moosmann,3,https://moosmann.recruitee.com/,"https://moosmann.recruitee.com/api/offers/"
recruitee,muto,3,https://muto.recruitee.com/,"https://muto.recruitee.com/api/offers/"
recruitee,nationaalgroenfonds,3,https://nationaalgroenfonds.recruitee.com/,"https://nationaalgroenfonds.recruitee.com/api/offers/"
recruitee,navinfoeurope,3,https://navinfoeurope.recruitee.com/,"https://navinfoeurope.recruitee.com/api/offers/"
recruitee,nemeon,3,https://nemeon.recruitee.com/,"https://nemeon.recruitee.com/api/offers/"
recruitee,nemo,3,https://nemo.recruitee.com/,"https://nemo.recruitee.com/api/offers/"
recruitee,netural,3,https://netural.recruitee.com/,"https://netural.recruitee.com/api/offers/"
recruitee,netwisesa,3,https://netwisesa.recruitee.com/,"https://netwisesa.recruitee.com/api/offers/"
recruitee,newspringnetwork,3,https://newspringnetwork.recruitee.com/,"https://newspringnetwork.recruitee.com/api/offers/"
recruitee,newyorkpizza2,3,https://newyorkpizza2.recruitee.com/,"https://newyorkpizza2.recruitee.com/api/offers/"
recruitee,nikkelenelektrotechniekbv,3,https://nikkelenelektrotechniekbv.recruitee.com/,"https://nikkelenelektrotechniekbv.recruitee.com/api/offers/"
recruitee,ninjasinpyjamas,3,https://ninjasinpyjamas.recruitee.com/,"https://ninjasinpyjamas.recruitee.com/api/offers/"
recruitee,nockmaschinenbaugmbh,3,https://nockmaschinenbaugmbh.recruitee.com/,"https://nockmaschinenbaugmbh.recruitee.com/api/offers/"
recruitee,o2h,3,https://o2h.recruitee.com/,"https://o2h.recruitee.com/api/offers/"
recruitee,oceansofenergy,3,https://oceansofenergy.recruitee.com/,"https://oceansofenergy.recruitee.com/api/offers/"
recruitee,optios,3,https://optios.recruitee.com/,"https://optios.recruitee.com/api/offers/"
recruitee,pacmed,3,https://pacmed.recruitee.com/,"https://pacmed.recruitee.com/api/offers/"
recruitee,parent,3,https://parent.recruitee.com/,"https://parent.recruitee.com/api/offers/"
recruitee,pladisfrance,3,https://pladisfrance.recruitee.com/,"https://pladisfrance.recruitee.com/api/offers/"
recruitee,playrix,3,https://playrix.recruitee.com/,"https://playrix.recruitee.com/api/offers/"
recruitee,poppy,3,https://poppy.recruitee.com/,"https://poppy.recruitee.com/api/offers/"
recruitee,pridelogic,3,https://pridelogic.recruitee.com/,"https://pridelogic.recruitee.com/api/offers/"
recruitee,processit,3,https://processit.recruitee.com/,"https://processit.recruitee.com/api/offers/"
recruitee,prodigigroup,3,https://prodigigroup.recruitee.com/,"https://prodigigroup.recruitee.com/api/offers/"
recruitee,pugpig,3,https://pugpig.recruitee.com/,"https://pugpig.recruitee.com/api/offers/"
recruitee,pur,3,https://pur.recruitee.com/,"https://pur.recruitee.com/api/offers/"
recruitee,purprojet,3,https://purprojet.recruitee.com/,"https://purprojet.recruitee.com/api/offers/"
recruitee,qps,3,https://qps.recruitee.com/,"https://qps.recruitee.com/api/offers/"
recruitee,ralphhv,3,https://ralphhv.recruitee.com/,"https://ralphhv.recruitee.com/api/offers/"
recruitee,reifenbornemanngmbh,3,https://reifenbornemanngmbh.recruitee.com/,"https://reifenbornemanngmbh.recruitee.com/api/offers/"
recruitee,reiztech,3,https://reiztech.recruitee.com/,"https://reiztech.recruitee.com/api/offers/"
recruitee,resorti,3,https://resorti.recruitee.com/,"https://resorti.recruitee.com/api/offers/"
recruitee,restaurantrodeoeindhoven,3,https://restaurantrodeoeindhoven.recruitee.com/,"https://restaurantrodeoeindhoven.recruitee.com/api/offers/"
recruitee,ridbv,3,https://ridbv.recruitee.com/,"https://ridbv.recruitee.com/api/offers/"
recruitee,romass,3,https://romass.recruitee.com/,"https://romass.recruitee.com/api/offers/"
recruitee,rosenschonpartner,3,https://rosenschonpartner.recruitee.com/,"https://rosenschonpartner.recruitee.com/api/offers/"
recruitee,rsbschmitzbergendachgmbh,3,https://rsbschmitzbergendachgmbh.recruitee.com/,"https://rsbschmitzbergendachgmbh.recruitee.com/api/offers/"
recruitee,rwg,3,https://rwg.recruitee.com/,"https://rwg.recruitee.com/api/offers/"
recruitee,sagittamed,3,https://sagittamed.recruitee.com/,"https://sagittamed.recruitee.com/api/offers/"
recruitee,santanaconsulting,3,https://santanaconsulting.recruitee.com/,"https://santanaconsulting.recruitee.com/api/offers/"
recruitee,santanagroup,3,https://santanagroup.recruitee.com/,"https://santanagroup.recruitee.com/api/offers/"
recruitee,sautermetallbau,3,https://sautermetallbau.recruitee.com/,"https://sautermetallbau.recruitee.com/api/offers/"
recruitee,schulzmarkenfamilie,3,https://schulzmarkenfamilie.recruitee.com/,"https://schulzmarkenfamilie.recruitee.com/api/offers/"
recruitee,seenons,3,https://seenons.recruitee.com/,"https://seenons.recruitee.com/api/offers/"
recruitee,sessionmedia,3,https://sessionmedia.recruitee.com/,"https://sessionmedia.recruitee.com/api/offers/"
recruitee,shapeprocessautomation,3,https://shapeprocessautomation.recruitee.com/,"https://shapeprocessautomation.recruitee.com/api/offers/"
recruitee,skfberlin,3,https://skfberlin.recruitee.com/,"https://skfberlin.recruitee.com/api/offers/"
recruitee,skinvision1,3,https://skinvision1.recruitee.com/,"https://skinvision1.recruitee.com/api/offers/"
recruitee,skovik,3,https://skovik.recruitee.com/,"https://skovik.recruitee.com/api/offers/"
recruitee,smartercorp,3,https://smartercorp.recruitee.com/,"https://smartercorp.recruitee.com/api/offers/"
recruitee,solrecogmbh,3,https://solrecogmbh.recruitee.com/,"https://solrecogmbh.recruitee.com/api/offers/"
recruitee,somniosoftware,3,https://somniosoftware.recruitee.com/,"https://somniosoftware.recruitee.com/api/offers/"
recruitee,soundboks,3,https://soundboks.recruitee.com/,"https://soundboks.recruitee.com/api/offers/"
recruitee,speditionmaier,3,https://speditionmaier.recruitee.com/,"https://speditionmaier.recruitee.com/api/offers/"
recruitee,spro,3,https://spro.recruitee.com/,"https://spro.recruitee.com/api/offers/"
recruitee,steuerberatungsmsr,3,https://steuerberatungsmsr.recruitee.com/,"https://steuerberatungsmsr.recruitee.com/api/offers/"
recruitee,stirlingtx,3,https://stirlingtx.recruitee.com/,"https://stirlingtx.recruitee.com/api/offers/"
recruitee,stpaulsschool,3,https://stpaulsschool.recruitee.com/,"https://stpaulsschool.recruitee.com/api/offers/"
recruitee,studentmedicover,3,https://studentmedicover.recruitee.com/,"https://studentmedicover.recruitee.com/api/offers/"
recruitee,sudstarkegmbh,3,https://sudstarkegmbh.recruitee.com/,"https://sudstarkegmbh.recruitee.com/api/offers/"
recruitee,sunshineseniorservices,3,https://sunshineseniorservices.recruitee.com/,"https://sunshineseniorservices.recruitee.com/api/offers/"
recruitee,superlinear,3,https://superlinear.recruitee.com/,"https://superlinear.recruitee.com/api/offers/"
recruitee,sverigesakassor,3,https://sverigesakassor.recruitee.com/,"https://sverigesakassor.recruitee.com/api/offers/"
recruitee,swapsupport,3,https://swapsupport.recruitee.com/,"https://swapsupport.recruitee.com/api/offers/"
recruitee,symvaro,3,https://symvaro.recruitee.com/,"https://symvaro.recruitee.com/api/offers/"
recruitee,tappeconsulting,3,https://tappeconsulting.recruitee.com/,"https://tappeconsulting.recruitee.com/api/offers/"
recruitee,taroko,3,https://taroko.recruitee.com/,"https://taroko.recruitee.com/api/offers/"
recruitee,tetrixtechniek,3,https://tetrixtechniek.recruitee.com/,"https://tetrixtechniek.recruitee.com/api/offers/"
recruitee,textexpander,3,https://textexpander.recruitee.com/,"https://textexpander.recruitee.com/api/offers/"
recruitee,theinfinitegroup,3,https://theinfinitegroup.recruitee.com/,"https://theinfinitegroup.recruitee.com/api/offers/"
recruitee,theinnercircle,3,https://theinnercircle.recruitee.com/,"https://theinnercircle.recruitee.com/api/offers/"
recruitee,tomsoft,3,https://tomsoft.recruitee.com/,"https://tomsoft.recruitee.com/api/offers/"
recruitee,treuge,3,https://treuge.recruitee.com/,"https://treuge.recruitee.com/api/offers/"
recruitee,tribexyz,3,https://tribexyz.recruitee.com/,"https://tribexyz.recruitee.com/api/offers/"
recruitee,ueni,3,https://ueni.recruitee.com/,"https://ueni.recruitee.com/api/offers/"
recruitee,unnunitednewsnetworkgmbh,3,https://unnunitednewsnetworkgmbh.recruitee.com/,"https://unnunitednewsnetworkgmbh.recruitee.com/api/offers/"
recruitee,up42gmbh,3,https://up42gmbh.recruitee.com/,"https://up42gmbh.recruitee.com/api/offers/"
recruitee,uxstudio,3,https://uxstudio.recruitee.com/,"https://uxstudio.recruitee.com/api/offers/"
recruitee,vacaturesclbeheer,3,https://vacaturesclbeheer.recruitee.com/,"https://vacaturesclbeheer.recruitee.com/api/offers/"
recruitee,verticalcompute,3,https://verticalcompute.recruitee.com/,"https://verticalcompute.recruitee.com/api/offers/"
recruitee,vibes,3,https://vibes.recruitee.com/,"https://vibes.recruitee.com/api/offers/"
recruitee,waterslakecapital,3,https://waterslakecapital.recruitee.com/,"https://waterslakecapital.recruitee.com/api/offers/"
recruitee,werkbijdeopbouw,3,https://werkbijdeopbouw.recruitee.com/,"https://werkbijdeopbouw.recruitee.com/api/offers/"
recruitee,werkenbijcremer,3,https://werkenbijcremer.recruitee.com/,"https://werkenbijcremer.recruitee.com/api/offers/"
recruitee,werkenbijrastergroep,3,https://werkenbijrastergroep.recruitee.com/,"https://werkenbijrastergroep.recruitee.com/api/offers/"
recruitee,werkenbijvnoncwmkb,3,https://werkenbijvnoncwmkb.recruitee.com/,"https://werkenbijvnoncwmkb.recruitee.com/api/offers/"
recruitee,wilhelmmullergmbh,3,https://wilhelmmullergmbh.recruitee.com/,"https://wilhelmmullergmbh.recruitee.com/api/offers/"
recruitee,willerby,3,https://willerby.recruitee.com/,"https://willerby.recruitee.com/api/offers/"
recruitee,wingtsunakademieheidelberg,3,https://wingtsunakademieheidelberg.recruitee.com/,"https://wingtsunakademieheidelberg.recruitee.com/api/offers/"
recruitee,wizdaa,3,https://wizdaa.recruitee.com/,"https://wizdaa.recruitee.com/api/offers/"
recruitee,wooncompas,3,https://wooncompas.recruitee.com/,"https://wooncompas.recruitee.com/api/offers/"
recruitee,worldofdelights,3,https://worldofdelights.recruitee.com/,"https://worldofdelights.recruitee.com/api/offers/"
recruitee,wphaton,3,https://wphaton.recruitee.com/,"https://wphaton.recruitee.com/api/offers/"
recruitee,wurttembergerwohnkonzeptegmbh,3,https://wurttembergerwohnkonzeptegmbh.recruitee.com/,"https://wurttembergerwohnkonzeptegmbh.recruitee.com/api/offers/"
recruitee,abacusmaschinenbaugmbh,2,https://abacusmaschinenbaugmbh.recruitee.com/,"https://abacusmaschinenbaugmbh.recruitee.com/api/offers/"
recruitee,abbsolutionsslovakia,2,https://abbsolutionsslovakia.recruitee.com/,"https://abbsolutionsslovakia.recruitee.com/api/offers/"
recruitee,ackermansvanhaaren,2,https://ackermansvanhaaren.recruitee.com/,"https://ackermansvanhaaren.recruitee.com/api/offers/"
recruitee,adrex,2,https://adrex.recruitee.com/,"https://adrex.recruitee.com/api/offers/"
recruitee,advanced,2,https://advanced.recruitee.com/,"https://advanced.recruitee.com/api/offers/"
recruitee,aihr,2,https://aihr.recruitee.com/,"https://aihr.recruitee.com/api/offers/"
recruitee,akur8,2,https://akur8.recruitee.com/,"https://akur8.recruitee.com/api/offers/"
recruitee,allshoretalent,2,https://allshoretalent.recruitee.com/,"https://allshoretalent.recruitee.com/api/offers/"
recruitee,alltagszaubergmbh,2,https://alltagszaubergmbh.recruitee.com/,"https://alltagszaubergmbh.recruitee.com/api/offers/"
recruitee,alphacomm,2,https://alphacomm.recruitee.com/,"https://alphacomm.recruitee.com/api/offers/"
recruitee,altaresdunbradstreet,2,https://altaresdunbradstreet.recruitee.com/,"https://altaresdunbradstreet.recruitee.com/api/offers/"
recruitee,alternatebelgie,2,https://alternatebelgie.recruitee.com/,"https://alternatebelgie.recruitee.com/api/offers/"
recruitee,altsdigital,2,https://altsdigital.recruitee.com/,"https://altsdigital.recruitee.com/api/offers/"
recruitee,amberrecycling,2,https://amberrecycling.recruitee.com/,"https://amberrecycling.recruitee.com/api/offers/"
recruitee,amilia,2,https://amilia.recruitee.com/,"https://amilia.recruitee.com/api/offers/"
recruitee,anandaventuresgmbh,2,https://anandaventuresgmbh.recruitee.com/,"https://anandaventuresgmbh.recruitee.com/api/offers/"
recruitee,ans,2,https://ans.recruitee.com/,"https://ans.recruitee.com/api/offers/"
recruitee,appetiser,2,https://appetiser.recruitee.com/,"https://appetiser.recruitee.com/api/offers/"
recruitee,argusdatainsights,2,https://argusdatainsights.recruitee.com/,"https://argusdatainsights.recruitee.com/api/offers/"
recruitee,ascendingai,2,https://ascendingai.recruitee.com/,"https://ascendingai.recruitee.com/api/offers/"
recruitee,atlanticgmbh,2,https://atlanticgmbh.recruitee.com/,"https://atlanticgmbh.recruitee.com/api/offers/"
recruitee,auditdata,2,https://auditdata.recruitee.com/,"https://auditdata.recruitee.com/api/offers/"
recruitee,aurorajetfueldmcc,2,https://aurorajetfueldmcc.recruitee.com/,"https://aurorajetfueldmcc.recruitee.com/api/offers/"
recruitee,auxmerveilleuxcarriere,2,https://auxmerveilleuxcarriere.recruitee.com/,"https://auxmerveilleuxcarriere.recruitee.com/api/offers/"
recruitee,avantebouwprocessen,2,https://avantebouwprocessen.recruitee.com/,"https://avantebouwprocessen.recruitee.com/api/offers/"
recruitee,awsm,2,https://awsm.recruitee.com/,"https://awsm.recruitee.com/api/offers/"
recruitee,axual,2,https://axual.recruitee.com/,"https://axual.recruitee.com/api/offers/"
recruitee,bambuu,2,https://bambuu.recruitee.com/,"https://bambuu.recruitee.com/api/offers/"
recruitee,bauer,2,https://bauer.recruitee.com/,"https://bauer.recruitee.com/api/offers/"
recruitee,bcpartners,2,https://bcpartners.recruitee.com/,"https://bcpartners.recruitee.com/api/offers/"
recruitee,becosoft,2,https://becosoft.recruitee.com/,"https://becosoft.recruitee.com/api/offers/"
recruitee,benfatto,2,https://benfatto.recruitee.com/,"https://benfatto.recruitee.com/api/offers/"
recruitee,biovian,2,https://biovian.recruitee.com/,"https://biovian.recruitee.com/api/offers/"
recruitee,biqh,2,https://biqh.recruitee.com/,"https://biqh.recruitee.com/api/offers/"
recruitee,biximontreal,2,https://biximontreal.recruitee.com/,"https://biximontreal.recruitee.com/api/offers/"
recruitee,bluegreen,2,https://bluegreen.recruitee.com/,"https://bluegreen.recruitee.com/api/offers/"
recruitee,boretti,2,https://boretti.recruitee.com/,"https://boretti.recruitee.com/api/offers/"
recruitee,bstelecomsolutions,2,https://bstelecomsolutions.recruitee.com/,"https://bstelecomsolutions.recruitee.com/api/offers/"
recruitee,buntetonegmbh,2,https://buntetonegmbh.recruitee.com/,"https://buntetonegmbh.recruitee.com/api/offers/"
recruitee,camelbackventures,2,https://camelbackventures.recruitee.com/,"https://camelbackventures.recruitee.com/api/offers/"
recruitee,cce,2,https://cce.recruitee.com/,"https://cce.recruitee.com/api/offers/"
recruitee,cctalent,2,https://cctalent.recruitee.com/,"https://cctalent.recruitee.com/api/offers/"
recruitee,centreon,2,https://centreon.recruitee.com/,"https://centreon.recruitee.com/api/offers/"
recruitee,cfjobs,2,https://cfjobs.recruitee.com/,"https://cfjobs.recruitee.com/api/offers/"
recruitee,cipsoft,2,https://cipsoft.recruitee.com/,"https://cipsoft.recruitee.com/api/offers/"
recruitee,cityscience,2,https://cityscience.recruitee.com/,"https://cityscience.recruitee.com/api/offers/"
recruitee,clarity,2,https://clarity.recruitee.com/,"https://clarity.recruitee.com/api/offers/"
recruitee,cluetecgmbh,2,https://cluetecgmbh.recruitee.com/,"https://cluetecgmbh.recruitee.com/api/offers/"
recruitee,cmbtech,2,https://cmbtech.recruitee.com/,"https://cmbtech.recruitee.com/api/offers/"
recruitee,codaisseur,2,https://codaisseur.recruitee.com/,"https://codaisseur.recruitee.com/api/offers/"
recruitee,commodityhero,2,https://commodityhero.recruitee.com/,"https://commodityhero.recruitee.com/api/offers/"
recruitee,confidia,2,https://confidia.recruitee.com/,"https://confidia.recruitee.com/api/offers/"
recruitee,confotherapeutics,2,https://confotherapeutics.recruitee.com/,"https://confotherapeutics.recruitee.com/api/offers/"
recruitee,contextfinlandoy,2,https://contextfinlandoy.recruitee.com/,"https://contextfinlandoy.recruitee.com/api/offers/"
recruitee,cop1,2,https://cop1.recruitee.com/,"https://cop1.recruitee.com/api/offers/"
recruitee,coppensmetaaltechniek,2,https://coppensmetaaltechniek.recruitee.com/,"https://coppensmetaaltechniek.recruitee.com/api/offers/"
recruitee,coreso,2,https://coreso.recruitee.com/,"https://coreso.recruitee.com/api/offers/"
recruitee,cremilkgmbh,2,https://cremilkgmbh.recruitee.com/,"https://cremilkgmbh.recruitee.com/api/offers/"
recruitee,cronimetenvirotec,2,https://cronimetenvirotec.recruitee.com/,"https://cronimetenvirotec.recruitee.com/api/offers/"
recruitee,cumulio,2,https://cumulio.recruitee.com/,"https://cumulio.recruitee.com/api/offers/"
recruitee,curiouscompanygmbh,2,https://curiouscompanygmbh.recruitee.com/,"https://curiouscompanygmbh.recruitee.com/api/offers/"
recruitee,dashmote,2,https://dashmote.recruitee.com/,"https://dashmote.recruitee.com/api/offers/"
recruitee,denjyskehaandvaerkerskole,2,https://denjyskehaandvaerkerskole.recruitee.com/,"https://denjyskehaandvaerkerskole.recruitee.com/api/offers/"
recruitee,digitalbeatgmbh,2,https://digitalbeatgmbh.recruitee.com/,"https://digitalbeatgmbh.recruitee.com/api/offers/"
recruitee,driveconsulting,2,https://driveconsulting.recruitee.com/,"https://driveconsulting.recruitee.com/api/offers/"
recruitee,droptica,2,https://droptica.recruitee.com/,"https://droptica.recruitee.com/api/offers/"
recruitee,dwcc,2,https://dwcc.recruitee.com/,"https://dwcc.recruitee.com/api/offers/"
recruitee,dynamoretailgroup,2,https://dynamoretailgroup.recruitee.com/,"https://dynamoretailgroup.recruitee.com/api/offers/"
recruitee,ecconsultants,2,https://ecconsultants.recruitee.com/,"https://ecconsultants.recruitee.com/api/offers/"
recruitee,ehrenkind,2,https://ehrenkind.recruitee.com/,"https://ehrenkind.recruitee.com/api/offers/"
recruitee,eiseleflugdienstgmbh,2,https://eiseleflugdienstgmbh.recruitee.com/,"https://eiseleflugdienstgmbh.recruitee.com/api/offers/"
recruitee,elanza,2,https://elanza.recruitee.com/,"https://elanza.recruitee.com/api/offers/"
recruitee,elegantresorts,2,https://elegantresorts.recruitee.com/,"https://elegantresorts.recruitee.com/api/offers/"
recruitee,enecoemobility,2,https://enecoemobility.recruitee.com/,"https://enecoemobility.recruitee.com/api/offers/"
recruitee,enspired,2,https://enspired.recruitee.com/,"https://enspired.recruitee.com/api/offers/"
recruitee,etterpartner,2,https://etterpartner.recruitee.com/,"https://etterpartner.recruitee.com/api/offers/"
recruitee,etterundpartner,2,https://etterundpartner.recruitee.com/,"https://etterundpartner.recruitee.com/api/offers/"
recruitee,eversmann,2,https://eversmann.recruitee.com/,"https://eversmann.recruitee.com/api/offers/"
recruitee,evolit,2,https://evolit.recruitee.com/,"https://evolit.recruitee.com/api/offers/"
recruitee,fachstellemobbingundbelastigung,2,https://fachstellemobbingundbelastigung.recruitee.com/,"https://fachstellemobbingundbelastigung.recruitee.com/api/offers/"
recruitee,fashioncloudgmbh,2,https://fashioncloudgmbh.recruitee.com/,"https://fashioncloudgmbh.recruitee.com/api/offers/"
recruitee,fiftyenergy,2,https://fiftyenergy.recruitee.com/,"https://fiftyenergy.recruitee.com/api/offers/"
recruitee,filmmakermarketing,2,https://filmmakermarketing.recruitee.com/,"https://filmmakermarketing.recruitee.com/api/offers/"
recruitee,foleon,2,https://foleon.recruitee.com/,"https://foleon.recruitee.com/api/offers/"
recruitee,francophoniecarrieres,2,https://francophoniecarrieres.recruitee.com/,"https://francophoniecarrieres.recruitee.com/api/offers/"
recruitee,frapak,2,https://frapak.recruitee.com/,"https://frapak.recruitee.com/api/offers/"
recruitee,freshfoodz,2,https://freshfoodz.recruitee.com/,"https://freshfoodz.recruitee.com/api/offers/"
recruitee,gartengold,2,https://gartengold.recruitee.com/,"https://gartengold.recruitee.com/api/offers/"
recruitee,goodrec,2,https://goodrec.recruitee.com/,"https://goodrec.recruitee.com/api/offers/"
recruitee,goodwall,2,https://goodwall.recruitee.com/,"https://goodwall.recruitee.com/api/offers/"
recruitee,gpvchina,2,https://gpvchina.recruitee.com/,"https://gpvchina.recruitee.com/api/offers/"
recruitee,graphcms,2,https://graphcms.recruitee.com/,"https://graphcms.recruitee.com/api/offers/"
recruitee,griesergutackerpartnerschaftmbb,2,https://griesergutackerpartnerschaftmbb.recruitee.com/,"https://griesergutackerpartnerschaftmbb.recruitee.com/api/offers/"
recruitee,gutshausstolpe,2,https://gutshausstolpe.recruitee.com/,"https://gutshausstolpe.recruitee.com/api/offers/"
recruitee,hanabgermany,2,https://hanabgermany.recruitee.com/,"https://hanabgermany.recruitee.com/api/offers/"
recruitee,helmitehdas,2,https://helmitehdas.recruitee.com/,"https://helmitehdas.recruitee.com/api/offers/"
recruitee,hetzner,2,https://hetzner.recruitee.com/,"https://hetzner.recruitee.com/api/offers/"
recruitee,holepunch,2,https://holepunch.recruitee.com/,"https://holepunch.recruitee.com/api/offers/"
recruitee,hotelmunteamstadtwald,2,https://hotelmunteamstadtwald.recruitee.com/,"https://hotelmunteamstadtwald.recruitee.com/api/offers/"
recruitee,hrjobmatcher,2,https://hrjobmatcher.recruitee.com/,"https://hrjobmatcher.recruitee.com/api/offers/"
recruitee,hskschneider,2,https://hskschneider.recruitee.com/,"https://hskschneider.recruitee.com/api/offers/"
recruitee,hygraph,2,https://hygraph.recruitee.com/,"https://hygraph.recruitee.com/api/offers/"
recruitee,ifp,2,https://ifp.recruitee.com/,"https://ifp.recruitee.com/api/offers/"
recruitee,inforsht,2,https://inforsht.recruitee.com/,"https://inforsht.recruitee.com/api/offers/"
recruitee,instruqt,2,https://instruqt.recruitee.com/,"https://instruqt.recruitee.com/api/offers/"
recruitee,interprenet,2,https://interprenet.recruitee.com/,"https://interprenet.recruitee.com/api/offers/"
recruitee,iqifi,2,https://iqifi.recruitee.com/,"https://iqifi.recruitee.com/api/offers/"
recruitee,jafariconsulting,2,https://jafariconsulting.recruitee.com/,"https://jafariconsulting.recruitee.com/api/offers/"
recruitee,jdanielle,2,https://jdanielle.recruitee.com/,"https://jdanielle.recruitee.com/api/offers/"
recruitee,jimmytechnologies,2,https://jimmytechnologies.recruitee.com/,"https://jimmytechnologies.recruitee.com/api/offers/"
recruitee,jobmatchereu,2,https://jobmatchereu.recruitee.com/,"https://jobmatchereu.recruitee.com/api/offers/"
recruitee,jobmatix,2,https://jobmatix.recruitee.com/,"https://jobmatix.recruitee.com/api/offers/"
recruitee,jorgwaldhoffelektroinstallationundservice,2,https://jorgwaldhoffelektroinstallationundservice.recruitee.com/,"https://jorgwaldhoffelektroinstallationundservice.recruitee.com/api/offers/"
recruitee,jumpseller,2,https://jumpseller.recruitee.com/,"https://jumpseller.recruitee.com/api/offers/"
recruitee,juustoporttioy,2,https://juustoporttioy.recruitee.com/,"https://juustoporttioy.recruitee.com/api/offers/"
recruitee,kampfsportakademiechemnitz,2,https://kampfsportakademiechemnitz.recruitee.com/,"https://kampfsportakademiechemnitz.recruitee.com/api/offers/"
recruitee,kandinsky,2,https://kandinsky.recruitee.com/,"https://kandinsky.recruitee.com/api/offers/"
recruitee,kayflygmbh,2,https://kayflygmbh.recruitee.com/,"https://kayflygmbh.recruitee.com/api/offers/"
recruitee,kb,2,https://kb.recruitee.com/,"https://kb.recruitee.com/api/offers/"
recruitee,krila,2,https://krila.recruitee.com/,"https://krila.recruitee.com/api/offers/"
recruitee,labordeearles,2,https://labordeearles.recruitee.com/,"https://labordeearles.recruitee.com/api/offers/"
recruitee,landslidepolitical,2,https://landslidepolitical.recruitee.com/,"https://landslidepolitical.recruitee.com/api/offers/"
recruitee,learnbydoinginc,2,https://learnbydoinginc.recruitee.com/,"https://learnbydoinginc.recruitee.com/api/offers/"
recruitee,legalstudents,2,https://legalstudents.recruitee.com/,"https://legalstudents.recruitee.com/api/offers/"
recruitee,leibleinundkollegen,2,https://leibleinundkollegen.recruitee.com/,"https://leibleinundkollegen.recruitee.com/api/offers/"
recruitee,lernlinkgmbh,2,https://lernlinkgmbh.recruitee.com/,"https://lernlinkgmbh.recruitee.com/api/offers/"
recruitee,livesport,2,https://livesport.recruitee.com/,"https://livesport.recruitee.com/api/offers/"
recruitee,livestorm,2,https://livestorm.recruitee.com/,"https://livestorm.recruitee.com/api/offers/"
recruitee,locusbiosciences,2,https://locusbiosciences.recruitee.com/,"https://locusbiosciences.recruitee.com/api/offers/"
recruitee,logismetropole,2,https://logismetropole.recruitee.com/,"https://logismetropole.recruitee.com/api/offers/"
recruitee,luxlernforderung,2,https://luxlernforderung.recruitee.com/,"https://luxlernforderung.recruitee.com/api/offers/"
recruitee,luzmo,2,https://luzmo.recruitee.com/,"https://luzmo.recruitee.com/api/offers/"
recruitee,maastrichtaachenairport,2,https://maastrichtaachenairport.recruitee.com/,"https://maastrichtaachenairport.recruitee.com/api/offers/"
recruitee,madewithlove,2,https://madewithlove.recruitee.com/,"https://madewithlove.recruitee.com/api/offers/"
recruitee,makeitmatta,2,https://makeitmatta.recruitee.com/,"https://makeitmatta.recruitee.com/api/offers/"
recruitee,makersitegmbh,2,https://makersitegmbh.recruitee.com/,"https://makersitegmbh.recruitee.com/api/offers/"
recruitee,marketingmba,2,https://marketingmba.recruitee.com/,"https://marketingmba.recruitee.com/api/offers/"
recruitee,massimodutti,2,https://massimodutti.recruitee.com/,"https://massimodutti.recruitee.com/api/offers/"
recruitee,masterplan,2,https://masterplan.recruitee.com/,"https://masterplan.recruitee.com/api/offers/"
recruitee,medecinssansfrontiereswaca,2,https://medecinssansfrontiereswaca.recruitee.com/,"https://medecinssansfrontiereswaca.recruitee.com/api/offers/"
recruitee,memberboost,2,https://memberboost.recruitee.com/,"https://memberboost.recruitee.com/api/offers/"
recruitee,mhiecpd,2,https://mhiecpd.recruitee.com/,"https://mhiecpd.recruitee.com/api/offers/"
recruitee,mkggobel,2,https://mkggobel.recruitee.com/,"https://mkggobel.recruitee.com/api/offers/"
recruitee,mkh,2,https://mkh.recruitee.com/,"https://mkh.recruitee.com/api/offers/"
recruitee,moby,2,https://moby.recruitee.com/,"https://moby.recruitee.com/api/offers/"
recruitee,modint,2,https://modint.recruitee.com/,"https://modint.recruitee.com/api/offers/"
recruitee,modulussa,2,https://modulussa.recruitee.com/,"https://modulussa.recruitee.com/api/offers/"
recruitee,molymet,2,https://molymet.recruitee.com/,"https://molymet.recruitee.com/api/offers/"
recruitee,morgananederland,2,https://morgananederland.recruitee.com/,"https://morgananederland.recruitee.com/api/offers/"
recruitee,mudwtr,2,https://mudwtr.recruitee.com/,"https://mudwtr.recruitee.com/api/offers/"
recruitee,mutasvzw,2,https://mutasvzw.recruitee.com/,"https://mutasvzw.recruitee.com/api/offers/"
recruitee,myr,2,https://myr.recruitee.com/,"https://myr.recruitee.com/api/offers/"
recruitee,netbeheernederland,2,https://netbeheernederland.recruitee.com/,"https://netbeheernederland.recruitee.com/api/offers/"
recruitee,newlawbusinessmodel,2,https://newlawbusinessmodel.recruitee.com/,"https://newlawbusinessmodel.recruitee.com/api/offers/"
recruitee,nieuweitbaan,2,https://nieuweitbaan.recruitee.com/,"https://nieuweitbaan.recruitee.com/api/offers/"
recruitee,nikin,2,https://nikin.recruitee.com/,"https://nikin.recruitee.com/api/offers/"
recruitee,noldus,2,https://noldus.recruitee.com/,"https://noldus.recruitee.com/api/offers/"
recruitee,odcakron,2,https://odcakron.recruitee.com/,"https://odcakron.recruitee.com/api/offers/"
recruitee,omrt,2,https://omrt.recruitee.com/,"https://omrt.recruitee.com/api/offers/"
recruitee,omybag,2,https://omybag.recruitee.com/,"https://omybag.recruitee.com/api/offers/"
recruitee,onlinedialogue,2,https://onlinedialogue.recruitee.com/,"https://onlinedialogue.recruitee.com/api/offers/"
recruitee,openclaims,2,https://openclaims.recruitee.com/,"https://openclaims.recruitee.com/api/offers/"
recruitee,opesus,2,https://opesus.recruitee.com/,"https://opesus.recruitee.com/api/offers/"
recruitee,opplebv,2,https://opplebv.recruitee.com/,"https://opplebv.recruitee.com/api/offers/"
recruitee,otsukapharmagmbh,2,https://otsukapharmagmbh.recruitee.com/,"https://otsukapharmagmbh.recruitee.com/api/offers/"
recruitee,outboundoperators,2,https://outboundoperators.recruitee.com/,"https://outboundoperators.recruitee.com/api/offers/"
recruitee,pacifico,2,https://pacifico.recruitee.com/,"https://pacifico.recruitee.com/api/offers/"
recruitee,pbwebmedia,2,https://pbwebmedia.recruitee.com/,"https://pbwebmedia.recruitee.com/api/offers/"
recruitee,pezygroup,2,https://pezygroup.recruitee.com/,"https://pezygroup.recruitee.com/api/offers/"
recruitee,physiotherapievelvichiagmbh,2,https://physiotherapievelvichiagmbh.recruitee.com/,"https://physiotherapievelvichiagmbh.recruitee.com/api/offers/"
recruitee,planatol,2,https://planatol.recruitee.com/,"https://planatol.recruitee.com/api/offers/"
recruitee,podiumvictorie,2,https://podiumvictorie.recruitee.com/,"https://podiumvictorie.recruitee.com/api/offers/"
recruitee,posadmaxwangenerationenergy,2,https://posadmaxwangenerationenergy.recruitee.com/,"https://posadmaxwangenerationenergy.recruitee.com/api/offers/"
recruitee,prosypackaginggmbh,2,https://prosypackaginggmbh.recruitee.com/,"https://prosypackaginggmbh.recruitee.com/api/offers/"
recruitee,prozenda,2,https://prozenda.recruitee.com/,"https://prozenda.recruitee.com/api/offers/"
recruitee,pysae,2,https://pysae.recruitee.com/,"https://pysae.recruitee.com/api/offers/"
recruitee,qfc,2,https://qfc.recruitee.com/,"https://qfc.recruitee.com/api/offers/"
recruitee,quinaptis,2,https://quinaptis.recruitee.com/,"https://quinaptis.recruitee.com/api/offers/"
recruitee,recruitaero,2,https://recruitaero.recruitee.com/,"https://recruitaero.recruitee.com/api/offers/"
recruitee,rentalgroup,2,https://rentalgroup.recruitee.com/,"https://rentalgroup.recruitee.com/api/offers/"
recruitee,rockcitylogistics,2,https://rockcitylogistics.recruitee.com/,"https://rockcitylogistics.recruitee.com/api/offers/"
recruitee,roxhealth,2,https://roxhealth.recruitee.com/,"https://roxhealth.recruitee.com/api/offers/"
recruitee,rvsclean,2,https://rvsclean.recruitee.com/,"https://rvsclean.recruitee.com/api/offers/"
recruitee,salmanamedicalbeautygmbh,2,https://salmanamedicalbeautygmbh.recruitee.com/,"https://salmanamedicalbeautygmbh.recruitee.com/api/offers/"
recruitee,saltsquare,2,https://saltsquare.recruitee.com/,"https://saltsquare.recruitee.com/api/offers/"
recruitee,schmalenberg,2,https://schmalenberg.recruitee.com/,"https://schmalenberg.recruitee.com/api/offers/"
recruitee,scrumventures,2,https://scrumventures.recruitee.com/,"https://scrumventures.recruitee.com/api/offers/"
recruitee,sellsy,2,https://sellsy.recruitee.com/,"https://sellsy.recruitee.com/api/offers/"
recruitee,share,2,https://share.recruitee.com/,"https://share.recruitee.com/api/offers/"
recruitee,sharecompany1,2,https://sharecompany1.recruitee.com/,"https://sharecompany1.recruitee.com/api/offers/"
recruitee,sharecompanygroup,2,https://sharecompanygroup.recruitee.com/,"https://sharecompanygroup.recruitee.com/api/offers/"
recruitee,shawarmaguys,2,https://shawarmaguys.recruitee.com/,"https://shawarmaguys.recruitee.com/api/offers/"
recruitee,shipitmultimodallogistics,2,https://shipitmultimodallogistics.recruitee.com/,"https://shipitmultimodallogistics.recruitee.com/api/offers/"
recruitee,shortpoint,2,https://shortpoint.recruitee.com/,"https://shortpoint.recruitee.com/api/offers/"
recruitee,sichtbarerwerden,2,https://sichtbarerwerden.recruitee.com/,"https://sichtbarerwerden.recruitee.com/api/offers/"
recruitee,silicolife,2,https://silicolife.recruitee.com/,"https://silicolife.recruitee.com/api/offers/"
recruitee,sini,2,https://sini.recruitee.com/,"https://sini.recruitee.com/api/offers/"
recruitee,siwaresystems,2,https://siwaresystems.recruitee.com/,"https://siwaresystems.recruitee.com/api/offers/"
recruitee,skgroup,2,https://skgroup.recruitee.com/,"https://skgroup.recruitee.com/api/offers/"
recruitee,solease,2,https://solease.recruitee.com/,"https://solease.recruitee.com/api/offers/"
recruitee,spardex,2,https://spardex.recruitee.com/,"https://spardex.recruitee.com/api/offers/"
recruitee,spocket,2,https://spocket.recruitee.com/,"https://spocket.recruitee.com/api/offers/"
recruitee,spsschaltanlagentechnik,2,https://spsschaltanlagentechnik.recruitee.com/,"https://spsschaltanlagentechnik.recruitee.com/api/offers/"
recruitee,squeezestudio,2,https://squeezestudio.recruitee.com/,"https://squeezestudio.recruitee.com/api/offers/"
recruitee,srsaudit,2,https://srsaudit.recruitee.com/,"https://srsaudit.recruitee.com/api/offers/"
recruitee,straiv,2,https://straiv.recruitee.com/,"https://straiv.recruitee.com/api/offers/"
recruitee,strix1,2,https://strix1.recruitee.com/,"https://strix1.recruitee.com/api/offers/"
recruitee,studentworks,2,https://studentworks.recruitee.com/,"https://studentworks.recruitee.com/api/offers/"
recruitee,sulavaoy,2,https://sulavaoy.recruitee.com/,"https://sulavaoy.recruitee.com/api/offers/"
recruitee,swisschange,2,https://swisschange.recruitee.com/,"https://swisschange.recruitee.com/api/offers/"
recruitee,talk360,2,https://talk360.recruitee.com/,"https://talk360.recruitee.com/api/offers/"
recruitee,theoutsourcepro,2,https://theoutsourcepro.recruitee.com/,"https://theoutsourcepro.recruitee.com/api/offers/"
recruitee,thyssenkruppstairlifts,2,https://thyssenkruppstairlifts.recruitee.com/,"https://thyssenkruppstairlifts.recruitee.com/api/offers/"
recruitee,tkhomesolutions,2,https://tkhomesolutions.recruitee.com/,"https://tkhomesolutions.recruitee.com/api/offers/"
recruitee,toppy,2,https://toppy.recruitee.com/,"https://toppy.recruitee.com/api/offers/"
recruitee,trafineo,2,https://trafineo.recruitee.com/,"https://trafineo.recruitee.com/api/offers/"
recruitee,transferz,2,https://transferz.recruitee.com/,"https://transferz.recruitee.com/api/offers/"
recruitee,trimit,2,https://trimit.recruitee.com/,"https://trimit.recruitee.com/api/offers/"
recruitee,trustero,2,https://trustero.recruitee.com/,"https://trustero.recruitee.com/api/offers/"
recruitee,trustfactory,2,https://trustfactory.recruitee.com/,"https://trustfactory.recruitee.com/api/offers/"
recruitee,unwatch,2,https://unwatch.recruitee.com/,"https://unwatch.recruitee.com/api/offers/"
recruitee,utc,2,https://utc.recruitee.com/,"https://utc.recruitee.com/api/offers/"
recruitee,value5,2,https://value5.recruitee.com/,"https://value5.recruitee.com/api/offers/"
recruitee,vandelanotte,2,https://vandelanotte.recruitee.com/,"https://vandelanotte.recruitee.com/api/offers/"
recruitee,vandervalkamsterdam,2,https://vandervalkamsterdam.recruitee.com/,"https://vandervalkamsterdam.recruitee.com/api/offers/"
recruitee,viaamsterdam,2,https://viaamsterdam.recruitee.com/,"https://viaamsterdam.recruitee.com/api/offers/"
recruitee,viepeople,2,https://viepeople.recruitee.com/,"https://viepeople.recruitee.com/api/offers/"
recruitee,viryah2,2,https://viryah2.recruitee.com/,"https://viryah2.recruitee.com/api/offers/"
recruitee,vsparticle,2,https://vsparticle.recruitee.com/,"https://vsparticle.recruitee.com/api/offers/"
recruitee,wearebit,2,https://wearebit.recruitee.com/,"https://wearebit.recruitee.com/api/offers/"
recruitee,wereldvanvermaat,2,https://wereldvanvermaat.recruitee.com/,"https://wereldvanvermaat.recruitee.com/api/offers/"
recruitee,werkenbijp1amsterdam,2,https://werkenbijp1amsterdam.recruitee.com/,"https://werkenbijp1amsterdam.recruitee.com/api/offers/"
recruitee,wesoftyou2,2,https://wesoftyou2.recruitee.com/,"https://wesoftyou2.recruitee.com/api/offers/"
recruitee,wiiw,2,https://wiiw.recruitee.com/,"https://wiiw.recruitee.com/api/offers/"
recruitee,wonderkind,2,https://wonderkind.recruitee.com/,"https://wonderkind.recruitee.com/api/offers/"
recruitee,xneelo,2,https://xneelo.recruitee.com/,"https://xneelo.recruitee.com/api/offers/"
recruitee,zensai,2,https://zensai.recruitee.com/,"https://zensai.recruitee.com/api/offers/"
recruitee,zerofy,2,https://zerofy.recruitee.com/,"https://zerofy.recruitee.com/api/offers/"
recruitee,ziflow,2,https://ziflow.recruitee.com/,"https://ziflow.recruitee.com/api/offers/"
recruitee,zilverzorg,2,https://zilverzorg.recruitee.com/,"https://zilverzorg.recruitee.com/api/offers/"
recruitee,2cnnct,1,https://2cnnct.recruitee.com/,"https://2cnnct.recruitee.com/api/offers/"
recruitee,abracadabra,1,https://abracadabra.recruitee.com/,"https://abracadabra.recruitee.com/api/offers/"
recruitee,acadoro,1,https://acadoro.recruitee.com/,"https://acadoro.recruitee.com/api/offers/"
recruitee,adhese,1,https://adhese.recruitee.com/,"https://adhese.recruitee.com/api/offers/"
recruitee,affideagroup,1,https://affideagroup.recruitee.com/,"https://affideagroup.recruitee.com/api/offers/"
recruitee,agcofsd,1,https://agcofsd.recruitee.com/,"https://agcofsd.recruitee.com/api/offers/"
recruitee,aiirinnovationsbv,1,https://aiirinnovationsbv.recruitee.com/,"https://aiirinnovationsbv.recruitee.com/api/offers/"
recruitee,akademikernasakassa,1,https://akademikernasakassa.recruitee.com/,"https://akademikernasakassa.recruitee.com/api/offers/"
recruitee,allchiefs,1,https://allchiefs.recruitee.com/,"https://allchiefs.recruitee.com/api/offers/"
recruitee,allright,1,https://allright.recruitee.com/,"https://allright.recruitee.com/api/offers/"
recruitee,ambient,1,https://ambient.recruitee.com/,"https://ambient.recruitee.com/api/offers/"
recruitee,amperecloud,1,https://amperecloud.recruitee.com/,"https://amperecloud.recruitee.com/api/offers/"
recruitee,andersrecruitmentservices,1,https://andersrecruitmentservices.recruitee.com/,"https://andersrecruitmentservices.recruitee.com/api/offers/"
recruitee,apolloventures,1,https://apolloventures.recruitee.com/,"https://apolloventures.recruitee.com/api/offers/"
recruitee,applus,1,https://applus.recruitee.com/,"https://applus.recruitee.com/api/offers/"
recruitee,applusrtd,1,https://applusrtd.recruitee.com/,"https://applusrtd.recruitee.com/api/offers/"
recruitee,arcenergie,1,https://arcenergie.recruitee.com/,"https://arcenergie.recruitee.com/api/offers/"
recruitee,archipelacademybv2,1,https://archipelacademybv2.recruitee.com/,"https://archipelacademybv2.recruitee.com/api/offers/"
recruitee,arntzvanhelden,1,https://arntzvanhelden.recruitee.com/,"https://arntzvanhelden.recruitee.com/api/offers/"
recruitee,artificieelbv,1,https://artificieelbv.recruitee.com/,"https://artificieelbv.recruitee.com/api/offers/"
recruitee,ascensionisland,1,https://ascensionisland.recruitee.com/,"https://ascensionisland.recruitee.com/api/offers/"
recruitee,askdante,1,https://askdante.recruitee.com/,"https://askdante.recruitee.com/api/offers/"
recruitee,astontec,1,https://astontec.recruitee.com/,"https://astontec.recruitee.com/api/offers/"
recruitee,atostek,1,https://atostek.recruitee.com/,"https://atostek.recruitee.com/api/offers/"
recruitee,avantarte,1,https://avantarte.recruitee.com/,"https://avantarte.recruitee.com/api/offers/"
recruitee,azm,1,https://azm.recruitee.com/,"https://azm.recruitee.com/api/offers/"
recruitee,bacher,1,https://bacher.recruitee.com/,"https://bacher.recruitee.com/api/offers/"
recruitee,bapmedical,1,https://bapmedical.recruitee.com/,"https://bapmedical.recruitee.com/api/offers/"
recruitee,beetrootag,1,https://beetrootag.recruitee.com/,"https://beetrootag.recruitee.com/api/offers/"
recruitee,benqeuropebv,1,https://benqeuropebv.recruitee.com/,"https://benqeuropebv.recruitee.com/api/offers/"
recruitee,bettyblocks,1,https://bettyblocks.recruitee.com/,"https://bettyblocks.recruitee.com/api/offers/"
recruitee,bindinc,1,https://bindinc.recruitee.com/,"https://bindinc.recruitee.com/api/offers/"
recruitee,bkr,1,https://bkr.recruitee.com/,"https://bkr.recruitee.com/api/offers/"
recruitee,blackpropeller,1,https://blackpropeller.recruitee.com/,"https://blackpropeller.recruitee.com/api/offers/"
recruitee,blueye,1,https://blueye.recruitee.com/,"https://blueye.recruitee.com/api/offers/"
recruitee,boschmanadvancedpackagingtechnology,1,https://boschmanadvancedpackagingtechnology.recruitee.com/,"https://boschmanadvancedpackagingtechnology.recruitee.com/api/offers/"
recruitee,brainportdevelopment,1,https://brainportdevelopment.recruitee.com/,"https://brainportdevelopment.recruitee.com/api/offers/"
recruitee,brandanenterprisesinc,1,https://brandanenterprisesinc.recruitee.com/,"https://brandanenterprisesinc.recruitee.com/api/offers/"
recruitee,bwasteuerberatungsgesellschaftpartgmbb,1,https://bwasteuerberatungsgesellschaftpartgmbb.recruitee.com/,"https://bwasteuerberatungsgesellschaftpartgmbb.recruitee.com/api/offers/"
recruitee,camasit,1,https://camasit.recruitee.com/,"https://camasit.recruitee.com/api/offers/"
recruitee,carano,1,https://carano.recruitee.com/,"https://carano.recruitee.com/api/offers/"
recruitee,careerbluerocktms,1,https://careerbluerocktms.recruitee.com/,"https://careerbluerocktms.recruitee.com/api/offers/"
recruitee,cbsamericainc,1,https://cbsamericainc.recruitee.com/,"https://cbsamericainc.recruitee.com/api/offers/"
recruitee,chargerhelp,1,https://chargerhelp.recruitee.com/,"https://chargerhelp.recruitee.com/api/offers/"
recruitee,citizensadvicescotland,1,https://citizensadvicescotland.recruitee.com/,"https://citizensadvicescotland.recruitee.com/api/offers/"
recruitee,clario,1,https://clario.recruitee.com/,"https://clario.recruitee.com/api/offers/"
recruitee,codetribe,1,https://codetribe.recruitee.com/,"https://codetribe.recruitee.com/api/offers/"
recruitee,confocal,1,https://confocal.recruitee.com/,"https://confocal.recruitee.com/api/offers/"
recruitee,conlab,1,https://conlab.recruitee.com/,"https://conlab.recruitee.com/api/offers/"
recruitee,copenhagenmalmoport,1,https://copenhagenmalmoport.recruitee.com/,"https://copenhagenmalmoport.recruitee.com/api/offers/"
recruitee,cpc,1,https://cpc.recruitee.com/,"https://cpc.recruitee.com/api/offers/"
recruitee,creandum,1,https://creandum.recruitee.com/,"https://creandum.recruitee.com/api/offers/"
recruitee,crowdsec,1,https://crowdsec.recruitee.com/,"https://crowdsec.recruitee.com/api/offers/"
recruitee,cta,1,https://cta.recruitee.com/,"https://cta.recruitee.com/api/offers/"
recruitee,cticc,1,https://cticc.recruitee.com/,"https://cticc.recruitee.com/api/offers/"
recruitee,cvchargingeurope,1,https://cvchargingeurope.recruitee.com/,"https://cvchargingeurope.recruitee.com/api/offers/"
recruitee,databauluebeck,1,https://databauluebeck.recruitee.com/,"https://databauluebeck.recruitee.com/api/offers/"
recruitee,destinationsport,1,https://destinationsport.recruitee.com/,"https://destinationsport.recruitee.com/api/offers/"
recruitee,devgrid,1,https://devgrid.recruitee.com/,"https://devgrid.recruitee.com/api/offers/"
recruitee,dezoncorporatie,1,https://dezoncorporatie.recruitee.com/,"https://dezoncorporatie.recruitee.com/api/offers/"
recruitee,diakoniewuppertal,1,https://diakoniewuppertal.recruitee.com/,"https://diakoniewuppertal.recruitee.com/api/offers/"
recruitee,digitaldna,1,https://digitaldna.recruitee.com/,"https://digitaldna.recruitee.com/api/offers/"
recruitee,distaoy,1,https://distaoy.recruitee.com/,"https://distaoy.recruitee.com/api/offers/"
recruitee,drmayerconsulting,1,https://drmayerconsulting.recruitee.com/,"https://drmayerconsulting.recruitee.com/api/offers/"
recruitee,dropsolid,1,https://dropsolid.recruitee.com/,"https://dropsolid.recruitee.com/api/offers/"
recruitee,dsee,1,https://dsee.recruitee.com/,"https://dsee.recruitee.com/api/offers/"
recruitee,eal,1,https://eal.recruitee.com/,"https://eal.recruitee.com/api/offers/"
recruitee,earlyalpineacademy,1,https://earlyalpineacademy.recruitee.com/,"https://earlyalpineacademy.recruitee.com/api/offers/"
recruitee,elancite,1,https://elancite.recruitee.com/,"https://elancite.recruitee.com/api/offers/"
recruitee,eleken,1,https://eleken.recruitee.com/,"https://eleken.recruitee.com/api/offers/"
recruitee,encompasseventgroup,1,https://encompasseventgroup.recruitee.com/,"https://encompasseventgroup.recruitee.com/api/offers/"
recruitee,endriswagnerundkollegengbr,1,https://endriswagnerundkollegengbr.recruitee.com/,"https://endriswagnerundkollegengbr.recruitee.com/api/offers/"
recruitee,energyagency,1,https://energyagency.recruitee.com/,"https://energyagency.recruitee.com/api/offers/"
recruitee,energyhouse,1,https://energyhouse.recruitee.com/,"https://energyhouse.recruitee.com/api/offers/"
recruitee,enovatestpage,1,https://enovatestpage.recruitee.com/,"https://enovatestpage.recruitee.com/api/offers/"
recruitee,esns,1,https://esns.recruitee.com/,"https://esns.recruitee.com/api/offers/"
recruitee,eurail,1,https://eurail.recruitee.com/,"https://eurail.recruitee.com/api/offers/"
recruitee,exclamationlabs,1,https://exclamationlabs.recruitee.com/,"https://exclamationlabs.recruitee.com/api/offers/"
recruitee,expertisebureaurisicobeheer,1,https://expertisebureaurisicobeheer.recruitee.com/,"https://expertisebureaurisicobeheer.recruitee.com/api/offers/"
recruitee,fab4minds,1,https://fab4minds.recruitee.com/,"https://fab4minds.recruitee.com/api/offers/"
recruitee,federationfrancaisedathletisme,1,https://federationfrancaisedathletisme.recruitee.com/,"https://federationfrancaisedathletisme.recruitee.com/api/offers/"
recruitee,flymya,1,https://flymya.recruitee.com/,"https://flymya.recruitee.com/api/offers/"
recruitee,fonhr,1,https://fonhr.recruitee.com/,"https://fonhr.recruitee.com/api/offers/"
recruitee,framcareers,1,https://framcareers.recruitee.com/,"https://framcareers.recruitee.com/api/offers/"
recruitee,fulcrum,1,https://fulcrum.recruitee.com/,"https://fulcrum.recruitee.com/api/offers/"
recruitee,funxtion,1,https://funxtion.recruitee.com/,"https://funxtion.recruitee.com/api/offers/"
recruitee,futureworks,1,https://futureworks.recruitee.com/,"https://futureworks.recruitee.com/api/offers/"
recruitee,gbmworks,1,https://gbmworks.recruitee.com/,"https://gbmworks.recruitee.com/api/offers/"
recruitee,gcbiotech,1,https://gcbiotech.recruitee.com/,"https://gcbiotech.recruitee.com/api/offers/"
recruitee,genelec1,1,https://genelec1.recruitee.com/,"https://genelec1.recruitee.com/api/offers/"
recruitee,gerimedica,1,https://gerimedica.recruitee.com/,"https://gerimedica.recruitee.com/api/offers/"
recruitee,gglgroupe,1,https://gglgroupe.recruitee.com/,"https://gglgroupe.recruitee.com/api/offers/"
recruitee,gomedgmbh,1,https://gomedgmbh.recruitee.com/,"https://gomedgmbh.recruitee.com/api/offers/"
recruitee,gpvfinland,1,https://gpvfinland.recruitee.com/,"https://gpvfinland.recruitee.com/api/offers/"
recruitee,gpvthailand,1,https://gpvthailand.recruitee.com/,"https://gpvthailand.recruitee.com/api/offers/"
recruitee,grb,1,https://grb.recruitee.com/,"https://grb.recruitee.com/api/offers/"
recruitee,greenelectrics,1,https://greenelectrics.recruitee.com/,"https://greenelectrics.recruitee.com/api/offers/"
recruitee,gremco,1,https://gremco.recruitee.com/,"https://gremco.recruitee.com/api/offers/"
recruitee,gridscale,1,https://gridscale.recruitee.com/,"https://gridscale.recruitee.com/api/offers/"
recruitee,gro,1,https://gro.recruitee.com/,"https://gro.recruitee.com/api/offers/"
recruitee,growprogress,1,https://growprogress.recruitee.com/,"https://growprogress.recruitee.com/api/offers/"
recruitee,gtowizard,1,https://gtowizard.recruitee.com/,"https://gtowizard.recruitee.com/api/offers/"
recruitee,happeo,1,https://happeo.recruitee.com/,"https://happeo.recruitee.com/api/offers/"
recruitee,healthcarerecruiting,1,https://healthcarerecruiting.recruitee.com/,"https://healthcarerecruiting.recruitee.com/api/offers/"
recruitee,healthiergeneration,1,https://healthiergeneration.recruitee.com/,"https://healthiergeneration.recruitee.com/api/offers/"
recruitee,heinemannaustriagmbh,1,https://heinemannaustriagmbh.recruitee.com/,"https://heinemannaustriagmbh.recruitee.com/api/offers/"
recruitee,hopkinsarchitects,1,https://hopkinsarchitects.recruitee.com/,"https://hopkinsarchitects.recruitee.com/api/offers/"
recruitee,hotelchamp,1,https://hotelchamp.recruitee.com/,"https://hotelchamp.recruitee.com/api/offers/"
recruitee,hotelnijmegen,1,https://hotelnijmegen.recruitee.com/,"https://hotelnijmegen.recruitee.com/api/offers/"
recruitee,hotelselys,1,https://hotelselys.recruitee.com/,"https://hotelselys.recruitee.com/api/offers/"
recruitee,humandesigngroup,1,https://humandesigngroup.recruitee.com/,"https://humandesigngroup.recruitee.com/api/offers/"
recruitee,hyble,1,https://hyble.recruitee.com/,"https://hyble.recruitee.com/api/offers/"
recruitee,hyujki,1,https://hyujki.recruitee.com/,"https://hyujki.recruitee.com/api/offers/"
recruitee,ichoosr,1,https://ichoosr.recruitee.com/,"https://ichoosr.recruitee.com/api/offers/"
recruitee,immersionspzoo,1,https://immersionspzoo.recruitee.com/,"https://immersionspzoo.recruitee.com/api/offers/"
recruitee,incentivio,1,https://incentivio.recruitee.com/,"https://incentivio.recruitee.com/api/offers/"
recruitee,infinitaslearning1,1,https://infinitaslearning1.recruitee.com/,"https://infinitaslearning1.recruitee.com/api/offers/"
recruitee,innovationseven,1,https://innovationseven.recruitee.com/,"https://innovationseven.recruitee.com/api/offers/"
recruitee,instahelp,1,https://instahelp.recruitee.com/,"https://instahelp.recruitee.com/api/offers/"
recruitee,intersnackprocurement,1,https://intersnackprocurement.recruitee.com/,"https://intersnackprocurement.recruitee.com/api/offers/"
recruitee,isdglobal,1,https://isdglobal.recruitee.com/,"https://isdglobal.recruitee.com/api/offers/"
recruitee,iwe,1,https://iwe.recruitee.com/,"https://iwe.recruitee.com/api/offers/"
recruitee,janegoodall,1,https://janegoodall.recruitee.com/,"https://janegoodall.recruitee.com/api/offers/"
recruitee,jetrails,1,https://jetrails.recruitee.com/,"https://jetrails.recruitee.com/api/offers/"
recruitee,jobtome,1,https://jobtome.recruitee.com/,"https://jobtome.recruitee.com/api/offers/"
recruitee,johancruyfffoundation,1,https://johancruyfffoundation.recruitee.com/,"https://johancruyfffoundation.recruitee.com/api/offers/"
recruitee,junttanoy,1,https://junttanoy.recruitee.com/,"https://junttanoy.recruitee.com/api/offers/"
recruitee,kalibrate,1,https://kalibrate.recruitee.com/,"https://kalibrate.recruitee.com/api/offers/"
recruitee,kasprowicz,1,https://kasprowicz.recruitee.com/,"https://kasprowicz.recruitee.com/api/offers/"
recruitee,kaupunkiliikenne,1,https://kaupunkiliikenne.recruitee.com/,"https://kaupunkiliikenne.recruitee.com/api/offers/"
recruitee,kayrros1,1,https://kayrros1.recruitee.com/,"https://kayrros1.recruitee.com/api/offers/"
recruitee,kinderkompass24gmbh,1,https://kinderkompass24gmbh.recruitee.com/,"https://kinderkompass24gmbh.recruitee.com/api/offers/"
recruitee,kivork,1,https://kivork.recruitee.com/,"https://kivork.recruitee.com/api/offers/"
recruitee,kolbkarriere,1,https://kolbkarriere.recruitee.com/,"https://kolbkarriere.recruitee.com/api/offers/"
recruitee,kolpingkita,1,https://kolpingkita.recruitee.com/,"https://kolpingkita.recruitee.com/api/offers/"
recruitee,krahlverladesystemegmbh,1,https://krahlverladesystemegmbh.recruitee.com/,"https://krahlverladesystemegmbh.recruitee.com/api/offers/"
recruitee,kriegonline,1,https://kriegonline.recruitee.com/,"https://kriegonline.recruitee.com/api/offers/"
recruitee,lagarderetravelretail,1,https://lagarderetravelretail.recruitee.com/,"https://lagarderetravelretail.recruitee.com/api/offers/"
recruitee,leeruniek,1,https://leeruniek.recruitee.com/,"https://leeruniek.recruitee.com/api/offers/"
recruitee,lichtblickemobility,1,https://lichtblickemobility.recruitee.com/,"https://lichtblickemobility.recruitee.com/api/offers/"
recruitee,limeflight,1,https://limeflight.recruitee.com/,"https://limeflight.recruitee.com/api/offers/"
recruitee,lindemannmetalrecycling,1,https://lindemannmetalrecycling.recruitee.com/,"https://lindemannmetalrecycling.recruitee.com/api/offers/"
recruitee,ltn,1,https://ltn.recruitee.com/,"https://ltn.recruitee.com/api/offers/"
recruitee,lucidgames,1,https://lucidgames.recruitee.com/,"https://lucidgames.recruitee.com/api/offers/"
recruitee,lvhglobal,1,https://lvhglobal.recruitee.com/,"https://lvhglobal.recruitee.com/api/offers/"
recruitee,markmi,1,https://markmi.recruitee.com/,"https://markmi.recruitee.com/api/offers/"
recruitee,maschinenraum,1,https://maschinenraum.recruitee.com/,"https://maschinenraum.recruitee.com/api/offers/"
recruitee,massimogelato,1,https://massimogelato.recruitee.com/,"https://massimogelato.recruitee.com/api/offers/"
recruitee,masterenglish,1,https://masterenglish.recruitee.com/,"https://masterenglish.recruitee.com/api/offers/"
recruitee,medactafrance,1,https://medactafrance.recruitee.com/,"https://medactafrance.recruitee.com/api/offers/"
recruitee,meiarchitectsplanners,1,https://meiarchitectsplanners.recruitee.com/,"https://meiarchitectsplanners.recruitee.com/api/offers/"
recruitee,meltandmarble,1,https://meltandmarble.recruitee.com/,"https://meltandmarble.recruitee.com/api/offers/"
recruitee,memberspotgmbh,1,https://memberspotgmbh.recruitee.com/,"https://memberspotgmbh.recruitee.com/api/offers/"
recruitee,mesoneerag,1,https://mesoneerag.recruitee.com/,"https://mesoneerag.recruitee.com/api/offers/"
recruitee,milence,1,https://milence.recruitee.com/,"https://milence.recruitee.com/api/offers/"
recruitee,mindbeat,1,https://mindbeat.recruitee.com/,"https://mindbeat.recruitee.com/api/offers/"
recruitee,mindmultiplan,1,https://mindmultiplan.recruitee.com/,"https://mindmultiplan.recruitee.com/api/offers/"
recruitee,mobietrain,1,https://mobietrain.recruitee.com/,"https://mobietrain.recruitee.com/api/offers/"
recruitee,mobilexpense,1,https://mobilexpense.recruitee.com/,"https://mobilexpense.recruitee.com/api/offers/"
recruitee,moju,1,https://moju.recruitee.com/,"https://moju.recruitee.com/api/offers/"
recruitee,mrpjobs,1,https://mrpjobs.recruitee.com/,"https://mrpjobs.recruitee.com/api/offers/"
recruitee,multitankcard,1,https://multitankcard.recruitee.com/,"https://multitankcard.recruitee.com/api/offers/"
recruitee,munevo,1,https://munevo.recruitee.com/,"https://munevo.recruitee.com/api/offers/"
recruitee,naostalents,1,https://naostalents.recruitee.com/,"https://naostalents.recruitee.com/api/offers/"
recruitee,negativdesign,1,https://negativdesign.recruitee.com/,"https://negativdesign.recruitee.com/api/offers/"
recruitee,nencofoodgroup,1,https://nencofoodgroup.recruitee.com/,"https://nencofoodgroup.recruitee.com/api/offers/"
recruitee,nepgermany,1,https://nepgermany.recruitee.com/,"https://nepgermany.recruitee.com/api/offers/"
recruitee,netzbest,1,https://netzbest.recruitee.com/,"https://netzbest.recruitee.com/api/offers/"
recruitee,nictiz,1,https://nictiz.recruitee.com/,"https://nictiz.recruitee.com/api/offers/"
recruitee,noordveluwsarchief,1,https://noordveluwsarchief.recruitee.com/,"https://noordveluwsarchief.recruitee.com/api/offers/"
recruitee,nordsonne,1,https://nordsonne.recruitee.com/,"https://nordsonne.recruitee.com/api/offers/"
recruitee,normecgroup,1,https://normecgroup.recruitee.com/,"https://normecgroup.recruitee.com/api/offers/"
recruitee,normectalentpool,1,https://normectalentpool.recruitee.com/,"https://normectalentpool.recruitee.com/api/offers/"
recruitee,novakidteachers,1,https://novakidteachers.recruitee.com/,"https://novakidteachers.recruitee.com/api/offers/"
recruitee,novasphere,1,https://novasphere.recruitee.com/,"https://novasphere.recruitee.com/api/offers/"
recruitee,nowatch,1,https://nowatch.recruitee.com/,"https://nowatch.recruitee.com/api/offers/"
recruitee,nthermllc,1,https://nthermllc.recruitee.com/,"https://nthermllc.recruitee.com/api/offers/"
recruitee,nwbbank,1,https://nwbbank.recruitee.com/,"https://nwbbank.recruitee.com/api/offers/"
recruitee,odysseyschoolofdenver,1,https://odysseyschoolofdenver.recruitee.com/,"https://odysseyschoolofdenver.recruitee.com/api/offers/"
recruitee,oeadstudenthousing,1,https://oeadstudenthousing.recruitee.com/,"https://oeadstudenthousing.recruitee.com/api/offers/"
recruitee,oerol,1,https://oerol.recruitee.com/,"https://oerol.recruitee.com/api/offers/"
recruitee,onramper,1,https://onramper.recruitee.com/,"https://onramper.recruitee.com/api/offers/"
recruitee,onyxonsite,1,https://onyxonsite.recruitee.com/,"https://onyxonsite.recruitee.com/api/offers/"
recruitee,optiweb,1,https://optiweb.recruitee.com/,"https://optiweb.recruitee.com/api/offers/"
recruitee,p1group,1,https://p1group.recruitee.com/,"https://p1group.recruitee.com/api/offers/"
recruitee,p1travel,1,https://p1travel.recruitee.com/,"https://p1travel.recruitee.com/api/offers/"
recruitee,paiqo,1,https://paiqo.recruitee.com/,"https://paiqo.recruitee.com/api/offers/"
recruitee,passaderbackhaus,1,https://passaderbackhaus.recruitee.com/,"https://passaderbackhaus.recruitee.com/api/offers/"
recruitee,passionfroot,1,https://passionfroot.recruitee.com/,"https://passionfroot.recruitee.com/api/offers/"
recruitee,patriarcadeveloppement,1,https://patriarcadeveloppement.recruitee.com/,"https://patriarcadeveloppement.recruitee.com/api/offers/"
recruitee,pegime,1,https://pegime.recruitee.com/,"https://pegime.recruitee.com/api/offers/"
recruitee,pexin,1,https://pexin.recruitee.com/,"https://pexin.recruitee.com/api/offers/"
recruitee,pickfu,1,https://pickfu.recruitee.com/,"https://pickfu.recruitee.com/api/offers/"
recruitee,pixelmechanics,1,https://pixelmechanics.recruitee.com/,"https://pixelmechanics.recruitee.com/api/offers/"
recruitee,pixelpool,1,https://pixelpool.recruitee.com/,"https://pixelpool.recruitee.com/api/offers/"
recruitee,playtestcloud,1,https://playtestcloud.recruitee.com/,"https://playtestcloud.recruitee.com/api/offers/"
recruitee,power2x,1,https://power2x.recruitee.com/,"https://power2x.recruitee.com/api/offers/"
recruitee,prenosis,1,https://prenosis.recruitee.com/,"https://prenosis.recruitee.com/api/offers/"
recruitee,procurementexpresscom,1,https://procurementexpresscom.recruitee.com/,"https://procurementexpresscom.recruitee.com/api/offers/"
recruitee,progressionit,1,https://progressionit.recruitee.com/,"https://progressionit.recruitee.com/api/offers/"
recruitee,propz,1,https://propz.recruitee.com/,"https://propz.recruitee.com/api/offers/"
recruitee,protestantstheologischeuniversiteit,1,https://protestantstheologischeuniversiteit.recruitee.com/,"https://protestantstheologischeuniversiteit.recruitee.com/api/offers/"
recruitee,provisioniam,1,https://provisioniam.recruitee.com/,"https://provisioniam.recruitee.com/api/offers/"
recruitee,psaprofessional,1,https://psaprofessional.recruitee.com/,"https://psaprofessional.recruitee.com/api/offers/"
recruitee,purazell,1,https://purazell.recruitee.com/,"https://purazell.recruitee.com/api/offers/"
recruitee,qawafel,1,https://qawafel.recruitee.com/,"https://qawafel.recruitee.com/api/offers/"
recruitee,randoripro,1,https://randoripro.recruitee.com/,"https://randoripro.recruitee.com/api/offers/"
recruitee,rareparts,1,https://rareparts.recruitee.com/,"https://rareparts.recruitee.com/api/offers/"
recruitee,rebs,1,https://rebs.recruitee.com/,"https://rebs.recruitee.com/api/offers/"
recruitee,reshift,1,https://reshift.recruitee.com/,"https://reshift.recruitee.com/api/offers/"
recruitee,retailsolutions,1,https://retailsolutions.recruitee.com/,"https://retailsolutions.recruitee.com/api/offers/"
recruitee,roamlercareers,1,https://roamlercareers.recruitee.com/,"https://roamlercareers.recruitee.com/api/offers/"
recruitee,rockencantechcarreiras,1,https://rockencantechcarreiras.recruitee.com/,"https://rockencantechcarreiras.recruitee.com/api/offers/"
recruitee,rockstarexecs,1,https://rockstarexecs.recruitee.com/,"https://rockstarexecs.recruitee.com/api/offers/"
recruitee,rpa,1,https://rpa.recruitee.com/,"https://rpa.recruitee.com/api/offers/"
recruitee,sanfrancisco,1,https://sanfrancisco.recruitee.com/,"https://sanfrancisco.recruitee.com/api/offers/"
recruitee,sanitaereledelmann,1,https://sanitaereledelmann.recruitee.com/,"https://sanitaereledelmann.recruitee.com/api/offers/"
recruitee,saphe,1,https://saphe.recruitee.com/,"https://saphe.recruitee.com/api/offers/"
recruitee,sardibv,1,https://sardibv.recruitee.com/,"https://sardibv.recruitee.com/api/offers/"
recruitee,schliebach,1,https://schliebach.recruitee.com/,"https://schliebach.recruitee.com/api/offers/"
recruitee,scrappbook,1,https://scrappbook.recruitee.com/,"https://scrappbook.recruitee.com/api/offers/"
recruitee,selinafinance,1,https://selinafinance.recruitee.com/,"https://selinafinance.recruitee.com/api/offers/"
recruitee,semag,1,https://semag.recruitee.com/,"https://semag.recruitee.com/api/offers/"
recruitee,seniorenwohnheimweststrasse,1,https://seniorenwohnheimweststrasse.recruitee.com/,"https://seniorenwohnheimweststrasse.recruitee.com/api/offers/"
recruitee,sevensons,1,https://sevensons.recruitee.com/,"https://sevensons.recruitee.com/api/offers/"
recruitee,sevensonsllc,1,https://sevensonsllc.recruitee.com/,"https://sevensonsllc.recruitee.com/api/offers/"
recruitee,signhost,1,https://signhost.recruitee.com/,"https://signhost.recruitee.com/api/offers/"
recruitee,skipr,1,https://skipr.recruitee.com/,"https://skipr.recruitee.com/api/offers/"
recruitee,sleep21,1,https://sleep21.recruitee.com/,"https://sleep21.recruitee.com/api/offers/"
recruitee,slelektroplanunggmbh,1,https://slelektroplanunggmbh.recruitee.com/,"https://slelektroplanunggmbh.recruitee.com/api/offers/"
recruitee,smarthr,1,https://smarthr.recruitee.com/,"https://smarthr.recruitee.com/api/offers/"
recruitee,solidstake,1,https://solidstake.recruitee.com/,"https://solidstake.recruitee.com/api/offers/"
recruitee,soluta,1,https://soluta.recruitee.com/,"https://soluta.recruitee.com/api/offers/"
recruitee,sopro,1,https://sopro.recruitee.com/,"https://sopro.recruitee.com/api/offers/"
recruitee,specialisterne,1,https://specialisterne.recruitee.com/,"https://specialisterne.recruitee.com/api/offers/"
recruitee,sportbedrijfdrachten,1,https://sportbedrijfdrachten.recruitee.com/,"https://sportbedrijfdrachten.recruitee.com/api/offers/"
recruitee,stichtingwaarborgfondsvoordezorgsector,1,https://stichtingwaarborgfondsvoordezorgsector.recruitee.com/,"https://stichtingwaarborgfondsvoordezorgsector.recruitee.com/api/offers/"
recruitee,summit,1,https://summit.recruitee.com/,"https://summit.recruitee.com/api/offers/"
recruitee,surfly,1,https://surfly.recruitee.com/,"https://surfly.recruitee.com/api/offers/"
recruitee,synechron,1,https://synechron.recruitee.com/,"https://synechron.recruitee.com/api/offers/"
recruitee,syrve,1,https://syrve.recruitee.com/,"https://syrve.recruitee.com/api/offers/"
recruitee,tampnet,1,https://tampnet.recruitee.com/,"https://tampnet.recruitee.com/api/offers/"
recruitee,technicaengineeringspain,1,https://technicaengineeringspain.recruitee.com/,"https://technicaengineeringspain.recruitee.com/api/offers/"
recruitee,tessan1,1,https://tessan1.recruitee.com/,"https://tessan1.recruitee.com/api/offers/"
recruitee,thelandbankinggroup,1,https://thelandbankinggroup.recruitee.com/,"https://thelandbankinggroup.recruitee.com/api/offers/"
recruitee,thomannio,1,https://thomannio.recruitee.com/,"https://thomannio.recruitee.com/api/offers/"
recruitee,thryvehealth,1,https://thryvehealth.recruitee.com/,"https://thryvehealth.recruitee.com/api/offers/"
recruitee,tier1asset,1,https://tier1asset.recruitee.com/,"https://tier1asset.recruitee.com/api/offers/"
recruitee,titanwindenergygroup,1,https://titanwindenergygroup.recruitee.com/,"https://titanwindenergygroup.recruitee.com/api/offers/"
recruitee,tmnl,1,https://tmnl.recruitee.com/,"https://tmnl.recruitee.com/api/offers/"
recruitee,tornatoroyj,1,https://tornatoroyj.recruitee.com/,"https://tornatoroyj.recruitee.com/api/offers/"
recruitee,trendel,1,https://trendel.recruitee.com/,"https://trendel.recruitee.com/api/offers/"
recruitee,trivire,1,https://trivire.recruitee.com/,"https://trivire.recruitee.com/api/offers/"
recruitee,tsetinissoftware,1,https://tsetinissoftware.recruitee.com/,"https://tsetinissoftware.recruitee.com/api/offers/"
recruitee,tsetsoftware,1,https://tsetsoftware.recruitee.com/,"https://tsetsoftware.recruitee.com/api/offers/"
recruitee,tweedekamer,1,https://tweedekamer.recruitee.com/,"https://tweedekamer.recruitee.com/api/offers/"
recruitee,ubqmaterials,1,https://ubqmaterials.recruitee.com/,"https://ubqmaterials.recruitee.com/api/offers/"
recruitee,ugoo,1,https://ugoo.recruitee.com/,"https://ugoo.recruitee.com/api/offers/"
recruitee,uitp,1,https://uitp.recruitee.com/,"https://uitp.recruitee.com/api/offers/"
recruitee,uptimedevelopment,1,https://uptimedevelopment.recruitee.com/,"https://uptimedevelopment.recruitee.com/api/offers/"
recruitee,uvsmart,1,https://uvsmart.recruitee.com/,"https://uvsmart.recruitee.com/api/offers/"
recruitee,vacancies,1,https://vacancies.recruitee.com/,"https://vacancies.recruitee.com/api/offers/"
recruitee,venuescanner,1,https://venuescanner.recruitee.com/,"https://venuescanner.recruitee.com/api/offers/"
recruitee,vicompany,1,https://vicompany.recruitee.com/,"https://vicompany.recruitee.com/api/offers/"
recruitee,vidiq,1,https://vidiq.recruitee.com/,"https://vidiq.recruitee.com/api/offers/"
recruitee,virya,1,https://virya.recruitee.com/,"https://virya.recruitee.com/api/offers/"
recruitee,visionariesclub,1,https://visionariesclub.recruitee.com/,"https://visionariesclub.recruitee.com/api/offers/"
recruitee,wacomeurope,1,https://wacomeurope.recruitee.com/,"https://wacomeurope.recruitee.com/api/offers/"
recruitee,walki,1,https://walki.recruitee.com/,"https://walki.recruitee.com/api/offers/"
recruitee,weberpackaginggmbh,1,https://weberpackaginggmbh.recruitee.com/,"https://weberpackaginggmbh.recruitee.com/api/offers/"
recruitee,weberravensburg,1,https://weberravensburg.recruitee.com/,"https://weberravensburg.recruitee.com/api/offers/"
recruitee,webqam,1,https://webqam.recruitee.com/,"https://webqam.recruitee.com/api/offers/"
recruitee,werkenbijace,1,https://werkenbijace.recruitee.com/,"https://werkenbijace.recruitee.com/api/offers/"
recruitee,werkenbijebn,1,https://werkenbijebn.recruitee.com/,"https://werkenbijebn.recruitee.com/api/offers/"
recruitee,werkenbijhuizerosa,1,https://werkenbijhuizerosa.recruitee.com/,"https://werkenbijhuizerosa.recruitee.com/api/offers/"
recruitee,werkenbijrolanrobotics,1,https://werkenbijrolanrobotics.recruitee.com/,"https://werkenbijrolanrobotics.recruitee.com/api/offers/"
recruitee,withwise,1,https://withwise.recruitee.com/,"https://withwise.recruitee.com/api/offers/"
recruitee,withzeal,1,https://withzeal.recruitee.com/,"https://withzeal.recruitee.com/api/offers/"
recruitee,wtgroup,1,https://wtgroup.recruitee.com/,"https://wtgroup.recruitee.com/api/offers/"
recruitee,wunderbricks,1,https://wunderbricks.recruitee.com/,"https://wunderbricks.recruitee.com/api/offers/"
recruitee,xchange,1,https://xchange.recruitee.com/,"https://xchange.recruitee.com/api/offers/"
recruitee,xfive,1,https://xfive.recruitee.com/,"https://xfive.recruitee.com/api/offers/"
recruitee,xite,1,https://xite.recruitee.com/,"https://xite.recruitee.com/api/offers/"
recruitee,yource,1,https://yource.recruitee.com/,"https://yource.recruitee.com/api/offers/"
recruitee,zackdfilms,1,https://zackdfilms.recruitee.com/,"https://zackdfilms.recruitee.com/api/offers/"
recruitee,zahnarztpraxisdrgoergner,1,https://zahnarztpraxisdrgoergner.recruitee.com/,"https://zahnarztpraxisdrgoergner.recruitee.com/api/offers/"
recruitee,zarahome,1,https://zarahome.recruitee.com/,"https://zarahome.recruitee.com/api/offers/"
recruitee,zeelandialtd,1,https://zeelandialtd.recruitee.com/,"https://zeelandialtd.recruitee.com/api/offers/"
recruitee,zira,1,https://zira.recruitee.com/,"https://zira.recruitee.com/api/offers/"
recruitee,zorgdomein,1,https://zorgdomein.recruitee.com/,"https://zorgdomein.recruitee.com/api/offers/"
