provider,token,open_postings,board_url,api_url
teamtailor,alehop,100,https://alehop.teamtailor.com/,"https://alehop.teamtailor.com/jobs.json"
teamtailor,andrewstaffing-1721039920,100,https://andrewstaffing-1721039920.teamtailor.com/,"https://andrewstaffing-1721039920.teamtailor.com/jobs.json"
teamtailor,anicuraglobal,100,https://anicuraglobal.teamtailor.com/,"https://anicuraglobal.teamtailor.com/jobs.json"
teamtailor,apirestauration,100,https://apirestauration.teamtailor.com/,"https://apirestauration.teamtailor.com/jobs.json"
teamtailor,atlantiqueautomatismesincendie,100,https://atlantiqueautomatismesincendie.teamtailor.com/,"https://atlantiqueautomatismesincendie.teamtailor.com/jobs.json"
teamtailor,autolivgroup,100,https://autolivgroup.teamtailor.com/,"https://autolivgroup.teamtailor.com/jobs.json"
teamtailor,bluestorm,100,https://bluestorm.teamtailor.com/,"https://bluestorm.teamtailor.com/jobs.json"
teamtailor,bmesproductionaccount,100,https://bmesproductionaccount.teamtailor.com/,"https://bmesproductionaccount.teamtailor.com/jobs.json"
teamtailor,cartrackasiacareerpage,100,https://cartrackasiacareerpage.teamtailor.com/,"https://cartrackasiacareerpage.teamtailor.com/jobs.json"
teamtailor,chalhoubgroup,100,https://chalhoubgroup.teamtailor.com/,"https://chalhoubgroup.teamtailor.com/jobs.json"
teamtailor,cigierrecompagniageneraleristorazione-1741682069,100,https://cigierrecompagniageneraleristorazione-1741682069.teamtailor.com/,"https://cigierrecompagniageneraleristorazione-1741682069.teamtailor.com/jobs.json"
teamtailor,ckw,100,https://ckw.teamtailor.com/,"https://ckw.teamtailor.com/jobs.json"
teamtailor,cogep,100,https://cogep.teamtailor.com/,"https://cogep.teamtailor.com/jobs.json"
teamtailor,davidkennedyrecruitment,100,https://davidkennedyrecruitment.teamtailor.com/,"https://davidkennedyrecruitment.teamtailor.com/jobs.json"
teamtailor,endel,100,https://endel.teamtailor.com/,"https://endel.teamtailor.com/jobs.json"
teamtailor,etam,100,https://etam.teamtailor.com/,"https://etam.teamtailor.com/jobs.json"
teamtailor,eutalents,100,https://eutalents.teamtailor.com/,"https://eutalents.teamtailor.com/jobs.json"
teamtailor,eyesandmoregmbh-1681220218,100,https://eyesandmoregmbh-1681220218.teamtailor.com/,"https://eyesandmoregmbh-1681220218.teamtailor.com/jobs.json"
teamtailor,groupeetam,100,https://groupeetam.teamtailor.com/,"https://groupeetam.teamtailor.com/jobs.json"
teamtailor,groupelrtechnologies,100,https://groupelrtechnologies.teamtailor.com/,"https://groupelrtechnologies.teamtailor.com/jobs.json"
teamtailor,grupoclave,100,https://grupoclave.teamtailor.com/,"https://grupoclave.teamtailor.com/jobs.json"
teamtailor,grupoysondos,100,https://grupoysondos.teamtailor.com/,"https://grupoysondos.teamtailor.com/jobs.json"
teamtailor,huaweiresearchcentergermanyaustria,100,https://huaweiresearchcentergermanyaustria.teamtailor.com/,"https://huaweiresearchcentergermanyaustria.teamtailor.com/jobs.json"
teamtailor,iki-1732802603,100,https://iki-1732802603.teamtailor.com/,"https://iki-1732802603.teamtailor.com/jobs.json"
teamtailor,itmtanzanialimited,100,https://itmtanzanialimited.teamtailor.com/,"https://itmtanzanialimited.teamtailor.com/jobs.json"
teamtailor,jobtalentfrance,100,https://jobtalentfrance.teamtailor.com/,"https://jobtalentfrance.teamtailor.com/jobs.json"
teamtailor,keskosenukailithuania,100,https://keskosenukailithuania.teamtailor.com/,"https://keskosenukailithuania.teamtailor.com/jobs.json"
teamtailor,kidsandus,100,https://kidsandus.teamtailor.com/,"https://kidsandus.teamtailor.com/jobs.json"
teamtailor,knaufgroup,100,https://knaufgroup.teamtailor.com/,"https://knaufgroup.teamtailor.com/jobs.json"
teamtailor,knightecgroup,100,https://knightecgroup.teamtailor.com/,"https://knightecgroup.teamtailor.com/jobs.json"
teamtailor,lacotelarete,100,https://lacotelarete.teamtailor.com/,"https://lacotelarete.teamtailor.com/jobs.json"
teamtailor,leroymerlinbrasil,100,https://leroymerlinbrasil.teamtailor.com/,"https://leroymerlinbrasil.teamtailor.com/jobs.json"
teamtailor,leroymerlinspain,100,https://leroymerlinspain.teamtailor.com/,"https://leroymerlinspain.teamtailor.com/jobs.json"
teamtailor,loverecruitmentuk,100,https://loverecruitmentuk.teamtailor.com/,"https://loverecruitmentuk.teamtailor.com/jobs.json"
teamtailor,lrgcareers,100,https://lrgcareers.teamtailor.com/,"https://lrgcareers.teamtailor.com/jobs.json"
teamtailor,miogruppen,100,https://miogruppen.teamtailor.com/,"https://miogruppen.teamtailor.com/jobs.json"
teamtailor,morrisgroupsite,100,https://morrisgroupsite.teamtailor.com/,"https://morrisgroupsite.teamtailor.com/jobs.json"
teamtailor,mutuellembv,100,https://mutuellembv.teamtailor.com/,"https://mutuellembv.teamtailor.com/jobs.json"
teamtailor,nested,100,https://nested.teamtailor.com/,"https://nested.teamtailor.com/jobs.json"
teamtailor,nexergroup,100,https://nexergroup.teamtailor.com/,"https://nexergroup.teamtailor.com/jobs.json"
teamtailor,nordicwellness,100,https://nordicwellness.teamtailor.com/,"https://nordicwellness.teamtailor.com/jobs.json"
teamtailor,ocaglobal,100,https://ocaglobal.teamtailor.com/,"https://ocaglobal.teamtailor.com/jobs.json"
teamtailor,praesidium,100,https://praesidium.teamtailor.com/,"https://praesidium.teamtailor.com/jobs.json"
teamtailor,providentmexico,100,https://providentmexico.teamtailor.com/,"https://providentmexico.teamtailor.com/jobs.json"
teamtailor,qualacompany,100,https://qualacompany.teamtailor.com/,"https://qualacompany.teamtailor.com/jobs.json"
teamtailor,rdtingenieros,100,https://rdtingenieros.teamtailor.com/,"https://rdtingenieros.teamtailor.com/jobs.json"
teamtailor,sacyr,100,https://sacyr.teamtailor.com/,"https://sacyr.teamtailor.com/jobs.json"
teamtailor,sdworxgroup,100,https://sdworxgroup.teamtailor.com/,"https://sdworxgroup.teamtailor.com/jobs.json"
teamtailor,sdworxnv,100,https://sdworxnv.teamtailor.com/,"https://sdworxnv.teamtailor.com/jobs.json"
teamtailor,seneringenieria,100,https://seneringenieria.teamtailor.com/,"https://seneringenieria.teamtailor.com/jobs.json"
teamtailor,snefsa-demo,100,https://snefsa-demo.teamtailor.com/,"https://snefsa-demo.teamtailor.com/jobs.json"
teamtailor,storallearning,100,https://storallearning.teamtailor.com/,"https://storallearning.teamtailor.com/jobs.json"
teamtailor,synsamgroup,100,https://synsamgroup.teamtailor.com/,"https://synsamgroup.teamtailor.com/jobs.json"
teamtailor,temporing,100,https://temporing.teamtailor.com/,"https://temporing.teamtailor.com/jobs.json"
teamtailor,tucswedeninternt,100,https://tucswedeninternt.teamtailor.com/,"https://tucswedeninternt.teamtailor.com/jobs.json"
teamtailor,vardaga,100,https://vardaga.teamtailor.com/,"https://vardaga.teamtailor.com/jobs.json"
teamtailor,vincienergiesuk,100,https://vincienergiesuk.teamtailor.com/,"https://vincienergiesuk.teamtailor.com/jobs.json"
teamtailor,waymaneducation-1710232669,100,https://waymaneducation-1710232669.teamtailor.com/,"https://waymaneducation-1710232669.teamtailor.com/jobs.json"
teamtailor,wspcentraleurope,100,https://wspcentraleurope.teamtailor.com/,"https://wspcentraleurope.teamtailor.com/jobs.json"
teamtailor,footasylum,95,https://footasylum.teamtailor.com/,"https://footasylum.teamtailor.com/jobs.json"
teamtailor,forenadecare,92,https://forenadecare.teamtailor.com/,"https://forenadecare.teamtailor.com/jobs.json"
teamtailor,wsa3,92,https://wsa3.teamtailor.com/,"https://wsa3.teamtailor.com/jobs.json"
teamtailor,goodoakshomecare,91,https://goodoakshomecare.teamtailor.com/,"https://goodoakshomecare.teamtailor.com/jobs.json"
teamtailor,orchestra-1740399159,89,https://orchestra-1740399159.teamtailor.com/,"https://orchestra-1740399159.teamtailor.com/jobs.json"
teamtailor,knaufdeutschland,88,https://knaufdeutschland.teamtailor.com/,"https://knaufdeutschland.teamtailor.com/jobs.json"
teamtailor,spacenk,86,https://spacenk.teamtailor.com/,"https://spacenk.teamtailor.com/jobs.json"
teamtailor,wenzels,86,https://wenzels.teamtailor.com/,"https://wenzels.teamtailor.com/jobs.json"
teamtailor,groupebbl,85,https://groupebbl.teamtailor.com/,"https://groupebbl.teamtailor.com/jobs.json"
teamtailor,theworks,84,https://theworks.teamtailor.com/,"https://theworks.teamtailor.com/jobs.json"
teamtailor,adapei45,83,https://adapei45.teamtailor.com/,"https://adapei45.teamtailor.com/jobs.json"
teamtailor,boylesports,83,https://boylesports.teamtailor.com/,"https://boylesports.teamtailor.com/jobs.json"
teamtailor,teamblue,83,https://teamblue.teamtailor.com/,"https://teamblue.teamtailor.com/jobs.json"
teamtailor,aurenpersonas,82,https://aurenpersonas.teamtailor.com/,"https://aurenpersonas.teamtailor.com/jobs.json"
teamtailor,burgerkingno,82,https://burgerkingno.teamtailor.com/,"https://burgerkingno.teamtailor.com/jobs.json"
teamtailor,winid,82,https://winid.teamtailor.com/,"https://winid.teamtailor.com/jobs.json"
teamtailor,jvalle,81,https://jvalle.teamtailor.com/,"https://jvalle.teamtailor.com/jobs.json"
teamtailor,imedhospitales,79,https://imedhospitales.teamtailor.com/,"https://imedhospitales.teamtailor.com/jobs.json"
teamtailor,nobiaab,79,https://nobiaab.teamtailor.com/,"https://nobiaab.teamtailor.com/jobs.json"
teamtailor,attendosverige,78,https://attendosverige.teamtailor.com/,"https://attendosverige.teamtailor.com/jobs.json"
teamtailor,centio,78,https://centio.teamtailor.com/,"https://centio.teamtailor.com/jobs.json"
teamtailor,kapres,78,https://kapres.teamtailor.com/,"https://kapres.teamtailor.com/jobs.json"
teamtailor,therapieclinic,78,https://therapieclinic.teamtailor.com/,"https://therapieclinic.teamtailor.com/jobs.json"
teamtailor,moto,77,https://moto.teamtailor.com/,"https://moto.teamtailor.com/jobs.json"
teamtailor,fenixoutdoor,76,https://fenixoutdoor.teamtailor.com/,"https://fenixoutdoor.teamtailor.com/jobs.json"
teamtailor,whitestuff,76,https://whitestuff.teamtailor.com/,"https://whitestuff.teamtailor.com/jobs.json"
teamtailor,handverksgruppen,74,https://handverksgruppen.teamtailor.com/,"https://handverksgruppen.teamtailor.com/jobs.json"
teamtailor,submitab,74,https://submitab.teamtailor.com/,"https://submitab.teamtailor.com/jobs.json"
teamtailor,ytdvincienergiesafriqueouest,74,https://ytdvincienergiesafriqueouest.teamtailor.com/,"https://ytdvincienergiesafriqueouest.teamtailor.com/jobs.json"
teamtailor,espacevie,73,https://espacevie.teamtailor.com/,"https://espacevie.teamtailor.com/jobs.json"
teamtailor,groupeguisnel,73,https://groupeguisnel.teamtailor.com/,"https://groupeguisnel.teamtailor.com/jobs.json"
teamtailor,ardonaghadvisory,72,https://ardonaghadvisory.teamtailor.com/,"https://ardonaghadvisory.teamtailor.com/jobs.json"
teamtailor,justergroupab,72,https://justergroupab.teamtailor.com/,"https://justergroupab.teamtailor.com/jobs.json"
teamtailor,groupekoesio,69,https://groupekoesio.teamtailor.com/,"https://groupekoesio.teamtailor.com/jobs.json"
teamtailor,morrissouth,69,https://morrissouth.teamtailor.com/,"https://morrissouth.teamtailor.com/jobs.json"
teamtailor,hranalyticslab,68,https://hranalyticslab.teamtailor.com/,"https://hranalyticslab.teamtailor.com/jobs.json"
teamtailor,pinchos,68,https://pinchos.teamtailor.com/,"https://pinchos.teamtailor.com/jobs.json"
teamtailor,solohealth,68,https://solohealth.teamtailor.com/,"https://solohealth.teamtailor.com/jobs.json"
teamtailor,3shape,67,https://3shape.teamtailor.com/,"https://3shape.teamtailor.com/jobs.json"
teamtailor,bemannia,66,https://bemannia.teamtailor.com/,"https://bemannia.teamtailor.com/jobs.json"
teamtailor,boxflow,66,https://boxflow.teamtailor.com/,"https://boxflow.teamtailor.com/jobs.json"
teamtailor,leightons,66,https://leightons.teamtailor.com/,"https://leightons.teamtailor.com/jobs.json"
teamtailor,worknowoy,65,https://worknowoy.teamtailor.com/,"https://worknowoy.teamtailor.com/jobs.json"
teamtailor,vivat,64,https://vivat.teamtailor.com/,"https://vivat.teamtailor.com/jobs.json"
teamtailor,loft,63,https://loft.teamtailor.com/,"https://loft.teamtailor.com/jobs.json"
teamtailor,vargroupspa-1735832549,63,https://vargroupspa-1735832549.teamtailor.com/,"https://vargroupspa-1735832549.teamtailor.com/jobs.json"
teamtailor,elitehotels,62,https://elitehotels.teamtailor.com/,"https://elitehotels.teamtailor.com/jobs.json"
teamtailor,tmvcapital,62,https://tmvcapital.teamtailor.com/,"https://tmvcapital.teamtailor.com/jobs.json"
teamtailor,roxelfrance,61,https://roxelfrance.teamtailor.com/,"https://roxelfrance.teamtailor.com/jobs.json"
teamtailor,interxpertsa,59,https://interxpertsa.teamtailor.com/,"https://interxpertsa.teamtailor.com/jobs.json"
teamtailor,sabrura,59,https://sabrura.teamtailor.com/,"https://sabrura.teamtailor.com/jobs.json"
teamtailor,honeybirdette,58,https://honeybirdette.teamtailor.com/,"https://honeybirdette.teamtailor.com/jobs.json"
teamtailor,opencosmos-1706113956,58,https://opencosmos-1706113956.teamtailor.com/,"https://opencosmos-1706113956.teamtailor.com/jobs.json"
teamtailor,bigbite,57,https://bigbite.teamtailor.com/,"https://bigbite.teamtailor.com/jobs.json"
teamtailor,maison123,57,https://maison123.teamtailor.com/,"https://maison123.teamtailor.com/jobs.json"
teamtailor,luminorbank,56,https://luminorbank.teamtailor.com/,"https://luminorbank.teamtailor.com/jobs.json"
teamtailor,ssa,56,https://ssa.teamtailor.com/,"https://ssa.teamtailor.com/jobs.json"
teamtailor,allenmotorgroup,55,https://allenmotorgroup.teamtailor.com/,"https://allenmotorgroup.teamtailor.com/jobs.json"
teamtailor,murfy,54,https://murfy.teamtailor.com/,"https://murfy.teamtailor.com/jobs.json"
teamtailor,actemiumuk,53,https://actemiumuk.teamtailor.com/,"https://actemiumuk.teamtailor.com/jobs.json"
teamtailor,keystaffoy,53,https://keystaffoy.teamtailor.com/,"https://keystaffoy.teamtailor.com/jobs.json"
teamtailor,nordastelo,53,https://nordastelo.teamtailor.com/,"https://nordastelo.teamtailor.com/jobs.json"
teamtailor,bricocenteritalia,52,https://bricocenteritalia.teamtailor.com/,"https://bricocenteritalia.teamtailor.com/jobs.json"
teamtailor,soeur-1711354805,52,https://soeur-1711354805.teamtailor.com/,"https://soeur-1711354805.teamtailor.com/jobs.json"
teamtailor,ucademy,52,https://ucademy.teamtailor.com/,"https://ucademy.teamtailor.com/jobs.json"
teamtailor,workinquebec,52,https://workinquebec.teamtailor.com/,"https://workinquebec.teamtailor.com/jobs.json"
teamtailor,fantasiasmiguel,51,https://fantasiasmiguel.teamtailor.com/,"https://fantasiasmiguel.teamtailor.com/jobs.json"
teamtailor,gmlhr,51,https://gmlhr.teamtailor.com/,"https://gmlhr.teamtailor.com/jobs.json"
teamtailor,innovamat,51,https://innovamat.teamtailor.com/,"https://innovamat.teamtailor.com/jobs.json"
teamtailor,softswiss,51,https://softswiss.teamtailor.com/,"https://softswiss.teamtailor.com/jobs.json"
teamtailor,anicuranl,50,https://anicuranl.teamtailor.com/,"https://anicuranl.teamtailor.com/jobs.json"
teamtailor,edzagroup,50,https://edzagroup.teamtailor.com/,"https://edzagroup.teamtailor.com/jobs.json"
teamtailor,horse,50,https://horse.teamtailor.com/,"https://horse.teamtailor.com/jobs.json"
teamtailor,kry-1719827697,50,https://kry-1719827697.teamtailor.com/,"https://kry-1719827697.teamtailor.com/jobs.json"
teamtailor,usgnorthamerica,50,https://usgnorthamerica.teamtailor.com/,"https://usgnorthamerica.teamtailor.com/jobs.json"
teamtailor,yopa,50,https://yopa.teamtailor.com/,"https://yopa.teamtailor.com/jobs.json"
teamtailor,eurexobyced,49,https://eurexobyced.teamtailor.com/,"https://eurexobyced.teamtailor.com/jobs.json"
teamtailor,groupevaleor,49,https://groupevaleor.teamtailor.com/,"https://groupevaleor.teamtailor.com/jobs.json"
teamtailor,inhaus,49,https://inhaus.teamtailor.com/,"https://inhaus.teamtailor.com/jobs.json"
teamtailor,kuraomsorg,49,https://kuraomsorg.teamtailor.com/,"https://kuraomsorg.teamtailor.com/jobs.json"
teamtailor,power,49,https://power.teamtailor.com/,"https://power.teamtailor.com/jobs.json"
teamtailor,finestabaltics,48,https://finestabaltics.teamtailor.com/,"https://finestabaltics.teamtailor.com/jobs.json"
teamtailor,groupevallee,48,https://groupevallee.teamtailor.com/,"https://groupevallee.teamtailor.com/jobs.json"
teamtailor,isio,48,https://isio.teamtailor.com/,"https://isio.teamtailor.com/jobs.json"
teamtailor,undiz,48,https://undiz.teamtailor.com/,"https://undiz.teamtailor.com/jobs.json"
teamtailor,eleda,47,https://eleda.teamtailor.com/,"https://eleda.teamtailor.com/jobs.json"
teamtailor,kellydelipartnerships-1692187640,47,https://kellydelipartnerships-1692187640.teamtailor.com/,"https://kellydelipartnerships-1692187640.teamtailor.com/jobs.json"
teamtailor,puntonet,47,https://puntonet.teamtailor.com/,"https://puntonet.teamtailor.com/jobs.json"
teamtailor,vandelanotte-1726559849,47,https://vandelanotte-1726559849.teamtailor.com/,"https://vandelanotte-1726559849.teamtailor.com/jobs.json"
teamtailor,eyesandmoreosterreichgmbh,46,https://eyesandmoreosterreichgmbh.teamtailor.com/,"https://eyesandmoreosterreichgmbh.teamtailor.com/jobs.json"
teamtailor,groupone,46,https://groupone.teamtailor.com/,"https://groupone.teamtailor.com/jobs.json"
teamtailor,qflow,46,https://qflow.teamtailor.com/,"https://qflow.teamtailor.com/jobs.json"
teamtailor,resorthotelsspain,46,https://resorthotelsspain.teamtailor.com/,"https://resorthotelsspain.teamtailor.com/jobs.json"
teamtailor,tillvaxtbotkyrka,46,https://tillvaxtbotkyrka.teamtailor.com/,"https://tillvaxtbotkyrka.teamtailor.com/jobs.json"
teamtailor,utec,46,https://utec.teamtailor.com/,"https://utec.teamtailor.com/jobs.json"
teamtailor,aireancientbath,45,https://aireancientbath.teamtailor.com/,"https://aireancientbath.teamtailor.com/jobs.json"
teamtailor,doktor,45,https://doktor.teamtailor.com/,"https://doktor.teamtailor.com/jobs.json"
teamtailor,japaneseheadspa-1744012248,45,https://japaneseheadspa-1744012248.teamtailor.com/,"https://japaneseheadspa-1744012248.teamtailor.com/jobs.json"
teamtailor,tgsfrance,45,https://tgsfrance.teamtailor.com/,"https://tgsfrance.teamtailor.com/jobs.json"
teamtailor,wsa1,45,https://wsa1.teamtailor.com/,"https://wsa1.teamtailor.com/jobs.json"
teamtailor,inrekraft,44,https://inrekraft.teamtailor.com/,"https://inrekraft.teamtailor.com/jobs.json"
teamtailor,dfdsukireland,43,https://dfdsukireland.teamtailor.com/,"https://dfdsukireland.teamtailor.com/jobs.json"
teamtailor,maklarhuset,43,https://maklarhuset.teamtailor.com/,"https://maklarhuset.teamtailor.com/jobs.json"
teamtailor,prismatgmbh-1738940659,43,https://prismatgmbh-1738940659.teamtailor.com/,"https://prismatgmbh-1738940659.teamtailor.com/jobs.json"
teamtailor,tradingview,43,https://tradingview.teamtailor.com/,"https://tradingview.teamtailor.com/jobs.json"
teamtailor,astridmiyu,42,https://astridmiyu.teamtailor.com/,"https://astridmiyu.teamtailor.com/jobs.json"
teamtailor,bwb,42,https://bwb.teamtailor.com/,"https://bwb.teamtailor.com/jobs.json"
teamtailor,endivoconsulting,42,https://endivoconsulting.teamtailor.com/,"https://endivoconsulting.teamtailor.com/jobs.json"
teamtailor,grupotysac,42,https://grupotysac.teamtailor.com/,"https://grupotysac.teamtailor.com/jobs.json"
teamtailor,hka,42,https://hka.teamtailor.com/,"https://hka.teamtailor.com/jobs.json"
teamtailor,tahoetruckeeusd,42,https://tahoetruckeeusd.teamtailor.com/,"https://tahoetruckeeusd.teamtailor.com/jobs.json"
teamtailor,targetitalia,42,https://targetitalia.teamtailor.com/,"https://targetitalia.teamtailor.com/jobs.json"
teamtailor,techniquesolairesarl,42,https://techniquesolairesarl.teamtailor.com/,"https://techniquesolairesarl.teamtailor.com/jobs.json"
teamtailor,abgi,41,https://abgi.teamtailor.com/,"https://abgi.teamtailor.com/jobs.json"
teamtailor,astekswedenab,41,https://astekswedenab.teamtailor.com/,"https://astekswedenab.teamtailor.com/jobs.json"
teamtailor,rekryteringsspecialisten,41,https://rekryteringsspecialisten.teamtailor.com/,"https://rekryteringsspecialisten.teamtailor.com/jobs.json"
teamtailor,tribebuilders,41,https://tribebuilders.teamtailor.com/,"https://tribebuilders.teamtailor.com/jobs.json"
teamtailor,wspnetherlands,41,https://wspnetherlands.teamtailor.com/,"https://wspnetherlands.teamtailor.com/jobs.json"
teamtailor,vivant,40,https://vivant.teamtailor.com/,"https://vivant.teamtailor.com/jobs.json"
teamtailor,anicuraportugal,39,https://anicuraportugal.teamtailor.com/,"https://anicuraportugal.teamtailor.com/jobs.json"
teamtailor,ascom,39,https://ascom.teamtailor.com/,"https://ascom.teamtailor.com/jobs.json"
teamtailor,connecttalentsolutionsjobs,39,https://connecttalentsolutionsjobs.teamtailor.com/,"https://connecttalentsolutionsjobs.teamtailor.com/jobs.json"
teamtailor,groupeacorus,39,https://groupeacorus.teamtailor.com/,"https://groupeacorus.teamtailor.com/jobs.json"
teamtailor,grupobeledad-1738232006,39,https://grupobeledad-1738232006.teamtailor.com/,"https://grupobeledad-1738232006.teamtailor.com/jobs.json"
teamtailor,instabee,39,https://instabee.teamtailor.com/,"https://instabee.teamtailor.com/jobs.json"
teamtailor,irisolaris-1732788318,39,https://irisolaris-1732788318.teamtailor.com/,"https://irisolaris-1732788318.teamtailor.com/jobs.json"
teamtailor,prevas,39,https://prevas.teamtailor.com/,"https://prevas.teamtailor.com/jobs.json"
teamtailor,tfbank,38,https://tfbank.teamtailor.com/,"https://tfbank.teamtailor.com/jobs.json"
teamtailor,wspfrance,38,https://wspfrance.teamtailor.com/,"https://wspfrance.teamtailor.com/jobs.json"
teamtailor,artemys,37,https://artemys.teamtailor.com/,"https://artemys.teamtailor.com/jobs.json"
teamtailor,edelmanngroup,37,https://edelmanngroup.teamtailor.com/,"https://edelmanngroup.teamtailor.com/jobs.json"
teamtailor,logicalisespana,37,https://logicalisespana.teamtailor.com/,"https://logicalisespana.teamtailor.com/jobs.json"
teamtailor,stillfrontgroup,37,https://stillfrontgroup.teamtailor.com/,"https://stillfrontgroup.teamtailor.com/jobs.json"
teamtailor,areams-1718191759,36,https://areams-1718191759.teamtailor.com/,"https://areams-1718191759.teamtailor.com/jobs.json"
teamtailor,coltencare,36,https://coltencare.teamtailor.com/,"https://coltencare.teamtailor.com/jobs.json"
teamtailor,empre,36,https://empre.teamtailor.com/,"https://empre.teamtailor.com/jobs.json"
teamtailor,everymatrix,36,https://everymatrix.teamtailor.com/,"https://everymatrix.teamtailor.com/jobs.json"
teamtailor,hrplus-1669824102,36,https://hrplus-1669824102.teamtailor.com/,"https://hrplus-1669824102.teamtailor.com/jobs.json"
teamtailor,jovikonsultab,36,https://jovikonsultab.teamtailor.com/,"https://jovikonsultab.teamtailor.com/jobs.json"
teamtailor,norrlyst-1699881773,36,https://norrlyst-1699881773.teamtailor.com/,"https://norrlyst-1699881773.teamtailor.com/jobs.json"
teamtailor,qbdbv,36,https://qbdbv.teamtailor.com/,"https://qbdbv.teamtailor.com/jobs.json"
teamtailor,securitas,36,https://securitas.teamtailor.com/,"https://securitas.teamtailor.com/jobs.json"
teamtailor,therobertemorris,36,https://therobertemorris.teamtailor.com/,"https://therobertemorris.teamtailor.com/jobs.json"
teamtailor,trafiko,36,https://trafiko.teamtailor.com/,"https://trafiko.teamtailor.com/jobs.json"
teamtailor,electricalcompliancesafetyltd,35,https://electricalcompliancesafetyltd.teamtailor.com/,"https://electricalcompliancesafetyltd.teamtailor.com/jobs.json"
teamtailor,familjelakarna-1727350800,35,https://familjelakarna-1727350800.teamtailor.com/,"https://familjelakarna-1727350800.teamtailor.com/jobs.json"
teamtailor,hirschbednerassociates,35,https://hirschbednerassociates.teamtailor.com/,"https://hirschbednerassociates.teamtailor.com/jobs.json"
teamtailor,pandox-belgium-careers,35,https://pandox-belgium-careers.teamtailor.com/,"https://pandox-belgium-careers.teamtailor.com/jobs.json"
teamtailor,printfulinc,35,https://printfulinc.teamtailor.com/,"https://printfulinc.teamtailor.com/jobs.json"
teamtailor,skandiamaklarna,35,https://skandiamaklarna.teamtailor.com/,"https://skandiamaklarna.teamtailor.com/jobs.json"
teamtailor,truckforce,35,https://truckforce.teamtailor.com/,"https://truckforce.teamtailor.com/jobs.json"
teamtailor,absyscyborg,34,https://absyscyborg.teamtailor.com/,"https://absyscyborg.teamtailor.com/jobs.json"
teamtailor,chauvinarnoux,34,https://chauvinarnoux.teamtailor.com/,"https://chauvinarnoux.teamtailor.com/jobs.json"
teamtailor,clydemunrodentalgroup,34,https://clydemunrodentalgroup.teamtailor.com/,"https://clydemunrodentalgroup.teamtailor.com/jobs.json"
teamtailor,hillgroupuk,34,https://hillgroupuk.teamtailor.com/,"https://hillgroupuk.teamtailor.com/jobs.json"
teamtailor,leroymerlingreece,34,https://leroymerlingreece.teamtailor.com/,"https://leroymerlingreece.teamtailor.com/jobs.json"
teamtailor,pizzapilgrims,34,https://pizzapilgrims.teamtailor.com/,"https://pizzapilgrims.teamtailor.com/jobs.json"
teamtailor,qargo-1711385673,34,https://qargo-1711385673.teamtailor.com/,"https://qargo-1711385673.teamtailor.com/jobs.json"
teamtailor,davidantonijevic,33,https://davidantonijevic.teamtailor.com/,"https://davidantonijevic.teamtailor.com/jobs.json"
teamtailor,flightstory,33,https://flightstory.teamtailor.com/,"https://flightstory.teamtailor.com/jobs.json"
teamtailor,lifenorge,33,https://lifenorge.teamtailor.com/,"https://lifenorge.teamtailor.com/jobs.json"
teamtailor,mooveafrica,33,https://mooveafrica.teamtailor.com/,"https://mooveafrica.teamtailor.com/jobs.json"
teamtailor,stichtingtravers,33,https://stichtingtravers.teamtailor.com/,"https://stichtingtravers.teamtailor.com/jobs.json"
teamtailor,cruitas-1740141690,32,https://cruitas-1740141690.teamtailor.com/,"https://cruitas-1740141690.teamtailor.com/jobs.json"
teamtailor,leitmotiv,32,https://leitmotiv.teamtailor.com/,"https://leitmotiv.teamtailor.com/jobs.json"
teamtailor,micampusliving,32,https://micampusliving.teamtailor.com/,"https://micampusliving.teamtailor.com/jobs.json"
teamtailor,werkstasweden,32,https://werkstasweden.teamtailor.com/,"https://werkstasweden.teamtailor.com/jobs.json"
teamtailor,doxallia,31,https://doxallia.teamtailor.com/,"https://doxallia.teamtailor.com/jobs.json"
teamtailor,morrismidwest,31,https://morrismidwest.teamtailor.com/,"https://morrismidwest.teamtailor.com/jobs.json"
teamtailor,olavthon,31,https://olavthon.teamtailor.com/,"https://olavthon.teamtailor.com/jobs.json"
teamtailor,seniorstyrken,31,https://seniorstyrken.teamtailor.com/,"https://seniorstyrken.teamtailor.com/jobs.json"
teamtailor,telenorsharedservices,31,https://telenorsharedservices.teamtailor.com/,"https://telenorsharedservices.teamtailor.com/jobs.json"
teamtailor,tfscro,31,https://tfscro.teamtailor.com/,"https://tfscro.teamtailor.com/jobs.json"
teamtailor,unikalss,31,https://unikalss.teamtailor.com/,"https://unikalss.teamtailor.com/jobs.json"
teamtailor,aedgroupe,30,https://aedgroupe.teamtailor.com/,"https://aedgroupe.teamtailor.com/jobs.json"
teamtailor,bishopsarms,30,https://bishopsarms.teamtailor.com/,"https://bishopsarms.teamtailor.com/jobs.json"
teamtailor,etraveligroup,30,https://etraveligroup.teamtailor.com/,"https://etraveligroup.teamtailor.com/jobs.json"
teamtailor,partseurope-1661956441,30,https://partseurope-1661956441.teamtailor.com/,"https://partseurope-1661956441.teamtailor.com/jobs.json"
teamtailor,smartestenergy,30,https://smartestenergy.teamtailor.com/,"https://smartestenergy.teamtailor.com/jobs.json"
teamtailor,stichtingtravers-doomijn,30,https://stichtingtravers-doomijn.teamtailor.com/,"https://stichtingtravers-doomijn.teamtailor.com/jobs.json"
teamtailor,toppansecurity,30,https://toppansecurity.teamtailor.com/,"https://toppansecurity.teamtailor.com/jobs.json"
teamtailor,xxlsverige,30,https://xxlsverige.teamtailor.com/,"https://xxlsverige.teamtailor.com/jobs.json"
teamtailor,biotage-1708019070,29,https://biotage-1708019070.teamtailor.com/,"https://biotage-1708019070.teamtailor.com/jobs.json"
teamtailor,clunetech,29,https://clunetech.teamtailor.com/,"https://clunetech.teamtailor.com/jobs.json"
teamtailor,ittenbrechbuhl,29,https://ittenbrechbuhl.teamtailor.com/,"https://ittenbrechbuhl.teamtailor.com/jobs.json"
teamtailor,pret,29,https://pret.teamtailor.com/,"https://pret.teamtailor.com/jobs.json"
teamtailor,stendias,29,https://stendias.teamtailor.com/,"https://stendias.teamtailor.com/jobs.json"
teamtailor,teamlewis,29,https://teamlewis.teamtailor.com/,"https://teamlewis.teamtailor.com/jobs.json"
teamtailor,twodaydenmark,29,https://twodaydenmark.teamtailor.com/,"https://twodaydenmark.teamtailor.com/jobs.json"
teamtailor,vdh,29,https://vdh.teamtailor.com/,"https://vdh.teamtailor.com/jobs.json"
teamtailor,2care,28,https://2care.teamtailor.com/,"https://2care.teamtailor.com/jobs.json"
teamtailor,bloqit,28,https://bloqit.teamtailor.com/,"https://bloqit.teamtailor.com/jobs.json"
teamtailor,bobobox,28,https://bobobox.teamtailor.com/,"https://bobobox.teamtailor.com/jobs.json"
teamtailor,carebrookireland,28,https://carebrookireland.teamtailor.com/,"https://carebrookireland.teamtailor.com/jobs.json"
teamtailor,dfdsprofessionals,28,https://dfdsprofessionals.teamtailor.com/,"https://dfdsprofessionals.teamtailor.com/jobs.json"
teamtailor,entrepriselea,28,https://entrepriselea.teamtailor.com/,"https://entrepriselea.teamtailor.com/jobs.json"
teamtailor,grupohospitalariohla,28,https://grupohospitalariohla.teamtailor.com/,"https://grupohospitalariohla.teamtailor.com/jobs.json"
teamtailor,itm8denmark-1733915591,28,https://itm8denmark-1733915591.teamtailor.com/,"https://itm8denmark-1733915591.teamtailor.com/jobs.json"
teamtailor,jordbaerpikene,28,https://jordbaerpikene.teamtailor.com/,"https://jordbaerpikene.teamtailor.com/jobs.json"
teamtailor,keepit,28,https://keepit.teamtailor.com/,"https://keepit.teamtailor.com/jobs.json"
teamtailor,keskosenukailatvia,28,https://keskosenukailatvia.teamtailor.com/,"https://keskosenukailatvia.teamtailor.com/jobs.json"
teamtailor,lavelacooperativasociale,28,https://lavelacooperativasociale.teamtailor.com/,"https://lavelacooperativasociale.teamtailor.com/jobs.json"
teamtailor,livestockimprovementcorporation,28,https://livestockimprovementcorporation.teamtailor.com/,"https://livestockimprovementcorporation.teamtailor.com/jobs.json"
teamtailor,zanders,28,https://zanders.teamtailor.com/,"https://zanders.teamtailor.com/jobs.json"
teamtailor,converteo,27,https://converteo.teamtailor.com/,"https://converteo.teamtailor.com/jobs.json"
teamtailor,dfdscontinent,27,https://dfdscontinent.teamtailor.com/,"https://dfdscontinent.teamtailor.com/jobs.json"
teamtailor,fifthgearautomotive,27,https://fifthgearautomotive.teamtailor.com/,"https://fifthgearautomotive.teamtailor.com/jobs.json"
teamtailor,foodora,27,https://foodora.teamtailor.com/,"https://foodora.teamtailor.com/jobs.json"
teamtailor,ocab,27,https://ocab.teamtailor.com/,"https://ocab.teamtailor.com/jobs.json"
teamtailor,oliviaassistans,27,https://oliviaassistans.teamtailor.com/,"https://oliviaassistans.teamtailor.com/jobs.json"
teamtailor,plissonneau,27,https://plissonneau.teamtailor.com/,"https://plissonneau.teamtailor.com/jobs.json"
teamtailor,rosenssonsconsultingab,27,https://rosenssonsconsultingab.teamtailor.com/,"https://rosenssonsconsultingab.teamtailor.com/jobs.json"
teamtailor,thyssenkruppromania,27,https://thyssenkruppromania.teamtailor.com/,"https://thyssenkruppromania.teamtailor.com/jobs.json"
teamtailor,bearingpointromania,26,https://bearingpointromania.teamtailor.com/,"https://bearingpointromania.teamtailor.com/jobs.json"
teamtailor,clearroute,26,https://clearroute.teamtailor.com/,"https://clearroute.teamtailor.com/jobs.json"
teamtailor,doktorde,26,https://doktorde.teamtailor.com/,"https://doktorde.teamtailor.com/jobs.json"
teamtailor,issarekrytering,26,https://issarekrytering.teamtailor.com/,"https://issarekrytering.teamtailor.com/jobs.json"
teamtailor,keskosenukaiestonia,26,https://keskosenukaiestonia.teamtailor.com/,"https://keskosenukaiestonia.teamtailor.com/jobs.json"
teamtailor,mandsopticians,26,https://mandsopticians.teamtailor.com/,"https://mandsopticians.teamtailor.com/jobs.json"
teamtailor,polestar,26,https://polestar.teamtailor.com/,"https://polestar.teamtailor.com/jobs.json"
teamtailor,retailknowledgeab,26,https://retailknowledgeab.teamtailor.com/,"https://retailknowledgeab.teamtailor.com/jobs.json"
teamtailor,sdworxstaffingcareersolutionsnv,26,https://sdworxstaffingcareersolutionsnv.teamtailor.com/,"https://sdworxstaffingcareersolutionsnv.teamtailor.com/jobs.json"
teamtailor,transdev,26,https://transdev.teamtailor.com/,"https://transdev.teamtailor.com/jobs.json"
teamtailor,unilasalle,26,https://unilasalle.teamtailor.com/,"https://unilasalle.teamtailor.com/jobs.json"
teamtailor,veidekke,26,https://veidekke.teamtailor.com/,"https://veidekke.teamtailor.com/jobs.json"
teamtailor,wspdenmark,26,https://wspdenmark.teamtailor.com/,"https://wspdenmark.teamtailor.com/jobs.json"
teamtailor,2lcollection,25,https://2lcollection.teamtailor.com/,"https://2lcollection.teamtailor.com/jobs.json"
teamtailor,applusgroup,25,https://applusgroup.teamtailor.com/,"https://applusgroup.teamtailor.com/jobs.json"
teamtailor,btpconsultants,25,https://btpconsultants.teamtailor.com/,"https://btpconsultants.teamtailor.com/jobs.json"
teamtailor,ecura,25,https://ecura.teamtailor.com/,"https://ecura.teamtailor.com/jobs.json"
teamtailor,medline,25,https://medline.teamtailor.com/,"https://medline.teamtailor.com/jobs.json"
teamtailor,sidagroup,25,https://sidagroup.teamtailor.com/,"https://sidagroup.teamtailor.com/jobs.json"
teamtailor,swanio,25,https://swanio.teamtailor.com/,"https://swanio.teamtailor.com/jobs.json"
teamtailor,wurthempleos,25,https://wurthempleos.teamtailor.com/,"https://wurthempleos.teamtailor.com/jobs.json"
teamtailor,addpeople,24,https://addpeople.teamtailor.com/,"https://addpeople.teamtailor.com/jobs.json"
teamtailor,amendo,24,https://amendo.teamtailor.com/,"https://amendo.teamtailor.com/jobs.json"
teamtailor,betc,24,https://betc.teamtailor.com/,"https://betc.teamtailor.com/jobs.json"
teamtailor,biisoni,24,https://biisoni.teamtailor.com/,"https://biisoni.teamtailor.com/jobs.json"
teamtailor,donordevelopmentstrategies,24,https://donordevelopmentstrategies.teamtailor.com/,"https://donordevelopmentstrategies.teamtailor.com/jobs.json"
teamtailor,friedman,24,https://friedman.teamtailor.com/,"https://friedman.teamtailor.com/jobs.json"
teamtailor,personalica,24,https://personalica.teamtailor.com/,"https://personalica.teamtailor.com/jobs.json"
teamtailor,pilotcentralservicesgmbh-1732700099,24,https://pilotcentralservicesgmbh-1732700099.teamtailor.com/,"https://pilotcentralservicesgmbh-1732700099.teamtailor.com/jobs.json"
teamtailor,smithsgloucester,24,https://smithsgloucester.teamtailor.com/,"https://smithsgloucester.teamtailor.com/jobs.json"
teamtailor,techseed,24,https://techseed.teamtailor.com/,"https://techseed.teamtailor.com/jobs.json"
teamtailor,transatel,24,https://transatel.teamtailor.com/,"https://transatel.teamtailor.com/jobs.json"
teamtailor,workweb,24,https://workweb.teamtailor.com/,"https://workweb.teamtailor.com/jobs.json"
teamtailor,athleticwork,23,https://athleticwork.teamtailor.com/,"https://athleticwork.teamtailor.com/jobs.json"
teamtailor,atomoswealth,23,https://atomoswealth.teamtailor.com/,"https://atomoswealth.teamtailor.com/jobs.json"
teamtailor,burkewilliams,23,https://burkewilliams.teamtailor.com/,"https://burkewilliams.teamtailor.com/jobs.json"
teamtailor,comatec,23,https://comatec.teamtailor.com/,"https://comatec.teamtailor.com/jobs.json"
teamtailor,edukatus,23,https://edukatus.teamtailor.com/,"https://edukatus.teamtailor.com/jobs.json"
teamtailor,eikservering,23,https://eikservering.teamtailor.com/,"https://eikservering.teamtailor.com/jobs.json"
teamtailor,entreconconsulting-1730119505,23,https://entreconconsulting-1730119505.teamtailor.com/,"https://entreconconsulting-1730119505.teamtailor.com/jobs.json"
teamtailor,face2face-sverige,23,https://face2face-sverige.teamtailor.com/,"https://face2face-sverige.teamtailor.com/jobs.json"
teamtailor,fortnoxab,23,https://fortnoxab.teamtailor.com/,"https://fortnoxab.teamtailor.com/jobs.json"
teamtailor,hent,23,https://hent.teamtailor.com/,"https://hent.teamtailor.com/jobs.json"
teamtailor,huberholdingag,23,https://huberholdingag.teamtailor.com/,"https://huberholdingag.teamtailor.com/jobs.json"
teamtailor,kardham,23,https://kardham.teamtailor.com/,"https://kardham.teamtailor.com/jobs.json"
teamtailor,maslow,23,https://maslow.teamtailor.com/,"https://maslow.teamtailor.com/jobs.json"
teamtailor,polandsieradz,23,https://polandsieradz.teamtailor.com/,"https://polandsieradz.teamtailor.com/jobs.json"
teamtailor,sireos-1729689904,23,https://sireos-1729689904.teamtailor.com/,"https://sireos-1729689904.teamtailor.com/jobs.json"
teamtailor,tmgchicago,23,https://tmgchicago.teamtailor.com/,"https://tmgchicago.teamtailor.com/jobs.json"
teamtailor,uppstuk,23,https://uppstuk.teamtailor.com/,"https://uppstuk.teamtailor.com/jobs.json"
teamtailor,bankdata,22,https://bankdata.teamtailor.com/,"https://bankdata.teamtailor.com/jobs.json"
teamtailor,benefex,22,https://benefex.teamtailor.com/,"https://benefex.teamtailor.com/jobs.json"
teamtailor,endeavor,22,https://endeavor.teamtailor.com/,"https://endeavor.teamtailor.com/jobs.json"
teamtailor,getfrankly,22,https://getfrankly.teamtailor.com/,"https://getfrankly.teamtailor.com/jobs.json"
teamtailor,giacom-1706609492,22,https://giacom-1706609492.teamtailor.com/,"https://giacom-1706609492.teamtailor.com/jobs.json"
teamtailor,italentplus,22,https://italentplus.teamtailor.com/,"https://italentplus.teamtailor.com/jobs.json"
teamtailor,lawsons-1731496765,22,https://lawsons-1731496765.teamtailor.com/,"https://lawsons-1731496765.teamtailor.com/jobs.json"
teamtailor,match,22,https://match.teamtailor.com/,"https://match.teamtailor.com/jobs.json"
teamtailor,norriqbelgium,22,https://norriqbelgium.teamtailor.com/,"https://norriqbelgium.teamtailor.com/jobs.json"
teamtailor,onhiresnew,22,https://onhiresnew.teamtailor.com/,"https://onhiresnew.teamtailor.com/jobs.json"
teamtailor,papernest,22,https://papernest.teamtailor.com/,"https://papernest.teamtailor.com/jobs.json"
teamtailor,raona,22,https://raona.teamtailor.com/,"https://raona.teamtailor.com/jobs.json"
teamtailor,seletiaexecutivesearch,22,https://seletiaexecutivesearch.teamtailor.com/,"https://seletiaexecutivesearch.teamtailor.com/jobs.json"
teamtailor,spenst,22,https://spenst.teamtailor.com/,"https://spenst.teamtailor.com/jobs.json"
teamtailor,thalamus,22,https://thalamus.teamtailor.com/,"https://thalamus.teamtailor.com/jobs.json"
teamtailor,totalenvironmentalcomplianceltd,22,https://totalenvironmentalcomplianceltd.teamtailor.com/,"https://totalenvironmentalcomplianceltd.teamtailor.com/jobs.json"
teamtailor,almond,21,https://almond.teamtailor.com/,"https://almond.teamtailor.com/jobs.json"
teamtailor,assessit,21,https://assessit.teamtailor.com/,"https://assessit.teamtailor.com/jobs.json"
teamtailor,assistansbolaget,21,https://assistansbolaget.teamtailor.com/,"https://assistansbolaget.teamtailor.com/jobs.json"
teamtailor,brookeharrisonrecruitment,21,https://brookeharrisonrecruitment.teamtailor.com/,"https://brookeharrisonrecruitment.teamtailor.com/jobs.json"
teamtailor,compassgroupkonsern-1748245318,21,https://compassgroupkonsern-1748245318.teamtailor.com/,"https://compassgroupkonsern-1748245318.teamtailor.com/jobs.json"
teamtailor,computerswedenrecruitment,21,https://computerswedenrecruitment.teamtailor.com/,"https://computerswedenrecruitment.teamtailor.com/jobs.json"
teamtailor,construccionsrubau,21,https://construccionsrubau.teamtailor.com/,"https://construccionsrubau.teamtailor.com/jobs.json"
teamtailor,ethos,21,https://ethos.teamtailor.com/,"https://ethos.teamtailor.com/jobs.json"
teamtailor,hansandersbelgiebvba,21,https://hansandersbelgiebvba.teamtailor.com/,"https://hansandersbelgiebvba.teamtailor.com/jobs.json"
teamtailor,interfacefinancial,21,https://interfacefinancial.teamtailor.com/,"https://interfacefinancial.teamtailor.com/jobs.json"
teamtailor,printcombv,21,https://printcombv.teamtailor.com/,"https://printcombv.teamtailor.com/jobs.json"
teamtailor,proevolutionpro-1677599313,21,https://proevolutionpro-1677599313.teamtailor.com/,"https://proevolutionpro-1677599313.teamtailor.com/jobs.json"
teamtailor,tenpo,21,https://tenpo.teamtailor.com/,"https://tenpo.teamtailor.com/jobs.json"
teamtailor,thales,21,https://thales.teamtailor.com/,"https://thales.teamtailor.com/jobs.json"
teamtailor,xxlnorge,21,https://xxlnorge.teamtailor.com/,"https://xxlnorge.teamtailor.com/jobs.json"
teamtailor,boojumltd,20,https://boojumltd.teamtailor.com/,"https://boojumltd.teamtailor.com/jobs.json"
teamtailor,bridgit-1750117690,20,https://bridgit-1750117690.teamtailor.com/,"https://bridgit-1750117690.teamtailor.com/jobs.json"
teamtailor,cedergrenskaab,20,https://cedergrenskaab.teamtailor.com/,"https://cedergrenskaab.teamtailor.com/jobs.json"
teamtailor,cepheo,20,https://cepheo.teamtailor.com/,"https://cepheo.teamtailor.com/jobs.json"
teamtailor,demojobbusters,20,https://demojobbusters.teamtailor.com/,"https://demojobbusters.teamtailor.com/jobs.json"
teamtailor,emtecgroup,20,https://emtecgroup.teamtailor.com/,"https://emtecgroup.teamtailor.com/jobs.json"
teamtailor,enkv,20,https://enkv.teamtailor.com/,"https://enkv.teamtailor.com/jobs.json"
teamtailor,grailtalent-1730296269,20,https://grailtalent-1730296269.teamtailor.com/,"https://grailtalent-1730296269.teamtailor.com/jobs.json"
teamtailor,iqm,20,https://iqm.teamtailor.com/,"https://iqm.teamtailor.com/jobs.json"
teamtailor,lafeemaraboutee,20,https://lafeemaraboutee.teamtailor.com/,"https://lafeemaraboutee.teamtailor.com/jobs.json"
teamtailor,maritimeandhealthcaregroup,20,https://maritimeandhealthcaregroup.teamtailor.com/,"https://maritimeandhealthcaregroup.teamtailor.com/jobs.json"
teamtailor,mintos,20,https://mintos.teamtailor.com/,"https://mintos.teamtailor.com/jobs.json"
teamtailor,paradox-interactive,20,https://paradox-interactive.teamtailor.com/,"https://paradox-interactive.teamtailor.com/jobs.json"
teamtailor,providentromania,20,https://providentromania.teamtailor.com/,"https://providentromania.teamtailor.com/jobs.json"
teamtailor,psssecuritas,20,https://psssecuritas.teamtailor.com/,"https://psssecuritas.teamtailor.com/jobs.json"
teamtailor,siemersspezialistengmbh-1738597040,20,https://siemersspezialistengmbh-1738597040.teamtailor.com/,"https://siemersspezialistengmbh-1738597040.teamtailor.com/jobs.json"
teamtailor,svevia,20,https://svevia.teamtailor.com/,"https://svevia.teamtailor.com/jobs.json"
teamtailor,talentin,20,https://talentin.teamtailor.com/,"https://talentin.teamtailor.com/jobs.json"
teamtailor,thefrenchbastards-1723124849,20,https://thefrenchbastards-1723124849.teamtailor.com/,"https://thefrenchbastards-1723124849.teamtailor.com/jobs.json"
teamtailor,accelerate,19,https://accelerate.teamtailor.com/,"https://accelerate.teamtailor.com/jobs.json"
teamtailor,adsmurai,19,https://adsmurai.teamtailor.com/,"https://adsmurai.teamtailor.com/jobs.json"
teamtailor,attendodanmark,19,https://attendodanmark.teamtailor.com/,"https://attendodanmark.teamtailor.com/jobs.json"
teamtailor,bearingpointnetherlands,19,https://bearingpointnetherlands.teamtailor.com/,"https://bearingpointnetherlands.teamtailor.com/jobs.json"
teamtailor,comberagmbh,19,https://comberagmbh.teamtailor.com/,"https://comberagmbh.teamtailor.com/jobs.json"
teamtailor,eathappygroup,19,https://eathappygroup.teamtailor.com/,"https://eathappygroup.teamtailor.com/jobs.json"
teamtailor,eitrawmaterialsgmbh,19,https://eitrawmaterialsgmbh.teamtailor.com/,"https://eitrawmaterialsgmbh.teamtailor.com/jobs.json"
teamtailor,ensek,19,https://ensek.teamtailor.com/,"https://ensek.teamtailor.com/jobs.json"
teamtailor,equipjardin,19,https://equipjardin.teamtailor.com/,"https://equipjardin.teamtailor.com/jobs.json"
teamtailor,foveaassocies,19,https://foveaassocies.teamtailor.com/,"https://foveaassocies.teamtailor.com/jobs.json"
teamtailor,fromitcanwith,19,https://fromitcanwith.teamtailor.com/,"https://fromitcanwith.teamtailor.com/jobs.json"
teamtailor,keyrusbrazil,19,https://keyrusbrazil.teamtailor.com/,"https://keyrusbrazil.teamtailor.com/jobs.json"
teamtailor,lotuscars,19,https://lotuscars.teamtailor.com/,"https://lotuscars.teamtailor.com/jobs.json"
teamtailor,mindwork,19,https://mindwork.teamtailor.com/,"https://mindwork.teamtailor.com/jobs.json"
teamtailor,orapartenaires,19,https://orapartenaires.teamtailor.com/,"https://orapartenaires.teamtailor.com/jobs.json"
teamtailor,orbioworld,19,https://orbioworld.teamtailor.com/,"https://orbioworld.teamtailor.com/jobs.json"
teamtailor,passivelogic,19,https://passivelogic.teamtailor.com/,"https://passivelogic.teamtailor.com/jobs.json"
teamtailor,pinchonationdenmark,19,https://pinchonationdenmark.teamtailor.com/,"https://pinchonationdenmark.teamtailor.com/jobs.json"
teamtailor,victoriahem,19,https://victoriahem.teamtailor.com/,"https://victoriahem.teamtailor.com/jobs.json"
teamtailor,airtificial,18,https://airtificial.teamtailor.com/,"https://airtificial.teamtailor.com/jobs.json"
teamtailor,aqengineering,18,https://aqengineering.teamtailor.com/,"https://aqengineering.teamtailor.com/jobs.json"
teamtailor,bastardburgers,18,https://bastardburgers.teamtailor.com/,"https://bastardburgers.teamtailor.com/jobs.json"
teamtailor,bouillonrestaurants-1727180350,18,https://bouillonrestaurants-1727180350.teamtailor.com/,"https://bouillonrestaurants-1727180350.teamtailor.com/jobs.json"
teamtailor,cares,18,https://cares.teamtailor.com/,"https://cares.teamtailor.com/jobs.json"
teamtailor,causeway-1588594217,18,https://causeway-1588594217.teamtailor.com/,"https://causeway-1588594217.teamtailor.com/jobs.json"
teamtailor,colosseumklinikken,18,https://colosseumklinikken.teamtailor.com/,"https://colosseumklinikken.teamtailor.com/jobs.json"
teamtailor,delair,18,https://delair.teamtailor.com/,"https://delair.teamtailor.com/jobs.json"
teamtailor,embarkstudios,18,https://embarkstudios.teamtailor.com/,"https://embarkstudios.teamtailor.com/jobs.json"
teamtailor,erstadiakoni,18,https://erstadiakoni.teamtailor.com/,"https://erstadiakoni.teamtailor.com/jobs.json"
teamtailor,fredperry,18,https://fredperry.teamtailor.com/,"https://fredperry.teamtailor.com/jobs.json"
teamtailor,gigstep,18,https://gigstep.teamtailor.com/,"https://gigstep.teamtailor.com/jobs.json"
teamtailor,gonggalaxy-1711637175,18,https://gonggalaxy-1711637175.teamtailor.com/,"https://gonggalaxy-1711637175.teamtailor.com/jobs.json"
teamtailor,haegercarlsson,18,https://haegercarlsson.teamtailor.com/,"https://haegercarlsson.teamtailor.com/jobs.json"
teamtailor,horace,18,https://horace.teamtailor.com/,"https://horace.teamtailor.com/jobs.json"
teamtailor,ikealithuania,18,https://ikealithuania.teamtailor.com/,"https://ikealithuania.teamtailor.com/jobs.json"
teamtailor,influencer,18,https://influencer.teamtailor.com/,"https://influencer.teamtailor.com/jobs.json"
teamtailor,ipfdigital,18,https://ipfdigital.teamtailor.com/,"https://ipfdigital.teamtailor.com/jobs.json"
teamtailor,netendersholding,18,https://netendersholding.teamtailor.com/,"https://netendersholding.teamtailor.com/jobs.json"
teamtailor,netnordicgroupas,18,https://netnordicgroupas.teamtailor.com/,"https://netnordicgroupas.teamtailor.com/jobs.json"
teamtailor,nobiaab-hth,18,https://nobiaab-hth.teamtailor.com/,"https://nobiaab-hth.teamtailor.com/jobs.json"
teamtailor,nordicoperationcenter,18,https://nordicoperationcenter.teamtailor.com/,"https://nordicoperationcenter.teamtailor.com/jobs.json"
teamtailor,stl,18,https://stl.teamtailor.com/,"https://stl.teamtailor.com/jobs.json"
teamtailor,stretch,18,https://stretch.teamtailor.com/,"https://stretch.teamtailor.com/jobs.json"
teamtailor,talentflow,18,https://talentflow.teamtailor.com/,"https://talentflow.teamtailor.com/jobs.json"
teamtailor,urbanitaliangroupab,18,https://urbanitaliangroupab.teamtailor.com/,"https://urbanitaliangroupab.teamtailor.com/jobs.json"
teamtailor,virtualteammate-1719208705,18,https://virtualteammate-1719208705.teamtailor.com/,"https://virtualteammate-1719208705.teamtailor.com/jobs.json"
teamtailor,werkstanorge,18,https://werkstanorge.teamtailor.com/,"https://werkstanorge.teamtailor.com/jobs.json"
teamtailor,ashridgehomecare-1649672509,17,https://ashridgehomecare-1649672509.teamtailor.com/,"https://ashridgehomecare-1649672509.teamtailor.com/jobs.json"
teamtailor,balder,17,https://balder.teamtailor.com/,"https://balder.teamtailor.com/jobs.json"
teamtailor,essec,17,https://essec.teamtailor.com/,"https://essec.teamtailor.com/jobs.json"
teamtailor,hometree-1690194722,17,https://hometree-1690194722.teamtailor.com/,"https://hometree-1690194722.teamtailor.com/jobs.json"
teamtailor,huaweisweden,17,https://huaweisweden.teamtailor.com/,"https://huaweisweden.teamtailor.com/jobs.json"
teamtailor,interteksemkoab,17,https://interteksemkoab.teamtailor.com/,"https://interteksemkoab.teamtailor.com/jobs.json"
teamtailor,ketju,17,https://ketju.teamtailor.com/,"https://ketju.teamtailor.com/jobs.json"
teamtailor,mycollabcocerto,17,https://mycollabcocerto.teamtailor.com/,"https://mycollabcocerto.teamtailor.com/jobs.json"
teamtailor,nent,17,https://nent.teamtailor.com/,"https://nent.teamtailor.com/jobs.json"
teamtailor,nordicknotsab,17,https://nordicknotsab.teamtailor.com/,"https://nordicknotsab.teamtailor.com/jobs.json"
teamtailor,precisdigital,17,https://precisdigital.teamtailor.com/,"https://precisdigital.teamtailor.com/jobs.json"
teamtailor,purplerekrytering,17,https://purplerekrytering.teamtailor.com/,"https://purplerekrytering.teamtailor.com/jobs.json"
teamtailor,renoagroupoy,17,https://renoagroupoy.teamtailor.com/,"https://renoagroupoy.teamtailor.com/jobs.json"
teamtailor,roccofortehotelsitaly,17,https://roccofortehotelsitaly.teamtailor.com/,"https://roccofortehotelsitaly.teamtailor.com/jobs.json"
teamtailor,skillyou,17,https://skillyou.teamtailor.com/,"https://skillyou.teamtailor.com/jobs.json"
teamtailor,svenskavetcareers,17,https://svenskavetcareers.teamtailor.com/,"https://svenskavetcareers.teamtailor.com/jobs.json"
teamtailor,vdlconseil-1703611437,17,https://vdlconseil-1703611437.teamtailor.com/,"https://vdlconseil-1703611437.teamtailor.com/jobs.json"
teamtailor,vroomly,17,https://vroomly.teamtailor.com/,"https://vroomly.teamtailor.com/jobs.json"
teamtailor,aputeam,16,https://aputeam.teamtailor.com/,"https://aputeam.teamtailor.com/jobs.json"
teamtailor,audigny,16,https://audigny.teamtailor.com/,"https://audigny.teamtailor.com/jobs.json"
teamtailor,bluebanana,16,https://bluebanana.teamtailor.com/,"https://bluebanana.teamtailor.com/jobs.json"
teamtailor,blurizon,16,https://blurizon.teamtailor.com/,"https://blurizon.teamtailor.com/jobs.json"
teamtailor,cipalschaubroeck,16,https://cipalschaubroeck.teamtailor.com/,"https://cipalschaubroeck.teamtailor.com/jobs.json"
teamtailor,curtins,16,https://curtins.teamtailor.com/,"https://curtins.teamtailor.com/jobs.json"
teamtailor,dallasholdings,16,https://dallasholdings.teamtailor.com/,"https://dallasholdings.teamtailor.com/jobs.json"
teamtailor,diepeveen,16,https://diepeveen.teamtailor.com/,"https://diepeveen.teamtailor.com/jobs.json"
teamtailor,engagedhr,16,https://engagedhr.teamtailor.com/,"https://engagedhr.teamtailor.com/jobs.json"
teamtailor,expliseat,16,https://expliseat.teamtailor.com/,"https://expliseat.teamtailor.com/jobs.json"
teamtailor,fugafamily,16,https://fugafamily.teamtailor.com/,"https://fugafamily.teamtailor.com/jobs.json"
teamtailor,headonrekruttering-1740643730,16,https://headonrekruttering-1740643730.teamtailor.com/,"https://headonrekruttering-1740643730.teamtailor.com/jobs.json"
teamtailor,hospitalclinic,16,https://hospitalclinic.teamtailor.com/,"https://hospitalclinic.teamtailor.com/jobs.json"
teamtailor,knaufgypsumeastsouthwest,16,https://knaufgypsumeastsouthwest.teamtailor.com/,"https://knaufgypsumeastsouthwest.teamtailor.com/jobs.json"
teamtailor,nortrade,16,https://nortrade.teamtailor.com/,"https://nortrade.teamtailor.com/jobs.json"
teamtailor,nudeproject,16,https://nudeproject.teamtailor.com/,"https://nudeproject.teamtailor.com/jobs.json"
teamtailor,omexom,16,https://omexom.teamtailor.com/,"https://omexom.teamtailor.com/jobs.json"
teamtailor,omnistaff,16,https://omnistaff.teamtailor.com/,"https://omnistaff.teamtailor.com/jobs.json"
teamtailor,photosol,16,https://photosol.teamtailor.com/,"https://photosol.teamtailor.com/jobs.json"
teamtailor,schauenburghosetechnologygmbh,16,https://schauenburghosetechnologygmbh.teamtailor.com/,"https://schauenburghosetechnologygmbh.teamtailor.com/jobs.json"
teamtailor,sunshinestories,16,https://sunshinestories.teamtailor.com/,"https://sunshinestories.teamtailor.com/jobs.json"
teamtailor,treballaplataformaeducativa,16,https://treballaplataformaeducativa.teamtailor.com/,"https://treballaplataformaeducativa.teamtailor.com/jobs.json"
teamtailor,visere,16,https://visere.teamtailor.com/,"https://visere.teamtailor.com/jobs.json"
teamtailor,volue,16,https://volue.teamtailor.com/,"https://volue.teamtailor.com/jobs.json"
teamtailor,yousign,16,https://yousign.teamtailor.com/,"https://yousign.teamtailor.com/jobs.json"
teamtailor,alberblanc,15,https://alberblanc.teamtailor.com/,"https://alberblanc.teamtailor.com/jobs.json"
teamtailor,aleidogroup,15,https://aleidogroup.teamtailor.com/,"https://aleidogroup.teamtailor.com/jobs.json"
teamtailor,brunnerco,15,https://brunnerco.teamtailor.com/,"https://brunnerco.teamtailor.com/jobs.json"
teamtailor,carebrook,15,https://carebrook.teamtailor.com/,"https://carebrook.teamtailor.com/jobs.json"
teamtailor,cdpworldwide,15,https://cdpworldwide.teamtailor.com/,"https://cdpworldwide.teamtailor.com/jobs.json"
teamtailor,ekogruppensverigeab,15,https://ekogruppensverigeab.teamtailor.com/,"https://ekogruppensverigeab.teamtailor.com/jobs.json"
teamtailor,elunic,15,https://elunic.teamtailor.com/,"https://elunic.teamtailor.com/jobs.json"
teamtailor,eris,15,https://eris.teamtailor.com/,"https://eris.teamtailor.com/jobs.json"
teamtailor,foxway,15,https://foxway.teamtailor.com/,"https://foxway.teamtailor.com/jobs.json"
teamtailor,groupecarrion-1750250898,15,https://groupecarrion-1750250898.teamtailor.com/,"https://groupecarrion-1750250898.teamtailor.com/jobs.json"
teamtailor,humanisecollective,15,https://humanisecollective.teamtailor.com/,"https://humanisecollective.teamtailor.com/jobs.json"
teamtailor,isales,15,https://isales.teamtailor.com/,"https://isales.teamtailor.com/jobs.json"
teamtailor,kndsuk,15,https://kndsuk.teamtailor.com/,"https://kndsuk.teamtailor.com/jobs.json"
teamtailor,madbox,15,https://madbox.teamtailor.com/,"https://madbox.teamtailor.com/jobs.json"
teamtailor,medtanken,15,https://medtanken.teamtailor.com/,"https://medtanken.teamtailor.com/jobs.json"
teamtailor,melanders,15,https://melanders.teamtailor.com/,"https://melanders.teamtailor.com/jobs.json"
teamtailor,montblanccollection-1738059242,15,https://montblanccollection-1738059242.teamtailor.com/,"https://montblanccollection-1738059242.teamtailor.com/jobs.json"
teamtailor,polypeptidestrasbourg,15,https://polypeptidestrasbourg.teamtailor.com/,"https://polypeptidestrasbourg.teamtailor.com/jobs.json"
teamtailor,qevlar-1721317262,15,https://qevlar-1721317262.teamtailor.com/,"https://qevlar-1721317262.teamtailor.com/jobs.json"
teamtailor,sallyqab,15,https://sallyqab.teamtailor.com/,"https://sallyqab.teamtailor.com/jobs.json"
teamtailor,sevr,15,https://sevr.teamtailor.com/,"https://sevr.teamtailor.com/jobs.json"
teamtailor,sjab,15,https://sjab.teamtailor.com/,"https://sjab.teamtailor.com/jobs.json"
teamtailor,spawnpointmedia-1677622320,15,https://spawnpointmedia-1677622320.teamtailor.com/,"https://spawnpointmedia-1677622320.teamtailor.com/jobs.json"
teamtailor,teleplanglobe,15,https://teleplanglobe.teamtailor.com/,"https://teleplanglobe.teamtailor.com/jobs.json"
teamtailor,tersea,15,https://tersea.teamtailor.com/,"https://tersea.teamtailor.com/jobs.json"
teamtailor,thenewjob,15,https://thenewjob.teamtailor.com/,"https://thenewjob.teamtailor.com/jobs.json"
teamtailor,thespitjack,15,https://thespitjack.teamtailor.com/,"https://thespitjack.teamtailor.com/jobs.json"
teamtailor,thomashardie,15,https://thomashardie.teamtailor.com/,"https://thomashardie.teamtailor.com/jobs.json"
teamtailor,tjintokk,15,https://tjintokk.teamtailor.com/,"https://tjintokk.teamtailor.com/jobs.json"
teamtailor,umsskeldarab,15,https://umsskeldarab.teamtailor.com/,"https://umsskeldarab.teamtailor.com/jobs.json"
teamtailor,vaccindirektisverigeab,15,https://vaccindirektisverigeab.teamtailor.com/,"https://vaccindirektisverigeab.teamtailor.com/jobs.json"
teamtailor,virtasant,15,https://virtasant.teamtailor.com/,"https://virtasant.teamtailor.com/jobs.json"
teamtailor,weroad,15,https://weroad.teamtailor.com/,"https://weroad.teamtailor.com/jobs.json"
teamtailor,zinkworks,15,https://zinkworks.teamtailor.com/,"https://zinkworks.teamtailor.com/jobs.json"
teamtailor,acorngroup,14,https://acorngroup.teamtailor.com/,"https://acorngroup.teamtailor.com/jobs.json"
teamtailor,artificiallabsltd,14,https://artificiallabsltd.teamtailor.com/,"https://artificiallabsltd.teamtailor.com/jobs.json"
teamtailor,ateme,14,https://ateme.teamtailor.com/,"https://ateme.teamtailor.com/jobs.json"
teamtailor,azqoresa,14,https://azqoresa.teamtailor.com/,"https://azqoresa.teamtailor.com/jobs.json"
teamtailor,bashor,14,https://bashor.teamtailor.com/,"https://bashor.teamtailor.com/jobs.json"
teamtailor,bearingpointgmbh,14,https://bearingpointgmbh.teamtailor.com/,"https://bearingpointgmbh.teamtailor.com/jobs.json"
teamtailor,chancellors,14,https://chancellors.teamtailor.com/,"https://chancellors.teamtailor.com/jobs.json"
teamtailor,coody,14,https://coody.teamtailor.com/,"https://coody.teamtailor.com/jobs.json"
teamtailor,cresiliens,14,https://cresiliens.teamtailor.com/,"https://cresiliens.teamtailor.com/jobs.json"
teamtailor,elegancia-1739955737,14,https://elegancia-1739955737.teamtailor.com/,"https://elegancia-1739955737.teamtailor.com/jobs.json"
teamtailor,emperor,14,https://emperor.teamtailor.com/,"https://emperor.teamtailor.com/jobs.json"
teamtailor,episer,14,https://episer.teamtailor.com/,"https://episer.teamtailor.com/jobs.json"
teamtailor,felyx-1732008592,14,https://felyx-1732008592.teamtailor.com/,"https://felyx-1732008592.teamtailor.com/jobs.json"
teamtailor,globesearchas-1745424407,14,https://globesearchas-1745424407.teamtailor.com/,"https://globesearchas-1745424407.teamtailor.com/jobs.json"
teamtailor,groupekedgebusinessschool,14,https://groupekedgebusinessschool.teamtailor.com/,"https://groupekedgebusinessschool.teamtailor.com/jobs.json"
teamtailor,incluso,14,https://incluso.teamtailor.com/,"https://incluso.teamtailor.com/jobs.json"
teamtailor,keyruscolombia,14,https://keyruscolombia.teamtailor.com/,"https://keyruscolombia.teamtailor.com/jobs.json"
teamtailor,magellan-carrieres,14,https://magellan-carrieres.teamtailor.com/,"https://magellan-carrieres.teamtailor.com/jobs.json"
teamtailor,matia,14,https://matia.teamtailor.com/,"https://matia.teamtailor.com/jobs.json"
teamtailor,modirumplatforms,14,https://modirumplatforms.teamtailor.com/,"https://modirumplatforms.teamtailor.com/jobs.json"
teamtailor,node4,14,https://node4.teamtailor.com/,"https://node4.teamtailor.com/jobs.json"
teamtailor,omexomsor,14,https://omexomsor.teamtailor.com/,"https://omexomsor.teamtailor.com/jobs.json"
teamtailor,optimapartners,14,https://optimapartners.teamtailor.com/,"https://optimapartners.teamtailor.com/jobs.json"
teamtailor,peperco,14,https://peperco.teamtailor.com/,"https://peperco.teamtailor.com/jobs.json"
teamtailor,pinchonationnorway,14,https://pinchonationnorway.teamtailor.com/,"https://pinchonationnorway.teamtailor.com/jobs.json"
teamtailor,piscerab,14,https://piscerab.teamtailor.com/,"https://piscerab.teamtailor.com/jobs.json"
teamtailor,pubitygroupltd,14,https://pubitygroupltd.teamtailor.com/,"https://pubitygroupltd.teamtailor.com/jobs.json"
teamtailor,publiklysekil,14,https://publiklysekil.teamtailor.com/,"https://publiklysekil.teamtailor.com/jobs.json"
teamtailor,rixo,14,https://rixo.teamtailor.com/,"https://rixo.teamtailor.com/jobs.json"
teamtailor,teamliquid,14,https://teamliquid.teamtailor.com/,"https://teamliquid.teamtailor.com/jobs.json"
teamtailor,topdoctors,14,https://topdoctors.teamtailor.com/,"https://topdoctors.teamtailor.com/jobs.json"
teamtailor,trustpair,14,https://trustpair.teamtailor.com/,"https://trustpair.teamtailor.com/jobs.json"
teamtailor,vic,14,https://vic.teamtailor.com/,"https://vic.teamtailor.com/jobs.json"
teamtailor,wspfinland,14,https://wspfinland.teamtailor.com/,"https://wspfinland.teamtailor.com/jobs.json"
teamtailor,yoump-1740392732,14,https://yoump-1740392732.teamtailor.com/,"https://yoump-1740392732.teamtailor.com/jobs.json"
teamtailor,atecna,13,https://atecna.teamtailor.com/,"https://atecna.teamtailor.com/jobs.json"
teamtailor,career,13,https://career.teamtailor.com/,"https://career.teamtailor.com/jobs.json"
teamtailor,clickboat,13,https://clickboat.teamtailor.com/,"https://clickboat.teamtailor.com/jobs.json"
teamtailor,culturesfood,13,https://culturesfood.teamtailor.com/,"https://culturesfood.teamtailor.com/jobs.json"
teamtailor,dfdsdenmark,13,https://dfdsdenmark.teamtailor.com/,"https://dfdsdenmark.teamtailor.com/jobs.json"
teamtailor,embv,13,https://embv.teamtailor.com/,"https://embv.teamtailor.com/jobs.json"
teamtailor,evat,13,https://evat.teamtailor.com/,"https://evat.teamtailor.com/jobs.json"
teamtailor,grantthornton,13,https://grantthornton.teamtailor.com/,"https://grantthornton.teamtailor.com/jobs.json"
teamtailor,grupoubesol-1747670884,13,https://grupoubesol-1747670884.teamtailor.com/,"https://grupoubesol-1747670884.teamtailor.com/jobs.json"
teamtailor,hammerhanborg,13,https://hammerhanborg.teamtailor.com/,"https://hammerhanborg.teamtailor.com/jobs.json"
teamtailor,hopscotchdaynurseries,13,https://hopscotchdaynurseries.teamtailor.com/,"https://hopscotchdaynurseries.teamtailor.com/jobs.json"
teamtailor,ikealatvia,13,https://ikealatvia.teamtailor.com/,"https://ikealatvia.teamtailor.com/jobs.json"
teamtailor,imcholding,13,https://imcholding.teamtailor.com/,"https://imcholding.teamtailor.com/jobs.json"
teamtailor,indy,13,https://indy.teamtailor.com/,"https://indy.teamtailor.com/jobs.json"
teamtailor,keskosenukaidigital,13,https://keskosenukaidigital.teamtailor.com/,"https://keskosenukaidigital.teamtailor.com/jobs.json"
teamtailor,mastersearchsolutions,13,https://mastersearchsolutions.teamtailor.com/,"https://mastersearchsolutions.teamtailor.com/jobs.json"
teamtailor,mpsystems,13,https://mpsystems.teamtailor.com/,"https://mpsystems.teamtailor.com/jobs.json"
teamtailor,nexerinfrastructure,13,https://nexerinfrastructure.teamtailor.com/,"https://nexerinfrastructure.teamtailor.com/jobs.json"
teamtailor,nieddittascpasocietacooperativa-1750148704,13,https://nieddittascpasocietacooperativa-1750148704.teamtailor.com/,"https://nieddittascpasocietacooperativa-1750148704.teamtailor.com/jobs.json"
teamtailor,opassistans,13,https://opassistans.teamtailor.com/,"https://opassistans.teamtailor.com/jobs.json"
teamtailor,phoenixpharmaswitzerlandag,13,https://phoenixpharmaswitzerlandag.teamtailor.com/,"https://phoenixpharmaswitzerlandag.teamtailor.com/jobs.json"
teamtailor,primekssnew,13,https://primekssnew.teamtailor.com/,"https://primekssnew.teamtailor.com/jobs.json"
teamtailor,realpetfoodcompany,13,https://realpetfoodcompany.teamtailor.com/,"https://realpetfoodcompany.teamtailor.com/jobs.json"
teamtailor,rehabunited,13,https://rehabunited.teamtailor.com/,"https://rehabunited.teamtailor.com/jobs.json"
teamtailor,saasglobal,13,https://saasglobal.teamtailor.com/,"https://saasglobal.teamtailor.com/jobs.json"
teamtailor,scaniabemanning,13,https://scaniabemanning.teamtailor.com/,"https://scaniabemanning.teamtailor.com/jobs.json"
teamtailor,solevo-1695109387,13,https://solevo-1695109387.teamtailor.com/,"https://solevo-1695109387.teamtailor.com/jobs.json"
teamtailor,telenorsweden,13,https://telenorsweden.teamtailor.com/,"https://telenorsweden.teamtailor.com/jobs.json"
teamtailor,twodaynorway,13,https://twodaynorway.teamtailor.com/,"https://twodaynorway.teamtailor.com/jobs.json"
teamtailor,veterinaria,13,https://veterinaria.teamtailor.com/,"https://veterinaria.teamtailor.com/jobs.json"
teamtailor,vipas,13,https://vipas.teamtailor.com/,"https://vipas.teamtailor.com/jobs.json"
teamtailor,vivobarefoot,13,https://vivobarefoot.teamtailor.com/,"https://vivobarefoot.teamtailor.com/jobs.json"
teamtailor,zrive,13,https://zrive.teamtailor.com/,"https://zrive.teamtailor.com/jobs.json"
teamtailor,aico,12,https://aico.teamtailor.com/,"https://aico.teamtailor.com/jobs.json"
teamtailor,appsilon-1739358905,12,https://appsilon-1739358905.teamtailor.com/,"https://appsilon-1739358905.teamtailor.com/jobs.json"
teamtailor,ardonaghspeciality,12,https://ardonaghspeciality.teamtailor.com/,"https://ardonaghspeciality.teamtailor.com/jobs.json"
teamtailor,asklocala-1671530238,12,https://asklocala-1671530238.teamtailor.com/,"https://asklocala-1671530238.teamtailor.com/jobs.json"
teamtailor,astademo,12,https://astademo.teamtailor.com/,"https://astademo.teamtailor.com/jobs.json"
teamtailor,audencia,12,https://audencia.teamtailor.com/,"https://audencia.teamtailor.com/jobs.json"
teamtailor,avosano,12,https://avosano.teamtailor.com/,"https://avosano.teamtailor.com/jobs.json"
teamtailor,brownshotel,12,https://brownshotel.teamtailor.com/,"https://brownshotel.teamtailor.com/jobs.json"
teamtailor,bunnynet,12,https://bunnynet.teamtailor.com/,"https://bunnynet.teamtailor.com/jobs.json"
teamtailor,catitres,12,https://catitres.teamtailor.com/,"https://catitres.teamtailor.com/jobs.json"
teamtailor,cotrallab,12,https://cotrallab.teamtailor.com/,"https://cotrallab.teamtailor.com/jobs.json"
teamtailor,coverflex,12,https://coverflex.teamtailor.com/,"https://coverflex.teamtailor.com/jobs.json"
teamtailor,crystalintelligence,12,https://crystalintelligence.teamtailor.com/,"https://crystalintelligence.teamtailor.com/jobs.json"
teamtailor,decades,12,https://decades.teamtailor.com/,"https://decades.teamtailor.com/jobs.json"
teamtailor,deepki,12,https://deepki.teamtailor.com/,"https://deepki.teamtailor.com/jobs.json"
teamtailor,delaware-1652081809,12,https://delaware-1652081809.teamtailor.com/,"https://delaware-1652081809.teamtailor.com/jobs.json"
teamtailor,demo-enterprise,12,https://demo-enterprise.teamtailor.com/,"https://demo-enterprise.teamtailor.com/jobs.json"
teamtailor,dfm,12,https://dfm.teamtailor.com/,"https://dfm.teamtailor.com/jobs.json"
teamtailor,elavate,12,https://elavate.teamtailor.com/,"https://elavate.teamtailor.com/jobs.json"
teamtailor,geomiq,12,https://geomiq.teamtailor.com/,"https://geomiq.teamtailor.com/jobs.json"
teamtailor,ghistelinck-1716880277,12,https://ghistelinck-1716880277.teamtailor.com/,"https://ghistelinck-1716880277.teamtailor.com/jobs.json"
teamtailor,grupobinternational,12,https://grupobinternational.teamtailor.com/,"https://grupobinternational.teamtailor.com/jobs.json"
teamtailor,gynea,12,https://gynea.teamtailor.com/,"https://gynea.teamtailor.com/jobs.json"
teamtailor,headway,12,https://headway.teamtailor.com/,"https://headway.teamtailor.com/jobs.json"
teamtailor,hulluporo,12,https://hulluporo.teamtailor.com/,"https://hulluporo.teamtailor.com/jobs.json"
teamtailor,humansource,12,https://humansource.teamtailor.com/,"https://humansource.teamtailor.com/jobs.json"
teamtailor,impetus,12,https://impetus.teamtailor.com/,"https://impetus.teamtailor.com/jobs.json"
teamtailor,ittotalab,12,https://ittotalab.teamtailor.com/,"https://ittotalab.teamtailor.com/jobs.json"
teamtailor,kernkraftwerkleibstadtag,12,https://kernkraftwerkleibstadtag.teamtailor.com/,"https://kernkraftwerkleibstadtag.teamtailor.com/jobs.json"
teamtailor,kpmgglobalservices,12,https://kpmgglobalservices.teamtailor.com/,"https://kpmgglobalservices.teamtailor.com/jobs.json"
teamtailor,kulturhoder,12,https://kulturhoder.teamtailor.com/,"https://kulturhoder.teamtailor.com/jobs.json"
teamtailor,lindvallenrestaurangeraktiebolag,12,https://lindvallenrestaurangeraktiebolag.teamtailor.com/,"https://lindvallenrestaurangeraktiebolag.teamtailor.com/jobs.json"
teamtailor,nicolas,12,https://nicolas.teamtailor.com/,"https://nicolas.teamtailor.com/jobs.json"
teamtailor,northstarnetwork-1711439398,12,https://northstarnetwork-1711439398.teamtailor.com/,"https://northstarnetwork-1711439398.teamtailor.com/jobs.json"
teamtailor,polypeptideus,12,https://polypeptideus.teamtailor.com/,"https://polypeptideus.teamtailor.com/jobs.json"
teamtailor,selectabv,12,https://selectabv.teamtailor.com/,"https://selectabv.teamtailor.com/jobs.json"
teamtailor,sibylone,12,https://sibylone.teamtailor.com/,"https://sibylone.teamtailor.com/jobs.json"
teamtailor,viljaniof,12,https://viljaniof.teamtailor.com/,"https://viljaniof.teamtailor.com/jobs.json"
teamtailor,vistaverbundfurintegrativesozialeun,12,https://vistaverbundfurintegrativesozialeun.teamtailor.com/,"https://vistaverbundfurintegrativesozialeun.teamtailor.com/jobs.json"
teamtailor,winaparbeitsvermittlung,12,https://winaparbeitsvermittlung.teamtailor.com/,"https://winaparbeitsvermittlung.teamtailor.com/jobs.json"
teamtailor,yoursurprise,12,https://yoursurprise.teamtailor.com/,"https://yoursurprise.teamtailor.com/jobs.json"
teamtailor,actemium,11,https://actemium.teamtailor.com/,"https://actemium.teamtailor.com/jobs.json"
teamtailor,amploy,11,https://amploy.teamtailor.com/,"https://amploy.teamtailor.com/jobs.json"
teamtailor,aofvast,11,https://aofvast.teamtailor.com/,"https://aofvast.teamtailor.com/jobs.json"
teamtailor,apotea,11,https://apotea.teamtailor.com/,"https://apotea.teamtailor.com/jobs.json"
teamtailor,avencore,11,https://avencore.teamtailor.com/,"https://avencore.teamtailor.com/jobs.json"
teamtailor,bearingpointag,11,https://bearingpointag.teamtailor.com/,"https://bearingpointag.teamtailor.com/jobs.json"
teamtailor,convers,11,https://convers.teamtailor.com/,"https://convers.teamtailor.com/jobs.json"
teamtailor,dnpphotoimagingeurope-1732191906,11,https://dnpphotoimagingeurope-1732191906.teamtailor.com/,"https://dnpphotoimagingeurope-1732191906.teamtailor.com/jobs.json"
teamtailor,ecoonline,11,https://ecoonline.teamtailor.com/,"https://ecoonline.teamtailor.com/jobs.json"
teamtailor,ecurabooghabilitering,11,https://ecurabooghabilitering.teamtailor.com/,"https://ecurabooghabilitering.teamtailor.com/jobs.json"
teamtailor,eiropersonals,11,https://eiropersonals.teamtailor.com/,"https://eiropersonals.teamtailor.com/jobs.json"
teamtailor,firesafeas,11,https://firesafeas.teamtailor.com/,"https://firesafeas.teamtailor.com/jobs.json"
teamtailor,fratries-1712830126,11,https://fratries-1712830126.teamtailor.com/,"https://fratries-1712830126.teamtailor.com/jobs.json"
teamtailor,fussy-1738679774,11,https://fussy-1738679774.teamtailor.com/,"https://fussy-1738679774.teamtailor.com/jobs.json"
teamtailor,gigancicodinggiants-1732891096,11,https://gigancicodinggiants-1732891096.teamtailor.com/,"https://gigancicodinggiants-1732891096.teamtailor.com/jobs.json"
teamtailor,groupesantenadon,11,https://groupesantenadon.teamtailor.com/,"https://groupesantenadon.teamtailor.com/jobs.json"
teamtailor,iagcargo,11,https://iagcargo.teamtailor.com/,"https://iagcargo.teamtailor.com/jobs.json"
teamtailor,idrehimmelfjall,11,https://idrehimmelfjall.teamtailor.com/,"https://idrehimmelfjall.teamtailor.com/jobs.json"
teamtailor,jooble,11,https://jooble.teamtailor.com/,"https://jooble.teamtailor.com/jobs.json"
teamtailor,knaufinsulationsystemsdivision,11,https://knaufinsulationsystemsdivision.teamtailor.com/,"https://knaufinsulationsystemsdivision.teamtailor.com/jobs.json"
teamtailor,liseberg,11,https://liseberg.teamtailor.com/,"https://liseberg.teamtailor.com/jobs.json"
teamtailor,lmt,11,https://lmt.teamtailor.com/,"https://lmt.teamtailor.com/jobs.json"
teamtailor,manobank,11,https://manobank.teamtailor.com/,"https://manobank.teamtailor.com/jobs.json"
teamtailor,marketpeople,11,https://marketpeople.teamtailor.com/,"https://marketpeople.teamtailor.com/jobs.json"
teamtailor,mgroup,11,https://mgroup.teamtailor.com/,"https://mgroup.teamtailor.com/jobs.json"
teamtailor,neilsonfinancialserviceslive-1734523671,11,https://neilsonfinancialserviceslive-1734523671.teamtailor.com/,"https://neilsonfinancialserviceslive-1734523671.teamtailor.com/jobs.json"
teamtailor,newsecbaltics,11,https://newsecbaltics.teamtailor.com/,"https://newsecbaltics.teamtailor.com/jobs.json"
teamtailor,noisolation,11,https://noisolation.teamtailor.com/,"https://noisolation.teamtailor.com/jobs.json"
teamtailor,omexomie,11,https://omexomie.teamtailor.com/,"https://omexomie.teamtailor.com/jobs.json"
teamtailor,paydensltd,11,https://paydensltd.teamtailor.com/,"https://paydensltd.teamtailor.com/jobs.json"
teamtailor,peligoni,11,https://peligoni.teamtailor.com/,"https://peligoni.teamtailor.com/jobs.json"
teamtailor,priceshape,11,https://priceshape.teamtailor.com/,"https://priceshape.teamtailor.com/jobs.json"
teamtailor,protectvakthold,11,https://protectvakthold.teamtailor.com/,"https://protectvakthold.teamtailor.com/jobs.json"
teamtailor,qliro,11,https://qliro.teamtailor.com/,"https://qliro.teamtailor.com/jobs.json"
teamtailor,saps,11,https://saps.teamtailor.com/,"https://saps.teamtailor.com/jobs.json"
teamtailor,slaterconsult,11,https://slaterconsult.teamtailor.com/,"https://slaterconsult.teamtailor.com/jobs.json"
teamtailor,suessa,11,https://suessa.teamtailor.com/,"https://suessa.teamtailor.com/jobs.json"
teamtailor,swooshsverige,11,https://swooshsverige.teamtailor.com/,"https://swooshsverige.teamtailor.com/jobs.json"
teamtailor,systemsaccountantsclient,11,https://systemsaccountantsclient.teamtailor.com/,"https://systemsaccountantsclient.teamtailor.com/jobs.json"
teamtailor,taxijobb,11,https://taxijobb.teamtailor.com/,"https://taxijobb.teamtailor.com/jobs.json"
teamtailor,uniqcompetence,11,https://uniqcompetence.teamtailor.com/,"https://uniqcompetence.teamtailor.com/jobs.json"
teamtailor,vaccinova,11,https://vaccinova.teamtailor.com/,"https://vaccinova.teamtailor.com/jobs.json"
teamtailor,viragames,11,https://viragames.teamtailor.com/,"https://viragames.teamtailor.com/jobs.json"
teamtailor,wippiiwork,11,https://wippiiwork.teamtailor.com/,"https://wippiiwork.teamtailor.com/jobs.json"
teamtailor,advokatfirmandelphi,10,https://advokatfirmandelphi.teamtailor.com/,"https://advokatfirmandelphi.teamtailor.com/jobs.json"
teamtailor,assisteraskandinavienab,10,https://assisteraskandinavienab.teamtailor.com/,"https://assisteraskandinavienab.teamtailor.com/jobs.json"
teamtailor,awsweden,10,https://awsweden.teamtailor.com/,"https://awsweden.teamtailor.com/jobs.json"
teamtailor,bergpropulsion,10,https://bergpropulsion.teamtailor.com/,"https://bergpropulsion.teamtailor.com/jobs.json"
teamtailor,catalysconseil,10,https://catalysconseil.teamtailor.com/,"https://catalysconseil.teamtailor.com/jobs.json"
teamtailor,cimes,10,https://cimes.teamtailor.com/,"https://cimes.teamtailor.com/jobs.json"
teamtailor,clinicabaviera,10,https://clinicabaviera.teamtailor.com/,"https://clinicabaviera.teamtailor.com/jobs.json"
teamtailor,doga,10,https://doga.teamtailor.com/,"https://doga.teamtailor.com/jobs.json"
teamtailor,dupuy,10,https://dupuy.teamtailor.com/,"https://dupuy.teamtailor.com/jobs.json"
teamtailor,evolvetoday,10,https://evolvetoday.teamtailor.com/,"https://evolvetoday.teamtailor.com/jobs.json"
teamtailor,evrocab-1692891239,10,https://evrocab-1692891239.teamtailor.com/,"https://evrocab-1692891239.teamtailor.com/jobs.json"
teamtailor,flower,10,https://flower.teamtailor.com/,"https://flower.teamtailor.com/jobs.json"
teamtailor,friluftsland,10,https://friluftsland.teamtailor.com/,"https://friluftsland.teamtailor.com/jobs.json"
teamtailor,granlund,10,https://granlund.teamtailor.com/,"https://granlund.teamtailor.com/jobs.json"
teamtailor,gravita,10,https://gravita.teamtailor.com/,"https://gravita.teamtailor.com/jobs.json"
teamtailor,gvv,10,https://gvv.teamtailor.com/,"https://gvv.teamtailor.com/jobs.json"
teamtailor,herenco,10,https://herenco.teamtailor.com/,"https://herenco.teamtailor.com/jobs.json"
teamtailor,huaweifinlandrnd,10,https://huaweifinlandrnd.teamtailor.com/,"https://huaweifinlandrnd.teamtailor.com/jobs.json"
teamtailor,ictnordics,10,https://ictnordics.teamtailor.com/,"https://ictnordics.teamtailor.com/jobs.json"
teamtailor,jbhopkins,10,https://jbhopkins.teamtailor.com/,"https://jbhopkins.teamtailor.com/jobs.json"
teamtailor,keyrusbelgium,10,https://keyrusbelgium.teamtailor.com/,"https://keyrusbelgium.teamtailor.com/jobs.json"
teamtailor,kosmos,10,https://kosmos.teamtailor.com/,"https://kosmos.teamtailor.com/jobs.json"
teamtailor,leafspace,10,https://leafspace.teamtailor.com/,"https://leafspace.teamtailor.com/jobs.json"
teamtailor,maybusinessconsulting-1698225019,10,https://maybusinessconsulting-1698225019.teamtailor.com/,"https://maybusinessconsulting-1698225019.teamtailor.com/jobs.json"
teamtailor,mediaplanet,10,https://mediaplanet.teamtailor.com/,"https://mediaplanet.teamtailor.com/jobs.json"
teamtailor,monkeydonkykinderopvangbv-1611931555,10,https://monkeydonkykinderopvangbv-1611931555.teamtailor.com/,"https://monkeydonkykinderopvangbv-1611931555.teamtailor.com/jobs.json"
teamtailor,monterro,10,https://monterro.teamtailor.com/,"https://monterro.teamtailor.com/jobs.json"
teamtailor,morrisgroup,10,https://morrisgroup.teamtailor.com/,"https://morrisgroup.teamtailor.com/jobs.json"
teamtailor,nobuhotels,10,https://nobuhotels.teamtailor.com/,"https://nobuhotels.teamtailor.com/jobs.json"
teamtailor,oakconsulting,10,https://oakconsulting.teamtailor.com/,"https://oakconsulting.teamtailor.com/jobs.json"
teamtailor,omexomno,10,https://omexomno.teamtailor.com/,"https://omexomno.teamtailor.com/jobs.json"
teamtailor,onthatassinternationalbv,10,https://onthatassinternationalbv.teamtailor.com/,"https://onthatassinternationalbv.teamtailor.com/jobs.json"
teamtailor,operanorway,10,https://operanorway.teamtailor.com/,"https://operanorway.teamtailor.com/jobs.json"
teamtailor,orisdentalsverige,10,https://orisdentalsverige.teamtailor.com/,"https://orisdentalsverige.teamtailor.com/jobs.json"
teamtailor,otp,10,https://otp.teamtailor.com/,"https://otp.teamtailor.com/jobs.json"
teamtailor,peakperformance,10,https://peakperformance.teamtailor.com/,"https://peakperformance.teamtailor.com/jobs.json"
teamtailor,qsecurity,10,https://qsecurity.teamtailor.com/,"https://qsecurity.teamtailor.com/jobs.json"
teamtailor,rentalcaresverige,10,https://rentalcaresverige.teamtailor.com/,"https://rentalcaresverige.teamtailor.com/jobs.json"
teamtailor,roccofortehotelsgermany,10,https://roccofortehotelsgermany.teamtailor.com/,"https://roccofortehotelsgermany.teamtailor.com/jobs.json"
teamtailor,sandboxsaurtestjtmo-1743074489,10,https://sandboxsaurtestjtmo-1743074489.teamtailor.com/,"https://sandboxsaurtestjtmo-1743074489.teamtailor.com/jobs.json"
teamtailor,sarlnbd,10,https://sarlnbd.teamtailor.com/,"https://sarlnbd.teamtailor.com/jobs.json"
teamtailor,signicat,10,https://signicat.teamtailor.com/,"https://signicat.teamtailor.com/jobs.json"
teamtailor,squeeze,10,https://squeeze.teamtailor.com/,"https://squeeze.teamtailor.com/jobs.json"
teamtailor,themissiongroup,10,https://themissiongroup.teamtailor.com/,"https://themissiongroup.teamtailor.com/jobs.json"
teamtailor,theunlimited,10,https://theunlimited.teamtailor.com/,"https://theunlimited.teamtailor.com/jobs.json"
teamtailor,tmgmidwest,10,https://tmgmidwest.teamtailor.com/,"https://tmgmidwest.teamtailor.com/jobs.json"
teamtailor,vitecnetherlands,10,https://vitecnetherlands.teamtailor.com/,"https://vitecnetherlands.teamtailor.com/jobs.json"
teamtailor,whoz,10,https://whoz.teamtailor.com/,"https://whoz.teamtailor.com/jobs.json"
teamtailor,advenica,9,https://advenica.teamtailor.com/,"https://advenica.teamtailor.com/jobs.json"
teamtailor,aimopark-1664892294,9,https://aimopark-1664892294.teamtailor.com/,"https://aimopark-1664892294.teamtailor.com/jobs.json"
teamtailor,betterbusiness,9,https://betterbusiness.teamtailor.com/,"https://betterbusiness.teamtailor.com/jobs.json"
teamtailor,bohebon-1736946265,9,https://bohebon-1736946265.teamtailor.com/,"https://bohebon-1736946265.teamtailor.com/jobs.json"
teamtailor,bqredovisningradgivning,9,https://bqredovisningradgivning.teamtailor.com/,"https://bqredovisningradgivning.teamtailor.com/jobs.json"
teamtailor,breega-1704461133,9,https://breega-1704461133.teamtailor.com/,"https://breega-1704461133.teamtailor.com/jobs.json"
teamtailor,briochesfonteneau,9,https://briochesfonteneau.teamtailor.com/,"https://briochesfonteneau.teamtailor.com/jobs.json"
teamtailor,cambio,9,https://cambio.teamtailor.com/,"https://cambio.teamtailor.com/jobs.json"
teamtailor,captohrab,9,https://captohrab.teamtailor.com/,"https://captohrab.teamtailor.com/jobs.json"
teamtailor,catermate,9,https://catermate.teamtailor.com/,"https://catermate.teamtailor.com/jobs.json"
teamtailor,chip,9,https://chip.teamtailor.com/,"https://chip.teamtailor.com/jobs.json"
teamtailor,consat,9,https://consat.teamtailor.com/,"https://consat.teamtailor.com/jobs.json"
teamtailor,cosermo,9,https://cosermo.teamtailor.com/,"https://cosermo.teamtailor.com/jobs.json"
teamtailor,cretec,9,https://cretec.teamtailor.com/,"https://cretec.teamtailor.com/jobs.json"
teamtailor,dfdsspain,9,https://dfdsspain.teamtailor.com/,"https://dfdsspain.teamtailor.com/jobs.json"
teamtailor,dfdsturkey,9,https://dfdsturkey.teamtailor.com/,"https://dfdsturkey.teamtailor.com/jobs.json"
teamtailor,empet,9,https://empet.teamtailor.com/,"https://empet.teamtailor.com/jobs.json"
teamtailor,enercogroup,9,https://enercogroup.teamtailor.com/,"https://enercogroup.teamtailor.com/jobs.json"
teamtailor,ernstromgruppen,9,https://ernstromgruppen.teamtailor.com/,"https://ernstromgruppen.teamtailor.com/jobs.json"
teamtailor,fibio,9,https://fibio.teamtailor.com/,"https://fibio.teamtailor.com/jobs.json"
teamtailor,hultaforsgroupab,9,https://hultaforsgroupab.teamtailor.com/,"https://hultaforsgroupab.teamtailor.com/jobs.json"
teamtailor,idekosuomi,9,https://idekosuomi.teamtailor.com/,"https://idekosuomi.teamtailor.com/jobs.json"
teamtailor,iloq,9,https://iloq.teamtailor.com/,"https://iloq.teamtailor.com/jobs.json"
teamtailor,indigoresearch,9,https://indigoresearch.teamtailor.com/,"https://indigoresearch.teamtailor.com/jobs.json"
teamtailor,inovarion-1670250444,9,https://inovarion-1670250444.teamtailor.com/,"https://inovarion-1670250444.teamtailor.com/jobs.json"
teamtailor,joinbuena,9,https://joinbuena.teamtailor.com/,"https://joinbuena.teamtailor.com/jobs.json"
teamtailor,karjeravvk,9,https://karjeravvk.teamtailor.com/,"https://karjeravvk.teamtailor.com/jobs.json"
teamtailor,kempoweroy,9,https://kempoweroy.teamtailor.com/,"https://kempoweroy.teamtailor.com/jobs.json"
teamtailor,linck,9,https://linck.teamtailor.com/,"https://linck.teamtailor.com/jobs.json"
teamtailor,locaservice,9,https://locaservice.teamtailor.com/,"https://locaservice.teamtailor.com/jobs.json"
teamtailor,memira,9,https://memira.teamtailor.com/,"https://memira.teamtailor.com/jobs.json"
teamtailor,nordlaks,9,https://nordlaks.teamtailor.com/,"https://nordlaks.teamtailor.com/jobs.json"
teamtailor,norionbankgroup,9,https://norionbankgroup.teamtailor.com/,"https://norionbankgroup.teamtailor.com/jobs.json"
teamtailor,norr,9,https://norr.teamtailor.com/,"https://norr.teamtailor.com/jobs.json"
teamtailor,nursegeneration-1745985037,9,https://nursegeneration-1745985037.teamtailor.com/,"https://nursegeneration-1745985037.teamtailor.com/jobs.json"
teamtailor,nyeogklokehoder,9,https://nyeogklokehoder.teamtailor.com/,"https://nyeogklokehoder.teamtailor.com/jobs.json"
teamtailor,oneractive,9,https://oneractive.teamtailor.com/,"https://oneractive.teamtailor.com/jobs.json"
teamtailor,patronusgrouprrtechnologiesgmbh,9,https://patronusgrouprrtechnologiesgmbh.teamtailor.com/,"https://patronusgrouprrtechnologiesgmbh.teamtailor.com/jobs.json"
teamtailor,pearlgroup-1648036920,9,https://pearlgroup-1648036920.teamtailor.com/,"https://pearlgroup-1648036920.teamtailor.com/jobs.json"
teamtailor,pfx,9,https://pfx.teamtailor.com/,"https://pfx.teamtailor.com/jobs.json"
teamtailor,pkfsmithcooper,9,https://pkfsmithcooper.teamtailor.com/,"https://pkfsmithcooper.teamtailor.com/jobs.json"
teamtailor,pspartnerjobs,9,https://pspartnerjobs.teamtailor.com/,"https://pspartnerjobs.teamtailor.com/jobs.json"
teamtailor,riipinenrestaurants,9,https://riipinenrestaurants.teamtailor.com/,"https://riipinenrestaurants.teamtailor.com/jobs.json"
teamtailor,rize-1730897254,9,https://rize-1730897254.teamtailor.com/,"https://rize-1730897254.teamtailor.com/jobs.json"
teamtailor,sabisab,9,https://sabisab.teamtailor.com/,"https://sabisab.teamtailor.com/jobs.json"
teamtailor,salboheds,9,https://salboheds.teamtailor.com/,"https://salboheds.teamtailor.com/jobs.json"
teamtailor,securus,9,https://securus.teamtailor.com/,"https://securus.teamtailor.com/jobs.json"
teamtailor,shotgun,9,https://shotgun.teamtailor.com/,"https://shotgun.teamtailor.com/jobs.json"
teamtailor,softhouse,9,https://softhouse.teamtailor.com/,"https://softhouse.teamtailor.com/jobs.json"
teamtailor,spg,9,https://spg.teamtailor.com/,"https://spg.teamtailor.com/jobs.json"
teamtailor,svenskaturistforeningen-1692264274,9,https://svenskaturistforeningen-1692264274.teamtailor.com/,"https://svenskaturistforeningen-1692264274.teamtailor.com/jobs.json"
teamtailor,swissas,9,https://swissas.teamtailor.com/,"https://swissas.teamtailor.com/jobs.json"
teamtailor,talentx,9,https://talentx.teamtailor.com/,"https://talentx.teamtailor.com/jobs.json"
teamtailor,tsugamiamerica,9,https://tsugamiamerica.teamtailor.com/,"https://tsugamiamerica.teamtailor.com/jobs.json"
teamtailor,twodaylithuania,9,https://twodaylithuania.teamtailor.com/,"https://twodaylithuania.teamtailor.com/jobs.json"
teamtailor,vetmigo,9,https://vetmigo.teamtailor.com/,"https://vetmigo.teamtailor.com/jobs.json"
teamtailor,adeocare,8,https://adeocare.teamtailor.com/,"https://adeocare.teamtailor.com/jobs.json"
teamtailor,agiledayoy,8,https://agiledayoy.teamtailor.com/,"https://agiledayoy.teamtailor.com/jobs.json"
teamtailor,aleanzarecrutementdurable,8,https://aleanzarecrutementdurable.teamtailor.com/,"https://aleanzarecrutementdurable.teamtailor.com/jobs.json"
teamtailor,ambit,8,https://ambit.teamtailor.com/,"https://ambit.teamtailor.com/jobs.json"
teamtailor,auxilirecab,8,https://auxilirecab.teamtailor.com/,"https://auxilirecab.teamtailor.com/jobs.json"
teamtailor,bearingpointunitedkingdom-1739287252,8,https://bearingpointunitedkingdom-1739287252.teamtailor.com/,"https://bearingpointunitedkingdom-1739287252.teamtailor.com/jobs.json"
teamtailor,bihr,8,https://bihr.teamtailor.com/,"https://bihr.teamtailor.com/jobs.json"
teamtailor,bodybuddyfoods,8,https://bodybuddyfoods.teamtailor.com/,"https://bodybuddyfoods.teamtailor.com/jobs.json"
teamtailor,bookersgroup,8,https://bookersgroup.teamtailor.com/,"https://bookersgroup.teamtailor.com/jobs.json"
teamtailor,bre-1729757562,8,https://bre-1729757562.teamtailor.com/,"https://bre-1729757562.teamtailor.com/jobs.json"
teamtailor,buyin-1720596909,8,https://buyin-1720596909.teamtailor.com/,"https://buyin-1720596909.teamtailor.com/jobs.json"
teamtailor,cabaia,8,https://cabaia.teamtailor.com/,"https://cabaia.teamtailor.com/jobs.json"
teamtailor,coffeedesk,8,https://coffeedesk.teamtailor.com/,"https://coffeedesk.teamtailor.com/jobs.json"
teamtailor,convotisiberia,8,https://convotisiberia.teamtailor.com/,"https://convotisiberia.teamtailor.com/jobs.json"
teamtailor,criticaltechworks-1651244282,8,https://criticaltechworks-1651244282.teamtailor.com/,"https://criticaltechworks-1651244282.teamtailor.com/jobs.json"
teamtailor,dcycle,8,https://dcycle.teamtailor.com/,"https://dcycle.teamtailor.com/jobs.json"
teamtailor,dfdsbaltics,8,https://dfdsbaltics.teamtailor.com/,"https://dfdsbaltics.teamtailor.com/jobs.json"
teamtailor,dfdsbelgium,8,https://dfdsbelgium.teamtailor.com/,"https://dfdsbelgium.teamtailor.com/jobs.json"
teamtailor,dolead,8,https://dolead.teamtailor.com/,"https://dolead.teamtailor.com/jobs.json"
teamtailor,eathappygmbh-1734343618,8,https://eathappygmbh-1734343618.teamtailor.com/,"https://eathappygmbh-1734343618.teamtailor.com/jobs.json"
teamtailor,eduneo,8,https://eduneo.teamtailor.com/,"https://eduneo.teamtailor.com/jobs.json"
teamtailor,etraveligroup-tripstack,8,https://etraveligroup-tripstack.teamtailor.com/,"https://etraveligroup-tripstack.teamtailor.com/jobs.json"
teamtailor,fallonbyrne,8,https://fallonbyrne.teamtailor.com/,"https://fallonbyrne.teamtailor.com/jobs.json"
teamtailor,fellowmindpoland,8,https://fellowmindpoland.teamtailor.com/,"https://fellowmindpoland.teamtailor.com/jobs.json"
teamtailor,fightclub,8,https://fightclub.teamtailor.com/,"https://fightclub.teamtailor.com/jobs.json"
teamtailor,firefly,8,https://firefly.teamtailor.com/,"https://firefly.teamtailor.com/jobs.json"
teamtailor,garantibankinternationalnvnew,8,https://garantibankinternationalnvnew.teamtailor.com/,"https://garantibankinternationalnvnew.teamtailor.com/jobs.json"
teamtailor,genii,8,https://genii.teamtailor.com/,"https://genii.teamtailor.com/jobs.json"
teamtailor,genledbrands,8,https://genledbrands.teamtailor.com/,"https://genledbrands.teamtailor.com/jobs.json"
teamtailor,gnotecsweden,8,https://gnotecsweden.teamtailor.com/,"https://gnotecsweden.teamtailor.com/jobs.json"
teamtailor,grouponede,8,https://grouponede.teamtailor.com/,"https://grouponede.teamtailor.com/jobs.json"
teamtailor,harfanglab-1666711819,8,https://harfanglab-1666711819.teamtailor.com/,"https://harfanglab-1666711819.teamtailor.com/jobs.json"
teamtailor,hedvig,8,https://hedvig.teamtailor.com/,"https://hedvig.teamtailor.com/jobs.json"
teamtailor,heroldat,8,https://heroldat.teamtailor.com/,"https://heroldat.teamtailor.com/jobs.json"
teamtailor,hijadesanchez,8,https://hijadesanchez.teamtailor.com/,"https://hijadesanchez.teamtailor.com/jobs.json"
teamtailor,huawei,8,https://huawei.teamtailor.com/,"https://huawei.teamtailor.com/jobs.json"
teamtailor,hudson,8,https://hudson.teamtailor.com/,"https://hudson.teamtailor.com/jobs.json"
teamtailor,i3works,8,https://i3works.teamtailor.com/,"https://i3works.teamtailor.com/jobs.json"
teamtailor,ikeaestonia,8,https://ikeaestonia.teamtailor.com/,"https://ikeaestonia.teamtailor.com/jobs.json"
teamtailor,interruptlabs,8,https://interruptlabs.teamtailor.com/,"https://interruptlabs.teamtailor.com/jobs.json"
teamtailor,isentia-1732508121,8,https://isentia-1732508121.teamtailor.com/,"https://isentia-1732508121.teamtailor.com/jobs.json"
teamtailor,jusubrothers,8,https://jusubrothers.teamtailor.com/,"https://jusubrothers.teamtailor.com/jobs.json"
teamtailor,leyfameasurement-recrute,8,https://leyfameasurement-recrute.teamtailor.com/,"https://leyfameasurement-recrute.teamtailor.com/jobs.json"
teamtailor,lydiasolutions,8,https://lydiasolutions.teamtailor.com/,"https://lydiasolutions.teamtailor.com/jobs.json"
teamtailor,marsstrandshavshotell,8,https://marsstrandshavshotell.teamtailor.com/,"https://marsstrandshavshotell.teamtailor.com/jobs.json"
teamtailor,mbacity,8,https://mbacity.teamtailor.com/,"https://mbacity.teamtailor.com/jobs.json"
teamtailor,morrisgreatlakes,8,https://morrisgreatlakes.teamtailor.com/,"https://morrisgreatlakes.teamtailor.com/jobs.json"
teamtailor,mrq-1660314033,8,https://mrq-1660314033.teamtailor.com/,"https://mrq-1660314033.teamtailor.com/jobs.json"
teamtailor,multiversecomputing,8,https://multiversecomputing.teamtailor.com/,"https://multiversecomputing.teamtailor.com/jobs.json"
teamtailor,nator,8,https://nator.teamtailor.com/,"https://nator.teamtailor.com/jobs.json"
teamtailor,netonnetab,8,https://netonnetab.teamtailor.com/,"https://netonnetab.teamtailor.com/jobs.json"
teamtailor,nordicworkab,8,https://nordicworkab.teamtailor.com/,"https://nordicworkab.teamtailor.com/jobs.json"
teamtailor,nubox,8,https://nubox.teamtailor.com/,"https://nubox.teamtailor.com/jobs.json"
teamtailor,olivahealth,8,https://olivahealth.teamtailor.com/,"https://olivahealth.teamtailor.com/jobs.json"
teamtailor,opply-1682428990,8,https://opply-1682428990.teamtailor.com/,"https://opply-1682428990.teamtailor.com/jobs.json"
teamtailor,osullivans-1716381549,8,https://osullivans-1716381549.teamtailor.com/,"https://osullivans-1716381549.teamtailor.com/jobs.json"
teamtailor,platsa,8,https://platsa.teamtailor.com/,"https://platsa.teamtailor.com/jobs.json"
teamtailor,preemab,8,https://preemab.teamtailor.com/,"https://preemab.teamtailor.com/jobs.json"
teamtailor,pubsaintgermain,8,https://pubsaintgermain.teamtailor.com/,"https://pubsaintgermain.teamtailor.com/jobs.json"
teamtailor,recruitmentteam-1615924888-go-get-beauty-people,8,https://recruitmentteam-1615924888-go-get-beauty-people.teamtailor.com/,"https://recruitmentteam-1615924888-go-get-beauty-people.teamtailor.com/jobs.json"
teamtailor,rejlersabudhabi,8,https://rejlersabudhabi.teamtailor.com/,"https://rejlersabudhabi.teamtailor.com/jobs.json"
teamtailor,relaxgaming-1745825300,8,https://relaxgaming-1745825300.teamtailor.com/,"https://relaxgaming-1745825300.teamtailor.com/jobs.json"
teamtailor,returnoninvestment,8,https://returnoninvestment.teamtailor.com/,"https://returnoninvestment.teamtailor.com/jobs.json"
teamtailor,riverdeltaunifiedschooldistrict,8,https://riverdeltaunifiedschooldistrict.teamtailor.com/,"https://riverdeltaunifiedschooldistrict.teamtailor.com/jobs.json"
teamtailor,sablegroupe,8,https://sablegroupe.teamtailor.com/,"https://sablegroupe.teamtailor.com/jobs.json"
teamtailor,saigucosmetics,8,https://saigucosmetics.teamtailor.com/,"https://saigucosmetics.teamtailor.com/jobs.json"
teamtailor,samblagroupab,8,https://samblagroupab.teamtailor.com/,"https://samblagroupab.teamtailor.com/jobs.json"
teamtailor,sandboxarteabankas-demo,8,https://sandboxarteabankas-demo.teamtailor.com/,"https://sandboxarteabankas-demo.teamtailor.com/jobs.json"
teamtailor,sbab,8,https://sbab.teamtailor.com/,"https://sbab.teamtailor.com/jobs.json"
teamtailor,scaleupxq,8,https://scaleupxq.teamtailor.com/,"https://scaleupxq.teamtailor.com/jobs.json"
teamtailor,silex,8,https://silex.teamtailor.com/,"https://silex.teamtailor.com/jobs.json"
teamtailor,sixhuntersconsultants,8,https://sixhuntersconsultants.teamtailor.com/,"https://sixhuntersconsultants.teamtailor.com/jobs.json"
teamtailor,sps-demo,8,https://sps-demo.teamtailor.com/,"https://sps-demo.teamtailor.com/jobs.json"
teamtailor,stardust,8,https://stardust.teamtailor.com/,"https://stardust.teamtailor.com/jobs.json"
teamtailor,svealand,8,https://svealand.teamtailor.com/,"https://svealand.teamtailor.com/jobs.json"
teamtailor,sweedbeauty,8,https://sweedbeauty.teamtailor.com/,"https://sweedbeauty.teamtailor.com/jobs.json"
teamtailor,sweep,8,https://sweep.teamtailor.com/,"https://sweep.teamtailor.com/jobs.json"
teamtailor,tandgglobal,8,https://tandgglobal.teamtailor.com/,"https://tandgglobal.teamtailor.com/jobs.json"
teamtailor,technicalequipmentsales,8,https://technicalequipmentsales.teamtailor.com/,"https://technicalequipmentsales.teamtailor.com/jobs.json"
teamtailor,tennaxia-1730368867,8,https://tennaxia-1730368867.teamtailor.com/,"https://tennaxia-1730368867.teamtailor.com/jobs.json"
teamtailor,thebalmoral,8,https://thebalmoral.teamtailor.com/,"https://thebalmoral.teamtailor.com/jobs.json"
teamtailor,tinet,8,https://tinet.teamtailor.com/,"https://tinet.teamtailor.com/jobs.json"
teamtailor,tmforum-1690453371,8,https://tmforum-1690453371.teamtailor.com/,"https://tmforum-1690453371.teamtailor.com/jobs.json"
teamtailor,trancheboulangeries,8,https://trancheboulangeries.teamtailor.com/,"https://trancheboulangeries.teamtailor.com/jobs.json"
teamtailor,urbasolar,8,https://urbasolar.teamtailor.com/,"https://urbasolar.teamtailor.com/jobs.json"
teamtailor,vincitoyj,8,https://vincitoyj.teamtailor.com/,"https://vincitoyj.teamtailor.com/jobs.json"
teamtailor,wagepoint,8,https://wagepoint.teamtailor.com/,"https://wagepoint.teamtailor.com/jobs.json"
teamtailor,wiser,8,https://wiser.teamtailor.com/,"https://wiser.teamtailor.com/jobs.json"
teamtailor,wsppoland,8,https://wsppoland.teamtailor.com/,"https://wsppoland.teamtailor.com/jobs.json"
teamtailor,yego,8,https://yego.teamtailor.com/,"https://yego.teamtailor.com/jobs.json"
teamtailor,4cassociates,7,https://4cassociates.teamtailor.com/,"https://4cassociates.teamtailor.com/jobs.json"
teamtailor,abax,7,https://abax.teamtailor.com/,"https://abax.teamtailor.com/jobs.json"
teamtailor,adelagruppen-1680154387,7,https://adelagruppen-1680154387.teamtailor.com/,"https://adelagruppen-1680154387.teamtailor.com/jobs.json"
teamtailor,aebr,7,https://aebr.teamtailor.com/,"https://aebr.teamtailor.com/jobs.json"
teamtailor,agillo,7,https://agillo.teamtailor.com/,"https://agillo.teamtailor.com/jobs.json"
teamtailor,alea,7,https://alea.teamtailor.com/,"https://alea.teamtailor.com/jobs.json"
teamtailor,alliron,7,https://alliron.teamtailor.com/,"https://alliron.teamtailor.com/jobs.json"
teamtailor,alottexoy,7,https://alottexoy.teamtailor.com/,"https://alottexoy.teamtailor.com/jobs.json"
teamtailor,amerikanskagymnasiet,7,https://amerikanskagymnasiet.teamtailor.com/,"https://amerikanskagymnasiet.teamtailor.com/jobs.json"
teamtailor,anthonynolan,7,https://anthonynolan.teamtailor.com/,"https://anthonynolan.teamtailor.com/jobs.json"
teamtailor,ardentpubgroup,7,https://ardentpubgroup.teamtailor.com/,"https://ardentpubgroup.teamtailor.com/jobs.json"
teamtailor,baluba,7,https://baluba.teamtailor.com/,"https://baluba.teamtailor.com/jobs.json"
teamtailor,bambuser,7,https://bambuser.teamtailor.com/,"https://bambuser.teamtailor.com/jobs.json"
teamtailor,bearingpointportugal,7,https://bearingpointportugal.teamtailor.com/,"https://bearingpointportugal.teamtailor.com/jobs.json"
teamtailor,bergehus,7,https://bergehus.teamtailor.com/,"https://bergehus.teamtailor.com/jobs.json"
teamtailor,biltemadanmark,7,https://biltemadanmark.teamtailor.com/,"https://biltemadanmark.teamtailor.com/jobs.json"
teamtailor,bokhandelsgruppen,7,https://bokhandelsgruppen.teamtailor.com/,"https://bokhandelsgruppen.teamtailor.com/jobs.json"
teamtailor,cammecanique,7,https://cammecanique.teamtailor.com/,"https://cammecanique.teamtailor.com/jobs.json"
teamtailor,centigo,7,https://centigo.teamtailor.com/,"https://centigo.teamtailor.com/jobs.json"
teamtailor,combine,7,https://combine.teamtailor.com/,"https://combine.teamtailor.com/jobs.json"
teamtailor,dabble,7,https://dabble.teamtailor.com/,"https://dabble.teamtailor.com/jobs.json"
teamtailor,dazedmedia,7,https://dazedmedia.teamtailor.com/,"https://dazedmedia.teamtailor.com/jobs.json"
teamtailor,deskeo-1668770516,7,https://deskeo-1668770516.teamtailor.com/,"https://deskeo-1668770516.teamtailor.com/jobs.json"
teamtailor,devotum,7,https://devotum.teamtailor.com/,"https://devotum.teamtailor.com/jobs.json"
teamtailor,dfdsgermany,7,https://dfdsgermany.teamtailor.com/,"https://dfdsgermany.teamtailor.com/jobs.json"
teamtailor,enfuceoy,7,https://enfuceoy.teamtailor.com/,"https://enfuceoy.teamtailor.com/jobs.json"
teamtailor,fojab,7,https://fojab.teamtailor.com/,"https://fojab.teamtailor.com/jobs.json"
teamtailor,forestpartners,7,https://forestpartners.teamtailor.com/,"https://forestpartners.teamtailor.com/jobs.json"
teamtailor,goodgamestudios,7,https://goodgamestudios.teamtailor.com/,"https://goodgamestudios.teamtailor.com/jobs.json"
teamtailor,greatnorthernas,7,https://greatnorthernas.teamtailor.com/,"https://greatnorthernas.teamtailor.com/jobs.json"
teamtailor,grepit,7,https://grepit.teamtailor.com/,"https://grepit.teamtailor.com/jobs.json"
teamtailor,guestworld,7,https://guestworld.teamtailor.com/,"https://guestworld.teamtailor.com/jobs.json"
teamtailor,halsinglandsrekrytering,7,https://halsinglandsrekrytering.teamtailor.com/,"https://halsinglandsrekrytering.teamtailor.com/jobs.json"
teamtailor,hanap,7,https://hanap.teamtailor.com/,"https://hanap.teamtailor.com/jobs.json"
teamtailor,holmgrensbil,7,https://holmgrensbil.teamtailor.com/,"https://holmgrensbil.teamtailor.com/jobs.json"
teamtailor,hotelamigo,7,https://hotelamigo.teamtailor.com/,"https://hotelamigo.teamtailor.com/jobs.json"
teamtailor,implemaab,7,https://implemaab.teamtailor.com/,"https://implemaab.teamtailor.com/jobs.json"
teamtailor,keplercheuvreux,7,https://keplercheuvreux.teamtailor.com/,"https://keplercheuvreux.teamtailor.com/jobs.json"
teamtailor,knaufaquapanel,7,https://knaufaquapanel.teamtailor.com/,"https://knaufaquapanel.teamtailor.com/jobs.json"
teamtailor,launchmetrics,7,https://launchmetrics.teamtailor.com/,"https://launchmetrics.teamtailor.com/jobs.json"
teamtailor,lawrecruitmenthw,7,https://lawrecruitmenthw.teamtailor.com/,"https://lawrecruitmenthw.teamtailor.com/jobs.json"
teamtailor,lindstromsbil,7,https://lindstromsbil.teamtailor.com/,"https://lindstromsbil.teamtailor.com/jobs.json"
teamtailor,linkhpdemo,7,https://linkhpdemo.teamtailor.com/,"https://linkhpdemo.teamtailor.com/jobs.json"
teamtailor,lne,7,https://lne.teamtailor.com/,"https://lne.teamtailor.com/jobs.json"
teamtailor,mag45,7,https://mag45.teamtailor.com/,"https://mag45.teamtailor.com/jobs.json"
teamtailor,makkerhearinggroupbv-1748333145,7,https://makkerhearinggroupbv-1748333145.teamtailor.com/,"https://makkerhearinggroupbv-1748333145.teamtailor.com/jobs.json"
teamtailor,marketpartner,7,https://marketpartner.teamtailor.com/,"https://marketpartner.teamtailor.com/jobs.json"
teamtailor,martiderm,7,https://martiderm.teamtailor.com/,"https://martiderm.teamtailor.com/jobs.json"
teamtailor,mdpicanada,7,https://mdpicanada.teamtailor.com/,"https://mdpicanada.teamtailor.com/jobs.json"
teamtailor,mondaymedianl,7,https://mondaymedianl.teamtailor.com/,"https://mondaymedianl.teamtailor.com/jobs.json"
teamtailor,montessorivereinigungnuernbergerlandev,7,https://montessorivereinigungnuernbergerlandev.teamtailor.com/,"https://montessorivereinigungnuernbergerlandev.teamtailor.com/jobs.json"
teamtailor,mytraffic,7,https://mytraffic.teamtailor.com/,"https://mytraffic.teamtailor.com/jobs.json"
teamtailor,nebuleusebijoux,7,https://nebuleusebijoux.teamtailor.com/,"https://nebuleusebijoux.teamtailor.com/jobs.json"
teamtailor,nevita,7,https://nevita.teamtailor.com/,"https://nevita.teamtailor.com/jobs.json"
teamtailor,novaform,7,https://novaform.teamtailor.com/,"https://novaform.teamtailor.com/jobs.json"
teamtailor,onecomglobal,7,https://onecomglobal.teamtailor.com/,"https://onecomglobal.teamtailor.com/jobs.json"
teamtailor,opsky,7,https://opsky.teamtailor.com/,"https://opsky.teamtailor.com/jobs.json"
teamtailor,ottobock,7,https://ottobock.teamtailor.com/,"https://ottobock.teamtailor.com/jobs.json"
teamtailor,palsgaard,7,https://palsgaard.teamtailor.com/,"https://palsgaard.teamtailor.com/jobs.json"
teamtailor,paretosecurities,7,https://paretosecurities.teamtailor.com/,"https://paretosecurities.teamtailor.com/jobs.json"
teamtailor,peopleimpact,7,https://peopleimpact.teamtailor.com/,"https://peopleimpact.teamtailor.com/jobs.json"
teamtailor,rekomgroup,7,https://rekomgroup.teamtailor.com/,"https://rekomgroup.teamtailor.com/jobs.json"
teamtailor,riserank,7,https://riserank.teamtailor.com/,"https://riserank.teamtailor.com/jobs.json"
teamtailor,roomrepublic,7,https://roomrepublic.teamtailor.com/,"https://roomrepublic.teamtailor.com/jobs.json"
teamtailor,rossieyoungpeoplestrust,7,https://rossieyoungpeoplestrust.teamtailor.com/,"https://rossieyoungpeoplestrust.teamtailor.com/jobs.json"
teamtailor,salescollective,7,https://salescollective.teamtailor.com/,"https://salescollective.teamtailor.com/jobs.json"
teamtailor,sandboxinteractive,7,https://sandboxinteractive.teamtailor.com/,"https://sandboxinteractive.teamtailor.com/jobs.json"
teamtailor,scaldabv,7,https://scaldabv.teamtailor.com/,"https://scaldabv.teamtailor.com/jobs.json"
teamtailor,scuffers,7,https://scuffers.teamtailor.com/,"https://scuffers.teamtailor.com/jobs.json"
teamtailor,seriosgroup,7,https://seriosgroup.teamtailor.com/,"https://seriosgroup.teamtailor.com/jobs.json"
teamtailor,sh,7,https://sh.teamtailor.com/,"https://sh.teamtailor.com/jobs.json"
teamtailor,silverspin,7,https://silverspin.teamtailor.com/,"https://silverspin.teamtailor.com/jobs.json"
teamtailor,sllenergiinfrastruktur,7,https://sllenergiinfrastruktur.teamtailor.com/,"https://sllenergiinfrastruktur.teamtailor.com/jobs.json"
teamtailor,tacting,7,https://tacting.teamtailor.com/,"https://tacting.teamtailor.com/jobs.json"
teamtailor,talented-1629976478,7,https://talented-1629976478.teamtailor.com/,"https://talented-1629976478.teamtailor.com/jobs.json"
teamtailor,thecrownestate,7,https://thecrownestate.teamtailor.com/,"https://thecrownestate.teamtailor.com/jobs.json"
teamtailor,theprivateoffice,7,https://theprivateoffice.teamtailor.com/,"https://theprivateoffice.teamtailor.com/jobs.json"
teamtailor,theqrillcompanyas-1739371866,7,https://theqrillcompanyas-1739371866.teamtailor.com/,"https://theqrillcompanyas-1739371866.teamtailor.com/jobs.json"
teamtailor,treatyoakcleanenergy,7,https://treatyoakcleanenergy.teamtailor.com/,"https://treatyoakcleanenergy.teamtailor.com/jobs.json"
teamtailor,veprox,7,https://veprox.teamtailor.com/,"https://veprox.teamtailor.com/jobs.json"
teamtailor,viskoteepakglobal,7,https://viskoteepakglobal.teamtailor.com/,"https://viskoteepakglobal.teamtailor.com/jobs.json"
teamtailor,webbfontainegroup,7,https://webbfontainegroup.teamtailor.com/,"https://webbfontainegroup.teamtailor.com/jobs.json"
teamtailor,whataventuregmbh-1715931124,7,https://whataventuregmbh-1715931124.teamtailor.com/,"https://whataventuregmbh-1715931124.teamtailor.com/jobs.json"
teamtailor,zoey,7,https://zoey.teamtailor.com/,"https://zoey.teamtailor.com/jobs.json"
teamtailor,abbyggbeslag,6,https://abbyggbeslag.teamtailor.com/,"https://abbyggbeslag.teamtailor.com/jobs.json"
teamtailor,accessiway,6,https://accessiway.teamtailor.com/,"https://accessiway.teamtailor.com/jobs.json"
teamtailor,amoddex,6,https://amoddex.teamtailor.com/,"https://amoddex.teamtailor.com/jobs.json"
teamtailor,anfra,6,https://anfra.teamtailor.com/,"https://anfra.teamtailor.com/jobs.json"
teamtailor,arrowheadgs,6,https://arrowheadgs.teamtailor.com/,"https://arrowheadgs.teamtailor.com/jobs.json"
teamtailor,arsenalfc,6,https://arsenalfc.teamtailor.com/,"https://arsenalfc.teamtailor.com/jobs.json"
teamtailor,axelentsverige,6,https://axelentsverige.teamtailor.com/,"https://axelentsverige.teamtailor.com/jobs.json"
teamtailor,bankgirotab,6,https://bankgirotab.teamtailor.com/,"https://bankgirotab.teamtailor.com/jobs.json"
teamtailor,bearingpointczechrepublic,6,https://bearingpointczechrepublic.teamtailor.com/,"https://bearingpointczechrepublic.teamtailor.com/jobs.json"
teamtailor,bearingpointindia,6,https://bearingpointindia.teamtailor.com/,"https://bearingpointindia.teamtailor.com/jobs.json"
teamtailor,bearingpointnorway-1740562192,6,https://bearingpointnorway-1740562192.teamtailor.com/,"https://bearingpointnorway-1740562192.teamtailor.com/jobs.json"
teamtailor,bossbusinesspartner,6,https://bossbusinesspartner.teamtailor.com/,"https://bossbusinesspartner.teamtailor.com/jobs.json"
teamtailor,brabners,6,https://brabners.teamtailor.com/,"https://brabners.teamtailor.com/jobs.json"
teamtailor,bryter,6,https://bryter.teamtailor.com/,"https://bryter.teamtailor.com/jobs.json"
teamtailor,bulk,6,https://bulk.teamtailor.com/,"https://bulk.teamtailor.com/jobs.json"
teamtailor,cameramatics-1639649453,6,https://cameramatics-1639649453.teamtailor.com/,"https://cameramatics-1639649453.teamtailor.com/jobs.json"
teamtailor,cirkusvenues,6,https://cirkusvenues.teamtailor.com/,"https://cirkusvenues.teamtailor.com/jobs.json"
teamtailor,clicmoic,6,https://clicmoic.teamtailor.com/,"https://clicmoic.teamtailor.com/jobs.json"
teamtailor,colossyan,6,https://colossyan.teamtailor.com/,"https://colossyan.teamtailor.com/jobs.json"
teamtailor,columbusnorge,6,https://columbusnorge.teamtailor.com/,"https://columbusnorge.teamtailor.com/jobs.json"
teamtailor,confirmasoftware,6,https://confirmasoftware.teamtailor.com/,"https://confirmasoftware.teamtailor.com/jobs.json"
teamtailor,creditspring,6,https://creditspring.teamtailor.com/,"https://creditspring.teamtailor.com/jobs.json"
teamtailor,cursosroblahobyty,6,https://cursosroblahobyty.teamtailor.com/,"https://cursosroblahobyty.teamtailor.com/jobs.json"
teamtailor,dentalbusinessgroup,6,https://dentalbusinessgroup.teamtailor.com/,"https://dentalbusinessgroup.teamtailor.com/jobs.json"
teamtailor,dfdsfrance,6,https://dfdsfrance.teamtailor.com/,"https://dfdsfrance.teamtailor.com/jobs.json"
teamtailor,eachone,6,https://eachone.teamtailor.com/,"https://eachone.teamtailor.com/jobs.json"
teamtailor,edrone,6,https://edrone.teamtailor.com/,"https://edrone.teamtailor.com/jobs.json"
teamtailor,eniro,6,https://eniro.teamtailor.com/,"https://eniro.teamtailor.com/jobs.json"
teamtailor,estatementgroup,6,https://estatementgroup.teamtailor.com/,"https://estatementgroup.teamtailor.com/jobs.json"
teamtailor,firstvet,6,https://firstvet.teamtailor.com/,"https://firstvet.teamtailor.com/jobs.json"
teamtailor,flagshipgroup,6,https://flagshipgroup.teamtailor.com/,"https://flagshipgroup.teamtailor.com/jobs.json"
teamtailor,florentine,6,https://florentine.teamtailor.com/,"https://florentine.teamtailor.com/jobs.json"
teamtailor,getbux,6,https://getbux.teamtailor.com/,"https://getbux.teamtailor.com/jobs.json"
teamtailor,giredk,6,https://giredk.teamtailor.com/,"https://giredk.teamtailor.com/jobs.json"
teamtailor,habiagermany,6,https://habiagermany.teamtailor.com/,"https://habiagermany.teamtailor.com/jobs.json"
teamtailor,heianordnorge,6,https://heianordnorge.teamtailor.com/,"https://heianordnorge.teamtailor.com/jobs.json"
teamtailor,hertinmankert,6,https://hertinmankert.teamtailor.com/,"https://hertinmankert.teamtailor.com/jobs.json"
teamtailor,hll,6,https://hll.teamtailor.com/,"https://hll.teamtailor.com/jobs.json"
teamtailor,homecall,6,https://homecall.teamtailor.com/,"https://homecall.teamtailor.com/jobs.json"
teamtailor,hotelsprovidencehotelleldorado,6,https://hotelsprovidencehotelleldorado.teamtailor.com/,"https://hotelsprovidencehotelleldorado.teamtailor.com/jobs.json"
teamtailor,hudsonnordic,6,https://hudsonnordic.teamtailor.com/,"https://hudsonnordic.teamtailor.com/jobs.json"
teamtailor,icakvantumstromstad,6,https://icakvantumstromstad.teamtailor.com/,"https://icakvantumstromstad.teamtailor.com/jobs.json"
teamtailor,ingenjorsfirman,6,https://ingenjorsfirman.teamtailor.com/,"https://ingenjorsfirman.teamtailor.com/jobs.json"
teamtailor,iterio,6,https://iterio.teamtailor.com/,"https://iterio.teamtailor.com/jobs.json"
teamtailor,klasswagen,6,https://klasswagen.teamtailor.com/,"https://klasswagen.teamtailor.com/jobs.json"
teamtailor,kustom,6,https://kustom.teamtailor.com/,"https://kustom.teamtailor.com/jobs.json"
teamtailor,lanternaeducation,6,https://lanternaeducation.teamtailor.com/,"https://lanternaeducation.teamtailor.com/jobs.json"
teamtailor,lfgconstruction,6,https://lfgconstruction.teamtailor.com/,"https://lfgconstruction.teamtailor.com/jobs.json"
teamtailor,liikennevirtaoy,6,https://liikennevirtaoy.teamtailor.com/,"https://liikennevirtaoy.teamtailor.com/jobs.json"
teamtailor,liveringoy-1700040088,6,https://liveringoy-1700040088.teamtailor.com/,"https://liveringoy-1700040088.teamtailor.com/jobs.json"
teamtailor,mdpisingapore,6,https://mdpisingapore.teamtailor.com/,"https://mdpisingapore.teamtailor.com/jobs.json"
teamtailor,mdpithailand,6,https://mdpithailand.teamtailor.com/,"https://mdpithailand.teamtailor.com/jobs.json"
teamtailor,medpro,6,https://medpro.teamtailor.com/,"https://medpro.teamtailor.com/jobs.json"
teamtailor,mhpgroup,6,https://mhpgroup.teamtailor.com/,"https://mhpgroup.teamtailor.com/jobs.json"
teamtailor,milletmountaingroup-1692607582,6,https://milletmountaingroup-1692607582.teamtailor.com/,"https://milletmountaingroup-1692607582.teamtailor.com/jobs.json"
teamtailor,minjonoy,6,https://minjonoy.teamtailor.com/,"https://minjonoy.teamtailor.com/jobs.json"
teamtailor,modgroup,6,https://modgroup.teamtailor.com/,"https://modgroup.teamtailor.com/jobs.json"
teamtailor,naturkompaniet,6,https://naturkompaniet.teamtailor.com/,"https://naturkompaniet.teamtailor.com/jobs.json"
teamtailor,netde,6,https://netde.teamtailor.com/,"https://netde.teamtailor.com/jobs.json"
teamtailor,netnod,6,https://netnod.teamtailor.com/,"https://netnod.teamtailor.com/jobs.json"
teamtailor,nordicsalescrew,6,https://nordicsalescrew.teamtailor.com/,"https://nordicsalescrew.teamtailor.com/jobs.json"
teamtailor,ogilvyparis,6,https://ogilvyparis.teamtailor.com/,"https://ogilvyparis.teamtailor.com/jobs.json"
teamtailor,openhouse,6,https://openhouse.teamtailor.com/,"https://openhouse.teamtailor.com/jobs.json"
teamtailor,parkster,6,https://parkster.teamtailor.com/,"https://parkster.teamtailor.com/jobs.json"
teamtailor,perkboxvivup,6,https://perkboxvivup.teamtailor.com/,"https://perkboxvivup.teamtailor.com/jobs.json"
teamtailor,phantoms,6,https://phantoms.teamtailor.com/,"https://phantoms.teamtailor.com/jobs.json"
teamtailor,planmecaoy,6,https://planmecaoy.teamtailor.com/,"https://planmecaoy.teamtailor.com/jobs.json"
teamtailor,ptsgaccesssafetyltd,6,https://ptsgaccesssafetyltd.teamtailor.com/,"https://ptsgaccesssafetyltd.teamtailor.com/jobs.json"
teamtailor,ravenpack,6,https://ravenpack.teamtailor.com/,"https://ravenpack.teamtailor.com/jobs.json"
teamtailor,rebtel,6,https://rebtel.teamtailor.com/,"https://rebtel.teamtailor.com/jobs.json"
teamtailor,redepeople,6,https://redepeople.teamtailor.com/,"https://redepeople.teamtailor.com/jobs.json"
teamtailor,rehabassistans,6,https://rehabassistans.teamtailor.com/,"https://rehabassistans.teamtailor.com/jobs.json"
teamtailor,renoagroupsverige,6,https://renoagroupsverige.teamtailor.com/,"https://renoagroupsverige.teamtailor.com/jobs.json"
teamtailor,resourcify,6,https://resourcify.teamtailor.com/,"https://resourcify.teamtailor.com/jobs.json"
teamtailor,scoro-1669049295,6,https://scoro-1669049295.teamtailor.com/,"https://scoro-1669049295.teamtailor.com/jobs.json"
teamtailor,scrive-1581940106,6,https://scrive-1581940106.teamtailor.com/,"https://scrive-1581940106.teamtailor.com/jobs.json"
teamtailor,seasonshrmanagementoy,6,https://seasonshrmanagementoy.teamtailor.com/,"https://seasonshrmanagementoy.teamtailor.com/jobs.json"
teamtailor,selatek,6,https://selatek.teamtailor.com/,"https://selatek.teamtailor.com/jobs.json"
teamtailor,sensiono,6,https://sensiono.teamtailor.com/,"https://sensiono.teamtailor.com/jobs.json"
teamtailor,shoptet,6,https://shoptet.teamtailor.com/,"https://shoptet.teamtailor.com/jobs.json"
teamtailor,sitowise,6,https://sitowise.teamtailor.com/,"https://sitowise.teamtailor.com/jobs.json"
teamtailor,sonergia-1732699776,6,https://sonergia-1732699776.teamtailor.com/,"https://sonergia-1732699776.teamtailor.com/jobs.json"
teamtailor,sparteo,6,https://sparteo.teamtailor.com/,"https://sparteo.teamtailor.com/jobs.json"
teamtailor,sts-1734615159,6,https://sts-1734615159.teamtailor.com/,"https://sts-1734615159.teamtailor.com/jobs.json"
teamtailor,synertek,6,https://synertek.teamtailor.com/,"https://synertek.teamtailor.com/jobs.json"
teamtailor,tamedia-demo,6,https://tamedia-demo.teamtailor.com/,"https://tamedia-demo.teamtailor.com/jobs.json"
teamtailor,thermaindustrias,6,https://thermaindustrias.teamtailor.com/,"https://thermaindustrias.teamtailor.com/jobs.json"
teamtailor,thetonicconsultancy,6,https://thetonicconsultancy.teamtailor.com/,"https://thetonicconsultancy.teamtailor.com/jobs.json"
teamtailor,trakkenwebservicesgmbh,6,https://trakkenwebservicesgmbh.teamtailor.com/,"https://trakkenwebservicesgmbh.teamtailor.com/jobs.json"
teamtailor,trimero,6,https://trimero.teamtailor.com/,"https://trimero.teamtailor.com/jobs.json"
teamtailor,twigeo,6,https://twigeo.teamtailor.com/,"https://twigeo.teamtailor.com/jobs.json"
teamtailor,typology-1732032895,6,https://typology-1732032895.teamtailor.com/,"https://typology-1732032895.teamtailor.com/jobs.json"
teamtailor,valsea,6,https://valsea.teamtailor.com/,"https://valsea.teamtailor.com/jobs.json"
teamtailor,veoneerro,6,https://veoneerro.teamtailor.com/,"https://veoneerro.teamtailor.com/jobs.json"
teamtailor,vfxfinancial,6,https://vfxfinancial.teamtailor.com/,"https://vfxfinancial.teamtailor.com/jobs.json"
teamtailor,viajesparati,6,https://viajesparati.teamtailor.com/,"https://viajesparati.teamtailor.com/jobs.json"
teamtailor,vismaeconomic,6,https://vismaeconomic.teamtailor.com/,"https://vismaeconomic.teamtailor.com/jobs.json"
teamtailor,volkswagengroupfrance,6,https://volkswagengroupfrance.teamtailor.com/,"https://volkswagengroupfrance.teamtailor.com/jobs.json"
teamtailor,volotea,6,https://volotea.teamtailor.com/,"https://volotea.teamtailor.com/jobs.json"
teamtailor,wiremind-1714146283,6,https://wiremind-1714146283.teamtailor.com/,"https://wiremind-1714146283.teamtailor.com/jobs.json"
teamtailor,wspitaly,6,https://wspitaly.teamtailor.com/,"https://wspitaly.teamtailor.com/jobs.json"
teamtailor,xenit,6,https://xenit.teamtailor.com/,"https://xenit.teamtailor.com/jobs.json"
teamtailor,xxlfinland,6,https://xxlfinland.teamtailor.com/,"https://xxlfinland.teamtailor.com/jobs.json"
teamtailor,yooz-1699033978,6,https://yooz-1699033978.teamtailor.com/,"https://yooz-1699033978.teamtailor.com/jobs.json"
teamtailor,123pousse,5,https://123pousse.teamtailor.com/,"https://123pousse.teamtailor.com/jobs.json"
teamtailor,adven,5,https://adven.teamtailor.com/,"https://adven.teamtailor.com/jobs.json"
teamtailor,again,5,https://again.teamtailor.com/,"https://again.teamtailor.com/jobs.json"
teamtailor,alanteentila,5,https://alanteentila.teamtailor.com/,"https://alanteentila.teamtailor.com/jobs.json"
teamtailor,antaretechnology-1748341798,5,https://antaretechnology-1748341798.teamtailor.com/,"https://antaretechnology-1748341798.teamtailor.com/jobs.json"
teamtailor,arqly,5,https://arqly.teamtailor.com/,"https://arqly.teamtailor.com/jobs.json"
teamtailor,assistanslotsen,5,https://assistanslotsen.teamtailor.com/,"https://assistanslotsen.teamtailor.com/jobs.json"
teamtailor,autouncle,5,https://autouncle.teamtailor.com/,"https://autouncle.teamtailor.com/jobs.json"
teamtailor,avisera,5,https://avisera.teamtailor.com/,"https://avisera.teamtailor.com/jobs.json"
teamtailor,baconsultingsrl-1749809296,5,https://baconsultingsrl-1749809296.teamtailor.com/,"https://baconsultingsrl-1749809296.teamtailor.com/jobs.json"
teamtailor,borjessonkoncernen,5,https://borjessonkoncernen.teamtailor.com/,"https://borjessonkoncernen.teamtailor.com/jobs.json"
teamtailor,cabusinessdigital,5,https://cabusinessdigital.teamtailor.com/,"https://cabusinessdigital.teamtailor.com/jobs.json"
teamtailor,camca,5,https://camca.teamtailor.com/,"https://camca.teamtailor.com/jobs.json"
teamtailor,capago,5,https://capago.teamtailor.com/,"https://capago.teamtailor.com/jobs.json"
teamtailor,capega,5,https://capega.teamtailor.com/,"https://capega.teamtailor.com/jobs.json"
teamtailor,centra,5,https://centra.teamtailor.com/,"https://centra.teamtailor.com/jobs.json"
teamtailor,clunetech-sprintax,5,https://clunetech-sprintax.teamtailor.com/,"https://clunetech-sprintax.teamtailor.com/jobs.json"
teamtailor,coacgmbh-1728891424,5,https://coacgmbh-1728891424.teamtailor.com/,"https://coacgmbh-1728891424.teamtailor.com/jobs.json"
teamtailor,codento,5,https://codento.teamtailor.com/,"https://codento.teamtailor.com/jobs.json"
teamtailor,coligoab,5,https://coligoab.teamtailor.com/,"https://coligoab.teamtailor.com/jobs.json"
teamtailor,communitycaretrust,5,https://communitycaretrust.teamtailor.com/,"https://communitycaretrust.teamtailor.com/jobs.json"
teamtailor,curifylabs,5,https://curifylabs.teamtailor.com/,"https://curifylabs.teamtailor.com/jobs.json"
teamtailor,cvlcosmetics,5,https://cvlcosmetics.teamtailor.com/,"https://cvlcosmetics.teamtailor.com/jobs.json"
teamtailor,danskespil,5,https://danskespil.teamtailor.com/,"https://danskespil.teamtailor.com/jobs.json"
teamtailor,dedomainia,5,https://dedomainia.teamtailor.com/,"https://dedomainia.teamtailor.com/jobs.json"
teamtailor,dekkteam,5,https://dekkteam.teamtailor.com/,"https://dekkteam.teamtailor.com/jobs.json"
teamtailor,dentsusweden,5,https://dentsusweden.teamtailor.com/,"https://dentsusweden.teamtailor.com/jobs.json"
teamtailor,dexiongmbh,5,https://dexiongmbh.teamtailor.com/,"https://dexiongmbh.teamtailor.com/jobs.json"
teamtailor,drdoctor,5,https://drdoctor.teamtailor.com/,"https://drdoctor.teamtailor.com/jobs.json"
teamtailor,elits,5,https://elits.teamtailor.com/,"https://elits.teamtailor.com/jobs.json"
teamtailor,emillundgren,5,https://emillundgren.teamtailor.com/,"https://emillundgren.teamtailor.com/jobs.json"
teamtailor,empleosknaufsouthamerica,5,https://empleosknaufsouthamerica.teamtailor.com/,"https://empleosknaufsouthamerica.teamtailor.com/jobs.json"
teamtailor,face2face-norge,5,https://face2face-norge.teamtailor.com/,"https://face2face-norge.teamtailor.com/jobs.json"
teamtailor,faluenergivatten-1647588880,5,https://faluenergivatten-1647588880.teamtailor.com/,"https://faluenergivatten-1647588880.teamtailor.com/jobs.json"
teamtailor,fiveguysde,5,https://fiveguysde.teamtailor.com/,"https://fiveguysde.teamtailor.com/jobs.json"
teamtailor,flatfair-1648573742,5,https://flatfair-1648573742.teamtailor.com/,"https://flatfair-1648573742.teamtailor.com/jobs.json"
teamtailor,freesoul,5,https://freesoul.teamtailor.com/,"https://freesoul.teamtailor.com/jobs.json"
teamtailor,gepardmedianew,5,https://gepardmedianew.teamtailor.com/,"https://gepardmedianew.teamtailor.com/jobs.json"
teamtailor,gismic,5,https://gismic.teamtailor.com/,"https://gismic.teamtailor.com/jobs.json"
teamtailor,glitnor,5,https://glitnor.teamtailor.com/,"https://glitnor.teamtailor.com/jobs.json"
teamtailor,globalpartner,5,https://globalpartner.teamtailor.com/,"https://globalpartner.teamtailor.com/jobs.json"
teamtailor,globogateconceptag,5,https://globogateconceptag.teamtailor.com/,"https://globogateconceptag.teamtailor.com/jobs.json"
teamtailor,healthymatrix,5,https://healthymatrix.teamtailor.com/,"https://healthymatrix.teamtailor.com/jobs.json"
teamtailor,heatherwickstudio-1666101169,5,https://heatherwickstudio-1666101169.teamtailor.com/,"https://heatherwickstudio-1666101169.teamtailor.com/jobs.json"
teamtailor,insikta,5,https://insikta.teamtailor.com/,"https://insikta.teamtailor.com/jobs.json"
teamtailor,inu,5,https://inu.teamtailor.com/,"https://inu.teamtailor.com/jobs.json"
teamtailor,kattokeskus,5,https://kattokeskus.teamtailor.com/,"https://kattokeskus.teamtailor.com/jobs.json"
teamtailor,keyrus,5,https://keyrus.teamtailor.com/,"https://keyrus.teamtailor.com/jobs.json"
teamtailor,klaravikdk,5,https://klaravikdk.teamtailor.com/,"https://klaravikdk.teamtailor.com/jobs.json"
teamtailor,knaufinsulationwesterneurope,5,https://knaufinsulationwesterneurope.teamtailor.com/,"https://knaufinsulationwesterneurope.teamtailor.com/jobs.json"
teamtailor,leocare,5,https://leocare.teamtailor.com/,"https://leocare.teamtailor.com/jobs.json"
teamtailor,lieke,5,https://lieke.teamtailor.com/,"https://lieke.teamtailor.com/jobs.json"
teamtailor,lindbak,5,https://lindbak.teamtailor.com/,"https://lindbak.teamtailor.com/jobs.json"
teamtailor,ludicrumtech,5,https://ludicrumtech.teamtailor.com/,"https://ludicrumtech.teamtailor.com/jobs.json"
teamtailor,lumenradio,5,https://lumenradio.teamtailor.com/,"https://lumenradio.teamtailor.com/jobs.json"
teamtailor,lutontownfootballclub,5,https://lutontownfootballclub.teamtailor.com/,"https://lutontownfootballclub.teamtailor.com/jobs.json"
teamtailor,managementpartners,5,https://managementpartners.teamtailor.com/,"https://managementpartners.teamtailor.com/jobs.json"
teamtailor,marstrand,5,https://marstrand.teamtailor.com/,"https://marstrand.teamtailor.com/jobs.json"
teamtailor,matvarlden,5,https://matvarlden.teamtailor.com/,"https://matvarlden.teamtailor.com/jobs.json"
teamtailor,modohockey,5,https://modohockey.teamtailor.com/,"https://modohockey.teamtailor.com/jobs.json"
teamtailor,mollerhansen,5,https://mollerhansen.teamtailor.com/,"https://mollerhansen.teamtailor.com/jobs.json"
teamtailor,mwm,5,https://mwm.teamtailor.com/,"https://mwm.teamtailor.com/jobs.json"
teamtailor,mylight150,5,https://mylight150.teamtailor.com/,"https://mylight150.teamtailor.com/jobs.json"
teamtailor,native,5,https://native.teamtailor.com/,"https://native.teamtailor.com/jobs.json"
teamtailor,nawiaoy,5,https://nawiaoy.teamtailor.com/,"https://nawiaoy.teamtailor.com/jobs.json"
teamtailor,nextgenerations,5,https://nextgenerations.teamtailor.com/,"https://nextgenerations.teamtailor.com/jobs.json"
teamtailor,nilsongroup,5,https://nilsongroup.teamtailor.com/,"https://nilsongroup.teamtailor.com/jobs.json"
teamtailor,nordddb,5,https://nordddb.teamtailor.com/,"https://nordddb.teamtailor.com/jobs.json"
teamtailor,paper-design-jobs,5,https://paper-design-jobs.teamtailor.com/,"https://paper-design-jobs.teamtailor.com/jobs.json"
teamtailor,paragraaffi,5,https://paragraaffi.teamtailor.com/,"https://paragraaffi.teamtailor.com/jobs.json"
teamtailor,pinchonationgermany,5,https://pinchonationgermany.teamtailor.com/,"https://pinchonationgermany.teamtailor.com/jobs.json"
teamtailor,pontusfrithiof2021,5,https://pontusfrithiof2021.teamtailor.com/,"https://pontusfrithiof2021.teamtailor.com/jobs.json"
teamtailor,porkkanajakeppioy,5,https://porkkanajakeppioy.teamtailor.com/,"https://porkkanajakeppioy.teamtailor.com/jobs.json"
teamtailor,precision360,5,https://precision360.teamtailor.com/,"https://precision360.teamtailor.com/jobs.json"
teamtailor,producthackers,5,https://producthackers.teamtailor.com/,"https://producthackers.teamtailor.com/jobs.json"
teamtailor,pylon,5,https://pylon.teamtailor.com/,"https://pylon.teamtailor.com/jobs.json"
teamtailor,quantumsurgical,5,https://quantumsurgical.teamtailor.com/,"https://quantumsurgical.teamtailor.com/jobs.json"
teamtailor,raddabarnen,5,https://raddabarnen.teamtailor.com/,"https://raddabarnen.teamtailor.com/jobs.json"
teamtailor,rantalainen,5,https://rantalainen.teamtailor.com/,"https://rantalainen.teamtailor.com/jobs.json"
teamtailor,safeteam,5,https://safeteam.teamtailor.com/,"https://safeteam.teamtailor.com/jobs.json"
teamtailor,sciencemeup,5,https://sciencemeup.teamtailor.com/,"https://sciencemeup.teamtailor.com/jobs.json"
teamtailor,seniormaterial,5,https://seniormaterial.teamtailor.com/,"https://seniormaterial.teamtailor.com/jobs.json"
teamtailor,seurerekrytointi,5,https://seurerekrytointi.teamtailor.com/,"https://seurerekrytointi.teamtailor.com/jobs.json"
teamtailor,shellworks,5,https://shellworks.teamtailor.com/,"https://shellworks.teamtailor.com/jobs.json"
teamtailor,silenteight,5,https://silenteight.teamtailor.com/,"https://silenteight.teamtailor.com/jobs.json"
teamtailor,silentium-1747743065,5,https://silentium-1747743065.teamtailor.com/,"https://silentium-1747743065.teamtailor.com/jobs.json"
teamtailor,skibikehike,5,https://skibikehike.teamtailor.com/,"https://skibikehike.teamtailor.com/jobs.json"
teamtailor,sofigategroupoy,5,https://sofigategroupoy.teamtailor.com/,"https://sofigategroupoy.teamtailor.com/jobs.json"
teamtailor,sospro,5,https://sospro.teamtailor.com/,"https://sospro.teamtailor.com/jobs.json"
teamtailor,springbokproperties-1743070093,5,https://springbokproperties-1743070093.teamtailor.com/,"https://springbokproperties-1743070093.teamtailor.com/jobs.json"
teamtailor,ssh,5,https://ssh.teamtailor.com/,"https://ssh.teamtailor.com/jobs.json"
teamtailor,stravito,5,https://stravito.teamtailor.com/,"https://stravito.teamtailor.com/jobs.json"
teamtailor,sybo,5,https://sybo.teamtailor.com/,"https://sybo.teamtailor.com/jobs.json"
teamtailor,tailscom,5,https://tailscom.teamtailor.com/,"https://tailscom.teamtailor.com/jobs.json"
teamtailor,talentfix,5,https://talentfix.teamtailor.com/,"https://talentfix.teamtailor.com/jobs.json"
teamtailor,tamigo,5,https://tamigo.teamtailor.com/,"https://tamigo.teamtailor.com/jobs.json"
teamtailor,traftec,5,https://traftec.teamtailor.com/,"https://traftec.teamtailor.com/jobs.json"
teamtailor,turbotims,5,https://turbotims.teamtailor.com/,"https://turbotims.teamtailor.com/jobs.json"
teamtailor,ubiqaerospace,5,https://ubiqaerospace.teamtailor.com/,"https://ubiqaerospace.teamtailor.com/jobs.json"
teamtailor,unobravo,5,https://unobravo.teamtailor.com/,"https://unobravo.teamtailor.com/jobs.json"
teamtailor,uptempo,5,https://uptempo.teamtailor.com/,"https://uptempo.teamtailor.com/jobs.json"
teamtailor,veesionvf,5,https://veesionvf.teamtailor.com/,"https://veesionvf.teamtailor.com/jobs.json"
teamtailor,veo,5,https://veo.teamtailor.com/,"https://veo.teamtailor.com/jobs.json"
teamtailor,vidoori,5,https://vidoori.teamtailor.com/,"https://vidoori.teamtailor.com/jobs.json"
teamtailor,vikingassistance,5,https://vikingassistance.teamtailor.com/,"https://vikingassistance.teamtailor.com/jobs.json"
teamtailor,aafdinair,4,https://aafdinair.teamtailor.com/,"https://aafdinair.teamtailor.com/jobs.json"
teamtailor,abion-1729000762,4,https://abion-1729000762.teamtailor.com/,"https://abion-1729000762.teamtailor.com/jobs.json"
teamtailor,above,4,https://above.teamtailor.com/,"https://above.teamtailor.com/jobs.json"
teamtailor,aimexecutive,4,https://aimexecutive.teamtailor.com/,"https://aimexecutive.teamtailor.com/jobs.json"
teamtailor,andaraeconomy,4,https://andaraeconomy.teamtailor.com/,"https://andaraeconomy.teamtailor.com/jobs.json"
teamtailor,andaraprofessionals,4,https://andaraprofessionals.teamtailor.com/,"https://andaraprofessionals.teamtailor.com/jobs.json"
teamtailor,anzet,4,https://anzet.teamtailor.com/,"https://anzet.teamtailor.com/jobs.json"
teamtailor,arkivet,4,https://arkivet.teamtailor.com/,"https://arkivet.teamtailor.com/jobs.json"
teamtailor,astolsrokeri,4,https://astolsrokeri.teamtailor.com/,"https://astolsrokeri.teamtailor.com/jobs.json"
teamtailor,autosafetycenter,4,https://autosafetycenter.teamtailor.com/,"https://autosafetycenter.teamtailor.com/jobs.json"
teamtailor,axmed,4,https://axmed.teamtailor.com/,"https://axmed.teamtailor.com/jobs.json"
teamtailor,barrosyerrazuriz,4,https://barrosyerrazuriz.teamtailor.com/,"https://barrosyerrazuriz.teamtailor.com/jobs.json"
teamtailor,bearingpointdenmark-1740562169,4,https://bearingpointdenmark-1740562169.teamtailor.com/,"https://bearingpointdenmark-1740562169.teamtailor.com/jobs.json"
teamtailor,berattarministeriet,4,https://berattarministeriet.teamtailor.com/,"https://berattarministeriet.teamtailor.com/jobs.json"
teamtailor,birdlifeinternational,4,https://birdlifeinternational.teamtailor.com/,"https://birdlifeinternational.teamtailor.com/jobs.json"
teamtailor,bonliva,4,https://bonliva.teamtailor.com/,"https://bonliva.teamtailor.com/jobs.json"
teamtailor,brutfrance,4,https://brutfrance.teamtailor.com/,"https://brutfrance.teamtailor.com/jobs.json"
teamtailor,bygghemmase,4,https://bygghemmase.teamtailor.com/,"https://bygghemmase.teamtailor.com/jobs.json"
teamtailor,cacustomeralliancegmbh,4,https://cacustomeralliancegmbh.teamtailor.com/,"https://cacustomeralliancegmbh.teamtailor.com/jobs.json"
teamtailor,cerogeneration-1674220216,4,https://cerogeneration-1674220216.teamtailor.com/,"https://cerogeneration-1674220216.teamtailor.com/jobs.json"
teamtailor,checkwatt,4,https://checkwatt.teamtailor.com/,"https://checkwatt.teamtailor.com/jobs.json"
teamtailor,clavister,4,https://clavister.teamtailor.com/,"https://clavister.teamtailor.com/jobs.json"
teamtailor,corporater,4,https://corporater.teamtailor.com/,"https://corporater.teamtailor.com/jobs.json"
teamtailor,craftor,4,https://craftor.teamtailor.com/,"https://craftor.teamtailor.com/jobs.json"
teamtailor,cybertexex,4,https://cybertexex.teamtailor.com/,"https://cybertexex.teamtailor.com/jobs.json"
teamtailor,dalapharmconsultingab,4,https://dalapharmconsultingab.teamtailor.com/,"https://dalapharmconsultingab.teamtailor.com/jobs.json"
teamtailor,danskindustri,4,https://danskindustri.teamtailor.com/,"https://danskindustri.teamtailor.com/jobs.json"
teamtailor,datelreal,4,https://datelreal.teamtailor.com/,"https://datelreal.teamtailor.com/jobs.json"
teamtailor,dmtakab,4,https://dmtakab.teamtailor.com/,"https://dmtakab.teamtailor.com/jobs.json"
teamtailor,ecobio,4,https://ecobio.teamtailor.com/,"https://ecobio.teamtailor.com/jobs.json"
teamtailor,ekstendgroup,4,https://ekstendgroup.teamtailor.com/,"https://ekstendgroup.teamtailor.com/jobs.json"
teamtailor,eledarail,4,https://eledarail.teamtailor.com/,"https://eledarail.teamtailor.com/jobs.json"
teamtailor,enentogroup,4,https://enentogroup.teamtailor.com/,"https://enentogroup.teamtailor.com/jobs.json"
teamtailor,engagetechnicalsolutions,4,https://engagetechnicalsolutions.teamtailor.com/,"https://engagetechnicalsolutions.teamtailor.com/jobs.json"
teamtailor,estonew,4,https://estonew.teamtailor.com/,"https://estonew.teamtailor.com/jobs.json"
teamtailor,feskekorka,4,https://feskekorka.teamtailor.com/,"https://feskekorka.teamtailor.com/jobs.json"
teamtailor,figroupfrance,4,https://figroupfrance.teamtailor.com/,"https://figroupfrance.teamtailor.com/jobs.json"
teamtailor,fitness24sevenfinland,4,https://fitness24sevenfinland.teamtailor.com/,"https://fitness24sevenfinland.teamtailor.com/jobs.json"
teamtailor,flanks,4,https://flanks.teamtailor.com/,"https://flanks.teamtailor.com/jobs.json"
teamtailor,folketsthlm,4,https://folketsthlm.teamtailor.com/,"https://folketsthlm.teamtailor.com/jobs.json"
teamtailor,founderspledge,4,https://founderspledge.teamtailor.com/,"https://founderspledge.teamtailor.com/jobs.json"
teamtailor,fridayvibes,4,https://fridayvibes.teamtailor.com/,"https://fridayvibes.teamtailor.com/jobs.json"
teamtailor,gbnews,4,https://gbnews.teamtailor.com/,"https://gbnews.teamtailor.com/jobs.json"
teamtailor,gimi,4,https://gimi.teamtailor.com/,"https://gimi.teamtailor.com/jobs.json"
teamtailor,hammarskiold,4,https://hammarskiold.teamtailor.com/,"https://hammarskiold.teamtailor.com/jobs.json"
teamtailor,hartbageri,4,https://hartbageri.teamtailor.com/,"https://hartbageri.teamtailor.com/jobs.json"
teamtailor,hartmarkexecutivesearch,4,https://hartmarkexecutivesearch.teamtailor.com/,"https://hartmarkexecutivesearch.teamtailor.com/jobs.json"
teamtailor,helexia,4,https://helexia.teamtailor.com/,"https://helexia.teamtailor.com/jobs.json"
teamtailor,hifab,4,https://hifab.teamtailor.com/,"https://hifab.teamtailor.com/jobs.json"
teamtailor,hotelterreblanche,4,https://hotelterreblanche.teamtailor.com/,"https://hotelterreblanche.teamtailor.com/jobs.json"
teamtailor,houseofcontrol,4,https://houseofcontrol.teamtailor.com/,"https://houseofcontrol.teamtailor.com/jobs.json"
teamtailor,huuva,4,https://huuva.teamtailor.com/,"https://huuva.teamtailor.com/jobs.json"
teamtailor,hypermat,4,https://hypermat.teamtailor.com/,"https://hypermat.teamtailor.com/jobs.json"
teamtailor,icgruppen,4,https://icgruppen.teamtailor.com/,"https://icgruppen.teamtailor.com/jobs.json"
teamtailor,industrade-1720804743,4,https://industrade-1720804743.teamtailor.com/,"https://industrade-1720804743.teamtailor.com/jobs.json"
teamtailor,influencepeopleswedenab,4,https://influencepeopleswedenab.teamtailor.com/,"https://influencepeopleswedenab.teamtailor.com/jobs.json"
teamtailor,influencetech,4,https://influencetech.teamtailor.com/,"https://influencetech.teamtailor.com/jobs.json"
teamtailor,intenthq,4,https://intenthq.teamtailor.com/,"https://intenthq.teamtailor.com/jobs.json"
teamtailor,interventure,4,https://interventure.teamtailor.com/,"https://interventure.teamtailor.com/jobs.json"
teamtailor,jungpartner-demo,4,https://jungpartner-demo.teamtailor.com/,"https://jungpartner-demo.teamtailor.com/jobs.json"
teamtailor,kakslauttanen,4,https://kakslauttanen.teamtailor.com/,"https://kakslauttanen.teamtailor.com/jobs.json"
teamtailor,karnovgroupdenmark,4,https://karnovgroupdenmark.teamtailor.com/,"https://karnovgroupdenmark.teamtailor.com/jobs.json"
teamtailor,kastellidemo,4,https://kastellidemo.teamtailor.com/,"https://kastellidemo.teamtailor.com/jobs.json"
teamtailor,keyruscanada,4,https://keyruscanada.teamtailor.com/,"https://keyruscanada.teamtailor.com/jobs.json"
teamtailor,keyrusuk,4,https://keyrusuk.teamtailor.com/,"https://keyrusuk.teamtailor.com/jobs.json"
teamtailor,kvarterskliniken,4,https://kvarterskliniken.teamtailor.com/,"https://kvarterskliniken.teamtailor.com/jobs.json"
teamtailor,lakarleasing,4,https://lakarleasing.teamtailor.com/,"https://lakarleasing.teamtailor.com/jobs.json"
teamtailor,lakme,4,https://lakme.teamtailor.com/,"https://lakme.teamtailor.com/jobs.json"
teamtailor,lavendo,4,https://lavendo.teamtailor.com/,"https://lavendo.teamtailor.com/jobs.json"
teamtailor,loaf,4,https://loaf.teamtailor.com/,"https://loaf.teamtailor.com/jobs.json"
teamtailor,lockerroomtalk,4,https://lockerroomtalk.teamtailor.com/,"https://lockerroomtalk.teamtailor.com/jobs.json"
teamtailor,lundstamsatervinningab,4,https://lundstamsatervinningab.teamtailor.com/,"https://lundstamsatervinningab.teamtailor.com/jobs.json"
teamtailor,mdpipoland,4,https://mdpipoland.teamtailor.com/,"https://mdpipoland.teamtailor.com/jobs.json"
teamtailor,mercarigroup,4,https://mercarigroup.teamtailor.com/,"https://mercarigroup.teamtailor.com/jobs.json"
teamtailor,mesta,4,https://mesta.teamtailor.com/,"https://mesta.teamtailor.com/jobs.json"
teamtailor,metria,4,https://metria.teamtailor.com/,"https://metria.teamtailor.com/jobs.json"
teamtailor,micropeptechnologies-1719408476,4,https://micropeptechnologies-1719408476.teamtailor.com/,"https://micropeptechnologies-1719408476.teamtailor.com/jobs.json"
teamtailor,migranhjalpen,4,https://migranhjalpen.teamtailor.com/,"https://migranhjalpen.teamtailor.com/jobs.json"
teamtailor,modulai,4,https://modulai.teamtailor.com/,"https://modulai.teamtailor.com/jobs.json"
teamtailor,monster,4,https://monster.teamtailor.com/,"https://monster.teamtailor.com/jobs.json"
teamtailor,nanostone,4,https://nanostone.teamtailor.com/,"https://nanostone.teamtailor.com/jobs.json"
teamtailor,newsecnorway,4,https://newsecnorway.teamtailor.com/,"https://newsecnorway.teamtailor.com/jobs.json"
teamtailor,noastaff,4,https://noastaff.teamtailor.com/,"https://noastaff.teamtailor.com/jobs.json"
teamtailor,nofence,4,https://nofence.teamtailor.com/,"https://nofence.teamtailor.com/jobs.json"
teamtailor,norteam,4,https://norteam.teamtailor.com/,"https://norteam.teamtailor.com/jobs.json"
teamtailor,northrichmondcommunityhealth,4,https://northrichmondcommunityhealth.teamtailor.com/,"https://northrichmondcommunityhealth.teamtailor.com/jobs.json"
teamtailor,nudge-1724058604,4,https://nudge-1724058604.teamtailor.com/,"https://nudge-1724058604.teamtailor.com/jobs.json"
teamtailor,nymollabruk,4,https://nymollabruk.teamtailor.com/,"https://nymollabruk.teamtailor.com/jobs.json"
teamtailor,omeofinancialconsultingab,4,https://omeofinancialconsultingab.teamtailor.com/,"https://omeofinancialconsultingab.teamtailor.com/jobs.json"
teamtailor,omgno,4,https://omgno.teamtailor.com/,"https://omgno.teamtailor.com/jobs.json"
teamtailor,opennebula,4,https://opennebula.teamtailor.com/,"https://opennebula.teamtailor.com/jobs.json"
teamtailor,orasgroup,4,https://orasgroup.teamtailor.com/,"https://orasgroup.teamtailor.com/jobs.json"
teamtailor,periculoaktiebolag,4,https://periculoaktiebolag.teamtailor.com/,"https://periculoaktiebolag.teamtailor.com/jobs.json"
teamtailor,pihr,4,https://pihr.teamtailor.com/,"https://pihr.teamtailor.com/jobs.json"
teamtailor,planity-1651249729,4,https://planity-1651249729.teamtailor.com/,"https://planity-1651249729.teamtailor.com/jobs.json"
teamtailor,portico,4,https://portico.teamtailor.com/,"https://portico.teamtailor.com/jobs.json"
teamtailor,qobra-1663251916,4,https://qobra-1663251916.teamtailor.com/,"https://qobra-1663251916.teamtailor.com/jobs.json"
teamtailor,quarks,4,https://quarks.teamtailor.com/,"https://quarks.teamtailor.com/jobs.json"
teamtailor,reloadlogistics,4,https://reloadlogistics.teamtailor.com/,"https://reloadlogistics.teamtailor.com/jobs.json"
teamtailor,rightathomeoxford,4,https://rightathomeoxford.teamtailor.com/,"https://rightathomeoxford.teamtailor.com/jobs.json"
teamtailor,roadsync,4,https://roadsync.teamtailor.com/,"https://roadsync.teamtailor.com/jobs.json"
teamtailor,rora,4,https://rora.teamtailor.com/,"https://rora.teamtailor.com/jobs.json"
teamtailor,royalgrammarschoolguildford,4,https://royalgrammarschoolguildford.teamtailor.com/,"https://royalgrammarschoolguildford.teamtailor.com/jobs.json"
teamtailor,senzum,4,https://senzum.teamtailor.com/,"https://senzum.teamtailor.com/jobs.json"
teamtailor,sessions,4,https://sessions.teamtailor.com/,"https://sessions.teamtailor.com/jobs.json"
teamtailor,shalion,4,https://shalion.teamtailor.com/,"https://shalion.teamtailor.com/jobs.json"
teamtailor,sharkbemanning,4,https://sharkbemanning.teamtailor.com/,"https://sharkbemanning.teamtailor.com/jobs.json"
teamtailor,siili,4,https://siili.teamtailor.com/,"https://siili.teamtailor.com/jobs.json"
teamtailor,skonhetsgruppen,4,https://skonhetsgruppen.teamtailor.com/,"https://skonhetsgruppen.teamtailor.com/jobs.json"
teamtailor,sodervidningebagaren,4,https://sodervidningebagaren.teamtailor.com/,"https://sodervidningebagaren.teamtailor.com/jobs.json"
teamtailor,staysuregroup,4,https://staysuregroup.teamtailor.com/,"https://staysuregroup.teamtailor.com/jobs.json"
teamtailor,stiltzhomeliftsusa,4,https://stiltzhomeliftsusa.teamtailor.com/,"https://stiltzhomeliftsusa.teamtailor.com/jobs.json"
teamtailor,stockholmsportacademy-1684240458,4,https://stockholmsportacademy-1684240458.teamtailor.com/,"https://stockholmsportacademy-1684240458.teamtailor.com/jobs.json"
teamtailor,strategicmanagementpartners,4,https://strategicmanagementpartners.teamtailor.com/,"https://strategicmanagementpartners.teamtailor.com/jobs.json"
teamtailor,surplusmap,4,https://surplusmap.teamtailor.com/,"https://surplusmap.teamtailor.com/jobs.json"
teamtailor,swegonitaly,4,https://swegonitaly.teamtailor.com/,"https://swegonitaly.teamtailor.com/jobs.json"
teamtailor,talentpeople,4,https://talentpeople.teamtailor.com/,"https://talentpeople.teamtailor.com/jobs.json"
teamtailor,talentumpartners-1750142895,4,https://talentumpartners-1750142895.teamtailor.com/,"https://talentumpartners-1750142895.teamtailor.com/jobs.json"
teamtailor,teamblueslovakia,4,https://teamblueslovakia.teamtailor.com/,"https://teamblueslovakia.teamtailor.com/jobs.json"
teamtailor,telenortsspakistan-1750856773,4,https://telenortsspakistan-1750856773.teamtailor.com/,"https://telenortsspakistan-1750856773.teamtailor.com/jobs.json"
teamtailor,thatchamresearch-1728053163,4,https://thatchamresearch-1728053163.teamtailor.com/,"https://thatchamresearch-1728053163.teamtailor.com/jobs.json"
teamtailor,tquilaautomation-1717075446,4,https://tquilaautomation-1717075446.teamtailor.com/,"https://tquilaautomation-1717075446.teamtailor.com/jobs.json"
teamtailor,trekoab,4,https://trekoab.teamtailor.com/,"https://trekoab.teamtailor.com/jobs.json"
teamtailor,troot,4,https://troot.teamtailor.com/,"https://troot.teamtailor.com/jobs.json"
teamtailor,villoid-1646735690,4,https://villoid-1646735690.teamtailor.com/,"https://villoid-1646735690.teamtailor.com/jobs.json"
teamtailor,visorai-1692009473,4,https://visorai-1692009473.teamtailor.com/,"https://visorai-1692009473.teamtailor.com/jobs.json"
teamtailor,volkswagengroup,4,https://volkswagengroup.teamtailor.com/,"https://volkswagengroup.teamtailor.com/jobs.json"
teamtailor,vsvkonsernivakkasuomenvoima,4,https://vsvkonsernivakkasuomenvoima.teamtailor.com/,"https://vsvkonsernivakkasuomenvoima.teamtailor.com/jobs.json"
teamtailor,wallhamn,4,https://wallhamn.teamtailor.com/,"https://wallhamn.teamtailor.com/jobs.json"
teamtailor,wihuri,4,https://wihuri.teamtailor.com/,"https://wihuri.teamtailor.com/jobs.json"
teamtailor,zeronbv,4,https://zeronbv.teamtailor.com/,"https://zeronbv.teamtailor.com/jobs.json"
teamtailor,725transportation,3,https://725transportation.teamtailor.com/,"https://725transportation.teamtailor.com/jobs.json"
teamtailor,aaf,3,https://aaf.teamtailor.com/,"https://aaf.teamtailor.com/jobs.json"
teamtailor,abgsc,3,https://abgsc.teamtailor.com/,"https://abgsc.teamtailor.com/jobs.json"
teamtailor,abilitysearchandselectionnordic,3,https://abilitysearchandselectionnordic.teamtailor.com/,"https://abilitysearchandselectionnordic.teamtailor.com/jobs.json"
teamtailor,apricot,3,https://apricot.teamtailor.com/,"https://apricot.teamtailor.com/jobs.json"
teamtailor,awjelteknik,3,https://awjelteknik.teamtailor.com/,"https://awjelteknik.teamtailor.com/jobs.json"
teamtailor,balancedevelopment,3,https://balancedevelopment.teamtailor.com/,"https://balancedevelopment.teamtailor.com/jobs.json"
teamtailor,bastardburgersfinland,3,https://bastardburgersfinland.teamtailor.com/,"https://bastardburgersfinland.teamtailor.com/jobs.json"
teamtailor,bespokepixel,3,https://bespokepixel.teamtailor.com/,"https://bespokepixel.teamtailor.com/jobs.json"
teamtailor,bredvid,3,https://bredvid.teamtailor.com/,"https://bredvid.teamtailor.com/jobs.json"
teamtailor,brightway,3,https://brightway.teamtailor.com/,"https://brightway.teamtailor.com/jobs.json"
teamtailor,buminusantaragroup-1709113752,3,https://buminusantaragroup-1709113752.teamtailor.com/,"https://buminusantaragroup-1709113752.teamtailor.com/jobs.json"
teamtailor,busuu,3,https://busuu.teamtailor.com/,"https://busuu.teamtailor.com/jobs.json"
teamtailor,camatec,3,https://camatec.teamtailor.com/,"https://camatec.teamtailor.com/jobs.json"
teamtailor,canvasoffices,3,https://canvasoffices.teamtailor.com/,"https://canvasoffices.teamtailor.com/jobs.json"
teamtailor,carico,3,https://carico.teamtailor.com/,"https://carico.teamtailor.com/jobs.json"
teamtailor,charlieoscar-1701166780,3,https://charlieoscar-1701166780.teamtailor.com/,"https://charlieoscar-1701166780.teamtailor.com/jobs.json"
teamtailor,cigames,3,https://cigames.teamtailor.com/,"https://cigames.teamtailor.com/jobs.json"
teamtailor,clasohlsonfinland,3,https://clasohlsonfinland.teamtailor.com/,"https://clasohlsonfinland.teamtailor.com/jobs.json"
teamtailor,cleanworld,3,https://cleanworld.teamtailor.com/,"https://cleanworld.teamtailor.com/jobs.json"
teamtailor,comodule,3,https://comodule.teamtailor.com/,"https://comodule.teamtailor.com/jobs.json"
teamtailor,contacttheatre,3,https://contacttheatre.teamtailor.com/,"https://contacttheatre.teamtailor.com/jobs.json"
teamtailor,cuera-1748344804,3,https://cuera-1748344804.teamtailor.com/,"https://cuera-1748344804.teamtailor.com/jobs.json"
teamtailor,dcsolutions,3,https://dcsolutions.teamtailor.com/,"https://dcsolutions.teamtailor.com/jobs.json"
teamtailor,dema,3,https://dema.teamtailor.com/,"https://dema.teamtailor.com/jobs.json"
teamtailor,digisapsolutions,3,https://digisapsolutions.teamtailor.com/,"https://digisapsolutions.teamtailor.com/jobs.json"
teamtailor,digitalpersonal,3,https://digitalpersonal.teamtailor.com/,"https://digitalpersonal.teamtailor.com/jobs.json"
teamtailor,digitrips,3,https://digitrips.teamtailor.com/,"https://digitrips.teamtailor.com/jobs.json"
teamtailor,dignify,3,https://dignify.teamtailor.com/,"https://dignify.teamtailor.com/jobs.json"
teamtailor,dnapayments,3,https://dnapayments.teamtailor.com/,"https://dnapayments.teamtailor.com/jobs.json"
teamtailor,drpg,3,https://drpg.teamtailor.com/,"https://drpg.teamtailor.com/jobs.json"
teamtailor,eir-1748245248,3,https://eir-1748245248.teamtailor.com/,"https://eir-1748245248.teamtailor.com/jobs.json"
teamtailor,embriq,3,https://embriq.teamtailor.com/,"https://embriq.teamtailor.com/jobs.json"
teamtailor,eossaunatechnikgmbh,3,https://eossaunatechnikgmbh.teamtailor.com/,"https://eossaunatechnikgmbh.teamtailor.com/jobs.json"
teamtailor,equip,3,https://equip.teamtailor.com/,"https://equip.teamtailor.com/jobs.json"
teamtailor,esadefaculty,3,https://esadefaculty.teamtailor.com/,"https://esadefaculty.teamtailor.com/jobs.json"
teamtailor,essenciel,3,https://essenciel.teamtailor.com/,"https://essenciel.teamtailor.com/jobs.json"
teamtailor,finlandrestaurantsoy,3,https://finlandrestaurantsoy.teamtailor.com/,"https://finlandrestaurantsoy.teamtailor.com/jobs.json"
teamtailor,finnplay,3,https://finnplay.teamtailor.com/,"https://finnplay.teamtailor.com/jobs.json"
teamtailor,fipto,3,https://fipto.teamtailor.com/,"https://fipto.teamtailor.com/jobs.json"
teamtailor,fluxmarine,3,https://fluxmarine.teamtailor.com/,"https://fluxmarine.teamtailor.com/jobs.json"
teamtailor,fotografiska,3,https://fotografiska.teamtailor.com/,"https://fotografiska.teamtailor.com/jobs.json"
teamtailor,fourfmab,3,https://fourfmab.teamtailor.com/,"https://fourfmab.teamtailor.com/jobs.json"
teamtailor,frenda,3,https://frenda.teamtailor.com/,"https://frenda.teamtailor.com/jobs.json"
teamtailor,gardaalarm,3,https://gardaalarm.teamtailor.com/,"https://gardaalarm.teamtailor.com/jobs.json"
teamtailor,gmed,3,https://gmed.teamtailor.com/,"https://gmed.teamtailor.com/jobs.json"
teamtailor,gostrong,3,https://gostrong.teamtailor.com/,"https://gostrong.teamtailor.com/jobs.json"
teamtailor,greenpeacenordic,3,https://greenpeacenordic.teamtailor.com/,"https://greenpeacenordic.teamtailor.com/jobs.json"
teamtailor,hanburystrategy,3,https://hanburystrategy.teamtailor.com/,"https://hanburystrategy.teamtailor.com/jobs.json"
teamtailor,harcour,3,https://harcour.teamtailor.com/,"https://harcour.teamtailor.com/jobs.json"
teamtailor,hcsdk8,3,https://hcsdk8.teamtailor.com/,"https://hcsdk8.teamtailor.com/jobs.json"
teamtailor,hobbii,3,https://hobbii.teamtailor.com/,"https://hobbii.teamtailor.com/jobs.json"
teamtailor,hofseth,3,https://hofseth.teamtailor.com/,"https://hofseth.teamtailor.com/jobs.json"
teamtailor,horibamedical-1725630448,3,https://horibamedical-1725630448.teamtailor.com/,"https://horibamedical-1725630448.teamtailor.com/jobs.json"
teamtailor,hrneuefische,3,https://hrneuefische.teamtailor.com/,"https://hrneuefische.teamtailor.com/jobs.json"
teamtailor,hrsolutionsfinland,3,https://hrsolutionsfinland.teamtailor.com/,"https://hrsolutionsfinland.teamtailor.com/jobs.json"
teamtailor,humblebee,3,https://humblebee.teamtailor.com/,"https://humblebee.teamtailor.com/jobs.json"
teamtailor,hushallningssallskapetkalmarkronoberg,3,https://hushallningssallskapetkalmarkronoberg.teamtailor.com/,"https://hushallningssallskapetkalmarkronoberg.teamtailor.com/jobs.json"
teamtailor,interinterimsante,3,https://interinterimsante.teamtailor.com/,"https://interinterimsante.teamtailor.com/jobs.json"
teamtailor,istobal,3,https://istobal.teamtailor.com/,"https://istobal.teamtailor.com/jobs.json"
teamtailor,itvstudiosfinland,3,https://itvstudiosfinland.teamtailor.com/,"https://itvstudiosfinland.teamtailor.com/jobs.json"
teamtailor,julivinterland,3,https://julivinterland.teamtailor.com/,"https://julivinterland.teamtailor.com/jobs.json"
teamtailor,kalevamedia,3,https://kalevamedia.teamtailor.com/,"https://kalevamedia.teamtailor.com/jobs.json"
teamtailor,kellydeli,3,https://kellydeli.teamtailor.com/,"https://kellydeli.teamtailor.com/jobs.json"
teamtailor,keyrusspain,3,https://keyrusspain.teamtailor.com/,"https://keyrusspain.teamtailor.com/jobs.json"
teamtailor,kiekert,3,https://kiekert.teamtailor.com/,"https://kiekert.teamtailor.com/jobs.json"
teamtailor,kompisrestauranter,3,https://kompisrestauranter.teamtailor.com/,"https://kompisrestauranter.teamtailor.com/jobs.json"
teamtailor,lacompagniedesdesserts,3,https://lacompagniedesdesserts.teamtailor.com/,"https://lacompagniedesdesserts.teamtailor.com/jobs.json"
teamtailor,laie,3,https://laie.teamtailor.com/,"https://laie.teamtailor.com/jobs.json"
teamtailor,lancashiremind,3,https://lancashiremind.teamtailor.com/,"https://lancashiremind.teamtailor.com/jobs.json"
teamtailor,lejosoy,3,https://lejosoy.teamtailor.com/,"https://lejosoy.teamtailor.com/jobs.json"
teamtailor,lestra,3,https://lestra.teamtailor.com/,"https://lestra.teamtailor.com/jobs.json"
teamtailor,linical,3,https://linical.teamtailor.com/,"https://linical.teamtailor.com/jobs.json"
teamtailor,logeco,3,https://logeco.teamtailor.com/,"https://logeco.teamtailor.com/jobs.json"
teamtailor,loimuaoy,3,https://loimuaoy.teamtailor.com/,"https://loimuaoy.teamtailor.com/jobs.json"
teamtailor,luzia,3,https://luzia.teamtailor.com/,"https://luzia.teamtailor.com/jobs.json"
teamtailor,mandatumlife,3,https://mandatumlife.teamtailor.com/,"https://mandatumlife.teamtailor.com/jobs.json"
teamtailor,mantena,3,https://mantena.teamtailor.com/,"https://mantena.teamtailor.com/jobs.json"
teamtailor,maramalabs,3,https://maramalabs.teamtailor.com/,"https://maramalabs.teamtailor.com/jobs.json"
teamtailor,mecaplanoy,3,https://mecaplanoy.teamtailor.com/,"https://mecaplanoy.teamtailor.com/jobs.json"
teamtailor,mecenat,3,https://mecenat.teamtailor.com/,"https://mecenat.teamtailor.com/jobs.json"
teamtailor,metsakonepalvelu,3,https://metsakonepalvelu.teamtailor.com/,"https://metsakonepalvelu.teamtailor.com/jobs.json"
teamtailor,monkhouse,3,https://monkhouse.teamtailor.com/,"https://monkhouse.teamtailor.com/jobs.json"
teamtailor,moskito,3,https://moskito.teamtailor.com/,"https://moskito.teamtailor.com/jobs.json"
teamtailor,motorica,3,https://motorica.teamtailor.com/,"https://motorica.teamtailor.com/jobs.json"
teamtailor,neodev,3,https://neodev.teamtailor.com/,"https://neodev.teamtailor.com/jobs.json"
teamtailor,nextlottogmbh,3,https://nextlottogmbh.teamtailor.com/,"https://nextlottogmbh.teamtailor.com/jobs.json"
teamtailor,nonconformist,3,https://nonconformist.teamtailor.com/,"https://nonconformist.teamtailor.com/jobs.json"
teamtailor,ocs,3,https://ocs.teamtailor.com/,"https://ocs.teamtailor.com/jobs.json"
teamtailor,octannklinikker,3,https://octannklinikker.teamtailor.com/,"https://octannklinikker.teamtailor.com/jobs.json"
teamtailor,omfjeld-1665829229,3,https://omfjeld-1665829229.teamtailor.com/,"https://omfjeld-1665829229.teamtailor.com/jobs.json"
teamtailor,omny,3,https://omny.teamtailor.com/,"https://omny.teamtailor.com/jobs.json"
teamtailor,onemotion,3,https://onemotion.teamtailor.com/,"https://onemotion.teamtailor.com/jobs.json"
teamtailor,onetrace-1709207619,3,https://onetrace-1709207619.teamtailor.com/,"https://onetrace-1709207619.teamtailor.com/jobs.json"
teamtailor,palaceforlifefoundation,3,https://palaceforlifefoundation.teamtailor.com/,"https://palaceforlifefoundation.teamtailor.com/jobs.json"
teamtailor,parcerooy,3,https://parcerooy.teamtailor.com/,"https://parcerooy.teamtailor.com/jobs.json"
teamtailor,parksterab,3,https://parksterab.teamtailor.com/,"https://parksterab.teamtailor.com/jobs.json"
teamtailor,pelastakaalapsetry,3,https://pelastakaalapsetry.teamtailor.com/,"https://pelastakaalapsetry.teamtailor.com/jobs.json"
teamtailor,pensionbeelimited-1750950714,3,https://pensionbeelimited-1750950714.teamtailor.com/,"https://pensionbeelimited-1750950714.teamtailor.com/jobs.json"
teamtailor,pinkinternetgmbh,3,https://pinkinternetgmbh.teamtailor.com/,"https://pinkinternetgmbh.teamtailor.com/jobs.json"
teamtailor,pixiongames,3,https://pixiongames.teamtailor.com/,"https://pixiongames.teamtailor.com/jobs.json"
teamtailor,polypeptidesweden,3,https://polypeptidesweden.teamtailor.com/,"https://polypeptidesweden.teamtailor.com/jobs.json"
teamtailor,prevaspartnerskap,3,https://prevaspartnerskap.teamtailor.com/,"https://prevaspartnerskap.teamtailor.com/jobs.json"
teamtailor,prisjakt,3,https://prisjakt.teamtailor.com/,"https://prisjakt.teamtailor.com/jobs.json"
teamtailor,profinder-1736519241,3,https://profinder-1736519241.teamtailor.com/,"https://profinder-1736519241.teamtailor.com/jobs.json"
teamtailor,publicpeople,3,https://publicpeople.teamtailor.com/,"https://publicpeople.teamtailor.com/jobs.json"
teamtailor,quintessentialbrandsgroup-1639474746,3,https://quintessentialbrandsgroup-1639474746.teamtailor.com/,"https://quintessentialbrandsgroup-1639474746.teamtailor.com/jobs.json"
teamtailor,quorso,3,https://quorso.teamtailor.com/,"https://quorso.teamtailor.com/jobs.json"
teamtailor,rebelbird,3,https://rebelbird.teamtailor.com/,"https://rebelbird.teamtailor.com/jobs.json"
teamtailor,reelenergy-1727862339,3,https://reelenergy-1727862339.teamtailor.com/,"https://reelenergy-1727862339.teamtailor.com/jobs.json"
teamtailor,reperiosearch,3,https://reperiosearch.teamtailor.com/,"https://reperiosearch.teamtailor.com/jobs.json"
teamtailor,restauranglulu,3,https://restauranglulu.teamtailor.com/,"https://restauranglulu.teamtailor.com/jobs.json"
teamtailor,rtone,3,https://rtone.teamtailor.com/,"https://rtone.teamtailor.com/jobs.json"
teamtailor,rubrik,3,https://rubrik.teamtailor.com/,"https://rubrik.teamtailor.com/jobs.json"
teamtailor,safewill,3,https://safewill.teamtailor.com/,"https://safewill.teamtailor.com/jobs.json"
teamtailor,sententia,3,https://sententia.teamtailor.com/,"https://sententia.teamtailor.com/jobs.json"
teamtailor,softonic,3,https://softonic.teamtailor.com/,"https://softonic.teamtailor.com/jobs.json"
teamtailor,sportproffsen,3,https://sportproffsen.teamtailor.com/,"https://sportproffsen.teamtailor.com/jobs.json"
teamtailor,starship,3,https://starship.teamtailor.com/,"https://starship.teamtailor.com/jobs.json"
teamtailor,stelltec,3,https://stelltec.teamtailor.com/,"https://stelltec.teamtailor.com/jobs.json"
teamtailor,storenorskeas,3,https://storenorskeas.teamtailor.com/,"https://storenorskeas.teamtailor.com/jobs.json"
teamtailor,stretchnorge,3,https://stretchnorge.teamtailor.com/,"https://stretchnorge.teamtailor.com/jobs.json"
teamtailor,swedenhrgroup,3,https://swedenhrgroup.teamtailor.com/,"https://swedenhrgroup.teamtailor.com/jobs.json"
teamtailor,swedlock,3,https://swedlock.teamtailor.com/,"https://swedlock.teamtailor.com/jobs.json"
teamtailor,synthesized,3,https://synthesized.teamtailor.com/,"https://synthesized.teamtailor.com/jobs.json"
teamtailor,tandvardshusetab,3,https://tandvardshusetab.teamtailor.com/,"https://tandvardshusetab.teamtailor.com/jobs.json"
teamtailor,techsee,3,https://techsee.teamtailor.com/,"https://techsee.teamtailor.com/jobs.json"
teamtailor,theitaliangreyhound,3,https://theitaliangreyhound.teamtailor.com/,"https://theitaliangreyhound.teamtailor.com/jobs.json"
teamtailor,thelodge,3,https://thelodge.teamtailor.com/,"https://thelodge.teamtailor.com/jobs.json"
teamtailor,tinubu,3,https://tinubu.teamtailor.com/,"https://tinubu.teamtailor.com/jobs.json"
teamtailor,trecom,3,https://trecom.teamtailor.com/,"https://trecom.teamtailor.com/jobs.json"
teamtailor,tripletexas,3,https://tripletexas.teamtailor.com/,"https://tripletexas.teamtailor.com/jobs.json"
teamtailor,tunstallgermany,3,https://tunstallgermany.teamtailor.com/,"https://tunstallgermany.teamtailor.com/jobs.json"
teamtailor,tykoflexab,3,https://tykoflexab.teamtailor.com/,"https://tykoflexab.teamtailor.com/jobs.json"
teamtailor,uebrigegesellschaften,3,https://uebrigegesellschaften.teamtailor.com/,"https://uebrigegesellschaften.teamtailor.com/jobs.json"
teamtailor,varicon-1750116570,3,https://varicon-1750116570.teamtailor.com/,"https://varicon-1750116570.teamtailor.com/jobs.json"
teamtailor,vasakronan,3,https://vasakronan.teamtailor.com/,"https://vasakronan.teamtailor.com/jobs.json"
teamtailor,vektorconsultingas,3,https://vektorconsultingas.teamtailor.com/,"https://vektorconsultingas.teamtailor.com/jobs.json"
teamtailor,verahill,3,https://verahill.teamtailor.com/,"https://verahill.teamtailor.com/jobs.json"
teamtailor,vetwise,3,https://vetwise.teamtailor.com/,"https://vetwise.teamtailor.com/jobs.json"
teamtailor,viewgroupsverige,3,https://viewgroupsverige.teamtailor.com/,"https://viewgroupsverige.teamtailor.com/jobs.json"
teamtailor,vismaenterpriseab,3,https://vismaenterpriseab.teamtailor.com/,"https://vismaenterpriseab.teamtailor.com/jobs.json"
teamtailor,vismasoftwareinternationalas,3,https://vismasoftwareinternationalas.teamtailor.com/,"https://vismasoftwareinternationalas.teamtailor.com/jobs.json"
teamtailor,webworks,3,https://webworks.teamtailor.com/,"https://webworks.teamtailor.com/jobs.json"
teamtailor,weconoy,3,https://weconoy.teamtailor.com/,"https://weconoy.teamtailor.com/jobs.json"
teamtailor,weisstechnikfrance-1685692485,3,https://weisstechnikfrance-1685692485.teamtailor.com/,"https://weisstechnikfrance-1685692485.teamtailor.com/jobs.json"
teamtailor,welnetworks,3,https://welnetworks.teamtailor.com/,"https://welnetworks.teamtailor.com/jobs.json"
teamtailor,westinvestgroupoy,3,https://westinvestgroupoy.teamtailor.com/,"https://westinvestgroupoy.teamtailor.com/jobs.json"
teamtailor,windyboats-1610111346,3,https://windyboats-1610111346.teamtailor.com/,"https://windyboats-1610111346.teamtailor.com/jobs.json"
teamtailor,winlas-1647260497,3,https://winlas-1647260497.teamtailor.com/,"https://winlas-1647260497.teamtailor.com/jobs.json"
teamtailor,xci,3,https://xci.teamtailor.com/,"https://xci.teamtailor.com/jobs.json"
teamtailor,xeeda,3,https://xeeda.teamtailor.com/,"https://xeeda.teamtailor.com/jobs.json"
teamtailor,4oc,2,https://4oc.teamtailor.com/,"https://4oc.teamtailor.com/jobs.json"
teamtailor,accrease,2,https://accrease.teamtailor.com/,"https://accrease.teamtailor.com/jobs.json"
teamtailor,activebrandsgroup,2,https://activebrandsgroup.teamtailor.com/,"https://activebrandsgroup.teamtailor.com/jobs.json"
teamtailor,aday-1716461526,2,https://aday-1716461526.teamtailor.com/,"https://aday-1716461526.teamtailor.com/jobs.json"
teamtailor,adocc-1728890729,2,https://adocc-1728890729.teamtailor.com/,"https://adocc-1728890729.teamtailor.com/jobs.json"
teamtailor,alandia,2,https://alandia.teamtailor.com/,"https://alandia.teamtailor.com/jobs.json"
teamtailor,allresponsemedia,2,https://allresponsemedia.teamtailor.com/,"https://allresponsemedia.teamtailor.com/jobs.json"
teamtailor,alvaindustries,2,https://alvaindustries.teamtailor.com/,"https://alvaindustries.teamtailor.com/jobs.json"
teamtailor,annelieshemtjanst,2,https://annelieshemtjanst.teamtailor.com/,"https://annelieshemtjanst.teamtailor.com/jobs.json"
teamtailor,arctiaoy,2,https://arctiaoy.teamtailor.com/,"https://arctiaoy.teamtailor.com/jobs.json"
teamtailor,aritmaas,2,https://aritmaas.teamtailor.com/,"https://aritmaas.teamtailor.com/jobs.json"
teamtailor,asapwork,2,https://asapwork.teamtailor.com/,"https://asapwork.teamtailor.com/jobs.json"
teamtailor,audiencecollective,2,https://audiencecollective.teamtailor.com/,"https://audiencecollective.teamtailor.com/jobs.json"
teamtailor,aurentor,2,https://aurentor.teamtailor.com/,"https://aurentor.teamtailor.com/jobs.json"
teamtailor,automationsteknik,2,https://automationsteknik.teamtailor.com/,"https://automationsteknik.teamtailor.com/jobs.json"
teamtailor,avanti,2,https://avanti.teamtailor.com/,"https://avanti.teamtailor.com/jobs.json"
teamtailor,axolotgamesab,2,https://axolotgamesab.teamtailor.com/,"https://axolotgamesab.teamtailor.com/jobs.json"
teamtailor,axposystemsag,2,https://axposystemsag.teamtailor.com/,"https://axposystemsag.teamtailor.com/jobs.json"
teamtailor,banhamsecurity,2,https://banhamsecurity.teamtailor.com/,"https://banhamsecurity.teamtailor.com/jobs.json"
teamtailor,banner,2,https://banner.teamtailor.com/,"https://banner.teamtailor.com/jobs.json"
teamtailor,barcaleeds-1696243307,2,https://barcaleeds-1696243307.teamtailor.com/,"https://barcaleeds-1696243307.teamtailor.com/jobs.json"
teamtailor,begroup,2,https://begroup.teamtailor.com/,"https://begroup.teamtailor.com/jobs.json"
teamtailor,bilgruppeninorr,2,https://bilgruppeninorr.teamtailor.com/,"https://bilgruppeninorr.teamtailor.com/jobs.json"
teamtailor,bladins,2,https://bladins.teamtailor.com/,"https://bladins.teamtailor.com/jobs.json"
teamtailor,blindeforbundet,2,https://blindeforbundet.teamtailor.com/,"https://blindeforbundet.teamtailor.com/jobs.json"
teamtailor,borasdjurparkcamping,2,https://borasdjurparkcamping.teamtailor.com/,"https://borasdjurparkcamping.teamtailor.com/jobs.json"
teamtailor,bovra,2,https://bovra.teamtailor.com/,"https://bovra.teamtailor.com/jobs.json"
teamtailor,breathebatterytechnologies,2,https://breathebatterytechnologies.teamtailor.com/,"https://breathebatterytechnologies.teamtailor.com/jobs.json"
teamtailor,broadgate,2,https://broadgate.teamtailor.com/,"https://broadgate.teamtailor.com/jobs.json"
teamtailor,captica,2,https://captica.teamtailor.com/,"https://captica.teamtailor.com/jobs.json"
teamtailor,career-umbrella,2,https://career-umbrella.teamtailor.com/,"https://career-umbrella.teamtailor.com/jobs.json"
teamtailor,catalystonesolutionsas,2,https://catalystonesolutionsas.teamtailor.com/,"https://catalystonesolutionsas.teamtailor.com/jobs.json"
teamtailor,chillifrog-1648819114,2,https://chillifrog-1648819114.teamtailor.com/,"https://chillifrog-1648819114.teamtailor.com/jobs.json"
teamtailor,clickoutmedia,2,https://clickoutmedia.teamtailor.com/,"https://clickoutmedia.teamtailor.com/jobs.json"
teamtailor,collyflowtech,2,https://collyflowtech.teamtailor.com/,"https://collyflowtech.teamtailor.com/jobs.json"
teamtailor,compart,2,https://compart.teamtailor.com/,"https://compart.teamtailor.com/jobs.json"
teamtailor,concitoconsulting,2,https://concitoconsulting.teamtailor.com/,"https://concitoconsulting.teamtailor.com/jobs.json"
teamtailor,copenhagenoptimization,2,https://copenhagenoptimization.teamtailor.com/,"https://copenhagenoptimization.teamtailor.com/jobs.json"
teamtailor,cornerstonecapital,2,https://cornerstonecapital.teamtailor.com/,"https://cornerstonecapital.teamtailor.com/jobs.json"
teamtailor,crdprodectionab,2,https://crdprodectionab.teamtailor.com/,"https://crdprodectionab.teamtailor.com/jobs.json"
teamtailor,cromology,2,https://cromology.teamtailor.com/,"https://cromology.teamtailor.com/jobs.json"
teamtailor,crowe,2,https://crowe.teamtailor.com/,"https://crowe.teamtailor.com/jobs.json"
teamtailor,curavardbemanning,2,https://curavardbemanning.teamtailor.com/,"https://curavardbemanning.teamtailor.com/jobs.json"
teamtailor,damart,2,https://damart.teamtailor.com/,"https://damart.teamtailor.com/jobs.json"
teamtailor,davidbakerarchitects,2,https://davidbakerarchitects.teamtailor.com/,"https://davidbakerarchitects.teamtailor.com/jobs.json"
teamtailor,delitea,2,https://delitea.teamtailor.com/,"https://delitea.teamtailor.com/jobs.json"
teamtailor,delkia,2,https://delkia.teamtailor.com/,"https://delkia.teamtailor.com/jobs.json"
teamtailor,dfdspoland,2,https://dfdspoland.teamtailor.com/,"https://dfdspoland.teamtailor.com/jobs.json"
teamtailor,dfdssweden,2,https://dfdssweden.teamtailor.com/,"https://dfdssweden.teamtailor.com/jobs.json"
teamtailor,dibtravel-1720167285,2,https://dibtravel-1720167285.teamtailor.com/,"https://dibtravel-1720167285.teamtailor.com/jobs.json"
teamtailor,digiflowas,2,https://digiflowas.teamtailor.com/,"https://digiflowas.teamtailor.com/jobs.json"
teamtailor,divinemenciel-1738225598,2,https://divinemenciel-1738225598.teamtailor.com/,"https://divinemenciel-1738225598.teamtailor.com/jobs.json"
teamtailor,dixonbaxi,2,https://dixonbaxi.teamtailor.com/,"https://dixonbaxi.teamtailor.com/jobs.json"
teamtailor,effektivnu,2,https://effektivnu.teamtailor.com/,"https://effektivnu.teamtailor.com/jobs.json"
teamtailor,eltorqueas,2,https://eltorqueas.teamtailor.com/,"https://eltorqueas.teamtailor.com/jobs.json"
teamtailor,energiforetagensverige,2,https://energiforetagensverige.teamtailor.com/,"https://energiforetagensverige.teamtailor.com/jobs.json"
teamtailor,envidansweden,2,https://envidansweden.teamtailor.com/,"https://envidansweden.teamtailor.com/jobs.json"
teamtailor,eoliann-1670252117,2,https://eoliann-1670252117.teamtailor.com/,"https://eoliann-1670252117.teamtailor.com/jobs.json"
teamtailor,epionaholdinggmbh-1745582936-orthophysio-st-gallen-ag,2,https://epionaholdinggmbh-1745582936-orthophysio-st-gallen-ag.teamtailor.com/,"https://epionaholdinggmbh-1745582936-orthophysio-st-gallen-ag.teamtailor.com/jobs.json"
teamtailor,eyesandmorebelgiebv,2,https://eyesandmorebelgiebv.teamtailor.com/,"https://eyesandmorebelgiebv.teamtailor.com/jobs.json"
teamtailor,finnishdesignshop,2,https://finnishdesignshop.teamtailor.com/,"https://finnishdesignshop.teamtailor.com/jobs.json"
teamtailor,fixitforwardautocare,2,https://fixitforwardautocare.teamtailor.com/,"https://fixitforwardautocare.teamtailor.com/jobs.json"
teamtailor,flaktgroupswedenab,2,https://flaktgroupswedenab.teamtailor.com/,"https://flaktgroupswedenab.teamtailor.com/jobs.json"
teamtailor,fliq,2,https://fliq.teamtailor.com/,"https://fliq.teamtailor.com/jobs.json"
teamtailor,flowscape,2,https://flowscape.teamtailor.com/,"https://flowscape.teamtailor.com/jobs.json"
teamtailor,fmcg,2,https://fmcg.teamtailor.com/,"https://fmcg.teamtailor.com/jobs.json"
teamtailor,foodmark,2,https://foodmark.teamtailor.com/,"https://foodmark.teamtailor.com/jobs.json"
teamtailor,forzafootball,2,https://forzafootball.teamtailor.com/,"https://forzafootball.teamtailor.com/jobs.json"
teamtailor,gasolinegrill,2,https://gasolinegrill.teamtailor.com/,"https://gasolinegrill.teamtailor.com/jobs.json"
teamtailor,gaudii,2,https://gaudii.teamtailor.com/,"https://gaudii.teamtailor.com/jobs.json"
teamtailor,giantleaptechnologiesas,2,https://giantleaptechnologiesas.teamtailor.com/,"https://giantleaptechnologiesas.teamtailor.com/jobs.json"
teamtailor,gransoslott,2,https://gransoslott.teamtailor.com/,"https://gransoslott.teamtailor.com/jobs.json"
teamtailor,greenalliance,2,https://greenalliance.teamtailor.com/,"https://greenalliance.teamtailor.com/jobs.json"
teamtailor,greenautomationgroup,2,https://greenautomationgroup.teamtailor.com/,"https://greenautomationgroup.teamtailor.com/jobs.json"
teamtailor,grouperhinos-1728048081,2,https://grouperhinos-1728048081.teamtailor.com/,"https://grouperhinos-1728048081.teamtailor.com/jobs.json"
teamtailor,grytsforvaltningab,2,https://grytsforvaltningab.teamtailor.com/,"https://grytsforvaltningab.teamtailor.com/jobs.json"
teamtailor,gulesider,2,https://gulesider.teamtailor.com/,"https://gulesider.teamtailor.com/jobs.json"
teamtailor,hadronlabs,2,https://hadronlabs.teamtailor.com/,"https://hadronlabs.teamtailor.com/jobs.json"
teamtailor,hanssonpartners,2,https://hanssonpartners.teamtailor.com/,"https://hanssonpartners.teamtailor.com/jobs.json"
teamtailor,heads,2,https://heads.teamtailor.com/,"https://heads.teamtailor.com/jobs.json"
teamtailor,healthcaremanagement-1748525036,2,https://healthcaremanagement-1748525036.teamtailor.com/,"https://healthcaremanagement-1748525036.teamtailor.com/jobs.json"
teamtailor,helicontechnologies,2,https://helicontechnologies.teamtailor.com/,"https://helicontechnologies.teamtailor.com/jobs.json"
teamtailor,helvetiera,2,https://helvetiera.teamtailor.com/,"https://helvetiera.teamtailor.com/jobs.json"
teamtailor,homefurnishingnordic,2,https://homefurnishingnordic.teamtailor.com/,"https://homefurnishingnordic.teamtailor.com/jobs.json"
teamtailor,hownow-1703081259,2,https://hownow-1703081259.teamtailor.com/,"https://hownow-1703081259.teamtailor.com/jobs.json"
teamtailor,huaweidenmark,2,https://huaweidenmark.teamtailor.com/,"https://huaweidenmark.teamtailor.com/jobs.json"
teamtailor,huaweifinland,2,https://huaweifinland.teamtailor.com/,"https://huaweifinland.teamtailor.com/jobs.json"
teamtailor,huaweinorway,2,https://huaweinorway.teamtailor.com/,"https://huaweinorway.teamtailor.com/jobs.json"
teamtailor,humac,2,https://humac.teamtailor.com/,"https://humac.teamtailor.com/jobs.json"
teamtailor,hydrogenrefuelingsolutions,2,https://hydrogenrefuelingsolutions.teamtailor.com/,"https://hydrogenrefuelingsolutions.teamtailor.com/jobs.json"
teamtailor,hyperionrobotics,2,https://hyperionrobotics.teamtailor.com/,"https://hyperionrobotics.teamtailor.com/jobs.json"
teamtailor,icakvantumsodermalm,2,https://icakvantumsodermalm.teamtailor.com/,"https://icakvantumsodermalm.teamtailor.com/jobs.json"
teamtailor,icapps-1677752785,2,https://icapps-1677752785.teamtailor.com/,"https://icapps-1677752785.teamtailor.com/jobs.json"
teamtailor,ifpc,2,https://ifpc.teamtailor.com/,"https://ifpc.teamtailor.com/jobs.json"
teamtailor,ikue,2,https://ikue.teamtailor.com/,"https://ikue.teamtailor.com/jobs.json"
teamtailor,ilpvfx,2,https://ilpvfx.teamtailor.com/,"https://ilpvfx.teamtailor.com/jobs.json"
teamtailor,imesaspa,2,https://imesaspa.teamtailor.com/,"https://imesaspa.teamtailor.com/jobs.json"
teamtailor,impowerconsulting,2,https://impowerconsulting.teamtailor.com/,"https://impowerconsulting.teamtailor.com/jobs.json"
teamtailor,insplan,2,https://insplan.teamtailor.com/,"https://insplan.teamtailor.com/jobs.json"
teamtailor,instagroup-1713781469,2,https://instagroup-1713781469.teamtailor.com/,"https://instagroup-1713781469.teamtailor.com/jobs.json"
teamtailor,inventioit,2,https://inventioit.teamtailor.com/,"https://inventioit.teamtailor.com/jobs.json"
teamtailor,investor,2,https://investor.teamtailor.com/,"https://investor.teamtailor.com/jobs.json"
teamtailor,iopas,2,https://iopas.teamtailor.com/,"https://iopas.teamtailor.com/jobs.json"
teamtailor,iqbiosciences,2,https://iqbiosciences.teamtailor.com/,"https://iqbiosciences.teamtailor.com/jobs.json"
teamtailor,itm8ph-1736947275,2,https://itm8ph-1736947275.teamtailor.com/,"https://itm8ph-1736947275.teamtailor.com/jobs.json"
teamtailor,jakobsdals,2,https://jakobsdals.teamtailor.com/,"https://jakobsdals.teamtailor.com/jobs.json"
teamtailor,jungheinrich,2,https://jungheinrich.teamtailor.com/,"https://jungheinrich.teamtailor.com/jobs.json"
teamtailor,katapult,2,https://katapult.teamtailor.com/,"https://katapult.teamtailor.com/jobs.json"
teamtailor,kavlinorge,2,https://kavlinorge.teamtailor.com/,"https://kavlinorge.teamtailor.com/jobs.json"
teamtailor,kbrw-1660724245,2,https://kbrw-1660724245.teamtailor.com/,"https://kbrw-1660724245.teamtailor.com/jobs.json"
teamtailor,kekale,2,https://kekale.teamtailor.com/,"https://kekale.teamtailor.com/jobs.json"
teamtailor,kezber,2,https://kezber.teamtailor.com/,"https://kezber.teamtailor.com/jobs.json"
teamtailor,kirkbias,2,https://kirkbias.teamtailor.com/,"https://kirkbias.teamtailor.com/jobs.json"
teamtailor,knaufsemea,2,https://knaufsemea.teamtailor.com/,"https://knaufsemea.teamtailor.com/jobs.json"
teamtailor,kolsquareteamblue,2,https://kolsquareteamblue.teamtailor.com/,"https://kolsquareteamblue.teamtailor.com/jobs.json"
teamtailor,konsultia,2,https://konsultia.teamtailor.com/,"https://konsultia.teamtailor.com/jobs.json"
teamtailor,kotipizza,2,https://kotipizza.teamtailor.com/,"https://kotipizza.teamtailor.com/jobs.json"
teamtailor,krooktjader,2,https://krooktjader.teamtailor.com/,"https://krooktjader.teamtailor.com/jobs.json"
teamtailor,lamaisonduboncafe,2,https://lamaisonduboncafe.teamtailor.com/,"https://lamaisonduboncafe.teamtailor.com/jobs.json"
teamtailor,lminstrumentsoy,2,https://lminstrumentsoy.teamtailor.com/,"https://lminstrumentsoy.teamtailor.com/jobs.json"
teamtailor,logmycare-1732894388,2,https://logmycare-1732894388.teamtailor.com/,"https://logmycare-1732894388.teamtailor.com/jobs.json"
teamtailor,loplabbet,2,https://loplabbet.teamtailor.com/,"https://loplabbet.teamtailor.com/jobs.json"
teamtailor,lskgroupoy,2,https://lskgroupoy.teamtailor.com/,"https://lskgroupoy.teamtailor.com/jobs.json"
teamtailor,lufthavnsvikar,2,https://lufthavnsvikar.teamtailor.com/,"https://lufthavnsvikar.teamtailor.com/jobs.json"
teamtailor,magnaconab,2,https://magnaconab.teamtailor.com/,"https://magnaconab.teamtailor.com/jobs.json"
teamtailor,manomotion,2,https://manomotion.teamtailor.com/,"https://manomotion.teamtailor.com/jobs.json"
teamtailor,marcusljung,2,https://marcusljung.teamtailor.com/,"https://marcusljung.teamtailor.com/jobs.json"
teamtailor,mariscovineyards-1745979040,2,https://mariscovineyards-1745979040.teamtailor.com/,"https://mariscovineyards-1745979040.teamtailor.com/jobs.json"
teamtailor,matriks,2,https://matriks.teamtailor.com/,"https://matriks.teamtailor.com/jobs.json"
teamtailor,mdpisouthkorea,2,https://mdpisouthkorea.teamtailor.com/,"https://mdpisouthkorea.teamtailor.com/jobs.json"
teamtailor,medialuotsi,2,https://medialuotsi.teamtailor.com/,"https://medialuotsi.teamtailor.com/jobs.json"
teamtailor,metpark-1710169800,2,https://metpark-1710169800.teamtailor.com/,"https://metpark-1710169800.teamtailor.com/jobs.json"
teamtailor,mevaenergy,2,https://mevaenergy.teamtailor.com/,"https://mevaenergy.teamtailor.com/jobs.json"
teamtailor,milientsoftware,2,https://milientsoftware.teamtailor.com/,"https://milientsoftware.teamtailor.com/jobs.json"
teamtailor,mindworking,2,https://mindworking.teamtailor.com/,"https://mindworking.teamtailor.com/jobs.json"
teamtailor,momentmanagement,2,https://momentmanagement.teamtailor.com/,"https://momentmanagement.teamtailor.com/jobs.json"
teamtailor,monese,2,https://monese.teamtailor.com/,"https://monese.teamtailor.com/jobs.json"
teamtailor,montessoriforderkreisnurnbergev,2,https://montessoriforderkreisnurnbergev.teamtailor.com/,"https://montessoriforderkreisnurnbergev.teamtailor.com/jobs.json"
teamtailor,movestic,2,https://movestic.teamtailor.com/,"https://movestic.teamtailor.com/jobs.json"
teamtailor,moyagi,2,https://moyagi.teamtailor.com/,"https://moyagi.teamtailor.com/jobs.json"
teamtailor,mustankorkea,2,https://mustankorkea.teamtailor.com/,"https://mustankorkea.teamtailor.com/jobs.json"
teamtailor,newmoonproduction,2,https://newmoonproduction.teamtailor.com/,"https://newmoonproduction.teamtailor.com/jobs.json"
teamtailor,nipromec,2,https://nipromec.teamtailor.com/,"https://nipromec.teamtailor.com/jobs.json"
teamtailor,njordsurvey,2,https://njordsurvey.teamtailor.com/,"https://njordsurvey.teamtailor.com/jobs.json"
teamtailor,nordicairdefence,2,https://nordicairdefence.teamtailor.com/,"https://nordicairdefence.teamtailor.com/jobs.json"
teamtailor,nordicepod,2,https://nordicepod.teamtailor.com/,"https://nordicepod.teamtailor.com/jobs.json"
teamtailor,nordichairclinic,2,https://nordichairclinic.teamtailor.com/,"https://nordichairclinic.teamtailor.com/jobs.json"
teamtailor,olkasportresor,2,https://olkasportresor.teamtailor.com/,"https://olkasportresor.teamtailor.com/jobs.json"
teamtailor,omexomfi,2,https://omexomfi.teamtailor.com/,"https://omexomfi.teamtailor.com/jobs.json"
teamtailor,omnimodas,2,https://omnimodas.teamtailor.com/,"https://omnimodas.teamtailor.com/jobs.json"
teamtailor,ordnabolan,2,https://ordnabolan.teamtailor.com/,"https://ordnabolan.teamtailor.com/jobs.json"
teamtailor,oxemarine,2,https://oxemarine.teamtailor.com/,"https://oxemarine.teamtailor.com/jobs.json"
teamtailor,patia,2,https://patia.teamtailor.com/,"https://patia.teamtailor.com/jobs.json"
teamtailor,phenix-1673626251,2,https://phenix-1673626251.teamtailor.com/,"https://phenix-1673626251.teamtailor.com/jobs.json"
teamtailor,physitrack,2,https://physitrack.teamtailor.com/,"https://physitrack.teamtailor.com/jobs.json"
teamtailor,planbbimab,2,https://planbbimab.teamtailor.com/,"https://planbbimab.teamtailor.com/jobs.json"
teamtailor,playagames,2,https://playagames.teamtailor.com/,"https://playagames.teamtailor.com/jobs.json"
teamtailor,polypeptidebelgium,2,https://polypeptidebelgium.teamtailor.com/,"https://polypeptidebelgium.teamtailor.com/jobs.json"
teamtailor,prepkitchen-1726651505,2,https://prepkitchen-1726651505.teamtailor.com/,"https://prepkitchen-1726651505.teamtailor.com/jobs.json"
teamtailor,prevastm,2,https://prevastm.teamtailor.com/,"https://prevastm.teamtailor.com/jobs.json"
teamtailor,prima,2,https://prima.teamtailor.com/,"https://prima.teamtailor.com/jobs.json"
teamtailor,projektledarbyran,2,https://projektledarbyran.teamtailor.com/,"https://projektledarbyran.teamtailor.com/jobs.json"
teamtailor,psykologpartners,2,https://psykologpartners.teamtailor.com/,"https://psykologpartners.teamtailor.com/jobs.json"
teamtailor,puhdistamo,2,https://puhdistamo.teamtailor.com/,"https://puhdistamo.teamtailor.com/jobs.json"
teamtailor,puzzel,2,https://puzzel.teamtailor.com/,"https://puzzel.teamtailor.com/jobs.json"
teamtailor,qocosystems,2,https://qocosystems.teamtailor.com/,"https://qocosystems.teamtailor.com/jobs.json"
teamtailor,qsperformanceab,2,https://qsperformanceab.teamtailor.com/,"https://qsperformanceab.teamtailor.com/jobs.json"
teamtailor,rawfury,2,https://rawfury.teamtailor.com/,"https://rawfury.teamtailor.com/jobs.json"
teamtailor,rawpowergames-1700833558,2,https://rawpowergames-1700833558.teamtailor.com/,"https://rawpowergames-1700833558.teamtailor.com/jobs.json"
teamtailor,rcseng,2,https://rcseng.teamtailor.com/,"https://rcseng.teamtailor.com/jobs.json"
teamtailor,revalue,2,https://revalue.teamtailor.com/,"https://revalue.teamtailor.com/jobs.json"
teamtailor,rightathomecork,2,https://rightathomecork.teamtailor.com/,"https://rightathomecork.teamtailor.com/jobs.json"
teamtailor,rightathomeukmidsussex,2,https://rightathomeukmidsussex.teamtailor.com/,"https://rightathomeukmidsussex.teamtailor.com/jobs.json"
teamtailor,ropeaccess,2,https://ropeaccess.teamtailor.com/,"https://ropeaccess.teamtailor.com/jobs.json"
teamtailor,rubycentral,2,https://rubycentral.teamtailor.com/,"https://rubycentral.teamtailor.com/jobs.json"
teamtailor,rushdigital,2,https://rushdigital.teamtailor.com/,"https://rushdigital.teamtailor.com/jobs.json"
teamtailor,rygr,2,https://rygr.teamtailor.com/,"https://rygr.teamtailor.com/jobs.json"
teamtailor,saasteamblue,2,https://saasteamblue.teamtailor.com/,"https://saasteamblue.teamtailor.com/jobs.json"
teamtailor,sabon,2,https://sabon.teamtailor.com/,"https://sabon.teamtailor.com/jobs.json"
teamtailor,sahar-1698832128,2,https://sahar-1698832128.teamtailor.com/,"https://sahar-1698832128.teamtailor.com/jobs.json"
teamtailor,salt,2,https://salt.teamtailor.com/,"https://salt.teamtailor.com/jobs.json"
teamtailor,santafeinstitute,2,https://santafeinstitute.teamtailor.com/,"https://santafeinstitute.teamtailor.com/jobs.json"
teamtailor,seenconnects-1743434611,2,https://seenconnects-1743434611.teamtailor.com/,"https://seenconnects-1743434611.teamtailor.com/jobs.json"
teamtailor,severpharmasolutions,2,https://severpharmasolutions.teamtailor.com/,"https://severpharmasolutions.teamtailor.com/jobs.json"
teamtailor,shieldpay,2,https://shieldpay.teamtailor.com/,"https://shieldpay.teamtailor.com/jobs.json"
teamtailor,sirona,2,https://sirona.teamtailor.com/,"https://sirona.teamtailor.com/jobs.json"
teamtailor,skillscandinavia-1737118918,2,https://skillscandinavia-1737118918.teamtailor.com/,"https://skillscandinavia-1737118918.teamtailor.com/jobs.json"
teamtailor,skippo,2,https://skippo.teamtailor.com/,"https://skippo.teamtailor.com/jobs.json"
teamtailor,sokigo,2,https://sokigo.teamtailor.com/,"https://sokigo.teamtailor.com/jobs.json"
teamtailor,somersetcricketclub,2,https://somersetcricketclub.teamtailor.com/,"https://somersetcricketclub.teamtailor.com/jobs.json"
teamtailor,sonatas,2,https://sonatas.teamtailor.com/,"https://sonatas.teamtailor.com/jobs.json"
teamtailor,sparxbranding,2,https://sparxbranding.teamtailor.com/,"https://sparxbranding.teamtailor.com/jobs.json"
teamtailor,spaw,2,https://spaw.teamtailor.com/,"https://spaw.teamtailor.com/jobs.json"
teamtailor,staffconnectsa,2,https://staffconnectsa.teamtailor.com/,"https://staffconnectsa.teamtailor.com/jobs.json"
teamtailor,startcommunication,2,https://startcommunication.teamtailor.com/,"https://startcommunication.teamtailor.com/jobs.json"
teamtailor,stena,2,https://stena.teamtailor.com/,"https://stena.teamtailor.com/jobs.json"
teamtailor,stendahlsbil,2,https://stendahlsbil.teamtailor.com/,"https://stendahlsbil.teamtailor.com/jobs.json"
teamtailor,superawesome,2,https://superawesome.teamtailor.com/,"https://superawesome.teamtailor.com/jobs.json"
teamtailor,sweatcoin,2,https://sweatcoin.teamtailor.com/,"https://sweatcoin.teamtailor.com/jobs.json"
teamtailor,synapsis,2,https://synapsis.teamtailor.com/,"https://synapsis.teamtailor.com/jobs.json"
teamtailor,tacticaladventures,2,https://tacticaladventures.teamtailor.com/,"https://tacticaladventures.teamtailor.com/jobs.json"
teamtailor,talenom,2,https://talenom.teamtailor.com/,"https://talenom.teamtailor.com/jobs.json"
teamtailor,talentiko-1700489625,2,https://talentiko-1700489625.teamtailor.com/,"https://talentiko-1700489625.teamtailor.com/jobs.json"
teamtailor,tbgroupscandinavia,2,https://tbgroupscandinavia.teamtailor.com/,"https://tbgroupscandinavia.teamtailor.com/jobs.json"
teamtailor,thecasumolimited,2,https://thecasumolimited.teamtailor.com/,"https://thecasumolimited.teamtailor.com/jobs.json"
teamtailor,thefirstimpressioncompany,2,https://thefirstimpressioncompany.teamtailor.com/,"https://thefirstimpressioncompany.teamtailor.com/jobs.json"
teamtailor,thesparrow,2,https://thesparrow.teamtailor.com/,"https://thesparrow.teamtailor.com/jobs.json"
teamtailor,theunforgettableagency,2,https://theunforgettableagency.teamtailor.com/,"https://theunforgettableagency.teamtailor.com/jobs.json"
teamtailor,tmpo,2,https://tmpo.teamtailor.com/,"https://tmpo.teamtailor.com/jobs.json"
teamtailor,toyotaconnected,2,https://toyotaconnected.teamtailor.com/,"https://toyotaconnected.teamtailor.com/jobs.json"
teamtailor,triggeroslo,2,https://triggeroslo.teamtailor.com/,"https://triggeroslo.teamtailor.com/jobs.json"
teamtailor,tritecintervento,2,https://tritecintervento.teamtailor.com/,"https://tritecintervento.teamtailor.com/jobs.json"
teamtailor,turbinen-1656534952,2,https://turbinen-1656534952.teamtailor.com/,"https://turbinen-1656534952.teamtailor.com/jobs.json"
teamtailor,twitchhealthcapital,2,https://twitchhealthcapital.teamtailor.com/,"https://twitchhealthcapital.teamtailor.com/jobs.json"
teamtailor,twobirdssweden,2,https://twobirdssweden.teamtailor.com/,"https://twobirdssweden.teamtailor.com/jobs.json"
teamtailor,twodayfinland,2,https://twodayfinland.teamtailor.com/,"https://twodayfinland.teamtailor.com/jobs.json"
teamtailor,twodayunitedarabemirates,2,https://twodayunitedarabemirates.teamtailor.com/,"https://twodayunitedarabemirates.teamtailor.com/jobs.json"
teamtailor,ungdomskraftab,2,https://ungdomskraftab.teamtailor.com/,"https://ungdomskraftab.teamtailor.com/jobs.json"
teamtailor,unobravointernational,2,https://unobravointernational.teamtailor.com/,"https://unobravointernational.teamtailor.com/jobs.json"
teamtailor,upstart13,2,https://upstart13.teamtailor.com/,"https://upstart13.teamtailor.com/jobs.json"
teamtailor,urbandeli,2,https://urbandeli.teamtailor.com/,"https://urbandeli.teamtailor.com/jobs.json"
teamtailor,vaccinationsgruppenab,2,https://vaccinationsgruppenab.teamtailor.com/,"https://vaccinationsgruppenab.teamtailor.com/jobs.json"
teamtailor,valianthr,2,https://valianthr.teamtailor.com/,"https://valianthr.teamtailor.com/jobs.json"
teamtailor,values,2,https://values.teamtailor.com/,"https://values.teamtailor.com/jobs.json"
teamtailor,veoneerfr,2,https://veoneerfr.teamtailor.com/,"https://veoneerfr.teamtailor.com/jobs.json"
teamtailor,viewledger-1678201118,2,https://viewledger-1678201118.teamtailor.com/,"https://viewledger-1678201118.teamtailor.com/jobs.json"
teamtailor,vincitpartners,2,https://vincitpartners.teamtailor.com/,"https://vincitpartners.teamtailor.com/jobs.json"
teamtailor,vipo,2,https://vipo.teamtailor.com/,"https://vipo.teamtailor.com/jobs.json"
teamtailor,viskoteepakbelgium,2,https://viskoteepakbelgium.teamtailor.com/,"https://viskoteepakbelgium.teamtailor.com/jobs.json"
teamtailor,viskoteepakczechrepublic,2,https://viskoteepakczechrepublic.teamtailor.com/,"https://viskoteepakczechrepublic.teamtailor.com/jobs.json"
teamtailor,vismacc,2,https://vismacc.teamtailor.com/,"https://vismacc.teamtailor.com/jobs.json"
teamtailor,vismaenterpriseas,2,https://vismaenterpriseas.teamtailor.com/,"https://vismaenterpriseas.teamtailor.com/jobs.json"
teamtailor,vismafinland,2,https://vismafinland.teamtailor.com/,"https://vismafinland.teamtailor.com/jobs.json"
teamtailor,vismaflytas,2,https://vismaflytas.teamtailor.com/,"https://vismaflytas.teamtailor.com/jobs.json"
teamtailor,wallenstam,2,https://wallenstam.teamtailor.com/,"https://wallenstam.teamtailor.com/jobs.json"
teamtailor,walterlillycolimited,2,https://walterlillycolimited.teamtailor.com/,"https://walterlillycolimited.teamtailor.com/jobs.json"
teamtailor,warnestadgruppen,2,https://warnestadgruppen.teamtailor.com/,"https://warnestadgruppen.teamtailor.com/jobs.json"
teamtailor,wateraid,2,https://wateraid.teamtailor.com/,"https://wateraid.teamtailor.com/jobs.json"
teamtailor,wayoo,2,https://wayoo.teamtailor.com/,"https://wayoo.teamtailor.com/jobs.json"
teamtailor,webmasterybv,2,https://webmasterybv.teamtailor.com/,"https://webmasterybv.teamtailor.com/jobs.json"
teamtailor,webstraining-1725448992,2,https://webstraining-1725448992.teamtailor.com/,"https://webstraining-1725448992.teamtailor.com/jobs.json"
teamtailor,webstrategies,2,https://webstrategies.teamtailor.com/,"https://webstrategies.teamtailor.com/jobs.json"
teamtailor,wihurimetrotukku,2,https://wihurimetrotukku.teamtailor.com/,"https://wihurimetrotukku.teamtailor.com/jobs.json"
teamtailor,winrowrekrytering,2,https://winrowrekrytering.teamtailor.com/,"https://winrowrekrytering.teamtailor.com/jobs.json"
teamtailor,workationgroup,2,https://workationgroup.teamtailor.com/,"https://workationgroup.teamtailor.com/jobs.json"
teamtailor,wwfverdensnaturfond,2,https://wwfverdensnaturfond.teamtailor.com/,"https://wwfverdensnaturfond.teamtailor.com/jobs.json"
teamtailor,xrbolagenab,2,https://xrbolagenab.teamtailor.com/,"https://xrbolagenab.teamtailor.com/jobs.json"
teamtailor,xshore,2,https://xshore.teamtailor.com/,"https://xshore.teamtailor.com/jobs.json"
teamtailor,yogiboost2021,2,https://yogiboost2021.teamtailor.com/,"https://yogiboost2021.teamtailor.com/jobs.json"
teamtailor,yourstudio-1696416777,2,https://yourstudio-1696416777.teamtailor.com/,"https://yourstudio-1696416777.teamtailor.com/jobs.json"
teamtailor,youth2030-1738049921,2,https://youth2030-1738049921.teamtailor.com/,"https://youth2030-1738049921.teamtailor.com/jobs.json"
teamtailor,zample,2,https://zample.teamtailor.com/,"https://zample.teamtailor.com/jobs.json"
teamtailor,zenitech,2,https://zenitech.teamtailor.com/,"https://zenitech.teamtailor.com/jobs.json"
teamtailor,2ho,1,https://2ho.teamtailor.com/,"https://2ho.teamtailor.com/jobs.json"
teamtailor,42t,1,https://42t.teamtailor.com/,"https://42t.teamtailor.com/jobs.json"
teamtailor,500stockholm-1733324549,1,https://500stockholm-1733324549.teamtailor.com/,"https://500stockholm-1733324549.teamtailor.com/jobs.json"
teamtailor,8flamez,1,https://8flamez.teamtailor.com/,"https://8flamez.teamtailor.com/jobs.json"
teamtailor,abright,1,https://abright.teamtailor.com/,"https://abright.teamtailor.com/jobs.json"
teamtailor,activebrands,1,https://activebrands.teamtailor.com/,"https://activebrands.teamtailor.com/jobs.json"
teamtailor,actonab,1,https://actonab.teamtailor.com/,"https://actonab.teamtailor.com/jobs.json"
teamtailor,adeologisticiberia,1,https://adeologisticiberia.teamtailor.com/,"https://adeologisticiberia.teamtailor.com/jobs.json"
teamtailor,admicomoy,1,https://admicomoy.teamtailor.com/,"https://admicomoy.teamtailor.com/jobs.json"
teamtailor,advisensebalticum,1,https://advisensebalticum.teamtailor.com/,"https://advisensebalticum.teamtailor.com/jobs.json"
teamtailor,advisensenorway,1,https://advisensenorway.teamtailor.com/,"https://advisensenorway.teamtailor.com/jobs.json"
teamtailor,afaforsakring,1,https://afaforsakring.teamtailor.com/,"https://afaforsakring.teamtailor.com/jobs.json"
teamtailor,aider,1,https://aider.teamtailor.com/,"https://aider.teamtailor.com/jobs.json"
teamtailor,aidn,1,https://aidn.teamtailor.com/,"https://aidn.teamtailor.com/jobs.json"
teamtailor,akerbiomarine,1,https://akerbiomarine.teamtailor.com/,"https://akerbiomarine.teamtailor.com/jobs.json"
teamtailor,akutvaskor,1,https://akutvaskor.teamtailor.com/,"https://akutvaskor.teamtailor.com/jobs.json"
teamtailor,algolgroup,1,https://algolgroup.teamtailor.com/,"https://algolgroup.teamtailor.com/jobs.json"
teamtailor,alhena,1,https://alhena.teamtailor.com/,"https://alhena.teamtailor.com/jobs.json"
teamtailor,allermedia,1,https://allermedia.teamtailor.com/,"https://allermedia.teamtailor.com/jobs.json"
teamtailor,ambitiousafrica,1,https://ambitiousafrica.teamtailor.com/,"https://ambitiousafrica.teamtailor.com/jobs.json"
teamtailor,amiculum,1,https://amiculum.teamtailor.com/,"https://amiculum.teamtailor.com/jobs.json"
teamtailor,ampsociety1,1,https://ampsociety1.teamtailor.com/,"https://ampsociety1.teamtailor.com/jobs.json"
teamtailor,antagonist,1,https://antagonist.teamtailor.com/,"https://antagonist.teamtailor.com/jobs.json"
teamtailor,antarosmedical,1,https://antarosmedical.teamtailor.com/,"https://antarosmedical.teamtailor.com/jobs.json"
teamtailor,aranya,1,https://aranya.teamtailor.com/,"https://aranya.teamtailor.com/jobs.json"
teamtailor,arespartners,1,https://arespartners.teamtailor.com/,"https://arespartners.teamtailor.com/jobs.json"
teamtailor,atteviks,1,https://atteviks.teamtailor.com/,"https://atteviks.teamtailor.com/jobs.json"
teamtailor,avline,1,https://avline.teamtailor.com/,"https://avline.teamtailor.com/jobs.json"
teamtailor,avolt,1,https://avolt.teamtailor.com/,"https://avolt.teamtailor.com/jobs.json"
teamtailor,awaceb,1,https://awaceb.teamtailor.com/,"https://awaceb.teamtailor.com/jobs.json"
teamtailor,awgermany,1,https://awgermany.teamtailor.com/,"https://awgermany.teamtailor.com/jobs.json"
teamtailor,b2impactgroup,1,https://b2impactgroup.teamtailor.com/,"https://b2impactgroup.teamtailor.com/jobs.json"
teamtailor,barnfonden,1,https://barnfonden.teamtailor.com/,"https://barnfonden.teamtailor.com/jobs.json"
teamtailor,batifire-1720797883,1,https://batifire-1720797883.teamtailor.com/,"https://batifire-1720797883.teamtailor.com/jobs.json"
teamtailor,bayernordic,1,https://bayernordic.teamtailor.com/,"https://bayernordic.teamtailor.com/jobs.json"
teamtailor,bearingpointfinland-1740562180,1,https://bearingpointfinland-1740562180.teamtailor.com/,"https://bearingpointfinland-1740562180.teamtailor.com/jobs.json"
teamtailor,billdu,1,https://billdu.teamtailor.com/,"https://billdu.teamtailor.com/jobs.json"
teamtailor,bilvision,1,https://bilvision.teamtailor.com/,"https://bilvision.teamtailor.com/jobs.json"
teamtailor,bitastad,1,https://bitastad.teamtailor.com/,"https://bitastad.teamtailor.com/jobs.json"
teamtailor,blendowgroup,1,https://blendowgroup.teamtailor.com/,"https://blendowgroup.teamtailor.com/jobs.json"
teamtailor,blucareer,1,https://blucareer.teamtailor.com/,"https://blucareer.teamtailor.com/jobs.json"
teamtailor,bluetree,1,https://bluetree.teamtailor.com/,"https://bluetree.teamtailor.com/jobs.json"
teamtailor,blugiallo-1735384410,1,https://blugiallo-1735384410.teamtailor.com/,"https://blugiallo-1735384410.teamtailor.com/jobs.json"
teamtailor,bodyguard,1,https://bodyguard.teamtailor.com/,"https://bodyguard.teamtailor.com/jobs.json"
teamtailor,bumper-1692709783,1,https://bumper-1692709783.teamtailor.com/,"https://bumper-1692709783.teamtailor.com/jobs.json"
teamtailor,cabeni,1,https://cabeni.teamtailor.com/,"https://cabeni.teamtailor.com/jobs.json"
teamtailor,cafecrema,1,https://cafecrema.teamtailor.com/,"https://cafecrema.teamtailor.com/jobs.json"
teamtailor,calculate,1,https://calculate.teamtailor.com/,"https://calculate.teamtailor.com/jobs.json"
teamtailor,caparol,1,https://caparol.teamtailor.com/,"https://caparol.teamtailor.com/jobs.json"
teamtailor,capsulestudio,1,https://capsulestudio.teamtailor.com/,"https://capsulestudio.teamtailor.com/jobs.json"
teamtailor,carerecruitmentinternational-1732065404,1,https://carerecruitmentinternational-1732065404.teamtailor.com/,"https://carerecruitmentinternational-1732065404.teamtailor.com/jobs.json"
teamtailor,celebrus,1,https://celebrus.teamtailor.com/,"https://celebrus.teamtailor.com/jobs.json"
teamtailor,certegonorge,1,https://certegonorge.teamtailor.com/,"https://certegonorge.teamtailor.com/jobs.json"
teamtailor,changegroupny,1,https://changegroupny.teamtailor.com/,"https://changegroupny.teamtailor.com/jobs.json"
teamtailor,chemiclean-1737464948,1,https://chemiclean-1737464948.teamtailor.com/,"https://chemiclean-1737464948.teamtailor.com/jobs.json"
teamtailor,ciliatech,1,https://ciliatech.teamtailor.com/,"https://ciliatech.teamtailor.com/jobs.json"
teamtailor,claitecspain,1,https://claitecspain.teamtailor.com/,"https://claitecspain.teamtailor.com/jobs.json"
teamtailor,clientsolutions-1684926203,1,https://clientsolutions-1684926203.teamtailor.com/,"https://clientsolutions-1684926203.teamtailor.com/jobs.json"
teamtailor,cloudm,1,https://cloudm.teamtailor.com/,"https://cloudm.teamtailor.com/jobs.json"
teamtailor,cloudwiser-1664378246,1,https://cloudwiser-1664378246.teamtailor.com/,"https://cloudwiser-1664378246.teamtailor.com/jobs.json"
teamtailor,collercapital-1660725598,1,https://collercapital-1660725598.teamtailor.com/,"https://collercapital-1660725598.teamtailor.com/jobs.json"
teamtailor,colorifixlimited,1,https://colorifixlimited.teamtailor.com/,"https://colorifixlimited.teamtailor.com/jobs.json"
teamtailor,combitechoy,1,https://combitechoy.teamtailor.com/,"https://combitechoy.teamtailor.com/jobs.json"
teamtailor,concordiasrl-1736940001,1,https://concordiasrl-1736940001.teamtailor.com/,"https://concordiasrl-1736940001.teamtailor.com/jobs.json"
teamtailor,conpal,1,https://conpal.teamtailor.com/,"https://conpal.teamtailor.com/jobs.json"
teamtailor,cossystems,1,https://cossystems.teamtailor.com/,"https://cossystems.teamtailor.com/jobs.json"
teamtailor,cramofinland,1,https://cramofinland.teamtailor.com/,"https://cramofinland.teamtailor.com/jobs.json"
teamtailor,creditsafedanmark,1,https://creditsafedanmark.teamtailor.com/,"https://creditsafedanmark.teamtailor.com/jobs.json"
teamtailor,crowdfunderltd,1,https://crowdfunderltd.teamtailor.com/,"https://crowdfunderltd.teamtailor.com/jobs.json"
teamtailor,dandad,1,https://dandad.teamtailor.com/,"https://dandad.teamtailor.com/jobs.json"
teamtailor,debeflow,1,https://debeflow.teamtailor.com/,"https://debeflow.teamtailor.com/jobs.json"
teamtailor,decerno,1,https://decerno.teamtailor.com/,"https://decerno.teamtailor.com/jobs.json"
teamtailor,delco,1,https://delco.teamtailor.com/,"https://delco.teamtailor.com/jobs.json"
teamtailor,deltatec,1,https://deltatec.teamtailor.com/,"https://deltatec.teamtailor.com/jobs.json"
teamtailor,densiqgroup,1,https://densiqgroup.teamtailor.com/,"https://densiqgroup.teamtailor.com/jobs.json"
teamtailor,dialecthalmstad,1,https://dialecthalmstad.teamtailor.com/,"https://dialecthalmstad.teamtailor.com/jobs.json"
teamtailor,doconomy,1,https://doconomy.teamtailor.com/,"https://doconomy.teamtailor.com/jobs.json"
teamtailor,draivimedia,1,https://draivimedia.teamtailor.com/,"https://draivimedia.teamtailor.com/jobs.json"
teamtailor,drapenihavet,1,https://drapenihavet.teamtailor.com/,"https://drapenihavet.teamtailor.com/jobs.json"
teamtailor,dreamongroup,1,https://dreamongroup.teamtailor.com/,"https://dreamongroup.teamtailor.com/jobs.json"
teamtailor,dykarbarensandhamn,1,https://dykarbarensandhamn.teamtailor.com/,"https://dykarbarensandhamn.teamtailor.com/jobs.json"
teamtailor,eadtrust,1,https://eadtrust.teamtailor.com/,"https://eadtrust.teamtailor.com/jobs.json"
teamtailor,easyfairsitaly,1,https://easyfairsitaly.teamtailor.com/,"https://easyfairsitaly.teamtailor.com/jobs.json"
teamtailor,easyfairsspain,1,https://easyfairsspain.teamtailor.com/,"https://easyfairsspain.teamtailor.com/jobs.json"
teamtailor,eckeroline,1,https://eckeroline.teamtailor.com/,"https://eckeroline.teamtailor.com/jobs.json"
teamtailor,ecogain,1,https://ecogain.teamtailor.com/,"https://ecogain.teamtailor.com/jobs.json"
teamtailor,editaprimaoy,1,https://editaprimaoy.teamtailor.com/,"https://editaprimaoy.teamtailor.com/jobs.json"
teamtailor,edurio,1,https://edurio.teamtailor.com/,"https://edurio.teamtailor.com/jobs.json"
teamtailor,ehartikainenoymaarakennus,1,https://ehartikainenoymaarakennus.teamtailor.com/,"https://ehartikainenoymaarakennus.teamtailor.com/jobs.json"
teamtailor,ekenhuset-1732012622,1,https://ekenhuset-1732012622.teamtailor.com/,"https://ekenhuset-1732012622.teamtailor.com/jobs.json"
teamtailor,eliassydab,1,https://eliassydab.teamtailor.com/,"https://eliassydab.teamtailor.com/jobs.json"
teamtailor,enira,1,https://enira.teamtailor.com/,"https://enira.teamtailor.com/jobs.json"
teamtailor,ernstromsrev,1,https://ernstromsrev.teamtailor.com/,"https://ernstromsrev.teamtailor.com/jobs.json"
teamtailor,euronovategroup,1,https://euronovategroup.teamtailor.com/,"https://euronovategroup.teamtailor.com/jobs.json"
teamtailor,europcar,1,https://europcar.teamtailor.com/,"https://europcar.teamtailor.com/jobs.json"
teamtailor,exfluency-1746077743,1,https://exfluency-1746077743.teamtailor.com/,"https://exfluency-1746077743.teamtailor.com/jobs.json"
teamtailor,eztablisher,1,https://eztablisher.teamtailor.com/,"https://eztablisher.teamtailor.com/jobs.json"
teamtailor,feverenergy,1,https://feverenergy.teamtailor.com/,"https://feverenergy.teamtailor.com/jobs.json"
teamtailor,filminstitutet,1,https://filminstitutet.teamtailor.com/,"https://filminstitutet.teamtailor.com/jobs.json"
teamtailor,findus,1,https://findus.teamtailor.com/,"https://findus.teamtailor.com/jobs.json"
teamtailor,fiskenivattnet,1,https://fiskenivattnet.teamtailor.com/,"https://fiskenivattnet.teamtailor.com/jobs.json"
teamtailor,flowcase,1,https://flowcase.teamtailor.com/,"https://flowcase.teamtailor.com/jobs.json"
teamtailor,fmibuildinginnovation,1,https://fmibuildinginnovation.teamtailor.com/,"https://fmibuildinginnovation.teamtailor.com/jobs.json"
teamtailor,fnca,1,https://fnca.teamtailor.com/,"https://fnca.teamtailor.com/jobs.json"
teamtailor,foodstock,1,https://foodstock.teamtailor.com/,"https://foodstock.teamtailor.com/jobs.json"
teamtailor,foodtel,1,https://foodtel.teamtailor.com/,"https://foodtel.teamtailor.com/jobs.json"
teamtailor,foodwestoy,1,https://foodwestoy.teamtailor.com/,"https://foodwestoy.teamtailor.com/jobs.json"
teamtailor,framsiktas,1,https://framsiktas.teamtailor.com/,"https://framsiktas.teamtailor.com/jobs.json"
teamtailor,futureandfriendsrekryteringab,1,https://futureandfriendsrekryteringab.teamtailor.com/,"https://futureandfriendsrekryteringab.teamtailor.com/jobs.json"
teamtailor,gecf,1,https://gecf.teamtailor.com/,"https://gecf.teamtailor.com/jobs.json"
teamtailor,geodata,1,https://geodata.teamtailor.com/,"https://geodata.teamtailor.com/jobs.json"
teamtailor,gesagtgetan,1,https://gesagtgetan.teamtailor.com/,"https://gesagtgetan.teamtailor.com/jobs.json"
teamtailor,gestamp,1,https://gestamp.teamtailor.com/,"https://gestamp.teamtailor.com/jobs.json"
teamtailor,gigglebug,1,https://gigglebug.teamtailor.com/,"https://gigglebug.teamtailor.com/jobs.json"
teamtailor,gimrobotics,1,https://gimrobotics.teamtailor.com/,"https://gimrobotics.teamtailor.com/jobs.json"
teamtailor,gosales,1,https://gosales.teamtailor.com/,"https://gosales.teamtailor.com/jobs.json"
teamtailor,gotlandshem-1726738574,1,https://gotlandshem-1726738574.teamtailor.com/,"https://gotlandshem-1726738574.teamtailor.com/jobs.json"
teamtailor,grandmillenniumbusinessbaydubai-demo,1,https://grandmillenniumbusinessbaydubai-demo.teamtailor.com/,"https://grandmillenniumbusinessbaydubai-demo.teamtailor.com/jobs.json"
teamtailor,greenhippocafe,1,https://greenhippocafe.teamtailor.com/,"https://greenhippocafe.teamtailor.com/jobs.json"
teamtailor,grefusa,1,https://grefusa.teamtailor.com/,"https://grefusa.teamtailor.com/jobs.json"
teamtailor,grooo,1,https://grooo.teamtailor.com/,"https://grooo.teamtailor.com/jobs.json"
teamtailor,groupediverty-1729161459,1,https://groupediverty-1729161459.teamtailor.com/,"https://groupediverty-1729161459.teamtailor.com/jobs.json"
teamtailor,gummigrossen,1,https://gummigrossen.teamtailor.com/,"https://gummigrossen.teamtailor.com/jobs.json"
teamtailor,hackmotion,1,https://hackmotion.teamtailor.com/,"https://hackmotion.teamtailor.com/jobs.json"
teamtailor,hakonensolutionsoy,1,https://hakonensolutionsoy.teamtailor.com/,"https://hakonensolutionsoy.teamtailor.com/jobs.json"
teamtailor,hallstahem,1,https://hallstahem.teamtailor.com/,"https://hallstahem.teamtailor.com/jobs.json"
teamtailor,hampastudio,1,https://hampastudio.teamtailor.com/,"https://hampastudio.teamtailor.com/jobs.json"
teamtailor,hansonwadegroup,1,https://hansonwadegroup.teamtailor.com/,"https://hansonwadegroup.teamtailor.com/jobs.json"
teamtailor,hashpays,1,https://hashpays.teamtailor.com/,"https://hashpays.teamtailor.com/jobs.json"
teamtailor,hbv,1,https://hbv.teamtailor.com/,"https://hbv.teamtailor.com/jobs.json"
teamtailor,hoistspain,1,https://hoistspain.teamtailor.com/,"https://hoistspain.teamtailor.com/jobs.json"
teamtailor,holidayclub,1,https://holidayclub.teamtailor.com/,"https://holidayclub.teamtailor.com/jobs.json"
teamtailor,holvi,1,https://holvi.teamtailor.com/,"https://holvi.teamtailor.com/jobs.json"
teamtailor,husfoto,1,https://husfoto.teamtailor.com/,"https://husfoto.teamtailor.com/jobs.json"
teamtailor,includedvc-1743606485,1,https://includedvc-1743606485.teamtailor.com/,"https://includedvc-1743606485.teamtailor.com/jobs.json"
teamtailor,inexchange,1,https://inexchange.teamtailor.com/,"https://inexchange.teamtailor.com/jobs.json"
teamtailor,infranode,1,https://infranode.teamtailor.com/,"https://infranode.teamtailor.com/jobs.json"
teamtailor,innovativemachinerygroup,1,https://innovativemachinerygroup.teamtailor.com/,"https://innovativemachinerygroup.teamtailor.com/jobs.json"
teamtailor,investsuite,1,https://investsuite.teamtailor.com/,"https://investsuite.teamtailor.com/jobs.json"
teamtailor,iprally,1,https://iprally.teamtailor.com/,"https://iprally.teamtailor.com/jobs.json"
teamtailor,itm8cz-1736947316,1,https://itm8cz-1736947316.teamtailor.com/,"https://itm8cz-1736947316.teamtailor.com/jobs.json"
teamtailor,ivysales-1734427104,1,https://ivysales-1734427104.teamtailor.com/,"https://ivysales-1734427104.teamtailor.com/jobs.json"
teamtailor,iwow,1,https://iwow.teamtailor.com/,"https://iwow.teamtailor.com/jobs.json"
teamtailor,jattencater,1,https://jattencater.teamtailor.com/,"https://jattencater.teamtailor.com/jobs.json"
teamtailor,jetflite,1,https://jetflite.teamtailor.com/,"https://jetflite.teamtailor.com/jobs.json"
teamtailor,jobblyftet,1,https://jobblyftet.teamtailor.com/,"https://jobblyftet.teamtailor.com/jobs.json"
teamtailor,johnsgarage,1,https://johnsgarage.teamtailor.com/,"https://johnsgarage.teamtailor.com/jobs.json"
teamtailor,juanjomarle,1,https://juanjomarle.teamtailor.com/,"https://juanjomarle.teamtailor.com/jobs.json"
teamtailor,karanovicpartners,1,https://karanovicpartners.teamtailor.com/,"https://karanovicpartners.teamtailor.com/jobs.json"
teamtailor,keeperab,1,https://keeperab.teamtailor.com/,"https://keeperab.teamtailor.com/jobs.json"
teamtailor,keyrususa,1,https://keyrususa.teamtailor.com/,"https://keyrususa.teamtailor.com/jobs.json"
teamtailor,kitabsawti,1,https://kitabsawti.teamtailor.com/,"https://kitabsawti.teamtailor.com/jobs.json"
teamtailor,knaufsweden,1,https://knaufsweden.teamtailor.com/,"https://knaufsweden.teamtailor.com/jobs.json"
teamtailor,kommuninvest-1632248589,1,https://kommuninvest-1632248589.teamtailor.com/,"https://kommuninvest-1632248589.teamtailor.com/jobs.json"
teamtailor,krak,1,https://krak.teamtailor.com/,"https://krak.teamtailor.com/jobs.json"
teamtailor,kronocamping,1,https://kronocamping.teamtailor.com/,"https://kronocamping.teamtailor.com/jobs.json"
teamtailor,kroproduksjon,1,https://kroproduksjon.teamtailor.com/,"https://kroproduksjon.teamtailor.com/jobs.json"
teamtailor,kurppahosk,1,https://kurppahosk.teamtailor.com/,"https://kurppahosk.teamtailor.com/jobs.json"
teamtailor,kyro,1,https://kyro.teamtailor.com/,"https://kyro.teamtailor.com/jobs.json"
teamtailor,lararnasarbetsloshetskassa,1,https://lararnasarbetsloshetskassa.teamtailor.com/,"https://lararnasarbetsloshetskassa.teamtailor.com/jobs.json"
teamtailor,legohouseas,1,https://legohouseas.teamtailor.com/,"https://legohouseas.teamtailor.com/jobs.json"
teamtailor,lenoites-1740642698,1,https://lenoites-1740642698.teamtailor.com/,"https://lenoites-1740642698.teamtailor.com/jobs.json"
teamtailor,letsdothis-1704821225,1,https://letsdothis-1704821225.teamtailor.com/,"https://letsdothis-1704821225.teamtailor.com/jobs.json"
teamtailor,lexiingenierie,1,https://lexiingenierie.teamtailor.com/,"https://lexiingenierie.teamtailor.com/jobs.json"
teamtailor,lexly1,1,https://lexly1.teamtailor.com/,"https://lexly1.teamtailor.com/jobs.json"
teamtailor,liljemarkconsultingab,1,https://liljemarkconsultingab.teamtailor.com/,"https://liljemarkconsultingab.teamtailor.com/jobs.json"
teamtailor,lindholmen,1,https://lindholmen.teamtailor.com/,"https://lindholmen.teamtailor.com/jobs.json"
teamtailor,lindstromsondenab,1,https://lindstromsondenab.teamtailor.com/,"https://lindstromsondenab.teamtailor.com/jobs.json"
teamtailor,livenationsweden,1,https://livenationsweden.teamtailor.com/,"https://livenationsweden.teamtailor.com/jobs.json"
teamtailor,livihealthcare,1,https://livihealthcare.teamtailor.com/,"https://livihealthcare.teamtailor.com/jobs.json"
teamtailor,locallyfm-1725875393,1,https://locallyfm-1725875393.teamtailor.com/,"https://locallyfm-1725875393.teamtailor.com/jobs.json"
teamtailor,loomisnorge,1,https://loomisnorge.teamtailor.com/,"https://loomisnorge.teamtailor.com/jobs.json"
teamtailor,loopia,1,https://loopia.teamtailor.com/,"https://loopia.teamtailor.com/jobs.json"
teamtailor,makivc-1604669713,1,https://makivc-1604669713.teamtailor.com/,"https://makivc-1604669713.teamtailor.com/jobs.json"
teamtailor,mantle,1,https://mantle.teamtailor.com/,"https://mantle.teamtailor.com/jobs.json"
teamtailor,marchifildispa,1,https://marchifildispa.teamtailor.com/,"https://marchifildispa.teamtailor.com/jobs.json"
teamtailor,maskineraab,1,https://maskineraab.teamtailor.com/,"https://maskineraab.teamtailor.com/jobs.json"
teamtailor,maxgaming,1,https://maxgaming.teamtailor.com/,"https://maxgaming.teamtailor.com/jobs.json"
teamtailor,measureconnect,1,https://measureconnect.teamtailor.com/,"https://measureconnect.teamtailor.com/jobs.json"
teamtailor,megablockgaming,1,https://megablockgaming.teamtailor.com/,"https://megablockgaming.teamtailor.com/jobs.json"
teamtailor,meitner,1,https://meitner.teamtailor.com/,"https://meitner.teamtailor.com/jobs.json"
teamtailor,metanet,1,https://metanet.teamtailor.com/,"https://metanet.teamtailor.com/jobs.json"
teamtailor,miljoochbistandsforeningenhumanasver,1,https://miljoochbistandsforeningenhumanasver.teamtailor.com/,"https://miljoochbistandsforeningenhumanasver.teamtailor.com/jobs.json"
teamtailor,mioomsorg,1,https://mioomsorg.teamtailor.com/,"https://mioomsorg.teamtailor.com/jobs.json"
teamtailor,mob,1,https://mob.teamtailor.com/,"https://mob.teamtailor.com/jobs.json"
teamtailor,mobysoft,1,https://mobysoft.teamtailor.com/,"https://mobysoft.teamtailor.com/jobs.json"
teamtailor,moldenaeringsforum,1,https://moldenaeringsforum.teamtailor.com/,"https://moldenaeringsforum.teamtailor.com/jobs.json"
teamtailor,moleculent-1651476998,1,https://moleculent-1651476998.teamtailor.com/,"https://moleculent-1651476998.teamtailor.com/jobs.json"
teamtailor,moonfroglabsbystillfront,1,https://moonfroglabsbystillfront.teamtailor.com/,"https://moonfroglabsbystillfront.teamtailor.com/jobs.json"
teamtailor,motebookingnorge-1745416454,1,https://motebookingnorge-1745416454.teamtailor.com/,"https://motebookingnorge-1745416454.teamtailor.com/jobs.json"
teamtailor,motoabbigliamento,1,https://motoabbigliamento.teamtailor.com/,"https://motoabbigliamento.teamtailor.com/jobs.json"
teamtailor,mylaboy,1,https://mylaboy.teamtailor.com/,"https://mylaboy.teamtailor.com/jobs.json"
teamtailor,mymondaysearch,1,https://mymondaysearch.teamtailor.com/,"https://mymondaysearch.teamtailor.com/jobs.json"
teamtailor,n4worx,1,https://n4worx.teamtailor.com/,"https://n4worx.teamtailor.com/jobs.json"
teamtailor,nabuminds,1,https://nabuminds.teamtailor.com/,"https://nabuminds.teamtailor.com/jobs.json"
teamtailor,nanobit,1,https://nanobit.teamtailor.com/,"https://nanobit.teamtailor.com/jobs.json"
teamtailor,nebteametab-1743147791,1,https://nebteametab-1743147791.teamtailor.com/,"https://nebteametab-1743147791.teamtailor.com/jobs.json"
teamtailor,neovici,1,https://neovici.teamtailor.com/,"https://neovici.teamtailor.com/jobs.json"
teamtailor,netlifedesign,1,https://netlifedesign.teamtailor.com/,"https://netlifedesign.teamtailor.com/jobs.json"
teamtailor,netnordicdenmark,1,https://netnordicdenmark.teamtailor.com/,"https://netnordicdenmark.teamtailor.com/jobs.json"
teamtailor,netnordicfinland,1,https://netnordicfinland.teamtailor.com/,"https://netnordicfinland.teamtailor.com/jobs.json"
teamtailor,nexar-1702298813,1,https://nexar-1702298813.teamtailor.com/,"https://nexar-1702298813.teamtailor.com/jobs.json"
teamtailor,nicsweden,1,https://nicsweden.teamtailor.com/,"https://nicsweden.teamtailor.com/jobs.json"
teamtailor,noda-1720000970,1,https://noda-1720000970.teamtailor.com/,"https://noda-1720000970.teamtailor.com/jobs.json"
teamtailor,nordiskamuseet,1,https://nordiskamuseet.teamtailor.com/,"https://nordiskamuseet.teamtailor.com/jobs.json"
teamtailor,norkart,1,https://norkart.teamtailor.com/,"https://norkart.teamtailor.com/jobs.json"
teamtailor,nortekgroup,1,https://nortekgroup.teamtailor.com/,"https://nortekgroup.teamtailor.com/jobs.json"
teamtailor,novabusiness,1,https://novabusiness.teamtailor.com/,"https://novabusiness.teamtailor.com/jobs.json"
teamtailor,odigo,1,https://odigo.teamtailor.com/,"https://odigo.teamtailor.com/jobs.json"
teamtailor,omnishopper,1,https://omnishopper.teamtailor.com/,"https://omnishopper.teamtailor.com/jobs.json"
teamtailor,onelab,1,https://onelab.teamtailor.com/,"https://onelab.teamtailor.com/jobs.json"
teamtailor,onnagreens,1,https://onnagreens.teamtailor.com/,"https://onnagreens.teamtailor.com/jobs.json"
teamtailor,opisto,1,https://opisto.teamtailor.com/,"https://opisto.teamtailor.com/jobs.json"
teamtailor,opplandelektro,1,https://opplandelektro.teamtailor.com/,"https://opplandelektro.teamtailor.com/jobs.json"
teamtailor,orangit,1,https://orangit.teamtailor.com/,"https://orangit.teamtailor.com/jobs.json"
teamtailor,origincoffee-1717750134,1,https://origincoffee-1717750134.teamtailor.com/,"https://origincoffee-1717750134.teamtailor.com/jobs.json"
teamtailor,partnerd,1,https://partnerd.teamtailor.com/,"https://partnerd.teamtailor.com/jobs.json"
teamtailor,peakpath,1,https://peakpath.teamtailor.com/,"https://peakpath.teamtailor.com/jobs.json"
teamtailor,pedagogiskbemanning,1,https://pedagogiskbemanning.teamtailor.com/,"https://pedagogiskbemanning.teamtailor.com/jobs.json"
teamtailor,peopleprovide,1,https://peopleprovide.teamtailor.com/,"https://peopleprovide.teamtailor.com/jobs.json"
teamtailor,piceasoft,1,https://piceasoft.teamtailor.com/,"https://piceasoft.teamtailor.com/jobs.json"
teamtailor,pkfsmithcoopersystems,1,https://pkfsmithcoopersystems.teamtailor.com/,"https://pkfsmithcoopersystems.teamtailor.com/jobs.json"
teamtailor,plasmancareerseurope,1,https://plasmancareerseurope.teamtailor.com/,"https://plasmancareerseurope.teamtailor.com/jobs.json"
teamtailor,plint,1,https://plint.teamtailor.com/,"https://plint.teamtailor.com/jobs.json"
teamtailor,polestar0,1,https://polestar0.teamtailor.com/,"https://polestar0.teamtailor.com/jobs.json"
teamtailor,polismyndighetenaland,1,https://polismyndighetenaland.teamtailor.com/,"https://polismyndighetenaland.teamtailor.com/jobs.json"
teamtailor,pool,1,https://pool.teamtailor.com/,"https://pool.teamtailor.com/jobs.json"
teamtailor,praktika,1,https://praktika.teamtailor.com/,"https://praktika.teamtailor.com/jobs.json"
teamtailor,proactivesoftwarenederlandbv,1,https://proactivesoftwarenederlandbv.teamtailor.com/,"https://proactivesoftwarenederlandbv.teamtailor.com/jobs.json"
teamtailor,progressbypeople,1,https://progressbypeople.teamtailor.com/,"https://progressbypeople.teamtailor.com/jobs.json"
teamtailor,qare-1744903577,1,https://qare-1744903577.teamtailor.com/,"https://qare-1744903577.teamtailor.com/jobs.json"
teamtailor,qlnr,1,https://qlnr.teamtailor.com/,"https://qlnr.teamtailor.com/jobs.json"
teamtailor,qubitpharmaceuticals,1,https://qubitpharmaceuticals.teamtailor.com/,"https://qubitpharmaceuticals.teamtailor.com/jobs.json"
teamtailor,quicke,1,https://quicke.teamtailor.com/,"https://quicke.teamtailor.com/jobs.json"
teamtailor,qurant,1,https://qurant.teamtailor.com/,"https://qurant.teamtailor.com/jobs.json"
teamtailor,raggamuffin,1,https://raggamuffin.teamtailor.com/,"https://raggamuffin.teamtailor.com/jobs.json"
teamtailor,raidboxes,1,https://raidboxes.teamtailor.com/,"https://raidboxes.teamtailor.com/jobs.json"
teamtailor,raisiooyj,1,https://raisiooyj.teamtailor.com/,"https://raisiooyj.teamtailor.com/jobs.json"
teamtailor,realtime,1,https://realtime.teamtailor.com/,"https://realtime.teamtailor.com/jobs.json"
teamtailor,recruiter,1,https://recruiter.teamtailor.com/,"https://recruiter.teamtailor.com/jobs.json"
teamtailor,resolvers-1709112181,1,https://resolvers-1709112181.teamtailor.com/,"https://resolvers-1709112181.teamtailor.com/jobs.json"
teamtailor,rootz,1,https://rootz.teamtailor.com/,"https://rootz.teamtailor.com/jobs.json"
teamtailor,saltx,1,https://saltx.teamtailor.com/,"https://saltx.teamtailor.com/jobs.json"
teamtailor,samcert,1,https://samcert.teamtailor.com/,"https://samcert.teamtailor.com/jobs.json"
teamtailor,santashotels,1,https://santashotels.teamtailor.com/,"https://santashotels.teamtailor.com/jobs.json"
teamtailor,savillssweden,1,https://savillssweden.teamtailor.com/,"https://savillssweden.teamtailor.com/jobs.json"
teamtailor,search4s,1,https://search4s.teamtailor.com/,"https://search4s.teamtailor.com/jobs.json"
teamtailor,sekqatar,1,https://sekqatar.teamtailor.com/,"https://sekqatar.teamtailor.com/jobs.json"
teamtailor,selectafinland,1,https://selectafinland.teamtailor.com/,"https://selectafinland.teamtailor.com/jobs.json"
teamtailor,sendsafely,1,https://sendsafely.teamtailor.com/,"https://sendsafely.teamtailor.com/jobs.json"
teamtailor,showcase,1,https://showcase.teamtailor.com/,"https://showcase.teamtailor.com/jobs.json"
teamtailor,sixstories,1,https://sixstories.teamtailor.com/,"https://sixstories.teamtailor.com/jobs.json"
teamtailor,skillity,1,https://skillity.teamtailor.com/,"https://skillity.teamtailor.com/jobs.json"
teamtailor,skyted,1,https://skyted.teamtailor.com/,"https://skyted.teamtailor.com/jobs.json"
teamtailor,sleepcycleab,1,https://sleepcycleab.teamtailor.com/,"https://sleepcycleab.teamtailor.com/jobs.json"
teamtailor,smartdokas,1,https://smartdokas.teamtailor.com/,"https://smartdokas.teamtailor.com/jobs.json"
teamtailor,sodrasandbox,1,https://sodrasandbox.teamtailor.com/,"https://sodrasandbox.teamtailor.com/jobs.json"
teamtailor,sot,1,https://sot.teamtailor.com/,"https://sot.teamtailor.com/jobs.json"
teamtailor,sparbankenenkoping,1,https://sparbankenenkoping.teamtailor.com/,"https://sparbankenenkoping.teamtailor.com/jobs.json"
teamtailor,spoonas,1,https://spoonas.teamtailor.com/,"https://spoonas.teamtailor.com/jobs.json"
teamtailor,sproud,1,https://sproud.teamtailor.com/,"https://sproud.teamtailor.com/jobs.json"
teamtailor,stadkonsult-1661844412,1,https://stadkonsult-1661844412.teamtailor.com/,"https://stadkonsult-1661844412.teamtailor.com/jobs.json"
teamtailor,stim,1,https://stim.teamtailor.com/,"https://stim.teamtailor.com/jobs.json"
teamtailor,stoten,1,https://stoten.teamtailor.com/,"https://stoten.teamtailor.com/jobs.json"
teamtailor,stretchdanmark,1,https://stretchdanmark.teamtailor.com/,"https://stretchdanmark.teamtailor.com/jobs.json"
teamtailor,strongproductions,1,https://strongproductions.teamtailor.com/,"https://strongproductions.teamtailor.com/jobs.json"
teamtailor,strongproductionscareer,1,https://strongproductionscareer.teamtailor.com/,"https://strongproductionscareer.teamtailor.com/jobs.json"
teamtailor,sts,1,https://sts.teamtailor.com/,"https://sts.teamtailor.com/jobs.json"
teamtailor,studioworks,1,https://studioworks.teamtailor.com/,"https://studioworks.teamtailor.com/jobs.json"
teamtailor,suomenhenkilostopoolioy,1,https://suomenhenkilostopoolioy.teamtailor.com/,"https://suomenhenkilostopoolioy.teamtailor.com/jobs.json"
teamtailor,suomenrakennuskone,1,https://suomenrakennuskone.teamtailor.com/,"https://suomenrakennuskone.teamtailor.com/jobs.json"
teamtailor,superhosting,1,https://superhosting.teamtailor.com/,"https://superhosting.teamtailor.com/jobs.json"
teamtailor,suramagnets,1,https://suramagnets.teamtailor.com/,"https://suramagnets.teamtailor.com/jobs.json"
teamtailor,sweetpunk-1672394585,1,https://sweetpunk-1672394585.teamtailor.com/,"https://sweetpunk-1672394585.teamtailor.com/jobs.json"
teamtailor,swiftgames,1,https://swiftgames.teamtailor.com/,"https://swiftgames.teamtailor.com/jobs.json"
teamtailor,syklo,1,https://syklo.teamtailor.com/,"https://syklo.teamtailor.com/jobs.json"
teamtailor,syndicode,1,https://syndicode.teamtailor.com/,"https://syndicode.teamtailor.com/jobs.json"
teamtailor,talentbee,1,https://talentbee.teamtailor.com/,"https://talentbee.teamtailor.com/jobs.json"
teamtailor,talentmatchmakerssrl,1,https://talentmatchmakerssrl.teamtailor.com/,"https://talentmatchmakerssrl.teamtailor.com/jobs.json"
teamtailor,tcogroup,1,https://tcogroup.teamtailor.com/,"https://tcogroup.teamtailor.com/jobs.json"
teamtailor,teambluebulgaria,1,https://teambluebulgaria.teamtailor.com/,"https://teambluebulgaria.teamtailor.com/jobs.json"
teamtailor,teambluehungary,1,https://teambluehungary.teamtailor.com/,"https://teambluehungary.teamtailor.com/jobs.json"
teamtailor,teambluemaxcluster,1,https://teambluemaxcluster.teamtailor.com/,"https://teambluemaxcluster.teamtailor.com/jobs.json"
teamtailor,teamolivia,1,https://teamolivia.teamtailor.com/,"https://teamolivia.teamtailor.com/jobs.json"
teamtailor,teleserviceskane,1,https://teleserviceskane.teamtailor.com/,"https://teleserviceskane.teamtailor.com/jobs.json"
teamtailor,thekitefactory-1690189401,1,https://thekitefactory-1690189401.teamtailor.com/,"https://thekitefactory-1690189401.teamtailor.com/jobs.json"
teamtailor,therapieland,1,https://therapieland.teamtailor.com/,"https://therapieland.teamtailor.com/jobs.json"
teamtailor,thestagemediacompany,1,https://thestagemediacompany.teamtailor.com/,"https://thestagemediacompany.teamtailor.com/jobs.json"
teamtailor,thisplace,1,https://thisplace.teamtailor.com/,"https://thisplace.teamtailor.com/jobs.json"
teamtailor,ticketco,1,https://ticketco.teamtailor.com/,"https://ticketco.teamtailor.com/jobs.json"
teamtailor,toimistomummola,1,https://toimistomummola.teamtailor.com/,"https://toimistomummola.teamtailor.com/jobs.json"
teamtailor,toyotafinancialservices,1,https://toyotafinancialservices.teamtailor.com/,"https://toyotafinancialservices.teamtailor.com/jobs.json"
teamtailor,traineesor-1727441936,1,https://traineesor-1727441936.teamtailor.com/,"https://traineesor-1727441936.teamtailor.com/jobs.json"
teamtailor,trattoriagiorgios,1,https://trattoriagiorgios.teamtailor.com/,"https://trattoriagiorgios.teamtailor.com/jobs.json"
teamtailor,tuidi-1737646222,1,https://tuidi-1737646222.teamtailor.com/,"https://tuidi-1737646222.teamtailor.com/jobs.json"
teamtailor,tunstalloy,1,https://tunstalloy.teamtailor.com/,"https://tunstalloy.teamtailor.com/jobs.json"
teamtailor,tussell-1726842126,1,https://tussell-1726842126.teamtailor.com/,"https://tussell-1726842126.teamtailor.com/jobs.json"
teamtailor,tv2,1,https://tv2.teamtailor.com/,"https://tv2.teamtailor.com/jobs.json"
teamtailor,twodaygroup,1,https://twodaygroup.teamtailor.com/,"https://twodaygroup.teamtailor.com/jobs.json"
teamtailor,valuegroupas,1,https://valuegroupas.teamtailor.com/,"https://valuegroupas.teamtailor.com/jobs.json"
teamtailor,veholithuania,1,https://veholithuania.teamtailor.com/,"https://veholithuania.teamtailor.com/jobs.json"
teamtailor,veidec,1,https://veidec.teamtailor.com/,"https://veidec.teamtailor.com/jobs.json"
teamtailor,vento,1,https://vento.teamtailor.com/,"https://vento.teamtailor.com/jobs.json"
teamtailor,veoneerus,1,https://veoneerus.teamtailor.com/,"https://veoneerus.teamtailor.com/jobs.json"
teamtailor,vesiveksverige,1,https://vesiveksverige.teamtailor.com/,"https://vesiveksverige.teamtailor.com/jobs.json"
teamtailor,villafridhem,1,https://villafridhem.teamtailor.com/,"https://villafridhem.teamtailor.com/jobs.json"
teamtailor,vincienergiesfinland,1,https://vincienergiesfinland.teamtailor.com/,"https://vincienergiesfinland.teamtailor.com/jobs.json"
teamtailor,viskoteepakmexico,1,https://viskoteepakmexico.teamtailor.com/,"https://viskoteepakmexico.teamtailor.com/jobs.json"
teamtailor,viskoteepakpoland,1,https://viskoteepakpoland.teamtailor.com/,"https://viskoteepakpoland.teamtailor.com/jobs.json"
teamtailor,viskoteepakusa,1,https://viskoteepakusa.teamtailor.com/,"https://viskoteepakusa.teamtailor.com/jobs.json"
teamtailor,vismatech,1,https://vismatech.teamtailor.com/,"https://vismatech.teamtailor.com/jobs.json"
teamtailor,visualised,1,https://visualised.teamtailor.com/,"https://visualised.teamtailor.com/jobs.json"
teamtailor,vitecinromania,1,https://vitecinromania.teamtailor.com/,"https://vitecinromania.teamtailor.com/jobs.json"
teamtailor,vividgamessa,1,https://vividgamessa.teamtailor.com/,"https://vividgamessa.teamtailor.com/jobs.json"
teamtailor,wattdb-demo,1,https://wattdb-demo.teamtailor.com/,"https://wattdb-demo.teamtailor.com/jobs.json"
teamtailor,westerberg,1,https://westerberg.teamtailor.com/,"https://westerberg.teamtailor.com/jobs.json"
teamtailor,wiseandthrive,1,https://wiseandthrive.teamtailor.com/,"https://wiseandthrive.teamtailor.com/jobs.json"
teamtailor,wndyab,1,https://wndyab.teamtailor.com/,"https://wndyab.teamtailor.com/jobs.json"
teamtailor,zaibatsuinteractiveoy,1,https://zaibatsuinteractiveoy.teamtailor.com/,"https://zaibatsuinteractiveoy.teamtailor.com/jobs.json"
teamtailor,zozium,1,https://zozium.teamtailor.com/,"https://zozium.teamtailor.com/jobs.json"
teamtailor,zynka,1,https://zynka.teamtailor.com/,"https://zynka.teamtailor.com/jobs.json"
